"Document Title",Authors,"Author Affiliations","Publication Title",Date Added To Xplore,"Publication Year","Volume","Issue","Start Page","End Page","Abstract","ISSN",ISBNs,"DOI",Funding Information,PDF Link,"Author Keywords","IEEE Terms","Mesh_Terms",Article Citation Count,Patent Citation Count,"Reference Count","License",Online Date,Issue Date,"Meeting Date","Publisher",Document Identifier
"Hardware-based Cryptographic Accelerator for Post Quantum Era","L. Malina; P. Cibik; P. Jedlicka; D. Smekal; S. Ricci; J. Hrabovsky","Department of Telecommunications, FEEC, Brno University of Technology, Brno, Czech Republic; Department of Telecommunications, FEEC, Brno University of Technology, Brno, Czech Republic; Department of Telecommunications, FEEC, Brno University of Technology, Brno, Czech Republic; Department of Telecommunications, FEEC, Brno University of Technology, Brno, Czech Republic; Department of Telecommunications, FEEC, Brno University of Technology, Brno, Czech Republic; Netcope Technologies, a.s., Brno, Czech Republic",2021 13th International Congress on Ultra Modern Telecommunications and Control Systems and Workshops (ICUMT),"13 Dec 2021","2021","","","149","155","Emerging quantum computing brings many benefits in numerous applications and services as solving efficiently complex operations and problems. Nevertheless, quantum computing may also jeopardize current cryptography standard schemes by solving the problems used in these schemes. Therefore, new quantum-resistant cryptographic primitives and installations are required for the near future. In this work, we present a hardware-based cryptographic accelerator that provides resistance to quantum computer attacks. Directly in VHDL, we design and implement essential cryptographic functions which can be loaded to our accelerator equipped with the FPGA board. Our solution provides efficient encryption, signing, and hashing operations for securing the input data or network packets. Moreover, we create a high-level software demonstrator for setting and using these operations in the accelerator. The presented results prove that cryptography functions accelerated in our hardware-based solution are more efficient than software implementations. Therefore, our solution can provide high-speed and quantum-secure data processing.","2157-023X","978-1-6654-0219-4","10.1109/ICUMT54235.2021.9631686","Ministry of the Interior of the Czech Republic(grant numbers:VI20192022126); ","https://ieeexplore.ieee.org/stamp/stamp.jsp?arnumber=9631686","Acceleration;Cryptography;FPGA;Hardware Implementation;Security;Quantum-Resistant Cryptography","Quantum computing;VHDL;Data processing;Software;Encryption;Telecommunications;Servers","","2","","20","IEEE","13 Dec 2021","25-27 Oct. 2021","25-27 Oct. 2021","IEEE","IEEE Conferences"
"PCIe Cryptographic Accelerator Based on Domestic FPGA","K. Zhao; W. Liu; Q. Mu; H. Wang; R. Li; Z. He","Inspur Electronic Information Industry Co., Ltd, Jinan Shandong, China; Inspur Electronic Information Industry Co., Ltd, Jinan Shandong, China; Inspur Electronic Information Industry Co., Ltd, Jinan Shandong, China; Inspur Electronic Information Industry Co., Ltd, Jinan Shandong, China; Shandong Inspur Artificial Intelligence Research Institute Co., Ltd, Jinan Shandong, China; School of lnformation Science and Engineering, University of Jinan, Jinan Shandong, China","2022 International Conference on Computing, Communication, Perception and Quantum Technology (CCPQT)","14 Nov 2022","2022","","","25","31","FPGA offers great advantages over ASICs (Application Specific Integrated Circuits) and software when being used for cryptographic applications. However, PCIe cryptographic cards are based on foreign FPGA chips such as Xilinx and Intel. In this paper, a system design and implementation method of high-speed PCIe cryptographic accelerator based on domestic FPGA is proposed, which implements SM4 algorithm. The system consists of hardware module, logic cryptographic algorithm module, host driver and API (Application Programming Interface) module. An optimized scheme for PCIe DMA is implemented in this paper. The PCIe Gen2*4 simultaneous read/write bandwidth is up to 14.08 Gbps with 88% utilization. Based-on pipeline mode, SM4 cryptographic algorithm achieves encryption/decryption speeds of 13.53/13.51 Gbps, respectively. The FPGA accelerated implementation is twice faster than the software implementation in both encryption and decryption modes. The cryptographic system is able to be used as an integral part of CPU-FPGA heterogeneous secure data cryptographic applications.","","978-1-6654-7020-9","10.1109/CCPQT56151.2022.00011","Shandong Provincial Natural Science Foundation(grant numbers:ZR2021LZH007); ","https://ieeexplore.ieee.org/stamp/stamp.jsp?arnumber=9939302","FPGA;PCIe;SM4;Cryptography","Application specific integrated circuits;Software algorithms;Pipelines;Bandwidth;Software;Encryption;Central Processing Unit","","1","","12","IEEE","14 Nov 2022","5-7 Aug. 2022","5-7 Aug. 2022","IEEE","IEEE Conferences"
"Efficient Implementation of Ring-Binary-LWE-based Lightweight PQC Accelerator on the FPGA Platform","P. He; T. Bao; Y. Tu; J. Xie","Department of Electrical and Computer Engineering, Villanova University, Villanova, PA; Department of Electrical and Computer Engineering, Villanova University, Villanova, PA; Department of Electrical and Computer Engineering, Villanova University, Villanova, PA; Department of Electrical and Computer Engineering, Villanova University, Villanova, PA",2023 IEEE 31st Annual International Symposium on Field-Programmable Custom Computing Machines (FCCM),"10 Jul 2023","2023","","","114","120","Post-quantum cryptography (PQC) has gained sub-stantial attention from various communities recently. Along with the ongoing National Institute of Standards and Technology (NIST) PQC standardization process that targets the general-purpose PQC algorithms, the research community is also looking for efficient lightweight PQC schemes. Among this direction of efforts, Ring-Binary-Learning-with-Errors (RBLWE)-based encryption scheme (RBLWE-ENC) is regarded as a promising lightweight PQC fitting Internet-of-Things (IoT) and edge computing applications. As hardware implementation for PQC algorithms has become one of the major advances in the field, in this paper, we follow this trend to present an efficient implementation of RBLWE-ENC lightweight accelerator on the field-programmable gate array (FPGA) platform. Overall, we have demonstrated three coherent interdependent stages of efforts: (i) we have presented detailed derivation processes to formulate the proposed algorithmic operation; (ii) we have then implemented the proposed algorithm into a desired hardware accelerator; and (iii) we provided thorough complexity analysis and comparison to showcase the superior performance of the proposed accelerator over the state-of-the-art designs, e.g., the proposed accelerator with $v=8$ has at least 66.67% less area-time complexities than the existing ones (Virtex-7 FPGA). We hope the outcome of this work can facilitate lightweight PQC development.","2576-2621","979-8-3503-1205-8","10.1109/FCCM57271.2023.00021","NSF(grant numbers:SaTC-2020625,NIST-60NANB20D203); ","https://ieeexplore.ieee.org/stamp/stamp.jsp?arnumber=10171484","Efficient implementation;FPGA;lightweight PQC accelerator;Ring-Binary-Learning-with-Errors","Technological innovation;Fitting;Standardization;NIST;Market research;Complexity theory;Encryption","","","","41","IEEE","10 Jul 2023","8-11 May 2023","8-11 May 2023","IEEE","IEEE Conferences"
"FPGA Implementation of Kuznyechik Block Cipher with Improved Resource Efficiency","B. -A. Dao; D. -H. Le; N. -Q. Nguyen","The Academy of Cryptography Techniques, Hanoi, Vietnam; Institute of Cryptographic Science and Technology, Hanoi, Vietnam; The Academy of Cryptography Techniques, Hanoi, Vietnam",2025 2nd International Conference On Cryptography And Information Security (VCRIS),"21 Nov 2025","2025","","","1","5","Nowadays, the device area and power consumption of embedded, lightweight, and secure systems are tightly constrained. This raises a significant need for resource-optimized cryptographic solutions. This study presents a novel FPGA implementation of the Kuznyechik block cipher that significantly reduces hardware resource usage. When implemented on a Xilinx Kintex-7 FPGA device, the proposed design requires only 2,274 Slice Look-Up Tables (LUTs), 2,345 Slice Registers, and no Block RAM (BRAM). Compared to previous work, this implementation reduces hardware resource usage by up to 2.62 times, with a throughput reduction of approximately 2.34 times. The design architecture, resource optimization techniques, and experimental results are clearly explained in this paper.","","979-8-3315-6687-6","10.1109/VCRIS68011.2025.11250568","","https://ieeexplore.ieee.org/stamp/stamp.jsp?arnumber=11250568","Cryptographic accelerator;Kuznyechik block cipher;FPGA implementation","Ciphers;Power demand;Random access memory;Information security;Throughput;Table lookup;Registers;Field programmable gate arrays;Optimization;Hardware acceleration","","","","7","IEEE","21 Nov 2025","30-31 Oct. 2025","30-31 Oct. 2025","IEEE","IEEE Conferences"
"Hardware design of cryptographic accelerator","M. Hulič; L. Vokorokos; N. Ádám; P. Fecil'ak","Department of Computers and Informatics, Technical University of Košice, Košice, Slovak Republic; Department of Computers and Informatics, Technical University of Košice, Košice, Slovak Republic; Department of Computers and Informatics, Technical University of Košice, Košice, Slovak Republic; Department of Computers and Informatics, Technical University of Košice, Košice, Slovak Republic",2018 IEEE 16th World Symposium on Applied Machine Intelligence and Informatics (SAMI),"26 Mar 2018","2018","","","000201","000206","The goal of this paper is representation of computing unit focused on implementation hardware cryptography accelerator. After analysis of assigned problem, there are next chapters dedicated to available solutions, comparison of them, the issues of cryptography and computer security, FPGA device in which the designed solution is verified and tested, the chapters dedicated to cryptography algorithm RSA. Chapters of synthesis have the specifically implemented and designed solution in programming languages of lower and higher level. In evaluation and conclusion chapter there are measurements on software and hardware level and comparison among them.","","978-1-5386-4772-1","10.1109/SAMI.2018.8324839","","https://ieeexplore.ieee.org/stamp/stamp.jsp?arnumber=8324839","","Hardware;Field programmable gate arrays;Table lookup;Encryption;Public key;Informatics","","2","","26","IEEE","26 Mar 2018","7-10 Feb. 2018","7-10 Feb. 2018","IEEE","IEEE Conferences"
"POCA: A PYNQ Offloaded Cryptographic Accelerator on Embedded FPGA-Based Systems","R. A. Bertolini; F. Carloni; D. Conficconi; M. D. Santambrogio","Dipartimento di Elettronica, Informatica e Bioingegneria, Politecnico di Milano, Milan, Italy; Dipartimento di Elettronica, Informatica e Bioingegneria, Politecnico di Milano, Milan, Italy; Dipartimento di Elettronica, Informatica e Bioingegneria, Politecnico di Milano, Milan, Italy; Dipartimento di Elettronica, Informatica e Bioingegneria, Politecnico di Milano, Milan, Italy",2024 IEEE International Parallel and Distributed Processing Symposium Workshops (IPDPSW),"26 Jul 2024","2024","","","194","194","The pervasiveness of embedded systems across edge and connected devices is challenging their design, as sharing data securely via AES encryption is computationally intensive. This work proposes POCA, an FPGA-accelerated HW/SW library that performs AES cryptographic primitives with different modes and the most used key sizes. The HW/SW approach of POCA showcases the benefits of accelerated cryptographic primitives and the flexibility of a unified platform interface across different embedded systems by exploiting the Python PYNQ framework. POCA matches the multicore ARM crypto extensions on an Ultrascale+ ZU3EG while overwhelming SW performance.","","979-8-3503-6460-6","10.1109/IPDPSW63119.2024.00054","","https://ieeexplore.ieee.org/stamp/stamp.jsp?arnumber=10596481","HW/SW Library;Parallel AES;FPGA","Performance evaluation;Distributed processing;Embedded systems;Multicore processing;Conferences;Information sharing;Libraries","","","","5","IEEE","26 Jul 2024","27-31 May 2024","27-31 May 2024","IEEE","IEEE Conferences"
"Versatile Resource-shared Cryptographic Accelerator for Multi-Domain Applications","V. T. D. Le; H. L. Pham; T. H. Tran; Q. D. N. Nguyen; S. D. Thi; Y. Nakashima",Nara Institute of Science and Technology; Nara Institute of Science and Technology; Osaka Metropolitan University; Osaka Metropolitan University; Nara Institute of Science and Technology; Nara Institute of Science and Technology,2023 International Conference on IC Design and Technology (ICICDT),"6 Dec 2023","2023","","","104","107","SHA256, BLAKE256, BLAKE2s, Salsa20, and Chacha20 are crucial cryptographic algorithms used for data security in multi-domain applications. Consequently, there is a strong need for a flexible cryptographic hardware architecture that can efficiently handle various algorithms and provide excellent performance. Regrettably, existing cryptographic architectures do not meet the requirements for desired flexibility and high performance in these applications. Therefore, this paper introduces a novel resource-shared crypto accelerator (RCA) to achieve high flexibility and maximize hardware efficiency. The RCA applied two optimizations a register-sharing approach with multi-mode digest routers and an adder-sharing approach in flexible ALUs. Theoretical evaluation reveals that the RCA achieves 72% register sharing (104 out of 136) and 78.6% adder sharing (44 out of 56). Verification of RCA on Xilinx ZCU102 FPGA at the system-on-chip level is conducted to demonstrate its accuracy and efficacy. Furthermore, the RCA experimental results on multiple FPGAs show its remarkable flexibility and hardware efficiency. It outperforms existing works in terms of throughput (1.36-28.9 times) and area efficiency (1.14-2.45 times).","2691-0462","979-8-3503-1931-6","10.1109/ICICDT59917.2023.10332303","","https://ieeexplore.ieee.org/stamp/stamp.jsp?arnumber=10332303","FPGA;resource-shared;IoT;ASIC;cryptography;blockchain","Scalability;Computer architecture;Throughput;Registers;System-on-chip;Cryptography;Field programmable gate arrays","","3","","12","IEEE","6 Dec 2023","25-28 Sept. 2023","25-28 Sept. 2023","IEEE","IEEE Conferences"
"Lightweight Hardware Implementation of Binary Ring-LWE PQC Accelerator","B. J. Lucas; A. Alwan; M. Murzello; Y. Tu; P. He; A. J. Schwartz; D. Guevara; U. Guin; K. Juretus; J. Xie","Department of Electrical and Computer Engineering, Villanova University, Villanova, PA, USA; Department of Electrical and Computer Engineering, Villanova University, Villanova, PA, USA; Department of Electrical and Computer Engineering, Villanova University, Villanova, PA, USA; Department of Electrical and Computer Engineering, Villanova University, Villanova, PA, USA; Department of Electrical and Computer Engineering, Villanova University, Villanova, PA, USA; Department of Computer Science, Villanova University, Villanova, PA, USA; Department of Computer Science, Villanova University, Villanova, PA, USA; Department of Electrical and Computer Engineering, Auburn University, Auburn, AL, USA; Department of Electrical and Computer Engineering, Villanova University, Villanova, PA, USA; Department of Electrical and Computer Engineering, Villanova University, Villanova, PA, USA",IEEE Computer Architecture Letters,"30 Mar 2022","2022","21","1","17","20","Significant innovation has been made in the development of public-key cryptography that is able to withstand quantum attacks, known as post-quantum cryptography (PQC). This paper focuses on the development of an efficient PQC hardware implementation. Specifically, an implementation of the binary Ring-learning-with-errors (BRLWE)-based encryption scheme, a promising lightweight PQC suitable for resource-constrained applications, is proposed. The paper first develops the mathematical formulation to present the proposed algorithmic process. The corresponding hardware accelerators are then described in detail. Finally, comparisons with previous implementations are provided to demonstrate the superior performance of the proposed design. For instance, the proposed low-complexity accelerator has 34.7% less area-delay product (ADP) than the state-of-the-art design for $n=256$n=256 in the field-programmable gate array (FPGA) platform. Apart from the efficiency of the hardware architectures, the proposed design also has a complete input/output processing setup, and thus is feasible for emerging lightweight applications.","1556-6064","","10.1109/LCA.2022.3160394","National Science Foundation(grant numbers:SaTC-2020625,NIST-60NANB20D203); ","https://ieeexplore.ieee.org/stamp/stamp.jsp?arnumber=9737700","Binary Ring-LWE;complete processing setup;hardware design;lightweight post-quantum cryptography","Registers;Encryption;Standards;Hardware acceleration;Computers;Computer architecture;Arithmetic","","33","","22","CCBY","18 Mar 2022","1 Jan.-June 2022","","IEEE","IEEE Journals"
"A “Kuznyechik” Block Cipher Accelerator for RISC-V System-on-Chip","B. -A. Dao; N. -Q. Nguyen; C. -T. Nguyen","The Academy of Cryptography Techniques, Hanoi, Vietnam; The Academy of Cryptography Techniques, Hanoi, Vietnam; The Academy of Cryptography Techniques, Hanoi, Vietnam",2024 1st International Conference On Cryptography And Information Security (VCRIS),"27 Dec 2024","2024","","","1","5","Kuznyechik is the Russian symmetric block cipher algorithm that has been introduced in the National Standard of the Russian Federation GOST R 34.12-2015. It provides higher security against mathematical cryptanalysis at the cost of higher computing complexity. In this study, a Kuznyechik accelerator for RISC-V System-on-Chip is proposed to significantly improve the encryption/decryption times of the Russian symmetric block cipher algorithm. Compared to the execution time of an open-source Kuznyechik software implementation, that of the proposed accelerator is reduced by 1597.8 fold. The proposed accelerator has a maximum operating frequency of 124.01 MHz, with a maximum encryption/decryption throughput of 283.45 Mbps. When being deployed on a Xilinx Kintex-7 FPGA device, the proposed Kuznyechik accelerator utilizes a relatively small amount of hardware resources, including 6175 Slice Look-up-Tables (LUTs), 2725 Slice Registers and 4 Block RAM (BRAM), which is 9.74%, 2.15% and 2.96% of available Slice LUTs, Slice Registers and Block RAM, respectively.","","979-8-3315-2994-9","10.1109/VCRIS63677.2024.10813451","","https://ieeexplore.ieee.org/stamp/stamp.jsp?arnumber=10813451","Cryptographic accelerator;Kuznyechik block cipher;FPGA implementation;RISC-V SoC","Ciphers;Software algorithms;Random access memory;Throughput;Table lookup;System-on-chip;Registers;Hardware acceleration;Field programmable gate arrays;Standards","","1","","8","IEEE","27 Dec 2024","3-4 Dec. 2024","3-4 Dec. 2024","IEEE","IEEE Conferences"
"Live Demonstration: An Area and Energy Efficient Reconfigurable Cryptographic Accelerator Based SoC Design for Securing IoT Devices","X. Zhang; B. Liu; L. Hu; Z. Shen; Z. He; D. Xu; B. H. Gwee; C. Wang","School of Optical and Electronic Information, Huazhong University of Science and Technology, Wuhan, China; School of Optical and Electronic Information, Huazhong University of Science and Technology, Wuhan, China; School of Optical and Electronic Information, Huazhong University of Science and Technology, Wuhan, China; School of Optical and Electronic Information, Huazhong University of Science and Technology, Wuhan, China; Amicro Semiconductor Company Ltd., Zhuhai, China; Amicro Semiconductor Company Ltd., Zhuhai, China; School of Electrical and Electronic Engineering, Nanyang Technological University of Singapore; School of Optical and Electronic Information, Huazhong University of Science and Technology, Wuhan, China",2025 IEEE International Symposium on Circuits and Systems (ISCAS),"27 Jun 2025","2025","","","1","1","This demonstration presents an energy and area efficient Reconfigurable Cryptographic Accelerator (RCA) SoC for secure communication in IoT devices. Built on a ZYNQ-7000 development board, the platform supports multiple block ciphers (DES, AES, SM4) and Hash functions (SHA-1, SHA-2, SM3). Users can follow prompts on the OLED screen to select the cryptographic algorithm via buttons and input data through a keyboard or choose large text files from SD card. The ARM Core and accelerator execute the cryptographic operation simultaneously, and energy efficiency is calculated based on power and computing time, showcasing the improved computing speed and energy efficiency of the proposed accelerator.","2158-1525","979-8-3503-5683-0","10.1109/ISCAS56072.2025.11044193","National Key Research and Development Program of China; ","https://ieeexplore.ieee.org/stamp/stamp.jsp?arnumber=11044193","","Hash functions;Ciphers;Program processors;Circuits and systems;Keyboards;Organic light emitting diodes;Energy efficiency;Internet of Things;Hardware acceleration","","","","3","IEEE","27 Jun 2025","25-28 May 2025","25-28 May 2025","IEEE","IEEE Conferences"
"Toward a Universal Cryptographic Accelerator","S. Devadas; D. Sanchez","MIT, Cambridge, MA, USA; MIT, Cambridge, MA, USA",Computer,"8 Jan 2025","2025","58","1","105","108","Cyberphysical systems have disseminated devices that can be untrustworthy or compromised. Nevertheless, the privacy and integrity of computation and data can be guaranteed through cryptographic protocols. We address the computational burden posed by cryptography, and argue for a synergistic approach of designing programmable hardware accelerators for cryptography, followed by tailoring cryptographic protocols to this hardware.","1558-0814","","10.1109/MC.2024.3481808","","https://ieeexplore.ieee.org/stamp/stamp.jsp?arnumber=10834146","","Data privacy;Cyber-physical systems;Cryptography;Hardware acceleration;Cryptographic protocols","","","","4","IEEE","8 Jan 2025","Jan. 2025","","IEEE","IEEE Magazines"
"Optimized RSA Hardware Accelerator Design For Blockchain Networks: 2048-Bit Implementation","T. R. Dinesh Kumar; S. S. Babu; A. Yogaraj; A. N. Naveen; R. Pranavesh; A. Shiva","Department of Electronics and Communication Engineering, Vel tech High Tech Dr Rangarajan Dr Sakunthala Engineering College, Avadi, India; Department of Electronics and Communication Engineering, Vel tech High Tech Dr Rangarajan Dr Sakunthala Engineering College, Avadi, India; Department of Electronics and Communication Engineering, Vel tech High Tech Dr Rangarajan Dr Sakunthala Engineering College, Avadi, India; Department of Electronics and Communication Engineering, Vel tech High Tech Dr Rangarajan Dr Sakunthala Engineering College, Avadi, India; Department of Electronics and Communication Engineering, Vel tech High Tech Dr Rangarajan Dr Sakunthala Engineering College, Avadi, India; Department of Electronics and Communication Engineering, Vel tech High Tech Dr Rangarajan Dr Sakunthala Engineering College, Avadi, India","2025 8th International Conference on Circuit, Power & Computing Technologies (ICCPCT)","9 Oct 2025","2025","","","255","260","This paper presents a high-performance computer unit that is intended to serve as a hardware cryptography accelerator for the RSA algorithm. In order to provide robust security and authentication processes, the architecture is designed to accelerate key-pair generation, decryption, and RSA-based encryption—all essential for secure communications. Because RSA uses a lot of processing power, the accelerator allows for faster and more efficient cryptographic processes by relieving the main processor of critical tasks. This system is based on an FPGA platform and uses a FIFO register bank to enable safe and efficient data processing. It implements a data exchange protocol between the RSA acceleration (1024-bit) and the main processor (32-64 bit).The implementation also includes a Pseudo-Random Number Generator (PRNG) to create inputs for An essential step in the creation of RSA keys is the Miller-Rabin primary test. Performance analysis compares software and hardware implementations to demonstrate the advantages of hardware-based RSA acceleration in cryptographic applications. This design contributes to advancements in hardware security solutions by significantly enhancing RSA algorithm efficiency. We enhanced this model from 1024 bits in the KC705 board and developed 2048 bits in the KCU116 KINTEX ULTRASCALE BOARD and improved the 2048-bit cryptographic accelerator, demonstrating greater efficiency, reaching $22.9 \%$, whereas the 1024-bit version achieves 19.5%. However, the 1024-bit design consumes more power at $15 \%$, while the 2048-bit version is more energy-efficient at $\mathbf{8 . 8 \%}$. In terms of latency, the 1024-bit design performs better with a latency of $1 \%$, while the 2048-bit version has a higher latency of $10 \%$. Additionally, the execution time for the 1024-bit accelerator is significantly lower at $\mathbf{0 . 8 \%}$, whereas the 2048-bit version requires more time, measuring $2.107 \%$.","","979-8-3315-4317-4","10.1109/ICCPCT65132.2025.11176628","","https://ieeexplore.ieee.org/stamp/stamp.jsp?arnumber=11176628","RSA cryptosystem;hardware security;public-key encryption;Pseudo-Random Number Generator (PRNG);data exchange protocol;FIFO register bank","Protocols;Hardware security;Throughput;Energy efficiency;Time measurement;Encryption;Registers;Security;Internet of Things;Hardware acceleration","","","","10","IEEE","9 Oct 2025","7-8 Aug. 2025","7-8 Aug. 2025","IEEE","IEEE Conferences"
"A High-Throughput and Compact GOST-28147-89 Accelerator for RISC-V System-on-Chip","B. -A. Dao; N. -Q. Nguyen; C. -T. Nguyen","The Academy of Cryptography Techniques, Hanoi, Vietnam; The Academy of Cryptography Techniques, Hanoi, Vietnam; The Academy of Cryptography Techniques, Hanoi, Vietnam",2023 15th International Conference on Knowledge and Systems Engineering (KSE),"6 Nov 2023","2023","","","1","4","Taking advantage of the royalty-free, open-source RISC-V Instruction Set Architecture (ISA), various RISC-V System-on-Chip (SoC) designs have been proposed to be applied in securing customized embedded applications. In this work, we propose a high-throughput and compact GOST-28147-89 block cipher accelerator that is suitable for integrating into these RISC-V SoC designs. The GOST-28147-89 block cipher accelerator is capable of operating at the maximum frequency of 251.32 MHz, yielding a high throughput of 487.4 Mbps. Meanwhile, the hardware utilization of the proposed GOST-28147-89 accelerator is extremely small at 273 Slice Look-up-Tables (LUTs) and 138 Slice Registers, which is 0.27% and 0.07% of available Slice LUTs and Slice Registers in a Xilinx Kintex-7 XC7K160T FPGA device, respectively. When attached to the Berkeley's-Rocket-processor-based RISC-V SoC, the proposed accelerator improves the GOST-28147-89 cryptographic operations by 20.43 folds.","2694-4804","979-8-3503-2974-2","10.1109/KSE59128.2023.10299520","","https://ieeexplore.ieee.org/stamp/stamp.jsp?arnumber=10299520","RISC-V SoC;Cryptographic accelerator;GOST-28147-89;FPGA implementation","Knowledge engineering;Ciphers;Computer architecture;Throughput;Systems engineering and theory;Hardware;Table lookup","","","","12","IEEE","6 Nov 2023","18-20 Oct. 2023","18-20 Oct. 2023","IEEE","IEEE Conferences"
"Exploring the design space of curve-based cryptographic accelerators","N. Alimi; A. Sghaier; M. Machhout; R. Tourki","Electronics and Micro-Electronics Laboratory, University of Monastir, Monastir, Tunisia; Electronics and Micro-Electronics Laboratory, University of Monastir, Monastir, Tunisia; Electronics and Micro-Electronics Laboratory, University of Monastir, Monastir, Tunisia; Electronics and Micro-Electronics Laboratory, University of Monastir, Monastir, Tunisia",2017 International Conference on Engineering & MIS (ICEMIS),"1 Feb 2018","2017","","","1","5","Due to its shortest key-length, Hyperelliptic Curve Cryptography (HECC) is considered as a promising Public Key Cryptography solution for securing future resource-constrained embedded systems. However, its mathematical complexity, compared to the Elliptic Curve Cryptography (ECC), is slowing down its standardization. In this paper, we try to fairly explore different hardware architectures of ECC and HECC under the same level of security through parallelizing modular arithmetic layer operations. Speed and cost results of the implemented curve-based cryptographic accelerators showed that without specific optimization, ECC still outperform HECC.","2575-1328","978-1-5090-6778-7","10.1109/ICEMIS.2017.8273045","","https://ieeexplore.ieee.org/stamp/stamp.jsp?arnumber=8273045","ECC;HECC;Design Space Exploration;scalar multiplication;Parallelism;FPGA;Area;Speed","Elliptic curve cryptography;Hardware;Elliptic curves;Computer architecture","","1","","23","IEEE","1 Feb 2018","8-10 May 2017","8-10 May 2017","IEEE","IEEE Conferences"
"A low-power pairing-based cryptographic accelerator for embedded security applications","T. English; M. Keller; K. L. Man; E. Popovici; M. Schellekens; W. Marnane","Department of Microelectronic Engineering, University College Cork, Cork, Ireland; Department of Electrical Engineering, University College Cork, Cork, Ireland; Centre for Efficiency-Oriented Languages, University College Cork, Cork, Ireland; Department of Microelectronic Engineering, University College Cork, Cork, Ireland; Centre for Efficiency-Oriented Languages, University College Cork, Cork, Ireland; Department of Electrical Engineering, University College Cork, Cork, Ireland",2009 IEEE International SOC Conference (SOCC),"22 Jan 2010","2009","","","369","372","We report on the implementation of an IP core for Pairing-based cryptography. The core performs an elliptic curve cryptographic operation called the Tate Pairing over the field GF(2251). In this paper, we describe the implementation of the design in TSMC 65 nm GP CMOS standard cells and the optimisations made for low-power operation. The resulting core computes the pairing in 1.5 ms and consumes less than 4 mW.","2164-1706","978-1-4244-4940-8","10.1109/SOCCON.2009.5398017","","https://ieeexplore.ieee.org/stamp/stamp.jsp?arnumber=5398017","","Security;Identity-based encryption;Public key cryptography;Elliptic curve cryptography;Hardware;Application specific integrated circuits;Elliptic curves;Runtime;Microelectronics;Natural languages","","3","","13","IEEE","22 Jan 2010","9-11 Sept. 2009","9-11 Sept. 2009","IEEE","IEEE Conferences"
"Small-Footprint Reconfigurable Heterogeneous Cryptographic Accelerator for Fog Computing","S. D. Thi; H. L. Pham; V. T. Duong Le; R. Imamura; T. H. Tran; Y. Nakashima","Nara Institute of Science and Technology, Nara, Japan; Nara Institute of Science and Technology, Nara, Japan; Nara Institute of Science and Technology, Nara, Japan; Nara Institute of Science and Technology, Nara, Japan; Osaka Metropolitan University, Osaka, Japan; Nara Institute of Science and Technology, Nara, Japan",2023 RIVF International Conference on Computing and Communication Technologies (RIVF),"22 Mar 2024","2023","","","124","129","The Advanced Encryption Standard (AES) and Ascon algorithms are highly secure and compact, suitable for fog computing in Internet of Things (IoT) systems. However, existing research lacks a flexible and power-efficient hardware architecture for these algorithms on IoT devices. Therefore, this paper proposes a reconfigurable heterogeneous cryptographic accelerator (RHCA) that achieves high-performance and power-efficient cryptographic operations with minimal space requirements. The RHCA features a 4×4 heterogeneous processing element array (HPEA) and a hybrid arithmetic logic unit (HALU), which enhances parallel processing performance and reduces hardware resource usage. The evaluation of the RHCA on the ZCU102 FPGA demonstrates its exceptional performance and flexibility, achieving an AES throughput of 5.818 Gbps and an Ascon throughput of 0.563 Gbps. These results surpass existing FPGA-based works by factors ranging from 6.81 to 54.89 and 1.23 to 5.31, respectively. Moreover, by applying the HPEA, the hardware resource of RHCA is reduced by 33.6%, 26.1%, and 31.6% in LUTs, F7 Muxes, and CLBs, respectively, compared to the homogeneous configuration, leading to improved area efficiency.","2473-0130","979-8-3503-1584-4","10.1109/RIVF60135.2023.10471770","","https://ieeexplore.ieee.org/stamp/stamp.jsp?arnumber=10471770","CGRA;Ascon;AES;IoT;FPGA","Parallel processing;Throughput;Table lookup;Internet of Things;Resource management;Task analysis;Hardware acceleration","","3","","14","IEEE","22 Mar 2024","23-25 Dec. 2023","23-25 Dec. 2023","IEEE","IEEE Conferences"
"Cryptographic Accelerators for Digital Signature Based on Ed25519","M. Bisheh-Niasar; R. Azarderakhsh; M. Mozaffari-Kermani","Department of Computer & Electrical Engineering and Computer Science (CEECS), Florida Atlantic University, Boca Raton, FL, USA; Department of Computer & Electrical Engineering and Computer Science (CEECS), Florida Atlantic University, Boca Raton, FL, USA; Department of Computer Science and Engineering (CSE), University of South Florida, Tampa, FL, USA",IEEE Transactions on Very Large Scale Integration (VLSI) Systems,"28 Jun 2021","2021","29","7","1297","1305","This article presents highly optimized implementations of the Ed25519 digital signature algorithm [Edwards curve digital signature algorithm (EdDSA)]. This algorithm significantly improves the execution time without sacrificing security, compared to exiting digital signature algorithms. Although EdDSA is employed in many widely used protocols, such as TLS and SSH, there appear to be extremely few hardware implementations that focus only on EdDSA. Hence, we propose two different field-programmable gate array (FPGA)-based EdDSA implementations, i.e., efficient and high-performance Ed25519 architectures applicable for a security level comparable to AES-128. Our proposed efficient Ed25519 scheme achieves an improvement of more than 84% compared to the best previous work by reducing the required area. It also incorporates more than 8× speedup. Furthermore, our proposed high-performance architecture shows a 21× speedup with more than 6200 digital signature algorithms per second, showing a significant improvement in terms of utilized area × time on a Xilinx Zynq-7020 FPGA. Finally, the effective side-channel countermeasures are embedded in our proposed designs, which also outperform the previous works.","1557-9999","","10.1109/TVLSI.2021.3077885","National Institute of Standards and Technology (NIST)(grant numbers:60NANB16D246); NSF(grant numbers:1801341); Army Research Office (ARO)(grant numbers:W911NF-17-1-0311); ","https://ieeexplore.ieee.org/stamp/stamp.jsp?arnumber=9437467","Ed25519;Edwards curve digital signature algorithm (EdDSA);elliptic curve cryptography;hardware implementation;side channel","Computer architecture;Digital signatures;Security;Field programmable gate arrays;NIST;Optimization;Elliptic curves","","120","","37","IEEE","20 May 2021","July 2021","","IEEE","IEEE Journals"
"Cryptographic Accelerators for Trusted Execution Environment in RISC-V Processors","T. -T. Hoang; C. Duran; A. Tsukamoto; K. Suzaki; C. -K. Pham","University of Electro-Communications, Tokyo, Japan; University of Electro-Communications, Tokyo, Japan; National Institute of Advanced Industrial Science and Technology, Tokyo, Japan; Technology Research Association of Secure IoT Edge application based on RISC-V Open architecture, Tokyo, Japan; University of Electro-Communications, Tokyo, Japan",2020 IEEE International Symposium on Circuits and Systems (ISCAS),"28 Sep 2020","2020","","","1","4","The trusted execution environment protects data by taking advantage of memory isolation schemes. Most of the software implementations on security enclaves offer a framework that can be implemented on any processor architecture. Assuming that privilege escalation is not possible through software means, the only way to access protected data is over authentication over a driver in kernel mode. However, the use of hardware back-doors cannot prevent processor execution in more privileged modes. Implementation of kernel-mode allows the reading of sensitive data over the protected regions of memory. In this work, a proposal of crypto-accelerator is described. The peripheral bus in the proposed architecture features a write-only secure memory. That means the cryptography operations on the software level can not read the sensitive data from that secure memory. This approach suppresses any cache coherence manipulator and fault execution-related attacks against reading sensitive data. The peripheral can be useful to accelerate the cryptography operations, and store securely intermediate calculations as well as storing secure keys. The time of execution compared to the software counterpart can be reduced down to 2.5 decades, and the throughput is risen to 3 decades, reaching speeds of 30MB/s for large chunks of data. The total area represents 10.7% of the total area of a dual-core RISC-V processor with RV64IMAFC extensions and TileLink buses.","2158-1525","978-1-7281-3320-1","10.1109/ISCAS45731.2020.9180551","","https://ieeexplore.ieee.org/stamp/stamp.jsp?arnumber=9180551","","Cryptography;Hardware;Program processors;Micromechanical devices;Computer architecture;Random access memory","","11","","14","IEEE","28 Sep 2020","12-14 Oct 2020","12-14 Oct 2020","IEEE","IEEE Conferences"
"An 8-bit Bit-Slice TEA-Cryptographic Accelerator for 64-bit RSFQ Secure Coprocessors","P. -S. Yu; G. -M. Tang; X. -C. Ye; D. -R. Fan; Z. -M. Zhang; N. -H. Sun","University of Chinese Academy of Sciences, Beijing, China; State Key Laboratory of Computer Architecture, Institute of Computing Technology, Chinese Academy of Sciences, Beijing, China; State Key Laboratory of Computer Architecture, Institute of Computing Technology, Chinese Academy of Sciences, Beijing, China; State Key Laboratory of Computer Architecture, Institute of Computing Technology, Chinese Academy of Sciences, Beijing, China; State Key Laboratory of Computer Architecture, Institute of Computing Technology, Chinese Academy of Sciences, Beijing, China; State Key Laboratory of Computer Architecture, Institute of Computing Technology, Chinese Academy of Sciences, Beijing, China",2019 IEEE International Superconductive Electronics Conference (ISEC),"13 Feb 2020","2019","","","1","4","An 8-bit bit-slice TEA-cryptographic accelerator for 64-bit RSFQ secure coprocessors is proposed. The accelerator is based on Tiny Encryption Algorithm (TEA) and mainly consists of bit-slice adders and bit-slice shifters. Synchronous concurrent-flow clocking is used to design a fully pipelined RSFQ logic design. For verifying the algorithm and the logic design, the RSFQ logic circuits of the proposed accelerator have been simulated with a target operating frequency of 50 GHz. It consists of 21 stages. The throughput is 7.672 × 107 64-bit TEA encryptions per second.","","978-1-7281-1196-4","10.1109/ISEC46533.2019.8990902","","https://ieeexplore.ieee.org/stamp/stamp.jsp?arnumber=8990902","cryptographic accelerator;rapid single-flux-quantum (RSFQ);superconducting integrated circuits","Technological innovation;Superconducting integrated circuits;Simulation;Logic circuits;Pipelines;Throughput;Logic functions;Logic design;Encryption;Coprocessors","","2","","14","IEEE","13 Feb 2020","28 July-1 Aug. 2019","28 July-1 Aug. 2019","IEEE","IEEE Conferences"
"Designing Secure Cryptographic Accelerators with Information Flow Enforcement: A Case Study on AES","Z. Jiang; H. Jin; G. E. Suh; Z. Zhang","School of Electrical and Computer Engineering, Cornell University, Ithaca, NY; School of Electrical and Computer Engineering, Cornell University, Ithaca, NY; School of Electrical and Computer Engineering, Cornell University, Ithaca, NY; School of Electrical and Computer Engineering, Cornell University, Ithaca, NY",2019 56th ACM/IEEE Design Automation Conference (DAC),"22 Aug 2019","2019","","","1","6","Designing a secure cryptographic accelerator is challenging as vulnerabilities may arise from design decisions and implementation flaws. To provide high security assurance, we propose to design and build cryptographic accelerators with hardware-level information flow control so that the security of an implementation can be formally verified. This paper uses an AES accelerator as a case study to demonstrate how to express security requirements of a cryptographic accelerator as information flow policies for security enforcement. Our AES prototype on an FPGA shows that the proposed protection has a marginal impact on area and performance.","0738-100X","978-1-4503-6725-7","","","https://ieeexplore.ieee.org/stamp/stamp.jsp?arnumber=8806877","","Hardware acceleration;Hardware design languages;Prototypes;Encryption","","","","24","","22 Aug 2019","2-6 June 2019","2-6 June 2019","IEEE","IEEE Conferences"
"How Primitive but How Effective: Fault-Injection Attack on Cryptographic Accelerator of Microchip CEC 1702 Microcontroller","L. Danêk; M. Novotný","Faculty of Information Technology, Czech Technical University in Prague, Prague, Czech Republic; Faculty of Information Technology, Czech Technical University in Prague, Prague, Czech Republic",2024 27th Euromicro Conference on Digital System Design (DSD),"6 Nov 2024","2024","","","129","136","Fault injection attacks pose a substantial threat to the security of digital systems, compromising integrity and exposing vulnerabilities. This article explores fault injection techniques, specifically voltage glitching, within the context of Lenstra's attack, which is an extension of the Bellcore attack, on RSA-CRT, which has existed for decades. The focus is on the cryptographic accelerator of the Microchip CEC 1702 microcontroller. The study employs the Chip Whisperer toolkit to perform fault injection attacks on both software and hardware implementations of RSA-CRT. Results reveal vulnerabilities in the commercially produced Microchip CEC 1702 microcontroller, highlighting potential security risks associated with fault injection attacks.","2771-2508","979-8-3503-8038-5","10.1109/DSD64264.2024.00026","Czech Technical University (CTU)(grant numbers:SGS23/208/OHK3/3T/18); ","https://ieeexplore.ieee.org/stamp/stamp.jsp?arnumber=10741608","Fault-injection analysis;Bellcore attack;Lenstra's attack;CEC 1702;ChipWhisperer","Integrated circuits;Semiconductor device measurement;Handwriting recognition;Voltage measurement;Microcontrollers;Digital systems;Software;Cryptography;Hardware acceleration;Microprogramming","","","","22","IEEE","6 Nov 2024","28-30 Aug. 2024","28-30 Aug. 2024","IEEE","IEEE Conferences"
"Hardware-assisted security mechanism: The acceleration of cryptographic operations with low hardware cost","J. K. -T. Chang; S. Liu; J. -L. Gaudiot; C. Liu","Department of Electrical Engineering and Computer Science, University of California, Irvine, CA, USA; Department of Electrical Engineering and Computer Science, University of California, Irvine, CA, USA; Department of Electrical Engineering and Computer Science, University of California, Irvine, CA, USA; Department of Electrical and Computer Engineering, Florida International University, Miami, FL, USA",International Performance Computing and Communications Conference,"6 Jan 2011","2010","","","327","328","This paper presents generic cryptographic accelerator. Certain ""hotspot function"" are found in the cryptographic algorithm which consume a substantial amount of execution time of the specific algorithm. INTEL performance analyzer VTune was used which analyzes the software performance on IA-32 and Intel64-based machines to examne the hotsport function. By moving the operations to hardware, we can reduce the overheads introduced by the crypto-computation so that the computing resource can focus on the useful work.","2374-9628","978-1-4244-9329-6","10.1109/PCCC.2010.5682293","","https://ieeexplore.ieee.org/stamp/stamp.jsp?arnumber=5682293","","Hardware;Acceleration;Elliptic curve cryptography;Encryption;Algorithm design and analysis","","5","","","IEEE","6 Jan 2011","9-11 Dec. 2010","9-11 Dec. 2010","IEEE","IEEE Conferences"
"Cryptographic accelerator for 802.15.4 transceivers with key agreement engine based on Montgomery arithmetic","A. de la Piedra; A. Touhafi; G. Cornetta","Vrije Universiteit Brussel, Belgium; Vrije Universiteit Brussel, Belgium; Universidad San Pablo CEU, Spain",2011 18th IEEE Symposium on Communications and Vehicular Technology in the Benelux (SCVT),"15 Dec 2011","2011","","","1","5","In this paper, we present the design of a cryptographic core compliant with the IEEE 802.15.4 standard and based on FPGA. We have addressed several security problems that remain yet problematic concerning the implementation of the 802.15.4 security suites and the access control list (ACL). The cryptographic core consists of three components: a compact AES-CCM architecture, a content-addressable memory (CAM) that implements an access control list (ACL) and a modular exponentiation unit based on Montgomery arithmetic. The modular exponentiation core can be used to perform key agreement based on a variant of the Diffie-Hellman Key Exchange (DHKE). The core has been synthesized in a Spartan-6 xc6slx75-3csg484 FPGA built on a 45 nm process. The total logic usage of the FPGA was 71%.","2373-0854","978-1-4577-1289-0","10.1109/SCVT.2011.6101307","","https://ieeexplore.ieee.org/stamp/stamp.jsp?arnumber=6101307","Medical services;Field programmable gate arrays;IEEE 802.15 Standards","IEEE 802.15 Standards;Encryption;Field programmable gate arrays;Computer architecture;Radiation detectors","","2","","20","IEEE","15 Dec 2011","22-23 Nov. 2011","22-23 Nov. 2011","IEEE","IEEE Conferences"
"Scalability and Performance Analysis of 2048-Bit RSA Algorithm Across Advanced CMOS Technology Nodes","S. Joshi; C. Kadadas; J. Kidav; L. Korra; M. Lavadkar; S. Margamwar","Dept. of Electronics Engg, NIELIT, Chh. Sambhajinagar, Maharashtra, India; Dept. of Electronics Engg, NIELIT, Chh. Sambhajinagar, Maharashtra, India; Dept. of Electronics Engg, NIELIT, Chh. Sambhajinagar, Maharashtra, India; Dept. of Computer Science, NIELIT, Chh. Sambhajinagar, Maharashtra, India; Dept. of Computer Science, NIELIT, Chh. Sambhajinagar, Maharashtra, India; Dept. of Electronics Engg, NIELIT, Chh. Sambhajinagar, Maharashtra, India",2025 International Conference on Applications of Machine Intelligence and Data Analytics (ICAMIDA),"3 Nov 2025","2025","","","1","5","Using VLSI design methodologies, a highperformance RSA cryptographic accelerator is designed and implemented in this article. With an emphasis on real-time applications that require strong security and efficiency, the suggested design uses a 2048-bit RSA method for safe data encryption and decryption. The design includes a hardware-based random number generator, a Miller-Rabin primality checking module, and an optimized modular exponentiation unit for safe and effective key generation. Verilog is used to create the RSA cryptographic accelerator, which is then synthesized using Cadence EDA tools and functionally verified using Mentor Graphics Questa Sim. Both ASIC and FPGA design approaches are supported by the design flow, which includes a comprehensive RTL-to-GDSII implementation. The study illustrates how technology scaling affects cryptographic hardware performance by comparing timing, power, and area over 45-nm, 90-nm, and 180-nm technology nodes. The suggested design advances secure communication systems by providing notable benefits in terms of processing speed and resource efficiency. This study sheds light on how to best optimize cryptographic hardware accelerators for a range of uses, such as data centers, secure network protocols, and Internet of Things security.","","979-8-3315-2276-6","10.1109/ICAMIDA64673.2025.11209685","","https://ieeexplore.ieee.org/stamp/stamp.jsp?arnumber=11209685","FPGA;ASIC;VLSI Design;RSA;Crypto-graphic Accelerator;Modular Exponentiation;Secure Communication","Protocols;Scalability;Very large scale integration;Real-time systems;Timing;Performance analysis;Internet of Things;Hardware acceleration;Field programmable gate arrays;Machine intelligence","","","","10","IEEE","3 Nov 2025","21-22 Aug. 2025","21-22 Aug. 2025","IEEE","IEEE Conferences"
"MRCA: Multi-grained Reconfigurable Cryptographic Accelerator for Diverse Security Requirements","P. H. Luan; H. H. Nguyen; V. T. D. Le; T. D. Tran; T. H. Vu; T. Hong Tran; Y. Nakashima","Nara Institute of Science and Technology, Nara, Japan; University of Information Technology - VNUHCM, Vietnam; Nara Institute of Science and Technology, Nara, Japan; University of Information Technology - VNUHCM, Vietnam; Nara Institute of Science and Technology, Nara, Japan; Osaka Metropolitan University, Osaka, Japan; Nara Institute of Science and Technology, Nara, Japan",2024 IEEE Symposium in Low-Power and High-Speed Chips (COOL CHIPS),"17 May 2024","2024","","","1","6","In today’s digital security, the robust 64-bit cryptographic algorithms are key to fulfilling strict security standards. However, most existing cryptographic architectures primarily support 8/32-bit algorithms and often exhibit poor performance. Therefore, this paper proposes a multi-grained reconfigurable cryptographic accelerator (MRCA) to efficiently support a variety of 8/32/64-bit algorithms with high performance and energy efficiency. To achieve this, we propose three innovative ideas. Firstly, a dual processing element array (D-PEA) is proposed to perform either two parallel 32-bit algorithms or concatenate them for 64-bit algorithms. Secondly, we develop a synchronous row connection and processing element architecture with a double buffer lane to reduce context memory and enable flexible coordination and computation of data in both 32-bit and 64-bit algorithms. Thirdly, we propose a concatenable 32-bit crypto ALU within each processing element, which can not only execute multiple 32-bit cryptographic operations in a single cycle but also connect to support multiple 64-bit operations. Our MRCA has been successfully implemented and verified across various 8/32/64-bit cryptographic algorithms on the TySOM-3A FPGA platform. Our ASIC experiment on a 45nm CMOS technology shows that the MRCA achieves a remarkable throughput from 0.43 to 15.48 Gbps and energy efficiency ranging from 0.4 to 14.46 Gbps/W, covering a wide range of 8-bit, 32-bit, and 64-bit cryptographic algorithm computations. Compared to previous studies, the MRCA outperforms by 3.5-12 times in throughput and 3.7-20 times in energy efficiency for hashing computations, also offering enhanced flexibility in supporting a wider range of 64-bit algorithms.","2473-4683","979-8-3503-8414-7","10.1109/COOLCHIPS61292.2024.10531185","AIST Foundation; University of Tokyo; ","https://ieeexplore.ieee.org/stamp/stamp.jsp?arnumber=10531185","CGRA;Cryptography;FPGA;Accelerator","Computer architecture;Parallel processing;Throughput;Energy efficiency;Distance measurement;Computational efficiency;Cryptography","","1","","16","IEEE","17 May 2024","17-19 April 2024","17-19 April 2024","IEEE","IEEE Conferences"
"MRCA 2.0: An Area-Optimized Multigrained Reconfigurable Cryptographic Accelerator for Securing Blockchain-Based Internet of Things Systems","H. L. Pham; V. T. D. Le; T. H. Vu; V. D. Tran; V. T. Nguyen; T. D. Tran; Y. Nakashima","Nara Institute of Science and Technology, Ikoma, Japan; Nara Institute of Science and Technology, Ikoma, Japan; Nara Institute of Science and Technology, Ikoma, Japan; Nara Institute of Science and Technology, Ikoma, Japan; Le Quy Don Technical University, Hanoi, Vietnam; University of Information Technology Vietnam National University, Ho Chi Minh City, Vietnam; Nara Institute of Science and Technology, Ikoma, Japan",IEEE Micro,"6 May 2025","2025","45","2","78","89","This article introduces a multigrained reconfigurable cryptographic accelerator 2.0 (MRCA 2.0), upgrading from the first 8/32/64-bit coarse-grained reconfigurable array, named MRCA, to offer high performance with a smaller area and lower power consumption for blockchain-based Internet of Things systems. To achieve these goals, we propose four innovative ideas: a dual-processing element array (D-PEA) with reduced memories, a synchronous row connection and processing element (PE) architecture, a concatenable crypto arithmetic logic unit, and heterogeneous PEs. Our MRCA 2.0 has been successfully implemented on the TySOM-3A field-programmable gate array platform across 19 different algorithms. Our application-specific integrated circuit experiment on 45-nm CMOS technology shows that MRCA 2.0 reduces area and power consumption by 1.6 and 1.4 times, respectively, compared to the previous MRCA. Compared to related works, MRCA 2.0 outperforms in throughput by 1.63–28.3 times and in energy efficiency by 1.6–3.4 times, while also offering better flexibility in supporting more 64-bit algorithms.","1937-4143","","10.1109/MM.2024.3501313","JST(grant numbers:JPMJAN23F5); KAKENHI(grant numbers:22H00515); ","https://ieeexplore.ieee.org/stamp/stamp.jsp?arnumber=10758927","","Cryptography;Internet of Things;Power demand;Performance evaluation;Registers;Hardware acceleration;Computer architecture;Servers;Blockchains;Throughput;Reconfigurable devices","","","","12","IEEE","20 Nov 2024","March-April 2025","","IEEE","IEEE Magazines"
"Evaluating an Open-Source Hardware Approach from HDL to GDS for a Security Chip Design - a Review of the Final Stage of Project HEP","T. Henkes; S. Reith; M. Stöttinger; N. Herfurth; G. Panic; J. Wälde; F. Buschkowski; P. Sasdrich; C. Lüth; M. Funck; T. Kiyan; A. Weber; D. Boeck; R. Rathfelder; T. Grawunder","FB Design Computer Science Media, RheinMain University of Applied Sciences, Wiesbaden, Germany; FB Design Computer Science Media, RheinMain University of Applied Sciences, Wiesbaden, Germany; FB Design Computer Science Media, RheinMain University of Applied Sciences, Wiesbaden, Germany; IHP - Leibniz-Institut für innovative Mikroelektronik, Frankfurt (Oder), Germany; IHP - Leibniz-Institut für innovative Mikroelektronik, Frankfurt (Oder), Germany; ACE, Fraunhofer SIT, Darmstadt, Germany; Chair for Security Engineering, Ruhr-University Bochum, Bochum, Germany; Chair for Security Engineering, Ruhr-University Bochum, Bochum, Germany; Deutsches Forschungszentrum für Künstliche Intelligenz, Bremen, Germany; Deutsches Forschungszentrum für Künstliche Intelligenz, Bremen, Germany; Security in Telecommunications, Technische Universitaet Berlin, Berlin, Germany; Bollschweil, Germany; Elektrobit Automotive GmbH, Erlangen, Germany; Software Powertrain, IAV GmbH, Berlin, Germany; Swissbit Germany AG, Berlin, Germany","2024 Design, Automation & Test in Europe Conference & Exhibition (DATE)","10 Jun 2024","2024","","","1","6","The project “Hardening the value chain through open-source, trustworthy EDA tools and processors (HEP)” uses open-source, free components and tools for the production of a prototypical security chip. A design flow using only free and open tools from the abstract description in SpinalHDL via OpenROAD down to the GDS-file for tape-out has been established, and first ASICs produced at IHP. The prototypical hardware security module (HSM) produced in this way provides, among other things, a processor based on VexRiscv, a cryptographic accelerator and masking of cryptographic keys. The open development tools used in the process were integrated into a common environment and expanded to include missing functionality. Subsequently, the whole tool chain and its peripherals are wrapped into a new Nyx container. The easy accessibility of the used process significantly reduces the learning curve for chip design. Additionally, we provide tools for formal verification and masking against side-channel attacks in our design flow. Interest in the results of project HEP has been shown in publications in which industrial partners participated, such as Elektrobit, Hensoldt Cyber, IAV, Secure-IC and Swissbit Germany.","1558-1101","978-3-9819263-8-5","10.23919/DATE58400.2024.10546500","BMBF; ","https://ieeexplore.ieee.org/stamp/stamp.jsp?arnumber=10546500","open-source;hardware;side-channel;formal verification;RISC-V;PDK;open EDA;security;HSM","Program processors;Hardware security;Side-channel attacks;Containers;Open source hardware;Hardware design languages;Chip scale packaging","","1","","18","","10 Jun 2024","25-27 March 2024","25-27 March 2024","IEEE","IEEE Conferences"
"An adaptive cryptographic accelerator for IPsec on dynamically reconfigurable processor","Y. Hasegawa; S. Abe; H. Matsutani; H. Amano; K. Anjo; T. Awashima","Graduate School of Science and Technology, Keio University, Yokohama, Kanagawa, Japan; Graduate School of Science and Technology, Keio University, Yokohama, Kanagawa, Japan; Graduate School of Science and Technology, Keio University, Yokohama, Kanagawa, Japan; Graduate School of Science and Technology, Keio University, Yokohama, Kanagawa, Japan; NEC Electronics Corporation Limited, Kawasaki, Kanagawa, Japan; NEC System Devices Research Laboratories, Kawasaki, Kanagawa, Japan","Proceedings. 2005 IEEE International Conference on Field-Programmable Technology, 2005.","10 Jan 2006","2005","","","163","170","We propose a cryptographic accelerator for IPsec by using the NEC electronics' dynamically reconfigurable processor (DRP). In our system, an embedded processor and DRP are integrated in a system-on-a-chip (SoC) and multiple cryptographic tasks can be accelerated by DRP. Moreover, the virtual hardware mechanism, which dynamically changes its configuration data set, is introduced to realize more tasks on DRP. The evaluation results show that the throughput of each implemented cryptographic task outperformed a MIPS compatible embedded processor from 1.6 times to 7.8 times. In addition, it is shown that 80.7% of the run-time configuration overhead can be reduced by background configuration based on the double buffering method","","0-7803-9407-0","10.1109/FPT.2005.1568541","","https://ieeexplore.ieee.org/stamp/stamp.jsp?arnumber=1568541","","Cryptography;Tiles;Hardware;National electric code;Costs;Electron accelerators;Data security;Power system security;Cryptographic protocols;Authentication","","11","","14","IEEE","10 Jan 2006","11-14 Dec. 2005","11-14 Dec. 2005","IEEE","IEEE Conferences"
"Correlation Power Analysis of Pipelined and Multi-Threaded Coarse-Grained Reconfigurable Cryptographic Accelerator","V. -T. Luu; H. L. Pham; V. -T. Nguyen; V. -P. Hoang; V. -T. Nguyen; V. T. D. Le; Y. Nakashima","Le Quy Don Technical University, Hanoi, Vietnam; Nara Institute of Science and Technology, Nara, Japan; Le Quy Don Technical University, Hanoi, Vietnam; Le Quy Don Technical University, Hanoi, Vietnam; Le Quy Don Technical University, Hanoi, Vietnam; Nara Institute of Science and Technology, Nara, Japan; Nara Institute of Science and Technology, Nara, Japan","2025 10th IEEE International Conference on Integrated Circuits, Design, and Verification (ICDV)","2 Sep 2025","2025","","","133","138","LiCryptor, our state-of-the-art coarse-grained reconfigurable cryptographic accelerator, is designed for emerging Internet of Things (IoT) systems that demand high-speed and energy-efficient hardware capable of supporting multiple cryptographic algorithms. In this paper, we evaluate the vulnerability of LiCryptor to Correlation Power Analysis (CPA) side-channel attacks (SCA), proposing two primary attack models based on Hamming Weight (HW) and Hamming Distance (HD) to target intermediate values stored in registers during encryption. We introduce 8 power model schemes for CPA attacks, covering both single-threaded pipelined operation and dual-threaded pipelined operation on LiCryptor. Experimental results show that, under the pipelined operation, the proposed HD-based energy model can reveal all 16 key bytes with 82,100 traces, achieving a $1.4 x$ improvement over single-threaded methods. In dual-threaded operation, the number of traces required for key recovery is reduced to 54,000 traces. Furthermore, we identify CPA_HD_R10 as the most effective attack model, outperforming other models in both single-threaded and dual-threaded configurations.","","979-8-3315-1549-2","10.1109/ICDV66179.2025.11135225","","https://ieeexplore.ieee.org/stamp/stamp.jsp?arnumber=11135225","CGRA;Cryptography;AES;Side-channel attack (SCA);Correlation Power Analysis (CPA)","Integrated circuit synthesis;Analytical models;Correlation;Side-channel attacks;Registers;Internet of Things;Hamming distances;Integrated circuit modeling;Hamming weight;Hardware acceleration","","","","14","IEEE","2 Sep 2025","16-17 June 2025","16-17 June 2025","IEEE","IEEE Conferences"
"A Low-Power BLS12-381 Pairing Cryptoprocessor for Internet-of-Things Security Applications","U. Banerjee; A. P. Chandrakasan","Department of Electrical Engineering and Computer Science, Massachusetts Institute of Technology, Cambridge, MA, USA; Department of Electrical Engineering and Computer Science, Massachusetts Institute of Technology, Cambridge, MA, USA",IEEE Solid-State Circuits Letters,"10 Nov 2021","2021","4","","190","193","We present the first BLS12-381 elliptic-curve pairing cryptoprocessor for Internet-of-Things (IoT) security applications. Efficient finite-field arithmetic and algorithm-architecture co-optimizations together enable two orders of magnitude energy savings. We implement several countermeasures against timing and power side-channel attacks. Our cryptoprocessor is programmable to provide the flexibility to accelerate various elliptic-curve and pairing-based protocols, such as signature aggregation and functional encryption.","2573-9603","","10.1109/LSSC.2021.3124074","Texas Instruments; ","https://ieeexplore.ieee.org/stamp/stamp.jsp?arnumber=9593932","Cryptographic accelerator;elliptic-curve cryptography (ECC);hardware security;Internet of Things (IoT);low power;pairing-based cryptography (PBC);side channel","Cryptography;Elliptic curve cryptography;Arithmetic;Elliptic curves;Security;Encryption;Logic gates","","9","","14","IEEE","29 Oct 2021","2021","","IEEE","IEEE Journals"
"HELP: Highly Efficient and Low-Latency Hardware Accelerator for Integer Polynomial Multiplication","P. He; T. Bao; Ç. K. Koç; J. Xie","Department of Electrical and Computer Engineering, Villanova University, Villanova, PA, USA; Department of Electrical and Computer Engineering, Villanova University, Villanova, PA, USA; NUAA, and UCSB, Iǧdir University; Department of Electrical and Computer Engineering, Villanova University, Villanova, PA, USA",2024 IEEE Computer Society Annual Symposium on VLSI (ISVLSI),"25 Sep 2024","2024","","","355","360","Integer polynomial multiplication has been frequently used in post-quantum cryptography (PQC) schemes. In particular, unequal-sized integer polynomial multiplication, i.e., the coefficients from two input polynomials are not the same, has recently drawn significant attention from research communities. Besides that, this polynomial multiplication often involves specific parameter setups, such as power-of-two poly-nomial degree and modulus, efficient acceleration of this type of polynomial multiplication thus becomes an interesting topic, especially on the hardware platform. This paper follows this trend to develop a Highly Efficient and Low-latency Polynomial multiplication (HELP) accelerator for the targeted integer poly-nomial multiplication. First of all, We presented a new algorithm for the targeted polynomial multiplication for high-performance operations. Then, we proposed the HELP accelerator, giving its detailed architectural description. Finally, implementation results and comparisons are provided to demonstrate the efficiency of the proposed accelerator. For instance, the HELP accelerator is found to have at least 36.99% equivalent area-delay product (eADP) than the reported implementations ($n= 1,024$). The outcome of this work can be extended further for related cryptographic accelerator desian and development.","2159-3477","979-8-3503-5411-9","10.1109/ISVLSI61997.2024.00071","NSF(grant numbers:SaTC-2020625); ","https://ieeexplore.ieee.org/stamp/stamp.jsp?arnumber=10682698","Field-programmable gate array (FPGA);hard-ware accelerator;highly efficient and low-latency;unequal-sized integer polynomial multiplication","Very large scale integration;Market research;Polynomials;Cryptography;Low latency communication;Hardware acceleration;Field programmable gate arrays","","","","19","IEEE","25 Sep 2024","1-3 July 2024","1-3 July 2024","IEEE","IEEE Conferences"
"Power Side-Channel Vulnerabilities of a RISC-V Cryptography Accelerator Integrated into CVA6 via Core-V eXtension Interface (CV-X-IF)","B. Farnaghinejad; D. Bellizia; A. Dolmeta; G. Masera; A. Porsia; A. Ruospo; S. Di Carlo; A. Savino; E. Sanchez","Department of Control and Computer Engineering, Politecnico di Torino, Turin, Italy; Telsy S.p.A, Rome, Italy; Telsy S.p.A, Rome, Italy; Department of Electronics and Telecommunications, Politecnico di Torino, Turin, Italy; Department of Control and Computer Engineering, Politecnico di Torino, Turin, Italy; Department of Control and Computer Engineering, Politecnico di Torino, Turin, Italy; Department of Control and Computer Engineering, Politecnico di Torino, Turin, Italy; Department of Control and Computer Engineering, Politecnico di Torino, Turin, Italy; Department of Control and Computer Engineering, Politecnico di Torino, Turin, Italy",2025 IEEE International Test Conference (ITC),"3 Nov 2025","2025","","","233","242","Modern RISC-V designs are increasingly integrating cryptographic accelerators to provide better security features while enhancing performance; however, their vulnerability to power side-channel attacks remains insufficiently investigated. This paper presents a comprehensive evaluation of such vulnerabilities in a RISCV-based AES accelerator connected via the Core-V eXtension Interface (CV-X-IF). The analysis begins at the RTL using simulated power traces, employing KL (Kullback–Leibler) divergence alongside established statistical attacks such as Correlation Power Analysis (CPA) and Differential Power Analysis (DPA). Although the former serves as an early indicator of potential leakage, simulation results highlight its limitations compared to CPA and DPA. To validate these findings, leakage trends are further examined through FPGA-based power measurement. The proposed methodology is designed to be broadly applicable to a range of cryptographic workloads and accelerator architectures. It is demonstrated on an AES accelerator implementing the scalar cryptographic extension (Zk) with pre-expanded keys. Our findings reveal that side-channel vulnerabilities can persist even in tightly integrated instruction pipelines, underscoring the importance of early-stage leakage assessment. Notably, the close alignment between RTL-level simulations and FPGA-based measurements highlights the effectiveness of the approach and its practical value for guiding secure hardware design in RISC-V ecosystems. In particular, AES serves only as a case of study; the proposed RTL and FPGA validation flow is generic and can be applied to any cryptographic accelerator.","2378-2250","979-8-3315-7041-5","10.1109/ITC58126.2025.00030","","https://ieeexplore.ieee.org/stamp/stamp.jsp?arnumber=11219849","RISC-V;CVA6;Core-V eXtension Interface (CV-X-IF);Cryptographic Accelerator;Early-Stage Side-Channel Evaluation;RTL-Level Analysis;Hardware Security","Power measurement;Simulation;Hardware security;Pipelines;Side-channel attacks;Life estimation;Particle measurements;Market research;Hardware acceleration;Field programmable gate arrays","","","","23","IEEE","3 Nov 2025","20-26 Sept. 2025","20-26 Sept. 2025","IEEE","IEEE Conferences"
"RISC-V Core with AES-256 Accelerator","O. Simola; A. Korsman; V. Hirvonen; A. Tarkka; J. Helander; K. Järvinen; M. Kosunen; J. Ryynänen","Department of Electronics and Nanoengineering, Aalto University, Finland; Department of Electronics and Nanoengineering, Aalto University, Finland; Department of Electronics and Nanoengineering, Aalto University, Finland; Department of Electronics and Nanoengineering, Aalto University, Finland; Department of Electronics and Nanoengineering, Aalto University, Finland; Xiphera, Finland; Department of Electronics and Nanoengineering, Aalto University, Finland; Department of Electronics and Nanoengineering, Aalto University, Finland","2024 31st IEEE International Conference on Electronics, Circuits and Systems (ICECS)","28 Jan 2025","2024","","","1","4","This paper presents a RISC-V core integrated with a cryptographic accelerator for 256-bit Advanced Encryption Standard (AES-256). It supports several block cipher modes and has been integrated as an extension to a 5-stage RV32IMFC RISC-V core implemented in 22 nm FD-SOI. For performance comparison, the hardware accelerator was verified with an extensive verification environment involving simulations and testing with Field Programmable Gate Array (FPGA) and Application-Specific Integrated Circuit (ASIC) implementations against a C-program solution implemented with the openSSL library, running on the implemented RISC-V core. The accelerator achieves 82–84% faster AES cipher operation compared to the software solution.","2995-0589","979-8-3503-7720-0","10.1109/ICECS61496.2024.10848921","","https://ieeexplore.ieee.org/stamp/stamp.jsp?arnumber=10848921","RISC-V;AES-256;Accelerator;FPGA;ASIC","Ciphers;Power demand;Software algorithms;Logic gates;Software;Integrated circuit modeling;Hardware acceleration;Field programmable gate arrays;Standards;Testing","","3","","9","IEEE","28 Jan 2025","18-20 Nov. 2024","18-20 Nov. 2024","IEEE","IEEE Conferences"
"An Energy-Efficient Reconfigurable DTLS Cryptographic Engine for Securing Internet-of-Things Applications","U. Banerjee; A. Wright; C. Juvekar; M. Waller; Arvind; A. P. Chandrakasan","Department of Electrical Engineering and Computer Science, Massachusetts Institute of Technology, Cambridge, MA, USA; Department of Electrical Engineering and Computer Science, Massachusetts Institute of Technology, Cambridge, MA, USA; Department of Electrical Engineering and Computer Science, Massachusetts Institute of Technology, Cambridge, MA, USA; Department of Electrical Engineering and Computer Science, Massachusetts Institute of Technology, Cambridge, MA, USA; Department of Electrical Engineering and Computer Science, Massachusetts Institute of Technology, Cambridge, MA, USA; Department of Electrical Engineering and Computer Science, Massachusetts Institute of Technology, Cambridge, MA, USA",IEEE Journal of Solid-State Circuits,"23 Jul 2019","2019","54","8","2339","2352","This paper presents the first hardware implementation of the datagram transport layer security (DTLS) protocol to enable end-to-end security for the Internet of Things (IoT). A key component of this design is a reconfigurable prime field elliptic curve cryptography (ECC) accelerator that is 238× and 9× more energy-efficient compared to software and state-of-the-art hardware, respectively. Our full hardware implementation of the DTLS 1.3 protocol provides 438× improvement in energy-efficiency over software, along with code size and data memory usage as low as 8 and 3 KB, respectively. The cryptographic accelerators are coupled with an on-chip low-power RISC-V processor to benchmark applications beyond DTLS with up to two orders of magnitude energy savings. The test chip, fabricated in 65-nm CMOS, demonstrates hardware-accelerated DTLS sessions while consuming 44.08 μJ/handshake and 0.89 nJ/byte of the encrypted data at 16 MHz and 0.8 V.","1558-173X","","10.1109/JSSC.2019.2915203","Qualcomm; Texas Instruments; ","https://ieeexplore.ieee.org/stamp/stamp.jsp?arnumber=8721457","Advanced encryption standard (AES);AES in Galois/Counter Mode (AES-GCM);cryptographic accelerator;datagram transport layer security (DTLS);elliptic curve cryptography (ECC);hardware security;Internet of Things (IoT);low-power;micro-processor;RISC-V;Secure Hash Algorithm (SHA);side-channel;transport layer security (TLS)","Protocols;Elliptic curve cryptography;Hardware;Internet of Things;Software","","57","","37","IEEE","24 May 2019","Aug. 2019","","IEEE","IEEE Journals"
"Exploring FPGA network on chip implementations across various application and network loads","G. Schelle; D. Grunwald","Deptartment of Computer Science, University of Colorado Boulder, Boulder, CO, USA; Deptartment of Computer Science, University of Colorado Boulder, Boulder, CO, USA",2008 International Conference on Field Programmable Logic and Applications,"23 Sep 2008","2008","","","41","46","The network on chip will become a future general purpose interconnect for FPGAs much like todaypsilas standard OPB or PLB bus architectures. However, performance characteristics and reconfigurable logic resource utilization of different network on chip architectures vary greatly relative to bus architectures. Current mainstream FPGA parts only support very small network on chip topologies, due to the high resource utilization of virtual channel based implementations. This observation is reflected in related research where only modest 2times2 or 2times3 networks are demonstrated on FPGAs. Naively it would be assumed that these complex network on chip architectures would perform better than simplified implementations. We show this assumption to be incorrect under light network loading conditions across 3 separate application domains. Using statistical based network loading, a synthetic benchmarking application, a cryptographic accelerator, and a 802.11 transmitter are each demonstrated across network on chip architectures. From these experiments, it can be seen that network on chips with complex routing and switching functionality are still useful under high network loading conditions. Additionally, it is also shown for our network on chip implementations, a simple solution that uses 4-5times less logic resources can provide better network performance under certain conditions.","1946-1488","978-1-4244-1960-9","10.1109/FPL.2008.4629905","","https://ieeexplore.ieee.org/stamp/stamp.jsp?arnumber=4629905","","Field programmable gate arrays;Cryptography;Loading;Tiles;Routing;Resource management;Transmitters","","21","1","9","IEEE","23 Sep 2008","8-10 Sept. 2008","8-10 Sept. 2008","IEEE","IEEE Conferences"
"Design Space Exploration of a Unified FPGA Accelerator for Elliptic-Curve-Based Functions in Attribute-Based Encryption","A. Opasatian; M. Fukuda; M. Ikeda","Department of Electrical Engineering and Information Systems, Graduate School of Engineering, The University of Tokyo, Tokyo, Japan; Department of Electrical Engineering and Information Systems, Graduate School of Engineering, The University of Tokyo, Tokyo, Japan; Department of Electrical Engineering and Information Systems, Graduate School of Engineering, The University of Tokyo, Tokyo, Japan",IEEE Transactions on Very Large Scale Integration (VLSI) Systems,"22 Jan 2026","2026","34","2","579","592","Attribute-based encryption (ABE) requires several elliptic-curve-based functions, including elliptic-curve scalar multiplication (ECSM), hashing to the curve, and pairing. Although these computations share underlying similarities, prior hardware designs have shown that distinct architectures yield better performance for each function. Consequently, it remains unclear which architecture offers optimal performance when supporting all required functions within a unified design. In this work, we present a design space exploration methodology in which the design is parameterized using a defined set of design parameters, and an automatic schedule generator is employed to estimate the cycle counts for each function. This allows us to identify the configuration that minimizes latency for both individual functions and complete cryptographic operations. The versatility of our approach is demonstrated through two case studies: 1) ECSM over Curve25519, Secp256k1, NIST-P256, and NIST-P384; and 2) multiple elliptic-curve functions over the BLS12-381 curve. In the first case, the optimal configuration implemented on a Virtex7 field-programmable gate array (FPGA) achieves up to a 15% latency reduction compared to state-of-the-art designs. In the second case, the unified accelerator in its optimal configuration supports all core ABE functions and achieves superior latency or throughput-per-area (TPA), and in some cases both, compared to existing designs.","1557-9999","","10.1109/TVLSI.2025.3632677","KIOXIA Holdings Corporation; ","https://ieeexplore.ieee.org/stamp/stamp.jsp?arnumber=11261691","Attribute-based encryption (ABE);BLS12-381;design space exploration;field-programmable gate array (FPGA);high-performance cryptographic accelerator","Computer architecture;Schedules;Cryptography;Field programmable gate arrays;Elliptic curves;Space exploration;Encryption;Pipelines;Hardware acceleration;Generators","","","","44","CCBY","20 Nov 2025","Feb. 2026","","IEEE","IEEE Journals"
"Securing FPGA SoC configurations independent of their manufacturers","N. Jacob; J. Wittmann; J. Heyszl; R. Hesselbarth; F. Wilde; M. Pehl; G. Sigl; K. Fischer","Fraunhofer Institute for Applied and Integrated Security (AISEC), Munich, Germany; Fraunhofer Institute for Applied and Integrated Security (AISEC), Munich, Germany; Fraunhofer Institute for Applied and Integrated Security (AISEC), Munich, Germany; Fraunhofer Institute for Applied and Integrated Security (AISEC), Munich, Germany; Technische Universitat Munchen, Munich, Germany; Technische Universitat Munchen, Munich, Germany; Technische Universitat Munchen, Munich, Germany; Siemens AG, Corporate Technology, Munich, Germany",2017 30th IEEE International System-on-Chip Conference (SOCC),"21 Dec 2017","2017","","","114","119","System-on-Chips which include FPGAs are important platforms for critical applications since they provide significant software performance through multi-core CPUs as well as high versatility through integrated FPGAs. Those integrated FP-GAs allow to update the programmable hardware functionality, e.g. to include new communication interfaces or to update cryptographic accelerators during the life-time of devices. Updating software as well as hardware configuration is required for critical applications such as e.g. industrial control devices or vehicles with long life-times. Such updates must be authenticated and possibly encrypted. One way to achieve this is to rely on static FPGA manufacturer-provided cryptography and respective master keys. However, in this contribution, we show how to retrofit Xilinx Zynq FPGAs with an alternative cryptographic accelerator and how to establish device-individual keys using Physical Unclonable Function (PUF) technology. These two key aspects reduce the required trust in manufacturer-provided security features while increasing the security by binding configurations to a specific device.","2164-1706","978-1-5386-4034-0","10.1109/SOCC.2017.8226019","","https://ieeexplore.ieee.org/stamp/stamp.jsp?arnumber=8226019","SoC;FPGA;Zynq;PUF;cryptographic engine;partial reconfiguration;secure boot","Field programmable gate arrays;Cryptography;Software;Hardware;Iron;Engines","","11","","21","IEEE","21 Dec 2017","5-8 Sept. 2017","5-8 Sept. 2017","IEEE","IEEE Conferences"
"A Low-Latency, Low-Area Hardware Oblivious RAM Controller","C. W. Fletcher; L. Ren; A. Kwon; M. v. Dijk; E. Stefanov; D. Serpanos; S. Devadas","Massachusetts Institute of Technology; Massachusetts Institute of Technology, Cambridge, MA, US; Massachusetts Institute of Technology; University of Connecticut, Storrs, CT, US; University of California, Qatar Computing Research Institute, Doha, Berkeley; University of California, Qatar Computing Research Institute, Doha, Berkeley; Massachusetts Institute of Technology",2015 IEEE 23rd Annual International Symposium on Field-Programmable Custom Computing Machines,"16 Jul 2015","2015","","","215","222","We build and evaluate Tiny ORAM, an Oblivious RAM prototype on FPGA. Oblivious RAM is a cryptographic primitive that completely obfuscates an application's data, access pattern, and read/write behavior to/from external memory (such as DRAM or disk). Tiny ORAM makes two main contributions. First, by removing an algorithmic bottleneck in prior work, Tiny ORAM is the"" first hardware ORAM design to support arbitrary block sizes (e.g., 64 Bytes to 4096 Bytes). With a 64 Byte block size, Tiny ORAM can "" finish an access in 1:4us, over 40x faster than the prior-art implementation. Second, through novel algorithmic and engineering-level optimizations, Tiny ORAM reduces the number of symmetric encryption operations by ~ 3x compared to a prior work. Tiny ORAM is also the "" first design to implement and report real numbers for the cost of symmetric encryption in hardware ORAM constructions. Putting it together, Tiny ORAM requires 18381 (5%) LUTs and 146 (13%) Block RAM on a Xilinx XC7VX485T FPGA, including the cost of encryption.","","978-1-4799-9969-9","10.1109/FCCM.2015.58","","https://ieeexplore.ieee.org/stamp/stamp.jsp?arnumber=7160074","Oblivious RAM;Cryptographic Accelerator;Storage System","Field programmable gate arrays;Encryption;Hardware;Random access memory;Bandwidth;Phantoms","","41","","27","IEEE","16 Jul 2015","2-6 May 2015","2-6 May 2015","IEEE","IEEE Conferences"
"Crypto-DSEDA: A Domain-Specific EDA Flow for CiM-Based Cryptographic Accelerators","R. Liu; Z. Li; X. Zhang; W. Li; L. Shen; R. Tang; Z. Luo; X. Chen; Y. Han; M. Tang","School of Materials Science and Engineering, Xiangtan University, Xiangtan, China; Chinese Academy of Sciences, Institute of Computing Technology, Beijing, China; Chinese Academy of Sciences, Institute of Computing Technology, Beijing, China; Chinese Academy of Sciences, Institute of Computing Technology, Beijing, China; Chinese Academy of Sciences, Institute of Computing Technology, Beijing, China; Chinese Academy of Sciences, Institute of Computing Technology, Beijing, China; School of Materials Science and Engineering, Xiangtan University, Xiangtan, China; Chinese Academy of Sciences, Institute of Computing Technology, Beijing, China; Chinese Academy of Sciences, Institute of Computing Technology, Beijing, China; School of Materials Science and Engineering, Xiangtan University, Xiangtan, China",IEEE Design & Test,"28 Aug 2024","2024","41","5","46","54","Editor’s notes: The authors propose Crypto-DSEDA, an auto-generation framework for exploring Computing-in-Memory (CiM)-based cryptographic accelerators. Crypto-DSEDA includes an automatic architecture generation pipeline that takes behavioral-level descriptions as input, optimizes dataflow and resource allocation through design space exploration, and finally generates the accelerator architecture and dataflow of the target algorithm. —Yiran Chen, Duke University, USA","2168-2364","","10.1109/MDAT.2024.3395987","Postgraduate Scien tific Research Innovation Project of Xiangtan University(grant numbers:No. XDCX2023Y184); Youth Innovation Promotion Association of the Chinese Academy of Sciences; Natural Science Foundation of Hunan Province(grant numbers:Nos. 2023JJ50009,Nos. 2023JJ30599); Strategic Priority Research Program of CAS(grant numbers:No. XDB44000000); Innovation Funding of In stitute of Computing Technology, CAS(grant numbers:No. E261040); National Key Research and Development Program of China(grant numbers:No. 2018YFA0701500,No. 2023YFF0719600); National Natural Science Founda tion of China(grant numbers:Nos. 62025404,Nos. 62122076,Nos. 92164108,Nos. U23A20322); Key Research Program of Frontier Sciences, CAS(grant numbers:No. ZDBS-LY-JSC012); ","https://ieeexplore.ieee.org/stamp/stamp.jsp?arnumber=10516433","Computing-in-memory;electronic design automation;cryptographic algorithm;automatic generation","Computer architecture;Cryptography;Optimization;Table lookup;Hardware acceleration;Resource management;Space exploration;Quantum cryptography;Hardware acceleration","","","","12","IEEE","1 May 2024","Oct. 2024","","IEEE","IEEE Magazines"
"CUDA Compatible GPU as an Efficient Hardware Accelerator for AES Cryptography","S. A. Manavski","ITCIS, Sofia, Bulgaria",2007 IEEE International Conference on Signal Processing and Communications,"22 Dec 2008","2007","","","65","68","This paper presents a study of the efficiency in applying modern graphics processing units in symmetric key cryptographic solutions. It describes both traditional style approaches based on the OpenGL graphics API and new ones based on the recent technology trends of major hardware vendors. It presents an efficient implementation of the advanced encryption standard (AES) algorithm in the novel CUDA platform by Nvidia. AES is currently the most widely adopted modern symmetric key encryption standard. The performance of the new fastest GPU solution is compared with those of the reference sequential implementations running on an Intel Pentium IV 3.0 GHz CPU. Unlike previous research in this field, the results of this effort show for the first time the GPU can perform as an efficient cryptographic accelerator. The developed solutions run up to 20 times faster than OpenSSL and in the same range of performance of existing hardware based implementations.","","978-1-4244-1235-8","10.1109/ICSPC.2007.4728256","","https://ieeexplore.ieee.org/stamp/stamp.jsp?arnumber=4728256","Cryptography;Data security;Graphics","Hardware;Cryptography;Graphics;Throughput;Acceleration;Signal processing algorithms;Pipeline processing;Signal processing;Coprocessors;Central Processing Unit","","187","3","16","IEEE","22 Dec 2008","24-27 Nov. 2007","24-27 Nov. 2007","IEEE","IEEE Conferences"
"Resource-Shared Crypto-Coprocessor of AES Enc/Dec With SHA-3","D. -e. -S. Kundi; A. Khalid; A. Aziz; C. Wang; M. O’Neill; W. Liu","College of Electronic and Information Engineering, Nanjing University of Aeronautics and Astronautics, Nanjing, China; Centre for Secure Information Technologies (CSIT), Queen’s University Belfast, Belfast, U.K; National University of Sciences and Technology (NUST), Karachi, Pakistan; College of Electronic and Information Engineering, Nanjing University of Aeronautics and Astronautics, Nanjing, China; Centre for Secure Information Technologies (CSIT), Queen’s University Belfast, Belfast, U.K; College of Electronic and Information Engineering, Nanjing University of Aeronautics and Astronautics, Nanjing, China",IEEE Transactions on Circuits and Systems I: Regular Papers,"1 Dec 2020","2020","67","12","4869","4882","Cryptographic co-processors are integral to the modern System-on-Chips. Flexibility in such designs serves dual purpose, i.e., it enables acceleration of different essential cryptographic primitives (Encryption/Authentication/Pseudo Random Number Generation (PRNG)) and also results in design compaction via resource sharing. In this context, a novel resource-shared crypto-coprocessor, named AE$HA-3 is presented, which combines two National Institute of Standards and Technology (NIST) standardized algorithms, i.e., Advance Encryption Standard (AES) and Secure Hash Algorithm-3 (SHA-3). Due to algorithmic dissimilarities, so far no resource-shared implementation enabling AES key scheduling/ enc/dec and SHA-3 has been presented. AE$HA-3 exploits resource-sharing for area reduction, i.e., integration of Look-Up-Tables (I-Tables) for AES enc/dec; logical optimization of Six Input Equation (SixIE) for SHA-3; a Unified XOR Section to carry out both key whitening in AES and SHA-3 transformations. Furthermore, the AES key scheduling was performed using the same resource-shared hardware. The proposed AE$HA-3 on Xilinx Virtex FPGA family results in highest hardware efficiency in terms of Throughput per Slice (TPS), along with a 49.37% area consumption reduction, when compared against the smallest stand-alone implementations presented to date.","1558-0806","","10.1109/TCSI.2020.2997916","National Natural Science Foundation of China(grant numbers:61871216,61771239); Fundamental Research Funds for the Central Universities China(grant numbers:NE2019102,NG2020001); Six Talent Peaks Project in Jiangsu Province(grant numbers:2018-XYDXX-009); ","https://ieeexplore.ieee.org/stamp/stamp.jsp?arnumber=9107413","Advance encryption standard (AES);cryptography;embedded system;secure hash algorithm-3 (SHA-3);cryptographic accelerator","Encryption;Hardware;NIST;Field programmable gate arrays","","33","","54","IEEE","3 Jun 2020","Dec. 2020","","IEEE","IEEE Journals"
"PQPU: A 4.4-μJ/Op 69.4-kOPS Agile Post-Quantum Crypto-Processor Across Multiple Mathematical Problems","Y. Zhu; W. Zhu; Y. Ouyang; J. Sun; Q. Zhao; M. Zhu; J. Yang; C. Chen; Q. Tao; H. Wang; G. Yang; S. Wei; A. Zhang; L. Liu","School of Integrated Circuits, Beijing National Research Center for Information Science and Technology, and Beijing Innovation Center for Future Chip, Tsinghua University, Beijing, China; School of Integrated Circuits, Beijing National Research Center for Information Science and Technology, and Beijing Innovation Center for Future Chip, Tsinghua University, Beijing, China; School of Integrated Circuits, Beijing National Research Center for Information Science and Technology, and Beijing Innovation Center for Future Chip, Tsinghua University, Beijing, China; School of Integrated Circuits, Beijing National Research Center for Information Science and Technology, and Beijing Innovation Center for Future Chip, Tsinghua University, Beijing, China; School of Integrated Circuits, Beijing National Research Center for Information Science and Technology, and Beijing Innovation Center for Future Chip, Tsinghua University, Beijing, China; Wuxi Micro Innovation Integrated Circuit Design Company Ltd., Wuxi, China; Wuxi Institute of Applied Technology, Tsinghua University, Wuxi, China; School of Integrated Circuits, Beijing National Research Center for Information Science and Technology, and Beijing Innovation Center for Future Chip, Tsinghua University, Beijing, China; School of Integrated Circuits, Beijing National Research Center for Information Science and Technology, and Beijing Innovation Center for Future Chip, Tsinghua University, Beijing, China; School of Integrated Circuits, Beijing National Research Center for Information Science and Technology, and Beijing Innovation Center for Future Chip, Tsinghua University, Beijing, China; School of Integrated Circuits, Beijing National Research Center for Information Science and Technology, and Beijing Innovation Center for Future Chip, Tsinghua University, Beijing, China; School of Integrated Circuits, Beijing National Research Center for Information Science and Technology, and Beijing Innovation Center for Future Chip, Tsinghua University, Beijing, China; School of Integrated Circuits, Beijing National Research Center for Information Science and Technology, and Beijing Innovation Center for Future Chip, Tsinghua University, Beijing, China; School of Integrated Circuits, Beijing National Research Center for Information Science and Technology, and Beijing Innovation Center for Future Chip, Tsinghua University, Beijing, China",IEEE Journal of Solid-State Circuits,"29 May 2025","2025","60","6","2261","2275","Post-quantum cryptography (PQC) is currently being standardized to replace the existing public-key cryptography for data security in the era of quantum computing. PQC algorithms exhibit considerable diversity in their underlying mathematical problems, storage requirements, and computational patterns, thus complicating unified PQC architecture design. To address this issue, a unified PQC domain-specific accelerator (DSA), post-quantum processing unit (PQPU), is proposed to address the trade-off between performance and flexibility at the algorithm, architecture, and circuit levels. First, a task-clustering-based framework is proposed to enable task-level parallel execution by utilizing the inherent parallelism and common functions across different PQC algorithms. Second, a region-based dynamically updated task path (TP) is constructed to facilitate automatic task-dependency management, with agile control flow and minimized overheads. Finally, algorithm-hardware co-optimizations are proposed in each task cluster to improve throughput and energy efficiency. Fabricated in a 28-nm process, PQPU has energy efficiency and throughput of  $4.4~{\mu }$ J/Op and 69.4 kOPS. The energy-delay product (EDP) and throughput achieved are 19.3% and 44.6% compared to the state-of-the-art design, respectively. To the best of our knowledge, PQPU is the first silicon-proven PQC accelerator that supports all valid schemes in NIST PQC standardization.","1558-173X","","10.1109/JSSC.2024.3476949","National Key Research and Development Program of China(grant numbers:2023YFB4403500,2021YFB2701201); National Natural Science Foundation of China(grant numbers:62274102); China National Postdoctoral Program for Innovative Talents(grant numbers:BX20240204); ","https://ieeexplore.ieee.org/stamp/stamp.jsp?arnumber=10735151","Cryptography processor;high throughput;post-quantum cryptography (PQC);reconfigurable architecture","Hardware;Throughput;NIST;Computer architecture;Standards;Parallel processing;Field programmable gate arrays;Energy efficiency;Clustering algorithms;Quantum computing","","3","","41","IEEE","25 Oct 2024","June 2025","","IEEE","IEEE Journals"
"A 334 μW 0.158 mm2 ASIC for Post-Quantum Key-Encapsulation Mechanism Saber With Low-Latency Striding Toom–Cook Multiplication","A. Ghosh; J. M. B. Mera; A. Karmakar; D. Das; S. Ghosh; I. Verbauwhede; S. Sen","School of Electrical and Computer Engineering, Purdue University, West Lafayette, IN, USA; COSIC, Katholieke Universiteit Leuven (KU Leuven), Leuven, Belgium; IIT Kanpur, Kanpur, India; Intel Labs, Intel Corporation, Hillsboro, OR, USA; Intel Labs, Intel Corporation, Hillsboro, OR, USA; COSIC, Katholieke Universiteit Leuven (KU Leuven), Leuven, Belgium; School of Electrical and Computer Engineering, Purdue University, West Lafayette, IN, USA",IEEE Journal of Solid-State Circuits,"24 Jul 2023","2023","58","8","2383","2398","Lattice-based cryptography is a novel approach to public key cryptography (PKC), of which the mathematical investigation (so far) resists attacks from quantum computers. By choosing a module learning with errors (MLWE) algorithm as the next standard, the National Institute of Standards and Technology (NIST) follows this approach. The multiplication of polynomials is the central bottleneck in the computation of lattice-based cryptography. Because PKC is mostly used to establish common secret keys, the focus is on compact area, power, and energy budget and, to a lesser extent, on throughput or latency. While most other work focuses on optimizing number theoretic transform (NTT)-based multiplications, in this article, we highly optimize a Toom–Cook-based multiplier. We demonstrate that a memory-efficient striding Toom–Cook with lazy interpolation results in a highly compact, low-power implementation, which, on top, enables a very regular memory access scheme. To demonstrate the efficiency, we integrate this multiplier into a Saber post-quantum accelerator, one of the four NIST finalists. Algorithmic innovation to reduce active memory, timely clock gating, and shift-add multiplier has helped to achieve 38% less power than state-of-the-art post-quantum cryptography (PQC) core, 4 $\times $  less memory, 36.8% reduction in multiplier energy, and 118 $\times $  reduction in active power with respect to state-of-the-art Saber accelerator (not silicon verified). This accelerator consumes 0.158- $\text {mm}^{2}$  active area, which is the lowest reported to date despite the process disadvantages of the state-of-the-art designs.","1558-173X","","10.1109/JSSC.2023.3253425","National Science Foundation (NSF)(grant numbers:CNS 17-19235,CNS 19-35573); Intel Corporation; ","https://ieeexplore.ieee.org/stamp/stamp.jsp?arnumber=10079217","Compact design;energy-efficient architecture;first accelerator;lazy interpolation;memory-efficient;post-quantum cryptography (PQC);striding Toom–Cook","Security;NIST;Cryptography;Quantum computing;Computers;Standards;Encryption","","10","","49","IEEE","23 Mar 2023","Aug. 2023","","IEEE","IEEE Journals"
"VLSI implementation of bit-parallel word-serial multiplier in GF(2/sup 233/)","Wenkai Tang; Huapeng Wu; M. Ahmadi","Infineon Technologies Austria AG, Xi'an, China; Department of ECE, University of Windsor, Windsor, ONT, Canada; Department of ECE, University of Windsor, Windsor, ONT, Canada","The 3rd International IEEE-NEWCAS Conference, 2005.","22 Aug 2005","2005","","","399","402","A bit-parallel word-serial (BPWS) finite field multiplier in GF(2/sup 233/) is proposed in this paper. The complexities are lower than or comparable to those of the previous similar proposals. A VLSI implementation of the BPWS multiplier combined with a bit-parallel squarer is also presented. The fabricated ASIC chip can be used as the finite field arithmetic module on an elliptic curve technique based cryptographic accelerator board and the proposed VLSI design could also be utilized as a design IP core for fast implementation of a cryptographic processor or smart card.","","0-7803-8934-4","10.1109/NEWCAS.2005.1496706","","https://ieeexplore.ieee.org/stamp/stamp.jsp?arnumber=1496706","","Very large scale integration;Galois fields;Elliptic curve cryptography;Public key cryptography;Arithmetic;Smart cards;Elliptic curves;Polynomials;Application specific integrated circuits;NIST","","11","","17","IEEE","22 Aug 2005","22-22 June 2005","22-22 June 2005","IEEE","IEEE Conferences"
"Transparent multi-core cryptographic support on Niagara CMT Processors","J. Hughes; G. Morton; J. Pechanec; C. Schuba; L. Spracklen; B. Yenduri","Sun Microsystems, Inc., Menlo Park, CA, USA; Sun Microsystems, Inc., Menlo Park, CA, USA; Sun Microsystems, Inc., Menlo Park, CA, USA; Sun Microsystems, Inc., Menlo Park, CA, USA; Sun Microsystems, Inc., Menlo Park, CA, USA; Sun Microsystems, Inc., Menlo Park, CA, USA",2009 ICSE Workshop on Multicore Software Engineering,"12 Jun 2009","2009","","","81","88","How cryptographic functionality has been implemented and made available in application scenarios has evolved over time. Pure software implementations were the obvious first choice, followed by dedicated hardware devices, be it co-processors or hardware accelerators accessible on the main bus. This paper examines aspects of making the next step in this evolution work, namely the use of dedicated cryptographic hardware that's part of multi-core system CPUs. While the inclusion of cryptographic accelerator functionality in the processor chip is not new, this paper investigates the question of how to transparently combine such multi-core cryptographic processor support with higher level software stacks in a commodity operating system that also needs to perform well if such hardware support is not present. We explore this question in the context of the Ultra-SPARC T1 and T2 processor family, chip multi-threaded (CMT) processors that have hardware cryptographic accelerators integrated on-chip with 8-core support for symmetric and asymmetric cryptographic and secure hash operations. The paper presents how a software infrastructure, the Solaris Cryptographic Framework, transparently takes advantage of these chip features and presents a brief comparative study of their performance.","","978-1-4244-3718-4","10.1109/IWMSE.2009.5071387","","https://ieeexplore.ieee.org/stamp/stamp.jsp?arnumber=5071387","","Cryptography;Hardware;Kernel;Application software;Software performance;Sun;Coprocessors;Communication industry;Government;Conferences","","1","2","10","IEEE","12 Jun 2009","18-18 May 2009","18-18 May 2009","IEEE","IEEE Conferences"
"Interconnect Physical Analyser (IPAA) applied to the design of scalable Network-on-Chip interconnect for Cryptographic accelerators","T. English; E. Popovici","Department of Electrical and Electronic Engineering, University College Cork, Ireland; Department of Electrical and Electronic Engineering, University College Cork, Ireland",Proceedings of the Fifth ACM/IEEE International Symposium,"11 Jul 2011","2011","","","225","232","This paper introduces Interconnect Physical Analyser (IPAA) - a tool for the analysis and optimisation of SoC/NoC toplevel interconnect. IPAA extracts information from the IC router and power analysis tool after implementation. Combining information from both sources, the tool performs a wirelength-driven power analysis of toplevel interconnect in the design. A range of statistics for toplevel interconnect is reported and a set of plots is produced. Multiple designs can be analysed simultaneously, enabling comparison and optimisation. The tool is applied to the design of scalable, efficient bus-replacement Network-on-Chip interconnect for Public Key Cryptographic accelerators. IPAA analyses the physical effects of scaling the cryptographic accelerator's floorplan, the number of cores and the cryptographic wordlength. The tool's plots and reports highlight the efficiency and scalability of the bus replacement Network-on-Chip and help guide the optimisation of the design.","","978-1-4503-0720-8","10.1145/1999946.1999982","","https://ieeexplore.ieee.org/stamp/stamp.jsp?arnumber=5948568","Interconnect;Physical Design;Networks-on-Chip","Switches;Wires;Integrated circuit interconnections;Scalability;Public key cryptography;Histograms","","","","12","","11 Jul 2011","1-4 May 2011","1-4 May 2011","IEEE","IEEE Conferences"
"Secure extensions of FPGA soft core processors for symmetric key cryptography","L. Gaspar; V. Fischer; L. Bossuet; R. Fouquet","Laboratoire Hubert Curien, UMR 5516, CNRS, Université de Lyon, Saint-Etienne, France; Laboratoire Hubert Curien, UMR 5516, CNRS, Université de Lyon, Saint-Etienne, France; Laboratoire Hubert Curien, UMR 5516, CNRS, Université de Lyon, Saint-Etienne, France; Laboratoire Hubert Curien, UMR 5516, CNRS, Université de Lyon, Saint-Etienne, France",6th International Workshop on Reconfigurable Communication-Centric Systems-on-Chip (ReCoSoC),"11 Aug 2011","2011","","","1","8","When used in cryptographic applications, general-purpose processors are often completed by a cryptographic accelerator - crypto-coprocessor. Secret keys are usually stored in the internal registers of the processor, and are vulnerable to attacks on protocols, software/firmware or cache memory. The paper presents three ways of extending soft general purpose processors for cryptographic applications. The proposed extension is aimed at symmetric key cryptography and it guarantees secure key management. Three security zones are created and physically separated in each of three configurations: processor, cipher and key storage zones. In the three zones, the secret keys are manipulated in a different manner - in clear or enciphered, as common data or keys. The security zones are separated on the protocol, system, architectural and physical levels. The proposed principle is validated on Altera NIOS II, Xilinx MicroBlaze and Actel Cortex M1 soft core processor extensions. The NIOS II processor needs fewer clock cycles per data block encryption, because the security module is included in the processor's data path. The data path of the MicroBlaze is unchanged and thus shorter, but additional clock cycles are necessary for data transfers between the processor and the security module. The Cortex M1 processor is connected via AHB bus and the cryptographic extension is accessed as an ordinary peripheral - a coprocessor. Although the interfacing is different, the three processors with their extensions attain the required high security level.","","978-1-4577-0642-4","10.1109/ReCoSoC.2011.5981500","","https://ieeexplore.ieee.org/stamp/stamp.jsp?arnumber=5981500","Hardware security;Crypto-processor;FPGA softcore;NIOS II;MicroBlaze;Cortex M1","Program processors;Registers;Encryption;Protocols;Authentication","","2","","13","IEEE","11 Aug 2011","20-22 June 2011","20-22 June 2011","IEEE","IEEE Conferences"
"A Refresh-Free Near-eDRAM AES Accelerator for Secure Underwater Communications","H. Shin; Y. Lee; J. Kung","School of Electrical Engineering, Korea University, Seoul, Republic of Korea; School of Electrical Engineering, Korea University, Seoul, Republic of Korea; School of Electrical Engineering, Korea University, Seoul, Republic of Korea",2024 15th International Conference on Information and Communication Technology Convergence (ICTC),"14 Jan 2025","2024","","","355","357","Underwater vehicles or drones need to encrypt and transmit data to protect the information from external attacks. However, these electronic devices in underwater vehicles operate under limited energy. Therefore, a low-energy cryptographic accelerator is needed so that it can operate for a longer period on a single energy charge. In this paper, we present a compact and energy-efficient eDRAM-based AES encryption engine, named SwiftGuard, exploiting the nature of frequent state updates of the AES algorithm and the benefit of dual-port eDRAM design. By updating the data block within the data retention time of designed eDRAM bitcells, SwiftGuard removes expensive memory refresh operations during AES computations. In addition, the AES latency is greatly reduced by leveraging simultaneous read and write operations of the dual-port eDRAM design. Last but not least, it improves the area efficiency by sharing an on-the-fly key expansion module and using logic-based S-boxes. As a result, SwiftGuard occupies 38 % less area and achieves 54 % (or 42 %) higher performance (or energy efficiency) compared to the state-of-the-art SRAM-based AES accelerator.","2162-1241","979-8-3503-6463-7","10.1109/ICTC62082.2024.10827451","","https://ieeexplore.ieee.org/stamp/stamp.jsp?arnumber=10827451","AES hardware;embedded DRAM;processing-in-memory","Underwater communication;Energy consumption;Random access memory;Energy efficiency;Encryption;System-on-chip;Information and communication technology;Underwater vehicles;Engines;Hardware acceleration","","1","","9","IEEE","14 Jan 2025","16-18 Oct. 2024","16-18 Oct. 2024","IEEE","IEEE Conferences"
"A performance comparison study of ECC and AES in commercial and research sensor nodes","A. de la Piedra; A. Braeken; A. Touhafi","Department of Electronics and Informatics (ETRO), Faculty of Engineering Sciences, Vrije Universiteit Brussel, Brussels, Belgium; Department of Electronics and Informatics (ETRO), Faculty of Engineering Sciences, Vrije Universiteit Brussel, Brussels, Belgium; Vrije Universiteit Brussel, Brussel, Brussel, BE",Eurocon 2013,"10 Oct 2013","2013","","","347","354","In the last years, a number of research sensor nodes based on the combination of low-power microcontrollers and FPGAs have been proposed. In these platforms, the FPGAs serve as accelerators of complex algorithms, making it possible to process a vast amount of sensing data in real time. In medical applications that rely on sensors, both privacy and security are of utmost importance. However, the execution of cryptographic primitives on nodes solely based upon microcontrollers clocked at a low frequency can affect the overall power consumption of the platform. In this manuscript, we present the design of a cryptographic accelerator based on FPGA and aimed to be coupled to a microcontroller. It provides the most secure implementation of the IEEE 802.15.4 security suite together with an Elliptic Curve Cryptography (ECC) engine to perform key establishment. Furthermore, we provide a comparison on performance and energy consumption of cryptographic primitives in commercial nodes and in the proposed design. Our results suggest that the controlled execution of cryptographic algorithms on FPGAs clocked at a low frequency improves the performance and energy consumption of the state-of-the-art implementations based on the MICA and Tmote nodes. However, our results also reflect two inherent limitations of this type of design: the very nature of the bus logic can undermine the expected improvement on performance as well as the communication link between the microcontroller and the FPGA can make the platform vulnerable to physical attacks.","","978-1-4673-2232-4","10.1109/EUROCON.2013.6625007","","https://ieeexplore.ieee.org/stamp/stamp.jsp?arnumber=6625007","Wireless Sensor Networks;FPGA;802.15.4","Field programmable gate arrays;Digital signal processing;Elliptic curve cryptography;Encryption;IEEE 802.15 Standards","","13","","38","IEEE","10 Oct 2013","1-4 July 2013","1-4 July 2013","IEEE","IEEE Conferences"
"Securing Web servers against insider attack","S. Jiang; S. Smith; K. Minami","Department of Computer Science, Dartmouth College, Institute of Security, Technology Studies, USA; Department of Computer Science, Dartmouth College, Institute of Security, Technology Studies, USA; Department of Computer Science, Dartmouth College, Institute of Security, Technology Studies, USA",Seventeenth Annual Computer Security Applications Conference,"7 Aug 2002","2001","","","265","276","Too often, ""security of Web transactions"" reduces to ""encryption of the channel"" - and neglects to address what happens at the server on the other end. This oversight forces clients to trust the good intentions and competence of the server operator - but gives clients no basis for that trust. In this paper, we apply secure coprocessing and cryptography to solve this real problem in Web technology. We present a vision: using secure coprocessors to establish trusted coservers at Web servers and moving sensitive computations inside these co-servers; we present a prototype implementation of this vision that scales to realistic workloads; and we validate this approach by building a simple E-voting application on top of our prototype. By showing the real potential of COTS secure coprocessing technology to establish trusted islands of computation in hostile environments - such as at Web servers with risk of insider attack - this work also helps demonstrate that ""secure hardware"" can be more than a synonym for ""cryptographic accelerator"".","","0-7695-1405-7","10.1109/ACSAC.2001.991542","","https://ieeexplore.ieee.org/stamp/stamp.jsp?arnumber=991542","","Web server;Coprocessors;Cryptography;Prototypes;Authentication;Public key;Computer science;Computer security;Educational institutions;Electronic switching systems","","25","11","21","IEEE","7 Aug 2002","10-14 Dec. 2001","10-14 Dec. 2001","IEEE","IEEE Conferences"
"Are Cloud FPGAs Really Vulnerable to Power Analysis Attacks?","O. Glamočanin; L. Coulon; F. Regazzoni; M. Stojilović","École Polytechnique Fédérale de Lausanne (EPFL), Lausanne, Switzerland; École Polytechnique Fédérale de Lausanne (EPFL), Lausanne, Switzerland; ALaRI, Università della Svizzera italiana, Lugano, Switzerland; École Polytechnique Fédérale de Lausanne (EPFL), Lausanne, Switzerland","2020 Design, Automation & Test in Europe Conference & Exhibition (DATE)","15 Jun 2020","2020","","","1007","1010","Recent works have demonstrated the possibility of extracting secrets from a cryptographic core running on an FPGA by means of remote power analysis attacks. To mount these attacks, an adversary implements a voltage fluctuation sensor in the FPGA logic, records the power consumption of the target cryptographic core, and recovers the secret key by running a power analysis attack on the recorded traces. Despite showing that the power analysis could also be performed without physical access to the cryptographic core, these works were mostly carried out on dedicated FPGA boards in a controlled environment, leaving open the question about the possibility to successfully mount these attacks on a real system deployed in the cloud. In this paper, we demonstrate, for the first time, a successful key recovery attack on an AES cryptographic accelerator running on an Amazon EC2 F1 instance. We collect the power traces using a delay-line based voltage drop sensor, adapted to the Xilinx Virtex Ultrascale+ architecture used on Amazon EC2 F1, where CARRY8 blocks do not have a monotonic delay increase at their outputs. Our results demonstrate that security concerns raised by multitenant FPGAs are indeed valid and that countermeasures should be put in place to mitigate them.","1558-1101","978-3-9819263-4-7","10.23919/DATE48585.2020.9116481","","https://ieeexplore.ieee.org/stamp/stamp.jsp?arnumber=9116481","FPGA Security;Multitenancy;Power Analysis Attacks","Field programmable gate arrays;Clocks;Delays;Voltage measurement;Delay lines;Cloud computing;Cryptography","","68","","13","","15 Jun 2020","9-13 March 2020","9-13 March 2020","IEEE","IEEE Conferences"
"SIKE on GPU: Accelerating Supersingular Isogeny-Based Key Encapsulation Mechanism on Graphic Processing Units","S. C. Seo","Department of Financial Information Security, Kookmin University, Seoul, South Korea",IEEE Access,"27 Aug 2021","2021","9","","116731","116744","Since the introduction of the Supersingular isogeny Diffie–Hellman (SIDH) key exchange protocol by Jao and de Feo in 2011, it and its variation (SIKE) have gained significant attention as a promising candidate for post-quantum cryptography (PQC). Until now, even though several implementations of the state-of-the-art SIKE mechanism were presented on CPUs and embedded MCUs, there was no consideration of implementing SIKE on parallel graphic processing units (GPUs). With the advent of the IoT era, a number of IT devices will communicate with application servers. Thus, developing efficient instance of SIKE on server sides is also important. GPUs have been considered as a promising candidate for a cryptographic accelerator. In this paper, we present an efficient implementation of Supersingular Isogeny Key Encapsulation (SIKE) mechanism on GPUs. Even though SIKE has fascinating advantages of much smaller key and ciphertext sizes compared with other NIST PQC candidates, its computational overhead is extremely high. Until now, a large amount of research has been conducted for enhancing the performance of SIKE with respect to software on typical CPU and embedded MCUs and hardware optimization on ASIC and FPGA. However, generic software optimization utilizing GPUs has not been considered yet. We target the GPU implementation of SIKEp503 security parameters which provides the security level 2 (At least as difficult to break as SHA256). For efficiency, we optimize the underlying field arithmetic, especially field multiplication and reduction over  $p503=2^{250}3^{159}-1$  and take full advantage of the properties of GPU architecture including memory hierarchy. The proposed GPU software based on RTX2080Ti provides around 36376.61 KeyGens/s, 25603.72 Encaps/s, and 22211.61 Decaps/s. These are about 140.64, 157.66, and 146.81 times of improvements to the SIKE CPU Software on Intel i9-10900K CPU, respectively. As far as we know, this is the first efficient implementation of SIKE software on GPU side.","2169-3536","","10.1109/ACCESS.2021.3106551","Institute of Information communications Technology Planning Evaluation (IITP) grant funded by the Korea government(MSIT) (No.A2021-0270, 6G autonomous security internalization-based technology research to ensure security quality at all times, 50%); National Research Foundation of Korea (NRF) grant funded by the Korea government(MSIT) (No.2019R1F1A1058494, 50%); ","https://ieeexplore.ieee.org/stamp/stamp.jsp?arnumber=9519633","Graphic processing units (GPU);supersingular isogeny;SIKE;efficient implementation;post quantum cryptography;parallel processing;cloud computing","Software;Graphics processing units;Security;NIST;Optimization;Cryptography;Central Processing Unit","","9","","22","CCBY","20 Aug 2021","2021","","IEEE","IEEE Journals"
"Low power application specific processor for ISM band transceiver","T. Conway; R. Conway; K. Mulvaney; S. O. Mahony; C. Billon; M. K. Khan; H. Shanan; P. Quinlan","ECE Department, University of Limerick, Limerick, Ireland; ECE Department, University of Limerick, Limerick, Ireland; Cork Airport Business Park, Analog Devices, Inc., Cork, Ireland; Cork Airport Business Park, Analog Devices, Inc., Cork, Ireland; Cork Airport Business Park, Analog Devices, Inc., Cork, Ireland; Cork Airport Business Park, Analog Devices, Inc., Cork, Ireland; Cork Airport Business Park, Analog Devices, Inc., Cork, Ireland; Cork Airport Business Park, Analog Devices, Inc., Cork, Ireland",IET Irish Signals and Systems Conference (ISSC 2010),"18 Nov 2010","2010","","","272","277","A low power integrated transceiver incorporating a full Industrial Scientific Medical (ISM) band low IF transmitter and receiver with an application specific RISC processor design is described. The RISC processor contains hardware acceleration blocks, including parallel-to-serial, timers, 8B10B endec and an AES cryptographic accelerator. Application specific microcode allows the device to be tailored for different applications through a single custom mask. The design is fabricated on 0.18um CMOS. Measurements and results from prototype silicon are presented.","","978-1-84919-252-1","10.1049/cp.2010.0525","","https://ieeexplore.ieee.org/stamp/stamp.jsp?arnumber=5638407","ISM Band Transceiver;Application Specific Processor;RF ASIC","","","","","","","18 Nov 2010","23-24 June 2010","23-24 June 2010","IET","IET Conferences"
"High-Performance Symmetric Block Ciphers on CUDA","N. Nishikawa; K. Iwai; T. Kurokawa","Department of Computer Science, National Defense Academy of Japan, Kanagawa, Japan; Department of Computer Science, National Defense Academy of Japan, Kanagawa, Japan; Department of Computer Science, National Defense Academy of Japan, Kanagawa, Japan",2011 Second International Conference on Networking and Computing,"16 Jan 2012","2011","","","221","227","From almost all research fields, GPU has been noticed as hardware with high cost-performance. Consequently, implementation of cryptographic modules on GPU is also becoming popular. It has become increasingly clear that GPGPU implemented encryption speed is beyond that of FPGA implementation, for which speeding up depends heavily on programmers'tuning techniques. To date, we have also evaluated its effectiveness aimed at AES. In this paper, we targeted AES, Camellia, CIPHER UNICORN-A, and Hierocrypt-3 from an e-Government Recommended Ciphers List by Cryptography Research and Evaluation Committees (CRYPTREC) in Japan as encryption implementation on CUDA, based on two previously reported insights. According to the evaluation result, the throughput of implementation of Camellia on Tesla C2050 achieved 50.6 Gbps. In contrast, throughput without data transfer and with overlapping encryption on GPU and the data copy was 27.5 Gbps. Moreover, using Tesla C2050, small 4 MB file size achieved near maximum throughput, which indicates that Fermi architecture is more suitable for practical use as a cryptographic accelerator than conventional GT200 architecture is. Furthermore, the tendencies of the performance increase for each GPU showed similar results, irrespective of the type of cipher algorithm used. The fact might allow performance prediction modeling to become straightforward.","","978-1-4577-1796-3","10.1109/ICNC.2011.40","","https://ieeexplore.ieee.org/stamp/stamp.jsp?arnumber=6131810","GPGPU;Symmetric Block Cipher;Acceleration","Graphics processing unit;Instruction sets;Encryption;Throughput;Computer architecture;Registers","","21","","16","IEEE","16 Jan 2012","30 Nov.-2 Dec. 2011","30 Nov.-2 Dec. 2011","IEEE","IEEE Conferences"
"ESC-NTT: An Elastic, Seamless and Compact Architecture for Multi-Parameter NTT Acceleration","Z. Guan; Y. Zhu; Y. Huang; L. Lei; X. Wang; H. Jia; Y. Chen; B. Zhang; J. Dong; S. Bian","School of Cyber Science and Technology, Beihang University, Beijing, China; School of Cyber Science and Technology, Beihang University, Beijing, China; School of Integrated Circuit Science and Engineering, Beihang University, Beijing, China; Department of Electronic Engineering, Tsinghua University, Beijing, China; School of Integrated Circuit Science and Engineering, Beihang University, Beijing, China; Department of Electronic Engineering, Tsinghua University, Beijing, China; The Beijing Academy of Blockchain and Edge Computing, Beijing, China; The Beijing Academy of Blockchain and Edge Computing, Beijing, China; The Beijing Academy of Blockchain and Edge Computing, Beijing, China; School of Cyber Science and Technology, Beihang University, Beijing, China","2024 Design, Automation & Test in Europe Conference & Exhibition (DATE)","10 Jun 2024","2024","","","1","6","Fully homomorphic encryption (FHE) and post-quantum cryptography (PQC) heavily rely on number theoretic transform (NTT) to accelerate polynomial multiplication, However, most existing NTT accelerators lack flexibility when the underlying modulus and polynomial lengths change. Current designs often store twiddle factors in on-chip storage, facing a noticeable drawback when frequent parameter changes occur, leading to a potential 50% decrease in computation speed due to the input bandwidth limitations. To address this challenge, we propose ESC-NTT, a fully-pipelined and flexible architecture for handling NTTs with varying parameters. ESC-NTT, a complete custom architecture, continuously performs $N$-point (inverse) NTT, negacyclic NTT (NCN), and inverse NCN (INCN) without introducing bubbles during modulus and NTT length switches. Additionally, we introduce a twiddle factor generator (TFG) module to replace on-chip factor storage and save 68.7% twiddle factors' bandwidth compared to inputting every factor. In the experiment, ESC-NTT is implemented on a Xilinx Alveo U280 FPGA and synthesized in a 28 nm CMOS technology. In the case of frequent modulus switching and same on-chip storage, the calculation speed of ESC-NTT is 1.05× to 241.39× that of existing FHE accelerators when performing 4096-point NTT.","1558-1101","978-3-9819263-8-5","10.23919/DATE58400.2024.10546833","National Key R&D Program of China(grant numbers:2023YFB3106200); National Natural Science Foundation of China(grant numbers:62002006,62172025,U21B2021,61932011,61932014,61972018,61972019,62202028,U2241213); ","https://ieeexplore.ieee.org/stamp/stamp.jsp?arnumber=10546833","Fully homomorphic encryption (FHE);number theoretic transform (NTT);cryptographic accelerator","Switches;Computer architecture;Bandwidth;Transforms;CMOS technology;Polynomials;Generators","","4","","28","","10 Jun 2024","25-27 March 2024","25-27 March 2024","IEEE","IEEE Conferences"
"An Efficient Elliptic Curve Cryptography Signature Server With GPU Acceleration","W. Pan; F. Zheng; Y. Zhao; W. -T. Zhu; J. Jing","Data Assurance and Communication Security Research Center, State Key Laboratory of Information Security, Institute of Information Engineering, Chinese Academy of Sciences, Beijing, China; Data Assurance and Communication Security Research Center, State Key Laboratory of Information Security, Institute of Information Engineering, Chinese Academy of Sciences, Beijing, China; Data Assurance and Communication Security Research Center, State Key Laboratory of Information Security, Institute of Information Engineering, Chinese Academy of Sciences, Beijing, China; Data Assurance and Communication Security Research Center, State Key Laboratory of Information Security, Institute of Information Engineering, Chinese Academy of Sciences, Beijing, China; Data Assurance and Communication Security Research Center, State Key Laboratory of Information Security, Institute of Information Engineering, Chinese Academy of Sciences, Beijing, China",IEEE Transactions on Information Forensics and Security,"19 May 2017","2017","12","1","111","122","Over the Internet, digital signature has been an indispensable approach to securing e-commerce and other online transactions requiring authentication. Concerning the computing costs of signature generation and verification, it has become a more and more common practice for security practitioners to outsource such computations from heavily loaded application servers called tenants to dedicated proxies like signature servers in the enterprise private cloud. In this paper, we present our high-performance signature server called Guess. It implements the elliptic curve digital signature algorithm (ECDSA) with 256-b key size on a Linux-powered commodity computer, harnessing a desktop graphics processing unit as a featured cryptographic accelerator. We demonstrate our experience in maximizing the computing power of Guess and also its capability to deliver such power to the tenants, which includes down-to-earth customization and optimization considering various hardware and software factors. Our comprehensive implementation of ECDSA is tested against intensive network traffic. Field experiments show that Guess achieves Ts = 8.71 × 106 operations per second (OPS) for signature generation or Tv = 9.29 × 105 OPS for verification, which is significantly faster than existent prototypes and products. Guess is a universal server that readily supports various categories of elliptic curve cryptographic schemes, such as digital signature, key agreement, and encryption.","1556-6021","","10.1109/TIFS.2016.2603974","National Natural Science Foundation of China(grant numbers:61272479); National 973 Program of China(grant numbers:2013CB338001); Strategic Priority Research Program of Chinese Academy of Sciences(grant numbers:XDA06010702); ","https://ieeexplore.ieee.org/stamp/stamp.jsp?arnumber=7555336","Security as a service;digital signature;elliptic curve cryptography (ECC);graphics processing unit (GPU);implementation of cryptography","Servers;Graphics processing units;Elliptic curve cryptography;Digital signatures;Central Processing Unit;Internet","","66","","38","IEEE","29 Aug 2016","Jan. 2017","","IEEE","IEEE Journals"
"EG-Four$\mathbb {Q}$: An Embedded GPU-Based Efficient ECC Cryptography Accelerator for Edge Computing","J. Dong; P. Zhang; K. Sun; F. Xiao; F. Zheng; J. Lin","School of Computer Science, Nanjing University of Posts and Telecommunications, Nanjing, China; School of Computer Science, Nanjing University of Posts and Telecommunications, Nanjing, China; School of Computer Science, Nanjing University of Posts and Telecommunications, Nanjing, China; School of Computer Science, Nanjing University of Posts and Telecommunications, Nanjing, China; State Key Laboratory of Information Security and Institute of Information Engineering, Chinese Academy of Sciences, Beijing, China; School of Cyber Security, University of Science and Technology of China, Hefei, China",IEEE Transactions on Industrial Informatics,"24 May 2023","2023","19","6","7291","7300","With the continuous development of Industry 4.0 technology, the embedded devices in Industrial Internet of Things (IIoT) are showing explosive growth, and large-scale cyber attacks or related security incidents continue to sound the alarm bell of information security. IIoT has strict requirements on computing performance and energy consumption, which poses severe challenges to cryptographic algorithms, especially public key cryptographic algorithms with high computational complexity. Embedded graphic processing unit (GPU) devices, always as edge computing nodes or AI accelerators, are widely deployed in IIoT applications. In this article, we propose an embedded GPU-based Four$\mathbb {Q}$ (EG-Four$\mathbb {Q}$) elliptic curve public key cryptographic acceleration scheme. As far as we know, EG-Four$\mathbb {Q}$ is the first work to completely implement Four$\mathbb {Q}$ on the GPU platforms, including finite field operations, point arithmetic, and scalar multiplication. Relying only on 36-W power consumption, our scalar multiplication performance reaches 1717 kops/s with the latency of 2.38 ms. In terms of the energy-efficiency ratio, EG-Four$\mathbb {Q}$ has significant advantages over other platforms such as advanced RISC machines (ARM) CPU, Intel CPU, field programmable gate array (FPGA), and desktop GPUs. The throughput of EG-Four$\mathbb {Q}$ is 1.75 times that of the fastest elliptic curve cryptography implementation based on the same platform and even exceeds the performance of Intel top server CPU E5-2699v3 (18-core). Based on the embedded GPU Xavier, EG-Four$\mathbb {Q}$ can act as a cryptographic edge computing module or even a cloud cryptographic accelerator, providing more efficient elliptic curve cryptographic services for IIoT.","1941-0050","","10.1109/TII.2022.3205355","Major Science and Technology Demonstration Project of Jiangsu Provincial Key Research and Development Program(grant numbers:BE2022798); National Natural Science Foundation of China(grant numbers:61902392); Natural Science Foundation of Jiangsu Province(grant numbers:BK20220388); Natural Science Research Project of Colleges and Universities in Jiangsu Province(grant numbers:22KJB520004); China Postdoctoral Science Foundation(grant numbers:2022M711689); ","https://ieeexplore.ieee.org/stamp/stamp.jsp?arnumber=9882374","Cryptographic engineering;edge computing;elliptic curve cryptography (ECC);embedded GPU;Industry 4.0","Graphics processing units;Cryptography;Arithmetic;Performance evaluation;Industrial Internet of Things;Elliptic curve cryptography;Edge computing","","7","","23","IEEE","9 Sep 2022","June 2023","","IEEE","IEEE Journals"
"From MOSFETs to Ambipolar Transistors: Standard Cell Synthesis for the Planar RFET Technology","M. Reuter; J. Pfau; T. A. Krauss; J. Becker; K. Hofmann","Integrated Electronics Systems Laboratory, TU Darmstadt, Darmstadt, Germany; Institute for Information Processing Technologies, Karlsruhe Institute of Technology, Karlsruhe, Germany; Institute for Semiconductor Technology, TU Darmstadt, Darmstadt, Germany; Institute for Information Processing Technologies, Karlsruhe Institute of Technology, Karlsruhe, Germany; Integrated Electronics Systems Laboratory, TU Darmstadt, Darmstadt, Germany",IEEE Transactions on Circuits and Systems I: Regular Papers,"8 Jan 2021","2021","68","1","114","125","Reconfigurable FETs (RFETs) are ambipolar transistors featuring the ability to conduct both electrons and holes, which is often achieved through the use of silicon nanowires or similar gate-all-around topologies. In this article, we present initial results for standard cell synthesis based on our planar RFET device, featuring top-down planar silicon based technology, lower fabrication complexity than nanowire approaches and a high operating temperature robustness. We first introduce the device physics by explaining the structure and the operating principle on device level. We also summarize recent device optimizations to increase drive current and achieve symmetry between N- and P-type conduction. Next to CMOS-style standard cells, we present a reduced transistor count XOR cell and analyze timing. Transient simulations are performed entirely in TCAD to accurately show device performance. Further we describe extraction of relevant parameters of these circuits for usage in synthesis tools and compare our standard cells to a similar 180nmSOI technology. Afterwards we perform timing analysis for a full adder and explore the boundaries of our device with a larger cryptographic accelerator core.","1558-0806","","10.1109/TCSI.2020.3035889","Deutsche Forschungsgemeinschaft within the Power-aware AmbipolaR Fpga ArchITecture (PARFAIT) Project(grant numbers:DFG 326384402); ","https://ieeexplore.ieee.org/stamp/stamp.jsp?arnumber=9272659","Ambipolar;RFET;CMOS;standard cell;synthesis","Logic gates;Performance evaluation;Standards;Timing;Electrodes;Schottky barriers;Nanowires","","17","","31","IEEE","26 Nov 2020","Jan. 2021","","IEEE","IEEE Journals"
"An Efficient Acceleration of Symmetric Key Cryptography Using General Purpose Graphics Processing Unit","F. Wu; C. -h. Chen; H. Narang","Computer Science Department, Tuskegee University, Tuskegee, AL, USA; Computer Science Department, Tuskegee University, Tuskegee, AL, USA; Computer Science Department, Tuskegee University, Tuskegee, AL, USA","2010 Fourth International Conference on Emerging Security Information, Systems and Technologies","11 Nov 2010","2010","","","228","233","Graphics Processing Units (GPU) have been the extensive research topic in recent years and have been successfully applied to general purpose applications other than computer graphical area. The nVidia CUDA programming model provides a straightforward means of describing inherently parallel computations. In this paper, we present a study of the efficiency of emerging technology in applying General Purpose Graphics Processing Units (GPGPU) in high performance symmetric key cryptographic solutions. We implemented symmetric key cryptography algorithm using the novel CUDA platform on nVidia Geforce 280 GTX and compared its performance with an optimized CPU implementation on a high-end AMD Opteron Dual Core CPU. Our experimental results show that GPGPU can perform as an efficient cryptographic accelerator and the developed GPU based implementation achieve a significant performance improvement over CPU based implementation and the maximum observed speedups are about 100 times.","2162-2116","978-1-4244-7517-9","10.1109/SECURWARE.2010.44","","https://ieeexplore.ieee.org/stamp/stamp.jsp?arnumber=5633744","Symmetric Key Cryptography;High Performance Computation;Purpose Graphics Processing Unit;CUDA","Graphics processing unit;Cryptography;Kernel;Instruction sets;Computer architecture;Central Processing Unit","","1","","12","IEEE","11 Nov 2010","18-25 July 2010","18-25 July 2010","IEEE","IEEE Conferences"
"Circuits for Secure Root-of-Trust: TRNG, PUF, Attack-Resistant Cryptographic Accelerators [Feature]","S. K. Mathew; R. Kumar; V. De","Intel Labs, Hillsboro, OR, USA; Intel Labs, Hillsboro, OR, USA; Intel Labs, Hillsboro, OR, USA",IEEE Circuits and Systems Magazine,"29 Dec 2025","2025","25","4","55","63","Silicon-embedded root-of-trust circuits such as True Random Number Generators (TRNG) and Physically Unclonable Functions (PUF) are foundational primitives that generate dynamic and static entropy essential for data security and privacy applications. At the same time, secure platforms are vulnerable to physical side-channel and fault-injection attacks that attempt to steal embedded secret keys/IDs. This article describes all-digital area-efficient implementations of TRNGs and PUFs that generate cryptographic quality random bitstreams with tolerance to process/voltage/temperature variations. These include: (a) Ring-oscillator-based TRNG implementations that employ multiple injected-edges and beat frequency detectors to harvest and convert thermal noise-induced jitter into random bitstreams with throughput and energy-efficiency of 23Mbps and 15Mbps/mW respectively; (b) SRAM PUF with data-remanence bit-masking technique to identify 100% stable bitcells; (c) Unified PUF-TRNG with a common-entropy source and self-calibrating Von Neumann extractor circuits generating PUF/TRNG random bit throughput of 0.56/1.48Gbps with 0.9996/0.99997 static/dynamic entropy respectively. A reconfigurable AES accelerator with minimum-traces-to-disclosure (MTD) $>1\text{B}$  traces in on-demand SCA-resistant mode, while also providing a  $2.2\times $  boost in encryption performance during a dual-core mode of operation is also described. Finally, a self-checking AES engine that uses arithmetic and parity checkers for real-time detection of laser and voltage-based attacks with up to 99.99% fault coverage is described.","1558-0830","","10.1109/MCAS.2025.3595508","","https://ieeexplore.ieee.org/stamp/stamp.jsp?arnumber=11317892","TRNG;PUF;entropy source;side-channel-attack resistant AES;fault-injection attack resistance;self-checking AES","","","","","32","IEEE","29 Dec 2025","Fourthquarter 2025","","IEEE","IEEE Magazines"
