"Document Title",Authors,"Author Affiliations","Publication Title",Date Added To Xplore,"Publication Year","Volume","Issue","Start Page","End Page","Abstract","ISSN",ISBNs,"DOI",Funding Information,PDF Link,"Author Keywords","IEEE Terms","Mesh_Terms",Article Citation Count,Patent Citation Count,"Reference Count","License",Online Date,Issue Date,"Meeting Date","Publisher",Document Identifier
"Integral Sampler and Polynomial Multiplication Architecture for Lattice-based Cryptography","A. Wang; W. Tan; K. K. Parhi; Y. Lao","Department of Electrical and Computer Engineering, Clemson University, Clemson, SC, USA; Department of Electrical and Computer Engineering, Clemson University, Clemson, SC, USA; Department of Electrical and Computer Engineering, University of Minnesota, Minneapolis, MN, USA; Department of Electrical and Computer Engineering, Clemson University, Clemson, SC, USA",2022 IEEE International Symposium on Defect and Fault Tolerance in VLSI and Nanotechnology Systems (DFT),"1 Dec 2022","2022","","","1","6","With the surge of the powerful quantum computer, lattice-based cryptography proliferated the latest cryptography hardware implementation due to its resistance against quantum computers. Among the computational blocks of lattice-based cryptography, the random errors produced by the sampler play a key role in ensuring the security of these schemes. This paper proposes an integral architecture for the sampler, which can reduce the overall resource consumption by reusing the multipliers and adders within the modular polynomial computation. For instance, our experimental results show that the proposed design can effectively reduce the discrete Ziggurat sampling method in DSP usage.","2765-933X","978-1-6654-5938-9","10.1109/DFT56152.2022.9962361","","https://ieeexplore.ieee.org/stamp/stamp.jsp?arnumber=9962361","Lattice-Based Cryptography;Post-Quantum Cryptography;Discrete Gaussian Sampling","Resistance;Quantum computing;Computer architecture;Very large scale integration;Sampling methods;Hardware;Cryptography","","2","","36","IEEE","1 Dec 2022","19-21 Oct. 2022","19-21 Oct. 2022","IEEE","IEEE Conferences"
"Multi-Sensor Data Fusion for Enhanced Detection of Laser Fault Injection Attacks in Cryptographic Hardware: Practical Results","M. Ebrahimabadi; R. Viera; S. Guilley; J. -L. Danger; J. -M. Dutertre; N. Karimi","University of Maryland Baltimore County, United States; Mines de Saint-Étienne, CEA, Leti, Centre CMP, Gardanne, France; Secure-IC S.A.S., France; Telecom Paris, Institut Polytechnique de Paris, France; Mines de Saint-Étienne, CEA, Leti, Centre CMP, Gardanne, France; University of Maryland Baltimore County, United States","2025 Design, Automation & Test in Europe Conference (DATE)","21 May 2025","2025","","","1","2","Though considered secure the cryptographic hardware can be compromised by fault injection attack, especially laser illumination due to its precision in targeting specific areas and its fine temporal control. To address this threat, this paper presents a low-cost detection scheme that utilizes Time-to-Digital Converters (TDCs) to sense the IR drops induced by laser illumination. To achieve a high detection rate while minimizing false alarms, the proposed approach incorporates multiple sensors, with as few as two sensors demonstrated in the study. The effectiveness of the scheme is validated using a real laser setup to illuminate a targeted AES module implemented on an AMD/Xilinx Artix-7 FPGA.","1558-1101","978-3-9826741-0-0","10.23919/DATE64628.2025.10992902","National Science Foundation(grant numbers:CNS-1943224); ","https://ieeexplore.ieee.org/stamp/stamp.jsp?arnumber=10992902","","Semiconductor lasers;Lighting;Europe;Data integration;Hardware;Sensors;Cryptography;Laser fusion;Field programmable gate arrays","","","","7","","21 May 2025","31 March-2 April 2025","31 March-2 April 2025","IEEE","IEEE Conferences"
"Multi-Probability Hash-based Random Number Generator for Post-Quantum Cryptography","A. Li.; J. Lu; D. Liu; A. Hu; X. Li; S. Yang; T. Huang","School of Integrated Circuits Huazhong University of Science and Technology, Wuhan, China; School of Integrated Circuits Huazhong University of Science and Technology, Wuhan, China; School of Integrated Circuits Huazhong University of Science and Technology, Wuhan, China; School of Integrated Circuits Huazhong University of Science and Technology, Wuhan, China; School of Integrated Circuits Huazhong University of Science and Technology, Wuhan, China; School of Integrated Circuits Huazhong University of Science and Technology, Wuhan, China; School of Integrated Circuits Huazhong University of Science and Technology, Wuhan, China",2023 IEEE 66th International Midwest Symposium on Circuits and Systems (MWSCAS),"31 Jan 2024","2023","","","694","697","The security of a cryptographic system depends on the reliability and irreversibility of random numbers. Secure Hash Algorithm-3 (SHA-3) is widely utilized in cryptography due to its robust security, computational efficiency, and versatile hashing capabilities. SHA-3 and discrete sampling are vital components in post-quantum cryptography, providing essential defense against quantum computing attacks. This paper presents a multi-probability random number generator for lattice-based post-quantum cryptography. The design utilizes a cascaded Keccak core and single-stage registers to build a SHA-3 module. Random numbers with different probability distributions are generated through variable binomial sampling, rejection sampling, and Gaussian sampling. The proposed design consumes 11520 LUTs and 3252 FFs at the frequency of 300MHz on the Xilinx UltraScale+ FPGA, achieving a throughput rate of 14.4Gbps. The ASIC evaluation indicates a hardware overhead of 68.5 kGE (NAND2) under the 40nm process. Compared with similar designs, our design demonstrates 11% and 27% frequency and throughput improvements under the same hardware resources, respectively.","1558-3899","979-8-3503-0210-3","10.1109/MWSCAS57524.2023.10406008","National Key Research and Development Program of China(grant numbers:2021YFA0715502); National Natural Science Foundation of China(grant numbers:61874163,62104076,62134002); ","https://ieeexplore.ieee.org/stamp/stamp.jsp?arnumber=10406008","Keccak;discrete sampling;efficiency;high throughput;hardware implementation","Throughput;Generators;Probability distribution;Hardware;Table lookup;Cryptography;Field programmable gate arrays","","","","10","IEEE","31 Jan 2024","6-9 Aug. 2023","6-9 Aug. 2023","IEEE","IEEE Conferences"
"Lightweight and CCA2-Secure Hardware Implementation of Binary Ring-LWE","K. Shahbazi; S. -B. Ko","Department of Electrical and Computer Engineering, University of Saskatchewan, Saskatchewan, Canada; Department of Electrical and Computer Engineering, University of Saskatchewan, Saskatchewan, Canada",2022 IEEE International Symposium on Circuits and Systems (ISCAS),"11 Nov 2022","2022","","","1170","1174","Due to increasing the number of connected devices to IoT network, providing end-to-end security is essential. Lattice-based cryptography (LBC) is a promising method for IoT by providing the reasonable security against classic and quantum attacks. Binary Ring-LWE is a type of LBC that is suitable for IoT devices. However, a reliable cryptosystem should also be secure against different side-channel attacks, such as power analysis or fault injection ones. In this work, a fault resilient hardware implementation for an optimized hardware design of Ring Binary LWE for resource-constraint IoT devices is presented. The design was implemented on the FPGA platform. The maximum frequency and occupied slices on Virtex-7 are 210.5MHz and 423, respectively. Based on the result, the proposed design occupied only 1% of the total available slices.","2158-1525","978-1-6654-8485-5","10.1109/ISCAS48785.2022.9937306","","https://ieeexplore.ieee.org/stamp/stamp.jsp?arnumber=9937306","Binary Ring-LWE;Post-Quantum Cryptography;Fault resiliency;CCA2-Secure;Hardware implementation","Resistance;Circuits and systems;Side-channel attacks;Hardware;Internet of Things;Circuit faults;Reliability","","1","","23","IEEE","11 Nov 2022","27 May-1 June 2022","27 May-1 June 2022","IEEE","IEEE Conferences"
"Design and Implementation of a NTT Accelerator Based on RISC-V for PQC Kyber","N. Wang; L. Wu; L. Li; M. Chinbat; X. Zhang","School of Electronic Engineerings, Heilongjiang University, Harbin, China; School of Integrated Circuits, Tsinghua University, Beijing, China; School of Electronic Engineerings, Heilongjiang University, Harbin, China; School of Integrated Circuits, Tsinghua University, Beijing, China; School of Integrated Circuits, Tsinghua University, Beijing, China","2024 IEEE 18th International Conference on Anti-counterfeiting, Security, and Identification (ASID)","17 Jan 2025","2024","","","24","27","RISC-V, as a new generation open-source Reduced Instruction Set Computing (RISC) architecture, has the advantages of low power consumption, small footprint, and high performance. Especially, RISC-V processors realized based on FPGA can be applied in different fields such as embedded systems, Artificial Intelligence (AI) chips, security devices and high-performance computing. It is foreseeable that a breakthrough in quantum computers will jeopardize all communications. Therefore, processors must integrate secure quantum computer anti-encryption techniques. Currently, the security and reliability aspects of processor implementations are still greatly underexplored. To address this gap, we propose three contributions. First, we augment the open-source IP Hummingbird E203 with a hardware module for implementing the Number-Theoretic Transform (NTT) operations of the Post-Quantum Cryptography (kyber). Second, we employ the hardware/software co-design techniques to accelerate NTT operations. Third, analyze the results of implementation. Prototyping was performed on FPGA to evaluate our designed processor NTT extension instructions. The cycle count for NTT operations is reduced by 84.55% and the instruction count is reduced by 81.25%. Enhanced computational efficiency applicable to information security systems under potential quantum computing threats is shown. The scalability of Post-Quantum Cryptography (kyber) based on riscv is realized.","2163-5056","979-8-3315-0563-9","10.1109/ASID63618.2024.10839700","","https://ieeexplore.ieee.org/stamp/stamp.jsp?arnumber=10839700","Post Quantum Cryptograuphy(PQC);RISC-V;NTT;Hardware/Software Co-design","Computers;Program processors;Quantum computing;Reduced instruction set computing;Power demand;Scalability;Transforms;Cryptography;Reliability;Field programmable gate arrays","","3","","10","IEEE","17 Jan 2025","1-3 Nov. 2024","1-3 Nov. 2024","IEEE","IEEE Conferences"
"Reliable Code-Based Post-Quantum Cryptographic Algorithms through Fault Detection on FPGA","A. Cintas-Canto; M. Mozaffari-Kermani; R. Azarderakhsh","School of Technology and Innovation, Marymount University, Arlington, VA, USA; Department of Computer Science and Engineering, University of South Florida, Tampa, FL, USA; Department of Computer and Electrical Engineering and Computer Science, Florida Atlantic University, Boca Raton, FL, USA",2023 IEEE Nordic Circuits and Systems Conference (NorCAS),"6 Nov 2023","2023","","","1","5","Code-based cryptography is a promising post-quantum cryptographic solution against attacks enabled by classical and quantum computers. The Niederreiter cryptosystem is a well-known code-based cryptographic algorithm that has been traditionally scrutinized due to its key size and its computational requirements. However, with the advent of quantum computers, the Niederreiter cryptosystem is becoming more popular as it is thought that code-based cryptography is quantum resistant. Nevertheless, security does not mean reliability, and the finite field operational blocks used in some code-based algorithms are vulnerable to fault injection. This paper derives error detection mechanisms based on normal and interleaved parity for code-based cryptosystems. Moreover, such techniques are applied to the Key Generator of the Niederreiter cryptosystem and implemented on Xilinx field-programmable gate array (FPGA) family Kintex UltraScale+ (device xcku5p-ffvd900-1-i). This is done to assess the overheads and the decrease in performance when the derived fault detection techniques are included to the original designs.","","979-8-3503-3757-0","10.1109/NorCAS58970.2023.10305475","National Science Foundation; ","https://ieeexplore.ieee.org/stamp/stamp.jsp?arnumber=10305475","Fault detection;field-programmable gate array (FPGA);Niederreiter cryptosystem;post-quantum cryptography","Computers;Resistance;Performance evaluation;Quantum computing;Fault detection;Logic gates;Generators","","10","","16","IEEE","6 Nov 2023","31 Oct.-1 Nov. 2023","31 Oct.-1 Nov. 2023","IEEE","IEEE Conferences"
"Bitstream Fault Injection Attacks on CRYSTALS Kyber Implementations on FPGAs","Z. Ni; A. Khalid; W. Liu; M. O'Neill","Centre for Secure Information Technologies (CSIT), Queen's University Belfast, Belfast, UK; Centre for Secure Information Technologies (CSIT), Queen's University Belfast, Belfast, UK; College of Electronics and Information Engineering, Nanjing University of Aeronautics and Astronautics, Nanjing, China; Centre for Secure Information Technologies (CSIT), Queen's University Belfast, Belfast, UK","2024 Design, Automation & Test in Europe Conference & Exhibition (DATE)","10 Jun 2024","2024","","","1","6","CRYSTALS-Kyber is the only Public-key Encryption (PKE)/ Key-encapsulation Mechanism (KEM) scheme that was chosen for standardization by the National Institute of Standards and Technology initiated Post-quantum Cryptography competition (so called NIST PQC). In this paper, we show the first successfully malicious modifications of the bitstream of a Kyber FPGA implementation. We successfully demonstrate 4 different attacks on Kyber hardware implementations on Artix-7 FPGAs that either reduce the complexity of polynomial multiplication operations or enable direct secret key/ message recovery by: disabling BRAMs, disabling DSPs, zeroing NTT ROM and tampering with CBD2 results. Two of our attacks are generic in nature and the other two require reverse-engineering or a detailed knowledge of the design. We evaluate the feasibility of the four attacks, among which the zeroing NTT ROM and tampering with the CBD2 result attacks produce higher public key and ciphertext complexity and thus are difficult to be detected. Two countermeasures are proposed to prevent the attacks proposed in this paper.","1558-1101","978-3-9819263-8-5","10.23919/DATE58400.2024.10546550","National Natural Science Foundation of China(grant numbers:62022041); ","https://ieeexplore.ieee.org/stamp/stamp.jsp?arnumber=10546550","Post-quantum Cryptography (PQC);Lattice-based Cryptography (LBC);CRYSTALS-Kyber;FPGA security;bitstream fault injection","Protocols;Public key;Standardization;NIST;Polynomials;Hardware;Complexity theory","","4","","18","","10 Jun 2024","25-27 March 2024","25-27 March 2024","IEEE","IEEE Conferences"
"Post-Quantum Cryptography: Challenges and Opportunities for Robust and Secure HW Design","D. Bellizia; N. E. Mrabet; A. P. Fournaris; S. Pontié; F. Regazzoni; F. -X. Standaert; É. Tasso; E. Valea","Université Catholiaue de Louvain, Louvain-la-Neuvc, Belgium; Mines Saini-Étienne, CEA-Tech, Centre CMP, Gardanne, France; Industrial Systems Institute, Research Center ATHENA, Marousi, Greece; CEA-Leti, Univ. Grenoble Alpes, Grenoble, France; University of Amsterdam, Amsterdam, The Netherlands; Université Catholiaue de Louvain, Louvain-la-Neuvc, Belgium; CEA-Leti, Univ. Grenoble Alpes, Grenoble, France; Univ. Grenoble Alpes, CEA, List, Grenoble, France",2021 IEEE International Symposium on Defect and Fault Tolerance in VLSI and Nanotechnology Systems (DFT),"19 Oct 2021","2021","","","1","6","Post-Quantum Cryptography (PQC) will become soon the standard for many systems of the future. With the advent of quantum computers, all encrypted communications based on traditional asymmetric cryptography (e.g., RSA, ECC) will become insecure. The definition the PQC standards is an on going process proceeding at a fast pace, involving new and largely unexplored cryptographic primitives. For this reason, the design of hardware implementations of PQC algorithms is still under study. In this paper, we introduce the fundamentals of PQC, with a focus on lattice-based cryptography and its hardware security issues, namely side-channel and fault-based attacks. Then, we focus on isogeny-based cryptography and the SIKE algorithm. We highlight the importance of fault-tolerant design choices through the presentation of a fault attack, based on the electromagnetic injection of transient faults, targeting this cryptographic primitive. Finally, we show an interesting idea that starts from the observation that some PQC algorithms have an intrinsic probabilistic behavior. We argue that this characteristic is a clear opportunity that paves the way for the application of approximate (or inexact) computing to the implementation of PQC cryptography.","2765-933X","978-1-6654-1609-2","10.1109/DFT52944.2021.9568301","","https://ieeexplore.ieee.org/stamp/stamp.jsp?arnumber=9568301","","Fault tolerance;Quantum computing;Fault tolerant systems;Very large scale integration;Probabilistic logic;Hardware;Cryptography","","8","","48","IEEE","19 Oct 2021","6-8 Oct. 2021","6-8 Oct. 2021","IEEE","IEEE Conferences"
"Implementation of RSA Algorithm using FPGA and Analysis of Post Quantum Cryptography","K. R. Fernandes; S. Shreyas; S. Sinchana; D. Sathish; V. Kamath; Sanjana","Department of Electronics and Communication Engineering, St Joseph Engineering College Mangaluru, Karnataka, India; Department of Electronics and Communication Engineering, St Joseph Engineering College Mangaluru, Karnataka, India; Department of Electronics and Communication Engineering, St Joseph Engineering College Mangaluru, Karnataka, India; Department of Electronics and Communication Engineering, St Joseph Engineering College Mangaluru, Karnataka, India; Department of Electronics and Communication Engineering, St Joseph Engineering College Mangaluru, Karnataka, India; Department of Electronics and Communication Engineering, St Joseph Engineering College Mangaluru, Karnataka, India",2025 International Conference on Electrical Engineering and Informatics (ICEEI),"21 Jan 2026","2025","","","1","6","The importance of secure communication has never been higher than it is in today's digital age. Among the many reliable and widely used approaches to public-key encryption, RSA remains a top choice. In this paper, we investigate the use of the Artix-7 FPGA board to implement RSA encryption in hardware. FPGA implementation improves speed, performance, and efficiency. The approach makes use of Montgomery multiplication to expedite modular exponentiation, the central operation in RSA. The complete architecture is built using Verilog HDL and synthesized with the Xilinx Vivado. The results demonstrate that FPGA-based RSA encryption provides superior speed and reliability. For embedded systems and IoT applications, this provides a very effective option for secure communication. The proposed implementation highlights how hardware acceleration can help to meet the increasing need for cryptographic security","2155-6830","979-8-3315-9271-4","10.1109/ICEEI68459.2025.11331029","","https://ieeexplore.ieee.org/stamp/stamp.jsp?arnumber=11331029","RSA algorithm;hardware implementation;modular exponentiation;post quantum cryptography","Thermal engineering;Public key;Information age;Encryption;Reliability;Internet of Things;Hardware design languages;Quantum cryptography;Informatics;Field programmable gate arrays","","","","40","IEEE","21 Jan 2026","13-15 Nov. 2025","13-15 Nov. 2025","IEEE","IEEE Conferences"
"Implementation and Reliability Evaluation of a ChaCha20 Stream Cipher Hardware Accelerator","W. Grignani; K. G. Q. Santana; D. A. Santos; L. Dilillo; D. R. Melo","LEDS, University of Vale do Itajaí, Itajaí, Brazil; LEDS, University of Vale do Itajaí, Itajaí, Brazil; IES, CNRS, University of Montpellier, Montpellier, France; IES, CNRS, University of Montpellier, Montpellier, France; LEDS, University of Vale do Itajaí, Itajaí, Brazil",2024 IEEE International Symposium on Defect and Fault Tolerance in VLSI and Nanotechnology Systems (DFT),"20 Nov 2024","2024","","","1","4","Cryptography is fundamental to ensuring the security and privacy of space communications, enabling the reliable exchange of sensitive data between spacecraft, ground stations, and other components of space infrastructure. However, using encryption can be computationally costly, resulting in lower throughput or higher latencies. One strategy to mitigate the costs imposed by cryptography is using accelerators. In addition, these systems that operate in space are susceptible to faults due to adverse conditions and require the implementation of protection techniques to mitigate these faults and ensure correct operation. In this context, this paper presents a fault-tolerant and high-performance encryption accelerator for the ChaCha20 stream cipher. We present a low-cost optimized implementation and a fault-tolerant version using Hamming Error Correction Code (ECC) and Triple Modular Redundancy (TMR). Results show that the optimized and hardened versions accelerated the application by 23 × and 17 × compared to the software solution. The optimized solution can process 281.25 MB/s, presenting a higher throughput than state-of-the-art works that rely on FPGA implementation. The hardened solution can process 187.50 MB/s, leading to an overhead of 1.52× more Look-Up Tables (LUTs) and 1.03× more Flip-Flops (FFs) compared to the optimized solution of this work.","2765-933X","979-8-3503-6688-4","10.1109/DFT63277.2024.10753530","","https://ieeexplore.ieee.org/stamp/stamp.jsp?arnumber=10753530","Cryptography;RFC 8439;Hardware Acceleration;Fault Tolerance","Ciphers;Costs;Particle accelerators;Fault tolerant systems;Throughput;Reliability engineering;Elliptic curve cryptography;Encryption;Table lookup;Error correction codes","","1","","14","IEEE","20 Nov 2024","8-10 Oct. 2024","8-10 Oct. 2024","IEEE","IEEE Conferences"
"Influence of Fault-Tolerance Techniques on Power-Analysis Resistance of Cryptographic Design","J. Říha; V. Miškovský; H. Kubátová; M. Novotný","Faculty of Information Technology, Czech Technical University in Prague; Faculty of Information Technology, Czech Technical University in Prague; Faculty of Information Technology, Czech Technical University in Prague; Ceske Vysoke Uceni Technicke v Praze, Praha, CZ",2017 Euromicro Conference on Digital System Design (DSD),"28 Sep 2017","2017","","","260","267","As the security is becoming more and more important these days, we still should not forget about reliability. When designing a cryptographic device for some mission-critical or another reliability demanding system, we need to make the device not only attack-resistant, but also fault-tolerant. There are many common fault-tolerant digital design techniques, however, it is questionable, how these techniques affect the attack-resistance. Do they make the device more vulnerable e.g. to side-channel attacks?In our work we focused on finding the answer to this question. We experimentally evaluated the influence of information redundancy, space redundancy and time redundancy techniques on resistance against power analysis attack. In this paper we present our observations.","","978-1-5386-2146-2","10.1109/DSD.2017.76","","https://ieeexplore.ieee.org/stamp/stamp.jsp?arnumber=8049794","reliability;security;fault tolerance;attack resistance;DPA;FPGA;AES","Redundancy;Fault tolerant systems;Resistance;Circuit faults;Field programmable gate arrays;Cryptography","","4","","36","IEEE","28 Sep 2017","30 Aug.-1 Sept. 2017","30 Aug.-1 Sept. 2017","IEEE","IEEE Conferences"
"A solitary protection measure against scan chain, fault injection, and power analysis attacks on AES","T. Dhar; S. Bhunia; A. R. Trivedi","Dept. of Electrical & Computer Engineering, University of Illinois at Chicago, Chicago, IL, USA; Dept. of Electrical & Computer Engineering, University of Florida, Gainesville, FL, USA; Dept. of Electrical & Computer Engineering, University of Illinois at Chicago, Chicago, IL, USA",2017 IEEE 60th International Midwest Symposium on Circuits and Systems (MWSCAS),"2 Oct 2017","2017","","","575","578","With the increase in usage of low-power electronics in security critical area, demand for secure transmission of private and confidential information is on the rise. Implementation of dedicated hardware for cryptography is essential nowadays, even in the resource-constrained devices, to meet high-security concerns. However, hardware implementation of cryptographic algorithms may result in security vulnerabilities. Scan-chain-based attack (SBA), fault-injection attack (FIA), and power analysis attack (PAA) are three popular cryptanalysis techniques in exploiting vulnerabilities of crypto-chips. Employing multiple strategies for counteracting the attacks results in significant resource overheads in the cryptographic chips. In this paper, we present a novel and solitary approach to prevent either type of attacks on the hardware implementation of Advanced Encryption Standard (AES). Two additional layers, controlled by true random number generator, are introduced in the proposed technique to conceal sensitive data stored in memory bank. One layer permutes and masks intermediate state before storing in registers, and the other layer is used to reconstruct intermediate state at the start of the round operations of AES. With a two-third increase in resource overhead and negligible increase in timing overhead compared to the regular AES datapath, the proposed technique makes the system resilient against SBA, FIA as well as PAA.","1558-3899","978-1-5090-6389-5","10.1109/MWSCAS.2017.8052988","","https://ieeexplore.ieee.org/stamp/stamp.jsp?arnumber=8052988","Hardware Security;AES;Scan Chain-based Attack;Fault Injection Attack;Power Analysis Attack","Cryptography;Table lookup;Transistors;Registers;Timing;Correlation","","2","","13","IEEE","2 Oct 2017","6-9 Aug. 2017","6-9 Aug. 2017","IEEE","IEEE Conferences"
"CRC-Oriented Error Detection Architectures of Post-quantum Cryptography Niederreiter Key Generator on FPGA","A. Cintas-Canto; M. Mozaffari-Kermani; R. Azarderakhsh; K. Gaj","School of Technology and Innovation Marymount University, Arlington, VA, USA; Department of Computer Science and Engineering, University of South Florida, Tampa, FL, USA; Department of Computer and Electrical Engineering and Computer Science, Florida Atlantic University, Boca Raton, FL, USA; Department of Electrical and Computer Engineering, George Mason University, Fairfax, VA, USA",2022 IEEE Nordic Circuits and Systems Conference (NorCAS),"8 Nov 2022","2022","","","1","7","Providing error detection constructions for Internet of nano-Things in constrained applications is of prominent importance. The Niederreiter cryptosystem falls into the category of code-based public-key cryptography. It is a relatively well-established scheme, but its key size and performance overheads have traditionally hindered its efficiency to be utilized for traditional computers. However, with the arrival of quantum computers, the Niederreiter cryptosystem is believed to be secure against attacks enabled by such computers, even though it has been previously shown that it is still vulnerable to fault injection and natural hardware defects. In this paper, we present fault detection schemes for the different blocks in the key generation of the Niederreiter cryptosystem using binary Goppa codes. These blocks perform finite field operations such as addition, multiplication, squaring, and inversion. The schemes are derived for different parameter sizes in order to have more flexibility and be able to choose according to the overheads to be tolerated and the required level of security. Moreover, we implement our fault detection schemes on Xilinx field-programmable gate array (FPGA) family Kintex UltraScale+ (device xcku5p-ffvd900-1-i) to benchmark the overhead induced of the proposed approaches.","","979-8-3503-4550-6","10.1109/NorCAS57515.2022.9934378","US National Science Foundation(grant numbers:SaTC-1801488); ","https://ieeexplore.ieee.org/stamp/stamp.jsp?arnumber=9934378","Fault detection;field-programmable gate array (FPGA);Niederreiter cryptosystem;post-quantum cryptography","Computers;Quantum computing;Fault detection;Computer architecture;Benchmark testing;Public key cryptography;Generators","","18","","43","IEEE","8 Nov 2022","25-26 Oct. 2022","25-26 Oct. 2022","IEEE","IEEE Conferences"
"A Highly Reliable Arbiter PUF With Improved Uniqueness in FPGA Implementation Using Bit-Self-Test","Z. He; W. Chen; L. Zhang; G. Chi; Q. Gao; L. Harn","Hubei Key Laboratory for High-Efficiency Utilization of Solar Energy and Operation Control of Energy Storage System, Hubei University of Technology, Wuhan, China; Hubei Key Laboratory for High-Efficiency Utilization of Solar Energy and Operation Control of Energy Storage System, Hubei University of Technology, Wuhan, China; Hubei Key Laboratory for High-Efficiency Utilization of Solar Energy and Operation Control of Energy Storage System, Hubei University of Technology, Wuhan, China; School of Electronics Engineering and Automation, Guilin University of Electronics Technology, Guilin, China; Hubei Key Laboratory for High-Efficiency Utilization of Solar Energy and Operation Control of Energy Storage System, Hubei University of Technology, Wuhan, China; Department of Computer Science and Electrical Engineering, University of Missouri-Kansas City, Kansas City, MO, USA",IEEE Access,"12 Oct 2020","2020","8","","181751","181762","Physically unclonable functions (PUFs) promise to be a critical hardware primitive for billions of Internet of Things (IoT) devices. The arbiter PUF (A-PUF) is one of the most well-known PUF circuits. However, its FPGA implementation has a poor reliability, and error correction codes (ECCs) are usually needed to eliminate the noise in the responses, which incur additional high hardware overhead and require NVM for helper data storage. In this paper, we present a highly reliable arbiter PUF with improved uniqueness using the bit-self-test (BST) strategy. A delay detection circuit is added into a classical arbiter PUF to test the delay deviation that produces each bit of the PUF response in real-time and mark the response as reliable using a reliability flag when the delay deviation is significantly more than a predefined threshold. Then, the robust responses can be used. We implemented the BST-arbiter PUF on a Xilinx Artix 7 FPGA. The test results show that the selected responses achieve outstanding performance where the bit error rate is less than 10-9, the bias is 50.3%, and the uniqueness is 49.1%. Thus, the BST-APUF, which drastically reduced the ECC overhead, can be applied to lightweight cryptography applications.","2169-3536","","10.1109/ACCESS.2020.3028514","Hubei Provincial Natural Science Foundation of China(grant numbers:2020CFB814); ","https://ieeexplore.ieee.org/stamp/stamp.jsp?arnumber=9211464","Physically unclonable functions;bit-self-test;arbiter PUF;reliability enhancement;reliability flag","Delays;Integrated circuit reliability;Hardware;Cryptography;Field programmable gate arrays;Robustness","","65","","47","CCBY","2 Oct 2020","2020","","IEEE","IEEE Journals"
"FPGA Bitstream Fault Injection Attack and Countermeasures on the Sampling Counter in CRYSTALS Kyber","Z. Ni; A. Khalid; W. Liu; M. O’Neill","Centre for Secure Information Technologies (CSIT), Queen’s University Belfast, Belfast, UK; Centre for Secure Information Technologies (CSIT), Queen’s University Belfast, Belfast, UK; College of Electronics and Information Engineering, Nanjing University of Aeronautics and Astronautics, Nanjing, China; Centre for Secure Information Technologies (CSIT), Queen’s University Belfast, Belfast, UK",2024 IEEE International Symposium on Circuits and Systems (ISCAS),"2 Jul 2024","2024","","","1","5","The CRYSTALS Kyber algorithm is the public key encryption (PKE)/ key encapsulation mechanism (KEM) protocol undertaken for standardization by the US National Institute of Standards and Technology (NIST) the PQC competition and serves as the foundation for the Module-Lattice-Based (ML)-KEM scheme. The inherently strong security properties of the Kyber algorithm are considered to be resistant to attacks under quantum computers, but the security of its FPGA-based hardware implementation circuitry is still worth considering. In this work, we introduce the Nonce counter disabling attack, which targets the binomial distribution sampling process. We demonstrate that, in the modified primes of Kyber from Round 2, it is also effectively deduce the secret key s by equating it with the noise e. Our implementation of this attack on a Nexys 4 FPGA, with an additional DSP disabling filtering process to pinpoint the LUT. This attack is applicable to both the key generation and key encapsulation phases, and only need to modify 32-bit bitstream. Finally, We propose the Nonce counter check and the splitting of the Nonce computation cycles methods to to prevent this attack in hardware design-level.","2158-1525","979-8-3503-3099-1","10.1109/ISCAS58744.2024.10557946","Engineering and Physical Sciences Research Council; National Natural Science Foundation of China; Fundamental Research Funds for the Central Universities; ","https://ieeexplore.ieee.org/stamp/stamp.jsp?arnumber=10557946","Post-quantum cryptography;CRYSTALS-Kyber;bitstream fault attack;FPGA security","Encapsulation;Noise;Crystals;Standardization;NIST;Polynomials;Hardware","","1","","17","IEEE","2 Jul 2024","19-22 May 2024","19-22 May 2024","IEEE","IEEE Conferences"
"Efficient Error Detection Architectures for Postquantum Signature Falcon’s Sampler and KEM SABER","A. Sarker; M. Mozaffari Kermani; R. Azarderakhsh","Department of Computer Science and Engineering, University of South Florida, Tampa, FL, USA; Department of Computer Science and Engineering, University of South Florida, Tampa, FL, USA; Department of Computer and Electrical Engineering and Computer Science, Florida Atlantic University, Boca Raton, FL, USA",IEEE Transactions on Very Large Scale Integration (VLSI) Systems,"16 May 2022","2022","30","6","794","802","Among the National Institute for Standards and Technology (NIST) postquantum cryptography (PQC) standardization Round 3 finalists (announced in 2020 and anticipated to conclude in 2022–2024), SABER and Falcon are efficient key encapsulation mechanism (KEM) and compact signature scheme, respectively. SABER is a simple and flexible cryptographic scheme, highly suitable for thwarting potential attacks in the postquantum era. Implementing SABER can be performed solely in hardware (HW) or on HW/software coprocessors. On the other hand, the compact key size, efficient design, and strong reliability proof in the quantum random oracle model (QROM) make Falcon a highly suitable signature algorithm for PQC. Although Falcon is crucial as a PQC signature scheme, the utilization of the Gaussian sampler makes it vulnerable to malicious attacks, e.g., fault attacks. This is the first work to present error detection schemes embedded efficiently in SABER as well as Falcon’s sampler architectures, which can detect both transient and permanent faults. Moreover, we implement HW design for the ModFalcon signature algorithm as well as the Gaussian sampler. These schemes are implemented on a formerly Xilinx field-programmable gate array (FPGA) family, for both SABER and Falcon variants, where we assess the error coverage and the performance. The proposed schemes incur low overhead (the area, delay, and power overheads being 22.59%, 19.77%, and 10.67%, respectively, in the worst case) while providing a high fault detection rate (99.9975% in the worst case scenario), making them suitable for high efficiency and compact HW implementations of constrained applications.","1557-9999","","10.1109/TVLSI.2022.3156479","U.S. National Science Foundation (NSF)(grant numbers:SaTC-1801488); ","https://ieeexplore.ieee.org/stamp/stamp.jsp?arnumber=9736448","Field-programmable gate array (FPGA);key encapsulation mechanisms (KEM);learning with errors (LWEs);learning with rounding (LWR);postquantum cryptography (PQC);quantum random oracle model (QROM)","Computer architecture;Cryptography;Circuit faults;NIST;Lattices;Field programmable gate arrays;Encryption","","32","","25","IEEE","16 Mar 2022","June 2022","","IEEE","IEEE Journals"
"FPGA Implementation of Arbiter PUFs for ideal Cryptographic Key Generation","K. Anitha; K. Kumar Gopathoti; J. Rajeswari; S. Majji; T. Radhika Patnala; D. Sri Sai Satyanarayana","ECE Department, Prasad V Potluri Siddhartha Institute of Technology, Vijayawada, India; Department of ECE, Institute of Aeronautical Engineering, Hyderabad, India; Lecturer in ECE Government Polytechnic for women, Kakinada, India; Department of ECE, GRIET, Hyderabad, India; Developer Shanax Technologies, Hyderabad, India; Scholar Chalmers University of Technology, Goteborg, Sweden","2021 5th International Conference on Electronics, Communication and Aerospace Technology (ICECA)","20 Jan 2022","2021","","","754","757","It is critical in today's security-conscious environments and communications to create unique identities, and this can be done with software or hardware. Hardware can create a reliable and unique identity with less complexity than software because software requires more complex algorithms to keep the secret hidden from the adversaries. PUF is the name of one such basic circuit. Even when made using a nominally identical process, no two physical objects are exactly the same. When presented with a binary input, a PUF circuit responds with a binary, device-unique output. A PUF circuit is designed to be sensitive to manufacturing process variations. PUF as a hardware primitive is used as an authentication device in the real-world practical application scheme. The proposed IoT node-to-node mutual authentication algorithm does not require a server or a trusted third party. FPGA boards are used to implement the algorithm's main modules, such as the Nonce generation logic and the unclonable response generation logic. In spite of identity theft, PUF-based authentication schemes have the assurance that malicious parties cannot replace the intended PUF-based node.","","978-1-6654-3524-6","10.1109/ICECA52323.2021.9676119","","https://ieeexplore.ieee.org/stamp/stamp.jsp?arnumber=9676119","Arbiter PUF;FPGA;Ring Oscillator (RO)","Protocols;Software algorithms;Authentication;Software;Hardware;Software reliability;Cryptography","","3","","16","IEEE","20 Jan 2022","2-4 Dec. 2021","2-4 Dec. 2021","IEEE","IEEE Conferences"
"FPGA Governed Edge Device Confidentiality: Lightweight Cryptography with Enhanced Security","S. R; G. S; G. G; M. D; M. R; S. S. V S","School of Computing, SASTRA Deemed University, Thanjavur, India; School of EEE, SASTRA Deemed University, Thanjavur, India; School of EEE, SASTRA Deemed University, Thanjavur, India; School of Computing, SASTRA Deemed University, Thanjavur, India; School of Computing, SASTRA Deemed University, Thanjavur, India; School of Computing, SASTRA Deemed University, Thanjavur, India",2024 Control Instrumentation System Conference (CISCON),"2 Oct 2024","2024","","","1","6","This work addresses edge devices' urgent security challenges by introducing a highly efficient lightweight cryptosystem based on the conventional KATAN algorithm on a Field Programmable Gate Array (FPGA). Recognizing the need for improvements to overcome keyspace and differential cryptanalysis problems, Substitution boxes (S-box) and chaotic functions have been incorporated to strengthen both security and performance. AES substitution boxes enhance security through byte substitution, complementing the KATAN algorithm's use of input-dependent S-boxes for efficient encryption. Simultaneously, the chaotic logistic map adds unpredictability, crucial for generating randomness in cryptographic applications. These components collectively form a robust framework for secure data encryption, ensuring confidentiality in cryptographic systems. This tailored algorithm has undergone rigorous testing, with statistical and hardware analyses confirming its efficacy and reliability. Notably, using lookup tables for encryption and decryption consumes minimal logic elements, less than 5%, with power dissipation values for encryption and decryption at 421.99 mW and 419.60 mW, respectively. The proposed modified KATAN algorithm successfully passed NIST SP 800-22 tests with a significance level of 0.01, demonstrating a randomness level of 99.9% and robust cryptographic properties. These findings highlight our proposed algorithm's effectiveness and lightweight nature, making it an ideal solution for deployment in resourceconstrained edge devices.","","979-8-3503-7548-0","10.1109/CISCON62171.2024.10696143","","https://ieeexplore.ieee.org/stamp/stamp.jsp?arnumber=10696143","Edge devices;lightweight cryptosystem;KATAN;substitution boxes;chaotic functions;statistical analysis;FPGA and reliability","NIST;Hardware;Encryption;Registers;Reliability;Logic;Resource management;Field programmable gate arrays;Testing;Resilience","","1","","26","IEEE","2 Oct 2024","2-3 Aug. 2024","2-3 Aug. 2024","IEEE","IEEE Conferences"
"High Radix Design for Montgomery Multiplier in FPGA platform","A. Arunachalamani; V. R. Venkatasubramani; V. V. Thyagarajan; S. Rajaram","Dept of ECE, Thiagarajar college of Engineering, Madurai, India; Dept of ECE, Thiagarajar college of Engineering, Madurai, India; Dept of ECE, Thiagarajar college of Engineering, Madurai, India; Dept of ECE, Thiagarajar college of Engineering, Madurai, India","2023 International Conference on Recent Advances in Electrical, Electronics, Ubiquitous Communication, and Computational Intelligence (RAEEUCCI)","30 May 2023","2023","","","1","5","Cryptographic systems, such as RSA, ECC, and SHE, rely heavily on the design of modular multiplication. As these systems involve large integers, the bit-width of the modulus is a critical factor in determining performance. Therefore, creating efficient hardware implementation of the Montgomery Multiplier (MM) algorithm is a significant challenge. Specifically, the performance of a modulus with a variable bit-width N is a key consideration. The Montgomery Multiplication algorithm can improve iterative modular multiplications and squaring required for point multiplication. This algorithm puts back the time-consuming divisions with multiplications and shifts, resulting in faster computations. A fixed-precision Montgomery Modular Multiplier with radix 2m(FPR2tm) performs an iterative computation of intermediate results connected to $m$ bits of the multiplier. However, this method assumes that the bit-width $N$ of the modulus is fixed. While the intermediate results must be computed around one multiplier bit at a time, the Radix 2 design introduces a significant cycle delay. This delay can be reduced to 1/m when m > 1. Unfortunately, the resulting design is highly expensive in terms of the circuit's delay and area, which prevents the design of a high-radix Montgomery MM. When the radix is greater than 2, the cycle count decreases, but the multiplication becomes the clock period's bottleneck. To address these issues, a variety of low-latency, high-radix Montgomery Multiplication designs are shown in this paper. According to the experimental results, the design achieves a clock period of 41.75MHz and 140 Slice LUTs with low Area-Latency characteristics.","","979-8-3503-3742-6","10.1109/RAEEUCCI57140.2023.10134351","","https://ieeexplore.ieee.org/stamp/stamp.jsp?arnumber=10134351","Montgomery Multiplier;Radix;precision","Simulation;Reliability theory;Elliptic curve cryptography;Reliability engineering;Delays;Table lookup;Cryptography","","1","","12","IEEE","30 May 2023","19-21 April 2023","19-21 April 2023","IEEE","IEEE Conferences"
"Electromagnetic Fault Injection Attack Methodology against AES Hardware Implementation","A. Casado-Galán; F. E. Potestad-Ordóñez; A. J. Acosta; E. Tena-Sánchez",Instituto de Microelectrónica de Sevilla IMSE-CNM (CSIC / University of Seville); Instituto de Microelectrónica de Sevilla IMSE-CNM (CSIC / University of Seville); Instituto de Microelectrónica de Sevilla IMSE-CNM (CSIC / University of Seville); Instituto de Microelectrónica de Sevilla IMSE-CNM (CSIC / University of Seville),2024 39th Conference on Design of Circuits and Integrated Systems (DCIS),"3 Dec 2024","2024","","","1","6","Implementation attacks are a serious threat in the field of cryptography and the IoT. One particular type of implementation attack is Fault Injection Attacks (FIA). These attacks aim to modify the functionality of a certain cryptographic scheme by altering the value of certain bits or bytes inside the electronic circuit. Differential Fault Analysis (DFA) is a technique that exploits these introduced faults to retrieve sensible information about the cryptographic algorithm, like the secret key. There are several ways to perform an FIA, one of them is the electromagnetic FIA, which aims to insert faults in a circuit by generating an electromagnetic pulse (EMP) to induce Foucault currents inside the chip that affect the components inside. In this paper, a methodology to find the optimal locations to perform an electromagnetic FIA and test it in two circuits is presented: The first one is an implementation of a single S-Box of the Advanced Encryption Standard (AES) algorithm and the second one is a full implementation of the AES, both on an Artix-7 FPGA. Both examples show that inserting several types of faults that the DFA literature uses to break the cipher is possible.","2640-5563","979-8-3503-6439-2","10.1109/DCIS62603.2024.10769137","","https://ieeexplore.ieee.org/stamp/stamp.jsp?arnumber=10769137","Hardware security;electromagnetic fault injection attacks;hardware attacks;FPGA;AES","Ciphers;Hardware;Encryption;Circuit faults;Field programmable gate arrays;Standards;Electronic circuits","","","","13","IEEE","3 Dec 2024","13-15 Nov. 2024","13-15 Nov. 2024","IEEE","IEEE Conferences"
"Security and Reliability Evaluation of Countermeasures implemented using High-Level Synthesis","A. -A. Koufopoulou; K. Xevgeni; A. Papadimitriou; M. Psarakis; D. Hely","Dept. of Informatics, University of Piraeus, Piraeus, Greece; Dept. of Informatics, University of Piraeus, Piraeus, Greece; Dept. of Informatics, University of Piraeus, Piraeus, Greece; Dept. of Informatics, University of Piraeus, Piraeus, Greece; Univ. Grenoble Alpes, CEA, Leti, Grenoble, France",2022 IEEE 28th International Symposium on On-Line Testing and Robust System Design (IOLTS),"27 Sep 2022","2022","","","1","8","As the complexity of digital circuits increases, High-Level Synthesis (HLS) is becoming a valuable tool to increase productivity and design reuse by utilizing relevant Electronic Design Automation (EDA) flows, either for Application-Specific Integrated Circuits (ASIC) or for Field Programmable Gate Arrays (FPGA). Side Channel Analysis (SCA) and Fault Injection (FI) attacks are powerful hardware attacks, capable of greatly weakening the theoretical security levels of secure implementations. Furthermore, critical applications demand high levels of reliability including fault tolerance. The lack of security and reliability driven optimizations in HLS tools makes it necessary for the HLS-based designs to validate that the properties of the algorithm and the countermeasures have not been compromised due to the HLS flow. In this work, we provide results on the resilience evaluation of HLS-based FPGA implementations for the aforementioned threats. As a test case, we use multiple versions of an on-the-fly SBOX algorithm integrating different countermeasures (hiding and masking), written in C and implemented using Vivado HLS. We perform extensive evaluations for all the designs and their optimization scenarios. The results provide evidence of issues arising from HLS optimizations on the security and reliability of cryptographic implementations. Furthermore, the results put HLS algorithms to the test of designing secure accelerators and can lead to improving them towards the goal of increasing productivity in the domain of secure and reliable cryptographic implementations.","1942-9401","978-1-6654-7355-2","10.1109/IOLTS56730.2022.9897824","European Regional Development Fund; ","https://ieeexplore.ieee.org/stamp/stamp.jsp?arnumber=9897824","High-Level Synthesis (HLS);SBOX;FPGA;Side Channel Analysis;Reliability;Countermeasures","Productivity;Reliability theory;Reliability engineering;Hardware;Reliability;Cryptography;Integrated circuit reliability","","4","","44","IEEE","27 Sep 2022","12-14 Sept. 2022","12-14 Sept. 2022","IEEE","IEEE Conferences"
"Implementation of a Physically Unclonable Function on an FPGA","M. Baideldinov; M. Usserbaev; Z. Mukanova","Department of “Computer and Software Engineering”, L.N. Gumilyov Eurasian National University, Astana, Kazakhstan; Department “Technological machines and equipment”, S.Seifullin Kazakh Agro Technical University, Astana, Kazakhstan; Department of “Computer and Software Engineering”, Turan University, Almaty, Kazakhstan",2023 IEEE International Conference on Smart Information Systems and Technologies (SIST),"28 Aug 2023","2023","","","512","515","This paper shows the implementation of a physically unclonable function (PUF) of the arbiter type and its modifications, the generation of random numbers and unique identifiers, and a statistical analysis of the generated sequences of random numbers. Within the framework of this work, experiments were carried out on different SoC, SoM crystals and within the same crystal with different placement on it, experiments with PUF modeling based on machine learning were simulated. The results and conclusions provide recommendations for the optimal and safe use of PUF.","","979-8-3503-3504-0","10.1109/SIST58284.2023.10223521","","https://ieeexplore.ieee.org/stamp/stamp.jsp?arnumber=10223521","Arbiter PUF;FPGA;SoC;SoM;security;cryptography","Protocols;Statistical analysis;Crystals;Machine learning;Physical unclonable function;Software;Software reliability","","1","","19","IEEE","28 Aug 2023","4-6 May 2023","4-6 May 2023","IEEE","IEEE Conferences"
"Unified FPGA Design of Kyber and Dilithium with Provable Fault Tolerance","S. Chowdhury; N. Mishra; S. Bhattacharya; D. Mukhopadhyay","Department of Computer Science and Engineering, Indian Institute of Technology Kharagpur, West Bengal, India; Department of Computer Science and Engineering, Indian Institute of Technology Kharagpur, West Bengal, India; Department of Computer Science and Engineering, Indian Institute of Technology Kharagpur, West Bengal, India; Department of Computer Science and Engineering, Indian Institute of Technology Kharagpur, West Bengal, India","2025 IEEE 36th International Conference on Application-specific Systems, Architectures and Processors (ASAP)","20 Aug 2025","2025","","","158","165","Efficient and secure hardware implementations of post-quantum cryptographic schemes are critical for real-world adoption. In this work, we propose a unified FPGA-based architecture for Kyber and Dilithium that combines flexibility, lightweight design, and fault tolerance. The architecture adopts a microcoded, programmable datapath supporting both schemes with minimal area overhead, enabling seamless integration of modules such as SHAKE, sampling, and coefficient rounding. To enhance resilience against propagation-based fault attacks-which exploit effective/ineffective fault behavior in public-domain computations-we embed a probabilistic verification mechanism using rejection sampling. This countermeasure transforms deterministic operations into cryptographically constrained probabilistic processes that remain efficient under normal conditions while significantly degrading under adversarial faults. The result is a robust and compact design that not only supports both a lattice-based KEM and signature scheme, but also provides the first unified fault countermeasure architecture for Kyber and Dilithium, maintaining low retry counts and minimal performance degradation in fault-free environments.","2160-052X","979-8-3315-9552-4","10.1109/ASAP65064.2025.00033","","https://ieeexplore.ieee.org/stamp/stamp.jsp?arnumber=11113552","FPGA;Kyber;Dilithium;Fault-Tolerance","Fault tolerance;Fault tolerant systems;Systems architecture;Computer architecture;Transforms;Probabilistic logic;Hardware;Robustness;Cryptography;Field programmable gate arrays","","","","24","IEEE","20 Aug 2025","28-30 July 2025","28-30 July 2025","IEEE","IEEE Conferences"
"Efficient Error Detection Cryptographic Architectures Benchmarked on FPGAs for Montgomery Ladder","K. Ahmadi; S. Aghapour; M. Mozaffari Kermani; R. Azarderakhsh","Department of Computer Science and Engineering, University of South Florida, Tampa, FL, USA; Department of Computer Science and Engineering, University of South Florida, Tampa, FL, USA; Department of Computer Science and Engineering, University of South Florida, Tampa, FL, USA; Department of Computer and Electrical Engineering and Computer Science, Florida Atlantic University, Boca Raton, FL, USA",IEEE Transactions on Very Large Scale Integration (VLSI) Systems,"25 Oct 2024","2024","32","11","2154","2158","Elliptic curve scalar multiplication (ECSM) is a fundamental element of public key cryptography. The ECSM implementations on deeply embedded architectures and Internet-of-nano-Things have been vulnerable to both permanent and transient errors, as well as fault attacks. Consequently, error detection is crucial. In this work, we present a novel algorithm-level error detection scheme on Montgomery Ladder often used for a number of elliptic curves featuring highly efficient point arithmetic, known as Montgomery curves. Our error detection simulations achieve high error coverage on loop abort and scalar bit flipping fault model using binary tree data structure. Assuming n is the size of the private key, the overhead of our error detection scheme is  $O(n)$ . Finally, we conduct a benchmark of our proposed error detection scheme on both ARMv8 and field-programmable gate array (FPGA) platforms to illustrate the implementation and resource utilization. Deployed on Cortex-A72 processors, our proposed error detection scheme maintains a clock cycle overhead of less than 5.2%. In addition, integrating our error detection approach into FPGAs, including AMD/Xilinx Zynq Ultrascale+ and Artix Ultrascale+, results in a comparable throughput and less than 2% increase in area compared with the original hardware implementation. We note that we envision using adoptions of the proposed architectures in the postquantum cryptography (PQC) based on elliptic curves.","1557-9999","","10.1109/TVLSI.2024.3419700","U.S. National Science Foundation (NSF)(grant numbers:SaTC-1801488); ","https://ieeexplore.ieee.org/stamp/stamp.jsp?arnumber=10587011","ARM processor;fault detection;field-programmable gate array (FPGA);Montgomery Ladder;reliability","Binary trees;Field programmable gate arrays;Elliptic curves;Hardware;Cryptography;Clocks;Software","","11","","30","IEEE","5 Jul 2024","Nov. 2024","","IEEE","IEEE Journals"
"Towards Reliable and Secure Post-Quantum Co-Processors based on RISC-V","T. Fritzmann; U. Sharif; D. Müller-Gritschneder; C. Reinbrecht; U. Schlichtmann; J. Sepulveda","Technical University of Munich, Munich, Germany; Technical University of Munich, Munich, Germany; Technical University of Munich, Munich, Germany; Delft University of Technology, Delft, Netherlands; Technical University of Munich, Munich, Germany; Technical University of Munich, Munich, Germany","2019 Design, Automation & Test in Europe Conference & Exhibition (DATE)","16 May 2019","2019","","","1148","1153","Increasingly complex and powerful Systems-on-Chips (SoCs), connected through a 5G network, form the basis of the Internet-of-Things (IoT). These technologies will drive the digitalization in all domains, e.g. industry automation, automotive, avionics, and healthcare. A major requirement for all above domains is the long-term (10 to 30 years) secure communication between the SoCs and the cloud over public 5G networks. The foreseeable breakthrough of quantum computers represents a risk for all communication. In order to prepare for such an event, SoCs must integrate secure quantum-computer-resistant cryptography which is reliable and protected against SW and HW attacks. Empowering SoCs with such strong security poses a challenging problem due to limited resources, tight performance requirements and long-term life-cycles. While current works are focused on efficient implementations of post-quantum cryptography, implementation-security and reliability aspects for SoCs are still largely unexplored. To this end, we present three contributions. First, we present a RISC-V co-processor for post-quantum security, able to support lattice-based cryptography. Second, we use HW/SW co-design techniques to accelerate the NTT transformation and hash generation. Third, we perform the fault analysis of the implementation. We show that our coprocessor achieves high reliability and security capabilities while preserving good performance.","1558-1101","978-3-9819263-2-3","10.23919/DATE.2019.8715173","","https://ieeexplore.ieee.org/stamp/stamp.jsp?arnumber=8715173","Lattice-based cryptography;NewHope;RISC-V;HW/SW co-design","Cryptography;Hardware;Random access memory;Computer architecture;Reliability;Transforms","","34","","17","","16 May 2019","25-29 March 2019","25-29 March 2019","IEEE","IEEE Conferences"
"An Efficient VLSI Design Of Pipelined Advanced Encryption Standard For Cryptography","J. K; J. D. R; B. K","Department of Electronics and Communication Engineering, Rajalakshmi Institute of Technology; Department of Electronics and Communication Engineering, Rajalakshmi Institute of Technology; Department of Electronics and Communication Engineering, Rajalakshmi Institute of Technology","2025 2nd International Conference on Research Methodologies in Knowledge Management, Artificial Intelligence and Telecommunication Engineering (RMKMATE)","25 Jun 2025","2025","","","1","6","This article presents a VLSI design of a pipe-led 128-bit Advanced Encryption Standard (AES) adapted to image cryptography, focusing on the use of effective area in FPGA implementation. The design improves subbits and MixColumns transformation, which greatly contributes to the consumption of AES machine -machine resources. By evaluating the balance between clock cycles and efficiency in the area, a customized date is developed to increase performance by reducing resource use. A new 32-bit Datapath architecture has been introduced to facilitate parallel encryption of 128-bit data blocks with low hardware complexity. The implementation benefits from the shift register in shifts, MixColumns and larger expansion stages, significantly reduces consumption of the area, which ensures high throws. The proposed AES architecture is developed in Verilog HDL and tested using models 6.4C and Matlab, and achieves a throw of 692.65 MB/s with a street number of only 5.65K when it is synthesized using the Xilinx tool.","","979-8-3315-9848-8","10.1109/RMKMATE64874.2025.11042866","","https://ieeexplore.ieee.org/stamp/stamp.jsp?arnumber=11042866","AES;Image Cryptography;VLSI;FPGA;Lightweight Security;Internet of Things (IoT);Pipelined Architecture;Power Analysis Attack;Hardware Optimization","Very large scale integration;Shift registers;Hardware;Encryption;Internet of Things;Hardware design languages;MATLAB;Standards;Field programmable gate arrays;Optimization","","","","23","IEEE","25 Jun 2025","7-8 May 2025","7-8 May 2025","IEEE","IEEE Conferences"
"Hardware Implementations of Interleaved Modular Multiplications Over F256","I. A. Apon; M. R. Hasan; M. S. Haque","Department of Electrical and Electronic Engineering, Bangladesh Army University of Science and Technology (BAUST), Saidpur, Bangladesh; Department of Materials Science and Engineering, Khulna University of Engineering & Technology (KUET), Khulna, Bangladesh; Department of Materials Science and Engineering, Khulna University of Engineering & Technology (KUET), Khulna, Bangladesh",2024 3rd International Conference on Advancement in Electrical and Electronic Engineering (ICAEEE),"24 Jun 2024","2024","","","1","5","Very-large-scale integration (VLSI) of elliptic curve cryptography (ECC) is vital for efficiently securing the digital world. This research demonstrates a description of elliptic curve cryptography (ECC), with a focus on both hardware and software approaches. An effective technique is used to create a modified interleaved modular multiplication architecture that maximizes performance while minimizing hardware use. Almost 532 and 522 slice registers are available for Spartan-6 and others with 4 unique control sets each. ECC processors must carefully balance area, time, and frequency to achieve maximum efficiency, as these factors always involve limitations. In this study, a 256-bit encryption method is used with a modified algorithm for interleaved modular multiplication (IMM) in the prime field. This method requires more resources and time, but it still operates at a satisfactory speed. In addition, a new hardware circuit methodology is introduced and implemented utilizing the Xilinx ISE software on various FPGA platforms, such as Kintex-7, Virtex-5, Virtex-6, and Spartan-6. The proposed 256-bit modular multiplication design occupies only 1478, 1497, 1478 and 1483 look-up tables (LUTs) and attains noteworthy completion with 1.9 $\mu$s, 2.09 $\mu$s, 3.83 $\mu$s, and 2.11 $\mu$s on Kintex-7, Virtex-5, Spartan-6, and Virtex-6, respectively, at maximum frequencies of 134.7 MHz, 77.9 MHz, 67.097 MHz, and 121.527 MHz individually. Taking the National Institute of Standards suggested prime fields into consideration. Rigorous simulation and verification procedures are conducted employing Modelsim and Maple’s software to ensure the accuracy and reliability of the obtained results.","","979-8-3503-8828-2","10.1109/ICAEEE62219.2024.10561684","Khulna University; ","https://ieeexplore.ieee.org/stamp/stamp.jsp?arnumber=10561684","Elliptic Curve (EC);Elliptic Curve Cryptographic Processor (ECP);Elliptic Curve Cryptography (ECC);Interleaved Modular Multiplication (IMM);Hardware Architecture (HA);Field Programmable Gate Array (FPGA);The National Institute of Standards and Technology (NIST)","Program processors;Computer architecture;Very large scale integration;NIST;Elliptic curve cryptography;Throughput;Hardware","","","","20","IEEE","24 Jun 2024","25-27 April 2024","25-27 April 2024","IEEE","IEEE Conferences"
"Fault Attacks Resistant AES Hardware Implementation","H. Mestiri; N. Benhadjyoussef; M. Machhout","Higher Institute of Applied Science and Technology of Sousse, University of Sousse, Tunisia; Faculty of Sciences of Monastir, Electronics and Micro-Electronics Laboratory, University of Monastir, Tunisia; Faculty of Sciences of Monastir, Electronics and Micro-Electronics Laboratory, University of Monastir, Tunisia",2019 IEEE International Conference on Design & Test of Integrated Micro & Nano-Systems (DTS),"28 Nov 2019","2019","","","1","6","The protection of the symmetric cryptographic algorithm, specially the Advanced Encryption Standard (AES), against fault injection attacks is very inportant to guarantee the security of transmitted data. In this paper, we proposed a new fault detection scheme based information redundancy for the AES. We analysis the detection scheme robustness against the fault injection attacks. The simulation fault attacks results prove that the fault coverage reaches 71.43%. In addition, the original and the protected AES hardware implementation have been implemented on the Xilinx Virtex-5 FPGA. We confirm that the protected AES is very effective while keeping the frequency overhead very low.","","978-1-7281-1129-2","10.1109/DTSS.2019.8914979","","https://ieeexplore.ieee.org/stamp/stamp.jsp?arnumber=8914979","AES;Cryptography;fault attacks;fault detection;Embedded systems","Encryption;Registers;Fault detection;Multiplexing;Hardware;Robustness","","6","","12","IEEE","28 Nov 2019","28 April-1 May 2019","28 April-1 May 2019","IEEE","IEEE Conferences"
"Evaluation and Comparison of Physical Unclonable Functions suitable for FPGA Implementation","R. D. Sala; G. Scotti","Sapienza University of Rome, Via Eudossiana 18, Rome, IT; Sapienza University of Rome, Via Eudossiana 18, Rome, IT",2024 39th Conference on Design of Circuits and Integrated Systems (DCIS),"3 Dec 2024","2024","","","1","6","In this study, cutting-edge FPGA-based Physical Unclonable Functions (PUFs) are analyzed and compared. We present measurements results on some of the most popular FPGA-oriented weak PUF architectures taken from the literature, in order to compare them in terms of statistical performance, resources usage, and the different tradeoffs achieved. Six PUF primitives, namely the DD-PUF, the NAND-PUF, the XOR-PUF, the PICO-PUF, the TERO-PUF, and the SS-RO-PUF have been implemented on the same AMD-Xilinx Artix-7 FPGA device, and measurements on 16 FPGA boards are provided for the comparisons. An evaluation of performance variations under different supply voltage and temperature conditions is presented. The statistical performance of the different PUFs is assessed by using the National Institute of Standards and Technology (NIST) tests to quantify the achieved randomness. The comparison is based also on a Figure of Merit which accounts for the tradeoff between statistical performance and resources usage.","2640-5563","979-8-3503-6439-2","10.1109/DCIS62603.2024.10769166","","https://ieeexplore.ieee.org/stamp/stamp.jsp?arnumber=10769166","Physical Unclonable Functions;Hardware Security;FPGA;Fingerprint;Cryptography","Performance evaluation;Temperature measurement;Circuits;NIST;Physical unclonable function;Reliability engineering;Integrated circuit reliability;Field programmable gate arrays","","2","","38","IEEE","3 Dec 2024","13-15 Nov. 2024","13-15 Nov. 2024","IEEE","IEEE Conferences"
"Efficient Hardware Implementation of Forward Conversion WNS-RNS on FPGA","A. Nazarov; M. Babenko; E. Golimblevskaia","North-Caucasus Federal University, Stavropol, Russia; North-Caucasus Federal University, Stavropol, Russia; North-Caucasus Federal University, Stavropol, Russia",2020 International Conference Engineering and Telecommunication (En&T),"24 May 2021","2020","","","1","4","The Residue number system is a modern powerful tool for solving a number of specialized tasks: digital signal processing, cryptography, increasing reliability, accelerating computations, etc. The effectiveness of its use largely depends on the solution of the problem of reducing the delay and area costs for the forward conversion of numerical data from the weighted number system to the residue number system and reverse conversion. The paper proposes a method of forward conversion to the residue number system based on distributed data processing. It's hardware implementation on FPGA and comparison with the standard algorithm of the IEEE Numeric_std library are presented.","","978-1-7281-8829-4","10.1109/EnT50437.2020.9431304","RFBR(grant numbers:20-37-70023); President of the Russian Federation(grant numbers:SP-1685.2019.5); ","https://ieeexplore.ieee.org/stamp/stamp.jsp?arnumber=9431304","Residue number system;weighted number system;distributed data processing;forward conversion;Field-Programmable Gate Array","Signal processing algorithms;Tools;Libraries;Hardware;Delays;Reliability;Task analysis","","3","","10","IEEE","24 May 2021","25-26 Nov. 2020","25-26 Nov. 2020","IEEE","IEEE Conferences"
"Fredkin Gate-Based Feed-Forward Arbiter PUF Design on FPGA","C. P. G; A. P. Shah","Digital Systems Group, ISRO Telemetry Tracking and Command Network, Bengaluru, India; Department of Electrical Engineering, IC-ResQ Lab, Indian Institute of Technology Jammu, J&K, India",2024 International Conference on Microelectronics (ICM),"31 Dec 2024","2024","","","1","5","This paper describes the design, implementation and evaluation of Fredkin Gate (FRG) based Feed-forward Arbiter Physically Unclonable Function (PUF). The proposed design is implemented and tested using 28nm Artix-7 FPGA. The Fredkin gate-based switch blocks and arbiter are manually placed inside the FPGA, the challenges for the design are generated through XNOR based 64-bit LFSR, the response outputs generated were 48 bits and the CRPs were statistically analysed for determining the PUF metrics. The uniformity and uniqueness of the proposed design are 49.37% and 48.32% respectively. This proposed design is compared against conventional feed-forward Arbiter PUF. The comparison shows that there is an increase of 0.65% uniformity and 2.72% uniqueness in the proposed design. The Reliability, BER, and KER for the proposed design are 84.25%, 12.75%, and 0.99665 respectively. It is also described how the FRG based feedforward arbiter PUF is maintaining its reliability even with the variation in the operating temperature. The NIST tests were carried out using NIST SP 800–22 to evaluate the suitablisity of the proposed design for randonmess and it is shown that the proposed design shall function as a good source of random or pseudo-random generators and be suitable for cryptographic applications when compared with the conventional design.","2159-1679","979-8-3503-7939-6","10.1109/ICM63406.2024.10815789","","https://ieeexplore.ieee.org/stamp/stamp.jsp?arnumber=10815789","Hardware Security;Physical Unclonable Function (PUF);Arbiter PUF (APUF);Challenge Response Pairs (CRPs);Feed-Forward Arbiter PUFs;Entropy;Fredkin Gate (FRG);Field Programmable Gate Array (FPGA);Linear Feedback Shift Register (LFSR)","Measurement;Switches;Programmable logic arrays;Logic gates;NIST;Shift registers;Reliability engineering;Generators;Cryptography;Field programmable gate arrays","","3","","22","IEEE","31 Dec 2024","14-17 Dec. 2024","14-17 Dec. 2024","IEEE","IEEE Conferences"
"FPGA Implementation of Lorenz System Based RO-PUF","H. R. Kattamanchi; V. Mahesh; B. K. N. Srinivasarao; S. B. E","Dept. of ECE, NIT Warangal, Telangana, India; Dept. of ECE, NIT Warangal, Telangana, India; Dept. of ECE, NIT Warangal, Telangana, India; Dept. of ECE, NIT Warangal, Telangana, India",TENCON 2025 - 2025 IEEE Region 10 Conference (TENCON),"18 Feb 2026","2025","","","1385","1389","This paper presents the design and implementation of a Lorenz chaotic system-based Ring Oscillator Physically Unclonable Function (RO PUF) on Field Programmable Gate Arrays (FPGAs). PUFs have evolved as an important component of hardware security, providing unique IDs derived from inherent process variations during integrated circuit fabrication. The chaotic dynamics of the Lorenz system, which is recognised for its unpredictability and sensitivity to initial conditions, give a unique technique to creating random and secure challenges for PUF. The present research demonstrates the viability of incorporating chaotic systems into PUF designs to enhance security. The proposed system offers a reliable and adaptable way to generate secure and distinctive IDs that can be applied to a range of embedded systems, IoT, and cybersecurity applications. The results emphasise the potential of chaotic dynamics to considerably enhance the security features of hardware-based cryptographic primitives. By utilising the intrinsic variability of the Lorenz system, the proposed design optimises the security features of the PUF, guaranteeing a high degree of unpredictability and uniqueness. The experimental results indicate that the design is relatively low in hardware overhead, has a reliability of 97.79%, and a uniqueness of $\mathbf{4 8. 9 1 \%}$. Additionally, the design parameters can be adjusted to alter the output response by the design parameters.","2159-3450","979-8-3315-3772-2","10.1109/TENCON66050.2025.11375515","","https://ieeexplore.ieee.org/stamp/stamp.jsp?arnumber=11375515","Ring oscillator;PUF;Lorenz system;LFSR","Ring oscillators;Sensitivity;Logic gates;Reliability engineering;Physical unclonable function;Performance metrics;Light emitting diodes;Robustness;Cryptography;Field programmable gate arrays","","","","14","IEEE","18 Feb 2026","27-30 Oct. 2025","27-30 Oct. 2025","IEEE","IEEE Conferences"
"Mobile Forensic Imaging Prototype with Data Integrity","M. J. H. Kusuma; R. Khairunnisa; F. Amelia","Balai Deteksi Sinyal Badan Siber dan Sandi Negara, Batam, Indonesia; Cryptographic Hardware Engineering, Politeknik Siber dan Sandi Negara, Bogor, Indonesia; Cryptographic Hardware Engineering, Politeknik Siber dan Sandi Negara, Bogor, Indonesia","2023 IEEE International Conference on Cryptography, Informatics, and Cybersecurity (ICoCICs)","17 Oct 2023","2023","","","53","58","Although it is a useful tool in criminal investigations, digital evidence is easily altered. This might result in misinterpretation, deletions, or privacy violations. To protect digital evidence, it is important to ensure its integrity, authentication, and non-repudiation. This can be done using hash functions, digital signatures, and traceability functions. However, in Indonesia, the storage of digital evidence integrity data relies on handwriting, which is vulnerable to tampering. A prototype of mobile forensic imaging tools that can help protect the reliability of digital evidence is shown in this study. The prototype uses a more secure SHA-256 hash function, an ED25519 digital signature, and a traceability function. An RFID tag automatically stores and secures the digital evidence’s integrity data. The prototype also offers entity authentication to prevent hash value forgery. The Raspberry Pi single-board computer is the platform for the prototype. These procedures are carried out automatically by the system, which promotes accuracy and consistency.","","979-8-3503-3943-7","10.1109/ICoCICs58778.2023.10277112","","https://ieeexplore.ieee.org/stamp/stamp.jsp?arnumber=10277112","digital evidence;mobile forensic imaging;data integrity;Raspberry Pi","Hash functions;Prototypes;Authentication;Imaging;Non-repudiation;Time measurement;Reliability","","1","","13","IEEE","17 Oct 2023","22-24 Aug. 2023","22-24 Aug. 2023","IEEE","IEEE Conferences"
"RADSAFiE: A Netlist-Level Fault Injection User Interface Application for FPGA-Based Digital Systems","M. Monopoli; M. Biondi; P. Nannipieri; S. Moranti; L. Fanucci","Department of Information Engineering, University of Pisa, Pisa, Italy; Department of Information Engineering, University of Pisa, Pisa, Italy; Department of Information Engineering, University of Pisa, Pisa, Italy; European Space Research and Technology Centre (ESTEC), European Space Agency, Noordwijk, The Netherlands; Department of Information Engineering, University of Pisa, Pisa, Italy",IEEE Access,"18 Feb 2025","2025","13","","28809","28823","Field Programmable Gate Arrays are extensively utilized across numerous domains, including telecommunications, cryptography, Machine Learning, and safety-critical applications. In critical applications, FPGAs are often exposed to environmental challenges, such as Single Event Upsets, which can affect the reliability of the design. Therefore, assessing the robustness of FPGA-based systems becomes crucial to ensure their correct functionality under normal operation and mitigate potential risks. This can be done by developing a fault injection environment to simulate the effect of Single Event Effects over the specified Device Under Test. Firstly, this paper briefly reviews other related works, highlighting the differences between the various approaches. Then, our novel netlist-level fault injection tool called RADSAFiE is introduced. The tool is characterized by a Python-based User Interface that allows users to modify an input netlist by inserting fault injection logic primitives. The user can select between two interfaces: a Graphical User Interface or a Command Line Interface, both taking an HDL netlist as input. We discuss the supported fault types and highlight the compatibility with different FPGA vendors. We also conduct code profiling on the application and analyze, for specific operations, both execution time and memory usage. Specifically, we focus on a use case that features the Soft Graphic Processing Unit IP provided by IngeniArs S.r.l., namely GPU@SAT. We present performance results across netlists of different sizes and offer a concise overview of the simulation environment. Finally, in the last section of the paper, we hint at possible future development and conclude the work.","2169-3536","","10.1109/ACCESS.2025.3539932","Italian Ministry of University and Research (MUR) in the Framework of the Future-Oriented Research Laboratory (FoReLab) Project (Departments of Excellence); European Space Agency (ESA) in the Framework of the Open Space Innovation Platform (OSIP) co-funded Research(grant numbers:4000141235/23/NL/MGu); ","https://ieeexplore.ieee.org/stamp/stamp.jsp?arnumber=10877826","Fault injection;netlist;application;user interface;field programmable gate arrays;digital systems;soft errors;soft GPU;code profiling","Circuit faults;Binary sequences;Field programmable gate arrays;Register transfer level;VHDL;Logic gates;Hardware;Reliability;IP networks;Digital systems","","6","","63","CCBYNCND","7 Feb 2025","2025","","IEEE","IEEE Journals"
"Resource Analysis of Lightweight Cryptography Algorithms for Compact Devices","B. K. A; R. R; R. M. P. K; S. N; P. N; G. G","Department of ECE, Sri Eshwar College of Engineering, Coimbatore, Tamilnadu, India; Department of ECE, PSG Institute of Technology and Applied Research, Tamilnadu, India; Department of ECE, PSG Institute of Technology and Applied Research, Tamilnadu, India; Department of ECE, PSG Institute of Technology and Applied Research, Tamilnadu, India; Department of ECE, PSG Institute of Technology and Applied Research, Tamilnadu, India; Department of ECE, PSG Institute of Technology and Applied Research, Tamilnadu, India","2024 International Conference on Smart Systems for Electrical, Electronics, Communication and Computer Engineering (ICSSEECC)","3 Sep 2024","2024","","","579","584","The increasing number of sensitive electronic transactions highlights the need for fast and secure communication networks. Cryptographic algorithms offer a means to securely transmit information over communication channels. As data rates rise, software-based encryption becomes inadequate. Hardware implementation of cryptographic algorithms and their associated keys provides greater physical security, as they are not easily accessed or altered by external users. Enhancing the reliability of the algorithms, as well as their speed performance and implementation flexibility, are key areas of focus. This study proposes to compare the resource utilization of lightweight cryptography algorithms, specifically LED and ZORRO. The ZORRO algorithm uses 128-bit block and key sizes and operates through 24 rounds, with each round consisting of four transforms, the last two being identical operations. These rounds enhance security and operational efficiency. Additionally, the LED algorithm, known for its compactness and versatility in providing various security services, is also examined. It is widely used in applications such as RFID, smart cards, and sensor networks. This research aims to analyse the resource utilization of these algorithms using Xilinx FPGA.","","979-8-3503-7817-7","10.1109/ICSSEECC61126.2024.10649478","","https://ieeexplore.ieee.org/stamp/stamp.jsp?arnumber=10649478","Cryptography;LED;Zorro;FPGA","Smart cards;Computer network reliability;Transforms;Light emitting diodes;Hardware;Encryption;Resource management","","1","","23","IEEE","3 Sep 2024","28-29 June 2024","28-29 June 2024","IEEE","IEEE Conferences"
"PicoEMP: A Low-Cost EMFI Platform Compared to BBI and Voltage Fault Injection using TDC & External VCC Measurements","C. O'Flynn","Electrical & Computer Engineering Department, Dalhousie University, Halifax, Canada",2023 Workshop on Fault Detection and Tolerance in Cryptography (FDTC),"12 Apr 2024","2023","","","60","71","Electromagnetic Fault Injection (EMFI) has been demonstrated to be useful for both academic and industrial research. Due to the dangerous voltages involved, most work is done with commercial tools. This paper introduces a safety-focused low-cost and open-source design that can be built for less than $50 using only off-the-shelf parts. The paper also introduces an iCE40 based Time-to-Digital Converter (TDC), which is used to visualize the glitch inserted by the EMFI tool. This demonstrates the internal voltage perturbations between voltage, body biasing injection (BBI), and EMFI all result in similar waveforms. In addition, a link between an easy-to-measure external voltage measurement and the internal measurement is made. Attacks are also made on a hardware AES engine, and a soft-core RISC-V processor, all running on the same iCE40 FPGA. The platform is used to demonstrate several aspects of fault injection, including that the spatial positioning of the EMFI probe can impact the glitch strength, and that the same physical device may require widely different glitch parameters when running different designs.","2995-0252","979-8-3503-4252-9","10.1109/FDTC60478.2023.00015","","https://ieeexplore.ieee.org/stamp/stamp.jsp?arnumber=10495121","emfi;electromagnetic fault injection;TDC;fault injection;open source hardware","Visualization;Voltage measurement;Power measurement;Perturbation methods;Area measurement;Measurement techniques;Switches","","8","","49","IEEE","12 Apr 2024","10-10 Sept. 2023","10-10 Sept. 2023","IEEE","IEEE Conferences"
"FPGA-based SPHINCS+ Implementations: Mind the Glitch","D. Amiet; L. Leuenberger; A. Curiger; P. Zbinden","IMES Institute for Microelectronics and Embedded Systems, HSR Hochschule für Technik Rapperswil, Switzerland; IMES Institute for Microelectronics and Embedded Systems, HSR Hochschule für Technik Rapperswil, Switzerland; Securosys SA, Zürich, Switzerland; IMES Institute for Microelectronics and Embedded Systems, HSR Hochschule für Technik Rapperswil, Switzerland",2020 23rd Euromicro Conference on Digital System Design (DSD),"8 Oct 2020","2020","","","229","237","The digital signature scheme SPHINCS+ is a candidate in the NIST post-quantum project, whose aim is to standardize cryptographic systems that are secure against attacks originating from both quantum and classical computers. We present an efficient and, to our knowledge, first hardware implementation for SPHINCS+. Our systematic approach of a performance-optimized FPGA architecture results in a 100x speed-up compared to the reference software-only implementation. Our investigation on a real-world implementation revealed a weakness regarding fault injection. The attack breaks the scheme completely. Collecting enough private information to forge a signature is a matter of seconds on our setup. We discuss possible countermeasures. A “sign-then-verify” operation unfortunately does not detect a faulty signature, but a full replication of the hardware might make a detection possible.","","978-1-7281-9535-3","10.1109/DSD51259.2020.00046","","https://ieeexplore.ieee.org/stamp/stamp.jsp?arnumber=9217834","SPHINCS+;post-quantum cryptography;FPGA;fault attack","Public key;Hardware;Vegetation;Field programmable gate arrays;Authentication","","51","","35","IEEE","8 Oct 2020","26-28 Aug. 2020","26-28 Aug. 2020","IEEE","IEEE Conferences"
"CRIS-b: A High-Speed Unified Modulo Reduction Algorithm and Hardware Architecture for CRYSTALS-Kyber","A. Majumdar; R. Shrestha","School of Computing and Electrical Engineering, Indian Institute of Technology Mandi; School of Computing and Electrical Engineering, Indian Institute of Technology Mandi",2025 38th International Conference on VLSI Design and 2024 23rd International Conference on Embedded Systems (VLSID),"28 Feb 2025","2025","","","49","54","This paper presents highly reliable algorithm and high-speed hardware architecture for a unified modulo reduction for CRYSTALS-Kyber. This new architecture for modulo reduction is capable of operating at a maximum clock frequency of 351.62 MHz on Artix-7 FPGA platform, consuming a latency of 5 clock cycles, which is approximately 35.24% faster than state-of-the-art implementations. In this work, we have alleviated the size expansion problem of intermediate value of the conventional Barrett algorithm (which is one of the fastest and most reliable algorithm for modulo reduction, reported in literature) by suggesting a new technique, referred as “Conditional $R$-index Switching for $b$-value Minimization (CRIS-b)”. We propose a unified modulo reduction design handling both positive and negative spectrum numbers for all arithmetic modulo operations in a butterfly unit of Number Theoretic Transform(NTT).","2380-6923","979-8-3315-2244-5","10.1109/VLSID64188.2025.00022","","https://ieeexplore.ieee.org/stamp/stamp.jsp?arnumber=10900705","Modular reduction;Number Theoretic Transform;CRYSTALS-Kyber algorithm;Post Quantum Cryptography","Accuracy;Switches;Very large scale integration;Reliability theory;Approximation algorithms;Minimization;Hardware;Quantum cryptography;Clocks;Arithmetic","","","","20","IEEE","28 Feb 2025","4-8 Jan. 2025","4-8 Jan. 2025","IEEE","IEEE Conferences"
"Advanced FPGA Hybrid PUF: Boosting Distinctiveness and Security Resilience","S. James; Anshul; S. Bhunia; S. Gokulanathan","School of Electronics Engineering, Vellore Institute of Technology, Vellore, India; School of Electronics Engineering, Vellore Institute of Technology, Vellore, India; School of Electronics Engineering, Vellore Institute of Technology, Vellore, India; School of Electronics Engineering, Vellore Institute of Technology, Vellore, India",2025 International Conference on Communication and Smart Devices (ICCoSD),"26 Jan 2026","2025","1","","1","6","Hardware security primitives called physically unclonable functions (PUFs) utilize natural manufacturing variability to generate random and unique responses. They form the foundation for cryptographic key generation and secure authentication. Focusing on enhanced uniqueness and security, this paper demonstrates how to implement an Hybrid PUF on an FPGA. While maintaining low hardware overhead, the proposed method enhances the dependability and resilience of traditional PUFs. Our approach optimizes the architecture to reduce dependability issues Experimental results demonstrate improved uniqueness and longevity compared to standard implementations, making the design an excellent option for cryptographic use and secure authentication.","","979-8-3315-6971-6","10.1109/ICCoSD66074.2025.11348463","","https://ieeexplore.ieee.org/stamp/stamp.jsp?arnumber=11348463","Hardware security;physically unclonable functions (PUFs);cryptographic key generation;secure authentication;FPGA;XOR Arbiter PUF;RO PUF","Voltage fluctuations;Hardware security;Authentication;Physical unclonable function;Cryptography;Integrated circuit reliability;Field programmable gate arrays;Stress;Resilience;Testing","","","","21","IEEE","26 Jan 2026","25-26 July 2025","25-26 July 2025","IEEE","IEEE Conferences"
"FPGA-Based Cloud Security Solutions for 5G Networks","M. Papadopoulos; K. Lampropoulos; P. Kitsos","Electrical and Computer Engineering, University of the Peloponnese, Patras, Greece; Electrical and Computer Engineering, University of Patras, Patras, Greece; Electrical and Computer Engineering, University of Patras, Patras, Greece",2024 IEEE International Conference on Cyber Security and Resilience (CSR),"24 Sep 2024","2024","","","913","918","The primary goal of this work is to introduce possible hardware solutions regarding cryptographic key management and generation, which ensure uniqueness, high security standards, and of course applicability in multi-tenancy environments over 5G networks. It is also proposed to design an integrated system that combines elliptic curve key generation, client content encryption, and decryption process with FPGA devices, and a user interface that can be implemented with conventional web implementation methods. This paper will describe a cryptographic key generation system with FPGA that can work on Zynq or ultra-scale devices. Essentially this is a hardware IP block that performs the computation of the scalar multiplication $[\boldsymbol{k}]\boldsymbol{P}$ on any elliptic curve defined in a finite field of characteristic $\boldsymbol{p} > \mathbf{3}$. Intended as a hardware accelerator embedded in a silicon matrix to ensure highly reliable and yet efficient elliptic curve signature authentication and secure Diffie-Hellman key exchange.","","979-8-3503-7536-7","10.1109/CSR61664.2024.10679410","European Union's Digital Europe programme(grant numbers:101127979); ","https://ieeexplore.ieee.org/stamp/stamp.jsp?arnumber=10679410","FPGA;Cloud Encryption;elliptic curve;cryptography;Montgomery multiplication;True Random Number Generator;MultitenancySystem;5G networks","Performance evaluation;5G mobile communication;Elliptic curves;User interfaces;Silicon;Reliability;IP networks","","2","","19","IEEE","24 Sep 2024","2-4 Sept. 2024","2-4 Sept. 2024","IEEE","IEEE Conferences"
"LDTFI: Layout-aware Timing Fault-Injection Attack Assessment Against Differential Fault Analysis","A. M. Shuvo; N. Pundir; J. Park; F. Farahmandi; M. Tehranipoor",University of Florida; University of Florida; University of Florida; University of Florida; University of Florida,2022 IEEE Computer Society Annual Symposium on VLSI (ISVLSI),"18 Oct 2022","2022","","","134","139","Attackers can target a cryptographic hardware design with a low-cost setup and little effort to inject timing faults, which can be exploited to leak secret keys when paired with differential fault analysis (DFA). In the literature, proposed analysis methods and countermeasures against such attacks target higher design abstractions (e.g., RTL and gate level), and incur large area and latency overhead. Moreover, none of these proposed methodologies account for timing variations incurred by design during layout generation. In this paper, we propose an LDTFI framework to automatically analyze the viability of clock-glitch-based timing faults to perform DFA and then apply countermeasures at the layout level. LDTFI first assesses the feasibility of injecting controlled timing faults into crypto designs needed for successful DFA and then provides its vulnerability, After that, to render DFA ineffective, we ingeniously modify the design's layout to alter the path delays of security-critical registers. In contrast to system-wide countermeasures, we ad-minister countermeasures locally to security-critical paths. As a result, these countermeasures incur minimal area and no latency overhead to the design. The framework's efficacy is shown by accounting for the DFA attack on the pipelined implementation of an AES design,","2159-3477","978-1-6654-6605-9","10.1109/ISVLSI54635.2022.00036","","https://ieeexplore.ieee.org/stamp/stamp.jsp?arnumber=9912012","Timing violation;fault-injection attacks;physi-cal layout;vulnerability assessment;countermeasure","Layout;Very large scale integration;Logic gates;Hardware;Delays;Registers;Cryptography","","11","","25","IEEE","18 Oct 2022","4-6 July 2022","4-6 July 2022","IEEE","IEEE Conferences"
"Optimizing Waveform Accurate Fault Attacks Using Formal Methods","D. Upadhyaya; I. Polian","University of Stuttgart, Stuttgart, Germany; University of Stuttgart, Stuttgart, Germany",2024 IEEE International Symposium on Defect and Fault Tolerance in VLSI and Nanotechnology Systems (DFT),"20 Nov 2024","2024","","","1","6","State-of-the-art fault attacks demand either a large number of low-precision fault injections (statistical attacks) or very few injections using sophisticated equipment (algebraic attacks) to break modern cryptosystems. For example, a popular attack breaks AES-128 with one injection, but the fault effects must be restricted to one 4-bit nibble of its state. This paper combines the advantages of the two by optimizing the probability of achieving the desired failing state bit patterns, and thus the attack's success rate, during conventional, low-cost clock manipulation. The problem bears similarities with small-delay fault test generation, and we extend formal (Boolean satisfiability, or SAT) models that were initially developed for waveform-accurate SDF ATPG procedures. A fundamental distinction of our analysis is the presence of fixed-yet-unknown secret bits, which influence the failing state bit patterns. For this reason, we use a model-counting (#SAT) approach to estimate the success probability as an average across secret bit combinations.","2765-933X","979-8-3503-6688-4","10.1109/DFT63277.2024.10753549","","https://ieeexplore.ieee.org/stamp/stamp.jsp?arnumber=10753549","cryptographic circuits;SBox;AES;delay faults;clock manipulation;fault injection;ATPG;Boolean satisfiability;model counting","Fault tolerance;Fault tolerant systems;Discrete Fourier transforms;Very large scale integration;Probability;Circuit faults;Test pattern generators;Cryptography;Integrated circuit modeling;Nanotechnology","","","","21","IEEE","20 Nov 2024","8-10 Oct. 2024","8-10 Oct. 2024","IEEE","IEEE Conferences"
"Comparative Study of Authenticated Encryption Targeting Lightweight IoT Applications","S. Koteshwara; A. Das","University of Minnesota, Twin Cities, MN, USA; Intel Corporation",IEEE Design & Test,"30 Jun 2017","2017","34","4","26","33","This article focuses on detecting attacks to power system with the help of cyber-physical co-modeling. The foundational algorithm used to detect attacks is a new dynamic state estimator that can provide real-tie models of the system improving over legacy state estimators and three-phase linear state estimators. This new system can help operators of the power grid detect when device settings have been tampered, and help identified the context of a command (i.e., under which conditions of the system are specific commands allowed). -Alvaro Cardenas, University of Texas at Dallas.","2168-2364","","10.1109/MDAT.2017.2682234","","https://ieeexplore.ieee.org/stamp/stamp.jsp?arnumber=7878595","Authenticated Encryption;CAESAR;IoT;Symmetric key cryptography","Encryption;Cryptography;Cyber-physical systems;Algorithm design and analysis;Computer security;Authentication;Power system reliability","","23","","30","IEEE","14 Mar 2017","Aug. 2017","","IEEE","IEEE Magazines"
"Local Clock Glitching Fault Injection with Application to the ASCON Cipher","G. Surya; P. Maistri; S. Sankaran","Center for Cyber Security Systems and Networks, Amrita Vishwa Vidyapeetham, Amritapuri, India; Grenoble University, France; Center for Cyber Security Systems and Networks, Amrita Vishwa Vidyapeetham, Amritapuri, India",2020 IEEE International Symposium on Smart Electronic Systems (iSES) (Formerly iNiS),"12 May 2021","2020","","","271","276","Lightweight ciphers such as ASCON facilitate ease of implementation as well as provide better performance over conventional ciphers, thus making it suitable for resource-constrained devices. However, hardware implementations of these ciphers are vulnerable to a multitude of physical attacks (such as fault injections) requiring dedicated countermeasures thus causing a negative impact on security, performance and power consumption. Modeling and understanding the impact of these attacks on cipher operations and end users is mandatory. Further, detection and mitigation of such fault injection attacks is challenging due to the interconnected nature of cipher design, coupled with the varying number of possible design choices and with the forced trade-offs that need to be done in order to implement expensive countermeasures at the lowest possible cost. In this work, we aim to model a fault injection attack on ASCON and analyze its impact on FPGA. In particular, we implement the ASCON cipher and propose a methodology for fault injection attacks using synchronous clock glitching by Digital Clock Manager (DCM) introducing a novel approach of locality, which can be exploited to emulate general delay faults on focused parts of the design, such those induced by pulsed EM injections.","","978-1-6654-0478-5","10.1109/iSES50453.2020.00067","","https://ieeexplore.ieee.org/stamp/stamp.jsp?arnumber=9426171","Lightweight cryptography;ASCON;fault injection attack;clock glitching","Performance evaluation;Ciphers;Analytical models;Power demand;Throughput;Hardware;Delays","","8","","25","IEEE","12 May 2021","14-16 Dec. 2020","14-16 Dec. 2020","IEEE","IEEE Conferences"
"Light Weight Cryptography for Cloud-Based E-Health Records","S. Mittal; C. Monga; K. Upreti; N. Kumar; R. D. Raut; M. S. Alam","Chitkara University Institute of Engineering and Technology, Chitkara University, Punjab, India; Chitkara University Institute of Engineering and Technology, Chitkara University, Punjab, India; Department of Computer Science & Engineering, Dr. Akhilesh Das Gupta Institute of Technology & Management; Amity School of Business, Amity University, Noida, Uttar Pradesh, India; Department of Applied Electronics, Sant Gadge Baba Amravati University, Maharashtra, India; Razak Faculty of Technology and Informatics, Universiti Teknologi Malaysia, Kuala Lumpur, Malaysia",2022 7th International Conference on Communication and Electronics Systems (ICCES),"29 Jul 2022","2022","","","690","696","Cloud computing is currently a popular research topic among academics. It is an internet-based resource pool with a wide range of resources. The cloud environment is extremely dependable in terms of making resources available to internet users when they are needed. Reliable computing services can be provided without the need for any additional infrastructure, making it a cost-effective alternative. The majority of the businesses relied on cloud computing to host their apps. The health-care unit service is the most important service for the population. It is critical to keep sensitive information about a patient's medical history in a secure location. As a result, the most secure encryption and decryption should be used. The maintenance of Electronic Health Records is one of the advanced technologies in cloud computing. There is very little research and development in the areas of personal health records and electronic health records. The ultimate goal of this work is to offer a system for exchanging personal health information in a safe cloud setting. The medical information about a patient is likewise kept in this EHR by cloud environment in a dispersed manner. The saved information of user can be collected, shared, exchanged, and organised by other users. In addition, this research study demonstrates an effective way for securing an e-health cloud system in a cloud computing environment utilising identity-based cryptographic technique.","","978-1-6654-9634-6","10.1109/ICCES54183.2022.9835827","","https://ieeexplore.ieee.org/stamp/stamp.jsp?arnumber=9835827","Cloud Computing;Electronic Health Record-EHR;Encryption;Mobile Cloud Computing-MCC;Cryptography","Cloud computing;Sociology;Maintenance engineering;Encryption;Reliability;History;Electronic medical records","","12","","51","IEEE","29 Jul 2022","22-24 June 2022","22-24 June 2022","IEEE","IEEE Conferences"
"Fault resistant encryption system using high speed AES algorithm on FPGA","S. S. Chorage; V. A. Somwanshi","Department of Electronics and telecommunication, Savitribai Phule Pune University; Department of Electronics and telecommunication, Savitribai Phule Pune University","2017 International conference of Electronics, Communication and Aerospace Technology (ICECA)","18 Dec 2017","2017","2","","466","470","In confidential data transmission data security is an important factor. Advance Encryption Standard is symmetric cryptography standard used for confidential data transmission. However, some faults are injected during implementation of AES to reduce its reliability and may cause information leakage. Fault detection scheme includes the details of each transformation in AES algorithm. Simulation results shows outputs of encryption and decryption process and flag error shows the state of faults that is detected or not detected. After fault detection one operation is performed that is redundancy check. Detected error or fault is corrected using redundancy check. The scheme is implemented using FPGA platform.","","978-1-5090-5686-6","10.1109/ICECA.2017.8212858","","https://ieeexplore.ieee.org/stamp/stamp.jsp?arnumber=8212858","Cryptography;Encryption;fault injection;Confidential;Fault detection;Decryption","Encryption;Fault detection;Redundancy;Field programmable gate arrays;Standards;Algorithm design and analysis","","4","","12","IEEE","18 Dec 2017","20-22 April 2017","20-22 April 2017","IEEE","IEEE Conferences"
"Darth's Saber: A Key Exfiltration Attack for Symmetric Ciphers Using Laser Light","V. Zaccaria; M. C. Molteni; F. Melzani; G. Bertoni","DEIB - Politecnico di Milano, Milano, Italy; DEIB - Politecnico di Milano, Milano, Italy; Security Pattern srl, Brescia, Italy; Security Pattern srl, Brescia, Italy",2018 Workshop on Fault Diagnosis and Tolerance in Cryptography (FDTC),"13 Dec 2018","2018","","","23","26","This paper evaluates the effectiveness of exfiltrating a key from an AES primitive by injecting double transient faults into the digital circuit using two laser lights. We present some theoretical consideration on the effectiveness of this approach and show a few experimental results supporting our reasoning.","","978-1-5386-8197-8","10.1109/FDTC.2018.00012","","https://ieeexplore.ieee.org/stamp/stamp.jsp?arnumber=8573930","fault injection;laser;AES","Circuit faults;Entropy;Mathematical model;Ciphers;Hardware;Proposals","","1","","10","IEEE","13 Dec 2018","13-13 Sept. 2018","13-13 Sept. 2018","IEEE","IEEE Conferences"
"Novel Randomized & Biased Placement for FPGA Based Robust Random Number Generator with Enhanced Uniqueness","A. S. Chauhan; V. Sahula; A. S. Mandal","Dept. of ECE, MNIT, Jaipur; Dept. of ECE, MNIT, Jaipur; CEERI Pilani, Cognitive Computing Group",2019 32nd International Conference on VLSI Design and 2019 18th International Conference on Embedded Systems (VLSID),"13 May 2019","2019","","","353","358","The physical unclonable functions (PUF) have widely been used to provide software as well as hardware security for the cyber-physical systems. They are used for performing significant cryptography tasks such as generating keys, device authentication and securing against IP piracy. They have also been used to produce the root of trust. However, they lack in reliability metric. We present a novel approach for improving the uniqueness as well as the reliability of field programmable gated arrays (FPGAs) based ring oscillator PUF and derive a random number, consuming a very small area concerning look up tables (LUTs). We use profiling method for observing frequency variations in ring oscillators (RO), spatially placed across the FPGA floor, and are able to spot the suitable locations for RO mapping, which leads to enhanced ROPUF reliability. We have implemented proposed methodology on Xilinx -7 series FPGAs and tested the robustness against environmental variations e.g. temperature and supply voltage variations. The proposed approach achieves 6% higher uniqueness of 49.83% along with the reliability of 99.35%, which as a group of PUF characteristics, is a significant improvement as compared to characteristics provided by existing ROPUF methods. The random number generator so realized passes all applicable nine tests of NIST uniformity statistical test suite.","2380-6923","978-1-7281-0409-6","10.1109/VLSID.2019.00079","","https://ieeexplore.ieee.org/stamp/stamp.jsp?arnumber=8710956","Hardware Security;PUF;Ring Oscillator;FPGA;Random Number Generator;Biased Placement;NIST Statistical Test","Ring oscillators;Reliability;Hardware;Field programmable gate arrays;Delays;Cryptography","","6","","18","IEEE","13 May 2019","5-9 Jan. 2019","5-9 Jan. 2019","IEEE","IEEE Conferences"
"The Feasibility of the CRYSTALS-Kyber Scheme for Smart Metering Systems","V. L. R. D. Costa; Â. Camponogara; J. López; M. V. Ribeiro","Electrical Engineering Department, Federal University of Juiz de Fora (UFJF), Juiz de Fora, Brazil; Electrical Engineering Department, Federal University of Paraná, Curitiba, Brazil; Institute of Computing, Campinas State University (UNICAMP), Campinas, Brazil; Electrical Engineering Department, Federal University of Juiz de Fora (UFJF), Juiz de Fora, Brazil",IEEE Access,"21 Dec 2022","2022","10","","131303","131317","This paper investigates the feasibility of a quantum-secure Key Encapsulation Mechanism (KEM) in hardware constrained Smart Meter (SM) equipment. In this sense, the Cryptographic Suite for Algebraic Lattices (CRYSTALS)-Kyber scheme, the new standard for post-quantum Public-Key Encryption (PKE) systems chosen by the post-quantum cryptography (PQC) standardization process, is scrutinized and implemented in a System-on-a-Chip (SoC) Field Programmable Gate Array (FPGA) device. Experimental results show that the proposed hardware/software co-design implementation of the CRYSTALS-Kyber scheme in an SoC FPGA device reduces its execution time by around 70% compared to its software implementation. Moreover, the hardware resource analysis shows that the proposed hardware/software co-design implementation of the CRYSTALS-Kyber scheme in an SoC device is feasible for SM equipment.","2169-3536","","10.1109/ACCESS.2022.3229521","Coordenação de Aperfeiçoamento de Pessoal de Nível Superior (CAPES)(grant numbers:001); Conselho Nacional de Desenvolvimento Científico e Tecnológico (CNPq)(grant numbers:404068/2020-0,314741/2020-8); Fundação de Amparo à Pesquisa do Estado de Minas Gerais (FAPEMIG)(grant numbers:APQ-03609-17,TEC-PPM 00787-18); Instituto Nacional de Energia Elétrica (INERGE); ","https://ieeexplore.ieee.org/stamp/stamp.jsp?arnumber=9987505","Data security;post-quantum cryptography;system-on-a-chip;smart metering","Cryptography;Field programmable gate arrays;Hardware;Security;Software;Reduced instruction set computing;Quantum computing","","4","","57","CCBY","15 Dec 2022","2022","","IEEE","IEEE Journals"
"Design of RFID and SHA-3 Based Access Control System for Monitoring and Accountability in Fuel Dispensing Process","B. N. Rayhan; D. Ogi; F. R. Wijaya; S. M. Sabiya","Badan Siber dan Sandi Negara, Depok, Indonesia; Cryptographic Hardware Engineering, Politeknik Siber dan Sandi Negara, Bogor, Indonesia; Badan Siber dan Sandi Negara, Depok, Indonesia; Badan Siber dan Sandi Negara, Depok, Indonesia","2025 IEEE 2nd International Conference on Cryptography, Informatics, and Cybersecurity (ICoCICs)","19 Feb 2026","2025","","","374","378","This study presents the design and implementation of a fuel dispensing access control and monitoring system aimed at improving accountability in gas stations. The system integrates RFID-based authentication and SHA-3 hashing to ensure that only authorized personnel can initiate the fuel dispensing process. By logging authenticated user activity and refueling data to a cloud-based MySQL platform, the system provides traceable digital records for each transaction. Although the proposed approach does not directly prevent calibration tampering within the fuel dispenser, it serves as a preventive measure against unauthorized usage and supports fraud detection through activity monitoring. The prototype was tested for authentication accuracy, transaction latency, and usability. Results show that the system can successfully log user identities and fuel amounts, offering a potential tool for enhancing operational transparency and accountability in fuel stations.","","979-8-3315-5481-1","10.1109/ICoCICs68032.2025.11384069","","https://ieeexplore.ieee.org/stamp/stamp.jsp?arnumber=11384069","Access Control;Fuel Dispensing;Gas Station Monitoring;RFID;SHA-3","Access control;Accuracy;Volume measurement;Authentication;Sensors;Fuels;Reliability;Usability;Monitoring;Radiofrequency identification","","","","14","IEEE","19 Feb 2026","22-23 Oct. 2025","22-23 Oct. 2025","IEEE","IEEE Conferences"
"Design and Timing Analysis of LFSR with Variable Order of Interleaving Sequence","B. P. Swathi; T. A; A. G P; R. N; S. N","Dept. of ECE, VLSI Design and Embedded Systems, RV College of Engineering; Dept. of ECE, VLSI Design and Embedded Systems, RV College of Engineering; Dept. of ECE, VLSI Design and Embedded Systems, RV College of Engineering; Dept. of ECE, VLSI Design and Embedded Systems, RV College of Engineering; Dept. of ECE, RV College of Engineering",2025 9th International Conference on Computational System and Information Technology for Sustainable Solutions (CSITSS),"19 Dec 2025","2025","","","1","6","In cryptography and communication system applications, Linear Feedback Shift Registers (LFSRs) are commonly used for pseudorandom number generation due to their simplicity and capability of generating long periodic sequences. But the linear characteristics of basic LFSRs weaken their resistance to cryptanalytic attacks. This work presents a new interleaved LFSR system design that promotes randomness and security through output combination from various LFSRs, each governed by distinct primitive polynomials of equal degree, using a dynamic interleaving process. Control-based sequence determines interleaving order, substituting the fixed cyclic approach with a programmable strategy. Register Transfer Level (RTL) implementation is designed using Verilog and verified for correctness through Cadence tools, supplemented with static timing analysis conducted on the synthesized gate-level netlist. The results confirm functional correctness and demonstrate that the design meets setup and hold timing constraints, with a setup slack of 4.758 ns and a hold slack of 0.164 ns, thereby validating the effectiveness and reliability of the proposed interleaved LFSR approach.","2767-1097","979-8-3315-8894-6","10.1109/CSITSS67709.2025.11295764","","https://ieeexplore.ieee.org/stamp/stamp.jsp?arnumber=11295764","Linear Feedback Shift Register (LFSR);Pseudo-random Sequence Generation;Cryptographic Hardware;Interleaving Techniques;Static Timing Analysis","Resistance;Protocols;Linear feedback shift registers;Logic gates;Reliability engineering;Register transfer level;Polynomials;Timing;Cryptography;System analysis and design","","","","17","IEEE","19 Dec 2025","20-22 Nov. 2025","20-22 Nov. 2025","IEEE","IEEE Conferences"
"Design and Timing Analysis of LFSR with Variable Order of Interleaving Sequence","B. P. Swathi; T. A; A. G. P; R. N; S. N","Dept. of ECE, VLSI Design and Embedded Systems, RV College of Engineering; Dept. of ECE, VLSI Design and Embedded Systems, RV College of Engineering; Dept. of ECE, VLSI Design and Embedded Systems, RV College of Engineering; Dept. of ECE, VLSI Design and Embedded Systems, RV College of Engineering; Dept. of ECE, RV College of Engineering",2025 9th International Conference on Computational System and Information Technology for Sustainable Solutions (CSITSS),"19 Dec 2025","2025","","","1","6","In cryptography and communication system applications, Linear Feedback Shift Registers (LFSRs) are commonly used for pseudorandom number generation due to their simplicity and capability of generating long periodic sequences. But the linear characteristics of basic LFSRs weaken their resistance to cryptanalytic attacks. This work presents a new interleaved LFSR system design that promotes randomness and security through output combination from various LFSRs, each governed by distinct primitive polynomials of equal degree, using a dynamic interleaving process. Control-based sequence determines interleaving order, substituting the fixed cyclic approach with a programmable strategy. Register Transfer Level (RTL) implementation is designed using Verilog and verified for correctness through Cadence tools, supplemented with static timing analysis conducted on the synthesized gate-level netlist. The results confirm functional correctness and demonstrate that the design meets setup and hold timing constraints, with a setup slack of 4.758 ns and a hold slack of 0.164 ns, thereby validating the effectiveness and reliability of the proposed interleaved LFSR approach.","2767-1097","979-8-3315-8894-6","10.1109/CSITSS67709.2025.11295802","","https://ieeexplore.ieee.org/stamp/stamp.jsp?arnumber=11295802","Linear Feedback Shift Register (LFSR);Pseudo-random Sequence Generation;Cryptographic Hardware;Interleaving Techniques;Static Timing Analysis","Resistance;Protocols;Linear feedback shift registers;Logic gates;Reliability engineering;Register transfer level;Polynomials;Timing;Cryptography;System analysis and design","","","","17","IEEE","19 Dec 2025","20-22 Nov. 2025","20-22 Nov. 2025","IEEE","IEEE Conferences"
"Reliable CRC-Based Error Detection Constructions for Finite Field Multipliers With Applications in Cryptography","A. C. Canto; M. Mozaffari-Kermani; R. Azarderakhsh","Department of Computer Science and Engineering, University of South Florida, Tampa, FL, USA; Department of Computer Science and Engineering, University of South Florida, Tampa, FL, USA; Department of Computer and Electrical Engineering and Computer Science, I-SENSE, Florida Atlantic University, Boca Raton, FL, USA",IEEE Transactions on Very Large Scale Integration (VLSI) Systems,"31 Dec 2020","2021","29","1","232","236","Finite-field multiplication has received prominent attention in the literature with applications in cryptography and error-detecting codes. For many cryptographic algorithms, this arithmetic operation is a complex, costly, and time-consuming task that may require millions of gates. In this work, we propose efficient hardware architectures based on cyclic redundancy check (CRC) as error-detection schemes for postquantum cryptography (PQC) with case studies for the Luov cryptographic algorithm. Luov was submitted for the National Institute of Standards and Technology (NIST) PQC standardization competition and was advanced to the second round. The CRC polynomials selected are in-line with the required error-detection capabilities and with the field sizes as well. We have developed verification codes through which software implementations of the proposed schemes are performed to verify the derivations of the formulations. Additionally, hardware implementations of the original multipliers with the proposed error-detection schemes are performed over a Xilinx field-programmable gate array (FPGA), verifying that the proposed schemes achieve high error coverage with acceptable overhead.","1557-9999","","10.1109/TVLSI.2020.3031170","U.S. National Science Foundation (NSF)(grant numbers:SaTC-1801488); ","https://ieeexplore.ieee.org/stamp/stamp.jsp?arnumber=9239379","Cyclic redundancy check (CRC);fault detection;field-programmable gate array (FPGA);finite-field multiplication","Cryptography;Logic gates;Computer architecture;Reliability;Hardware;Field programmable gate arrays","","24","","19","IEEE","26 Oct 2020","Jan. 2021","","IEEE","IEEE Journals"
"Hardware Implementation of the Reverse Conversion RNS-WNS on FPGA","A. Nazarov; M. Babenko; E. Golimblevskaia","North-Caucasus Federal University, Stavropol, Russia; North-Caucasus Federal University, Stavropol, Russia; North-Caucasus Federal University, Stavropol, Russia",2020 International Conference Engineering and Telecommunication (En&T),"24 May 2021","2020","","","1","5","The Residue Number System is a modern powerful tool for solving a number of specialized tasks: digital signal processing, cryptography, increasing reliability, accelerating computations, etc. The effectiveness of its use largely depends on the solution of the problem of reducing the delay and area costs for the reverse conversion of numerical data to the weighted number system. The paper considers the main methods of reverse conversion from the residue number system to the weighted number system. Their hardware implementation on FPGA and a comparative analysis are presented.","","978-1-7281-8829-4","10.1109/EnT50437.2020.9431249","RFBR(grant numbers:20-37-70023); President of the Russian Federation(grant numbers:SP-1685.2019.5); ","https://ieeexplore.ieee.org/stamp/stamp.jsp?arnumber=9431249","Residue Number System;weighted number system;Chinese Remainder Theorem;Chinese Remainder Theorem with Fractions;Mixed Radix Conversion;Field-Programmable Gate Array","Power demand;Signal processing algorithms;Digital signal processing;Tools;Logic gates;Hardware;Delays","","2","","11","IEEE","24 May 2021","25-26 Nov. 2020","25-26 Nov. 2020","IEEE","IEEE Conferences"
"Design and Evaluation of Countermeasures Against Fault Injection Attacks and Power Side-Channel Leakage Exploration for AES Block Cipher","F. E. Potestad-Ordóñez; E. Tena-Sánchez; A. J. Acosta-Jiménez; C. J. Jiménez-Fernández; R. Chaves","Seville Institute of Microelectronics IMSE-CNM (CSIC/US), Sevilla, Spain; Seville Institute of Microelectronics IMSE-CNM (CSIC/US), Sevilla, Spain; Seville Institute of Microelectronics IMSE-CNM (CSIC/US), Sevilla, Spain; Seville Institute of Microelectronics IMSE-CNM (CSIC/US), Sevilla, Spain; INESC-ID, IST, Universidade de Lisboa, Lisboa, Portugal",IEEE Access,"24 Jun 2022","2022","10","","65548","65561","Differential Fault Analysis (DFA) and Power Analysis (PA) attacks, have become the main methods for exploiting the vulnerabilities of physical implementations of block ciphers, currently used in a multitude of applications, such as the Advanced Encryption Standard (AES). In order to minimize these types of vulnerabilities, several mechanisms have been proposed to detect fault attacks. However, these mechanisms can have a significant cost, not fully covering the implementations against fault attacks or not taking into account the leakage of the information exploitable by the power analysis attacks. In this paper, four different approaches are proposed with the aim of protecting the AES block cipher against DFA. The proposed solutions are based on Hamming code and parity bits as signature generators for the internal state of the AES cipher. These allow to detect DFA exploitable faults, from bit to byte level. The proposed solutions have been applied to a T-box based AES block cipher implemented on Field Programmable Gate Array (FPGA). Experimental results suggest a fault coverage of 98.5% and 99.99% with an area penalty of 9% and 36% respectively, for the parity bit signature generators and a fault coverage of 100% with an area penalty of 18% and 42% respectively when Hamming code signature generator is used. In addition, none of the proposed countermeasures impose a frequency degradation, in respect to the unprotected cipher. The proposed work goes further in the evaluation of the proposed DFA countermeasures by evaluating the impact of these structures in terms of power side-channel. The obtained results suggest that no extra information leakage is produced that can be exploited by PA. Overall, the proposed DFA countermeasures provide a high fault coverage protection with a low cost in terms of area and power consumption and no PA security degradation.","2169-3536","","10.1109/ACCESS.2022.3183764","PID2020-116664RB-I00(grant numbers:MCIN/AEI/10.13039/501100011033); ","https://ieeexplore.ieee.org/stamp/stamp.jsp?arnumber=9797724","Countermeasure;FPGA implementation;Hamming code;parity;AES;DFA;fault attack;power analysis","Ciphers;Circuit faults;Cryptography;Encryption;Costs;Standards;Power demand","","11","","54","CCBY","16 Jun 2022","2022","","IEEE","IEEE Journals"
"PRESENT Hardware Implementation for Concurrent Fault Detection Architecture","M. Azizollahi; S. Sheikhpour; A. Mahani","Reliable and Smart System (RSS) Research Lab, Department of Electrical Engineering, Shahid Bahonar University of Kerman, Kerman, Iran; Reliable and Smart System (RSS) Research Lab, Department of Electrical Engineering, Shahid Bahonar University of Kerman, Kerman, Iran; Reliable and Smart System (RSS) Research Lab, Department of Electrical Engineering, Shahid Bahonar University of Kerman, Kerman, Iran",2020 28th Iranian Conference on Electrical Engineering (ICEE),"26 Nov 2020","2020","","","1","5","Efficient fault tolerant implementation of lightweight cryptography hardware is a main challenge of secure hardware in IoT, RFID and sensor network. In this paper, we propose low cost PRESENT architecture using 80-bit key and 64-bit input data with fault detection capability. Our proposed architecture utilizes different S-Boxes implementations in which both encryption and decryption processes are integrated in one data path. The simulation results of our fault detection structure are compared with previous related works. The results are compared in terms of area, throughput and efficiency. This comparison illustrate that our fault dedetectiontection architecture outperforms related works in the comparison metrics.","2642-9527","978-1-7281-7296-5","10.1109/ICEE50131.2020.9260980","","https://ieeexplore.ieee.org/stamp/stamp.jsp?arnumber=9260980","PRESENT;Encryption;Decryption;Cryptography;Substitution;Verilog;Fault Detection","Encryption;Ciphers;Fault detection;Electrical engineering;Computer architecture;Schedules;Reliability engineering","","","","12","IEEE","26 Nov 2020","4-6 Aug. 2020","4-6 Aug. 2020","IEEE","IEEE Conferences"
"Novel Physical Unclonable Function Implementation for Microcontrollers and Field Programmable Gate Arrays","M. Grossi; M. Omaña; C. Metra; A. Acquaviva","Department of Electrical Energy and Information Engineering “Guglielmo Marconi” (DEI), University of Bologna, Bologna, Italy; Department of Electrical Energy and Information Engineering “Guglielmo Marconi” (DEI), University of Bologna, Bologna, Italy; Department of Electrical Energy and Information Engineering “Guglielmo Marconi” (DEI), University of Bologna, Bologna, Italy; Department of Electrical Energy and Information Engineering “Guglielmo Marconi” (DEI), University of Bologna, Bologna, Italy",IEEE Access,"3 Apr 2025","2025","13","","55970","55983","Physical Unclonable Functions (PUFs) are frequently exploited for security purposes. In particular, they are adopted to generate unique authentication passwords and cryptographic keys, with no need to store any secret information in non-volatile memories that can be easily attacked. In this paper, we present a novel PUF based structure, that can be implemented at low costs in microcontrollers and FPGAs, by exploiting the circuitry that is already present in their General Purpose Input-Output (GPIO) interface. The proposed PUF based scheme has been implemented on five different FPGA devices, in order to experimentally verify their correct operation under various realistic operating conditions. We will show that our proposed PUF based structure features a good uniqueness (of the 49.75%), a uniformity close to the ideal value of the 50%, an average steadiness of the 99.33%, and a maximum reliability of the 99.61%, for a temperature ranging from 5°C to 65°C.","2169-3536","","10.1109/ACCESS.2025.3555438","European Union—NextGenerationEU under the National Recovery and Resilience Plan (PNRR)—Mission 4 Education and Research—Component 2 from Research to Business—Investment 1.3, Notice D.D. 341 of March 2022, from title: SEcurity and RIghts in the CyberSpace(grant numbers:PE0000014—CUP J33C22002810001); ","https://ieeexplore.ieee.org/stamp/stamp.jsp?arnumber=10942602","Physical unclonable functions;Internet of Things;microcontroller;FPGA;security","Field programmable gate arrays;Physical unclonable function;Microcontrollers;Oscillators;Pins;Cryptography;Reliability;Internet of Things;Authentication;Switches","","4","","55","CCBY","27 Mar 2025","2025","","IEEE","IEEE Journals"
"Novel Placement Bias For Realizing Highly Reliable Physical Unclonable Functions on FPGA","A. Singh Chauhan; V. Sahula; A. S. Mandal","Dept. of ECE, MNIT, Jaipur, India; Dept. of ECE, MNIT, Jaipur, India; Cognitive Computing Group, CEERI, Pilani, India","2018 IEEE International Conference on Electronics, Computing and Communication Technologies (CONECCT)","8 Oct 2018","2018","","","1","6","The Physical Unclonable Functions have been widely used to provide software as well as hardware security for the cyber-physical systems. They are used for performing significant tasks such as generating cryptography keys, device authentication, securing against IP Piracy; and have also been used to produce root of Trust. However, they lack in reliability issues. We present a novel approach for improving the reliability of Ring Oscillator PUF with the minimum area concerning LUTs. We use variation-aware method to find out the more suitable location for PUF mapping, thus leading to enhanced the PUF reliability. We have designed and tested proposed methodology on Xilinx -7 Series FPGAs. The proposed approach achieves higher reliability of 99.7%, which is significant improvement compared to existing ROPUF methods.","","978-1-5386-1112-8","10.1109/CONECCT.2018.8482381","","https://ieeexplore.ieee.org/stamp/stamp.jsp?arnumber=8482381","","Ring oscillators;Reliability;Field programmable gate arrays;Delays;Hardware;Routing;Cryptography","","1","","18","IEEE","8 Oct 2018","16-17 March 2018","16-17 March 2018","IEEE","IEEE Conferences"
"ANUBIS: Hybrid FPAA-FPGA Architecture for Entropy-Based True Random Number Generation in Secure UAV Communication","M. El-Hadedy; A. Abelian; K. Lee; B. N. Cheng; W. -M. Hwu","Department of Electrical and Computer Engineering, California State Polytechnic University, Pomona, CA, USA; Department of Electrical and Computer Engineering, California State Polytechnic University, Pomona, CA, USA; Department of Electrical and Computer Engineering, California State Polytechnic University, Pomona, CA, USA; Naval Surface Warfare Center, Corona Division, Norco, CA, USA; Coordinated Science Laboratory, University of Illinois at Urbana-Champaign, Champaign, IL, USA",IEEE Embedded Systems Letters,"12 Jun 2025","2025","17","3","164","167","Field-programmable gate arrays (FPGAs) and field-programmable analog arrays (FPAAs) are reconfigurable circuits that enable flexible digital and analog implementations post-manufacturing. FPGAs are widely used in telecommunications, mixed-signal, and embedded systems due to their parallel processing and reconfigurability. Meanwhile, FPAAs provide flexibility for analog systems, which is crucial for modern mixed-signal processing. This letter introduces ANUBIS, a hybrid system combining FPGA and FPAA technologies to generate true random number generators (TRNGs) for secure UAV communication. Due to its reliability and cost efficiency, ANUBIS leverages a thermistor circuit as an entropy source. The FPAA amplifies the analog noise generated by the thermistor, while the FPGA digitizes and processes the signal using Von Neumann whitening (VNW) to remove bias. The ASCON hash function is applied to the whitened bitstream to generate cryptographically secure keys. These keys are utilized in a DHKE to enable secure communication via Bluetooth low energy (BLE), an ideal protocol for energy-constrained UAV applications. ANUBIS demonstrates reconfigurability, power efficiency, and ease of implementation, showcasing its potential for secure communication applications. It achieves robust randomization, setting a new standard for UAV communication security and addressing applications requiring reliable TRNG solutions. The system consumes 1.615 W in total, with 1.54 W consumed by the FPGA and 75 mW by the FPAA. Resource utilization on the PYNQ-Z1 board includes 5186 LUTs (9.75%), 549 units of memory (3.15%), and 5.5 units of BRAM (3.93%), indicating moderate resource usage with room for future enhancements. By integrating reliable analog noise harvesting with efficient digital post-processing, ANUBIS offers a novel approach to TRNG design, demonstrating the potential for broader cryptographic applications in resource-constrained environments.","1943-0671","","10.1109/LES.2024.3510365","U.S. Navy Naval Engineering Education Consortium (NEEC)(grant numbers:N001742310002); Office of Naval Research (ONR) Summer Faculty Research Program (SFRP); ","https://ieeexplore.ieee.org/stamp/stamp.jsp?arnumber=10783001","Diffie-Hellman key exchange;field-programmable analog array (FPAA);field-programmable gate array (FPGA);LWC;true random number generator (TRNG);UGV","Field programmable analog arrays;Field programmable gate arrays;Autonomous aerial vehicles;Noise;Entropy;Cryptography;Hash functions;Thermistors;DH-HEMTs;Complexity theory","","5","","19","IEEE","9 Dec 2024","June 2025","","IEEE","IEEE Journals"
"Efficient Serial Architecture for PRESENT Block Cipher","A. Mhaouch; W. Elhamzi; A. B. Abdelali; M. Atri","Laboratory of Electronics and Microelectronics (EµE) Faculty of Sciences of Monastir, University of Monastir, Monastir, Tunisia; College of Computer Engineering and Sciences, Prince Sattam bin Abdulaziz University, Al-Kharj, Saudi Arabia; Laboratory of Electronics and Microelectronics (EµE) Faculty of Sciences of Monastir, University of Monastir, Monastir, Tunisia; College of Computer Science, King Khalid University, Abha, Saudi Arabia","2022 IEEE 9th International Conference on Sciences of Electronics, Technologies of Information and Telecommunications (SETIT)","9 Sep 2022","2022","","","45","49","In recent years, the use of the Internet of Things (IoT) has increased rapidly in different areas. Due to many IoT applications, many limitations have emerged such as power consumption and limited resources. The security of connected devices is becoming more and more a primary need for the reliability of systems. Among other things, power consumption remains an essential constraint with a major impact on the quality of the encryption system. For these, several lightweight cryptography algorithms were proposed and developed. The PRESENT algorithm is one of the lightweight block cipher algorithms that has been proposed for a highly restrictive application. In this paper, we have proposed an efficient hardware serial architecture that uses 16 bits for data path encryption. It uses fewer FPGA resources and achieves higher throughput compared to other existing hardware applications.","","978-1-7281-8442-5","10.1109/SETIT54465.2022.9875564","","https://ieeexplore.ieee.org/stamp/stamp.jsp?arnumber=9875564","Internet of Things (IoT);PRESENT algorithm;Lightweight cryptography;Hardware implementation;FPGA","Ciphers;Power demand;VHDL;Side-channel attacks;Throughput;Hardware;Encryption","","5","","16","IEEE","9 Sep 2022","28-30 May 2022","28-30 May 2022","IEEE","IEEE Conferences"
"An Efficient Fault Detection Method for Elliptic Curve Scalar Multiplication Montgomery Algorithm","M. Bedoui; B. Bouallegue; B. Hamdi; M. Machhout","Faculty of Sciences of Monastir, Electronics and Micro-Electronics Laboratory (E. μ. E. L), University of Monastir, Monastir, Tunisia; College of Computer Science, King Khalid University, Saudi Arabia; Université de Sousse, Institut Supérieur des Sciences Appliquées et de Technologie de Sousse, Sousse, Tunisie; Faculty of Sciences of Monastir, Electronics and Micro-Electronics Laboratory (E. μ. E. L), University of Monastir, Monastir, Tunisia",2019 IEEE International Conference on Design & Test of Integrated Micro & Nano-Systems (DTS),"28 Nov 2019","2019","","","1","5","Elliptical curve cryptography (ECC) is being used more and more in public key cryptosystems. Its main advantage is that, at a given security level, key sizes are much smaller compared to classical asymmetric cryptosystems like RSA. Smaller keys imply less power consumption, less cryptographic computation and require less memory. Besides performance, security is another major problem in embedded devices. Cryptosystems, like ECC, that are considered mathematically secure, are not necessarily considered safe when implemented in practice. An attacker can monitor these interactions in order to mount attacks called fault attacks. A number of countermeasures have been developed to protect Montgomery Scalar Multiplication algorithm against fault attacks. In this work, we proposed an efficient countermeasure premised on duplication scheme and the scrambling technique for Montgomery Scalar Multiplication algorithm against fault attacks. Our approach is simple and easy to hardware implementation. In addition, we perform injection-based error simulations and demonstrate that the error coverage is about 99.996%.","","978-1-7281-1129-2","10.1109/DTSS.2019.8914743","","https://ieeexplore.ieee.org/stamp/stamp.jsp?arnumber=8914743","Elliptic curve cryptography (ECC);Montgomery ladder;Fault detection method;Fault injection Attack","Elliptic curve cryptography;Fault detection;Elliptic curves;Circuit faults;Conferences;Hardware","","3","","15","IEEE","28 Nov 2019","28 April-1 May 2019","28 April-1 May 2019","IEEE","IEEE Conferences"
"Efficient Pseudo Random Number Generator (PRNG) Design on FPGA","S. Akter; K. Khalil; M. Bayoumi","The Center for Advanced Computer Studies, University of Louisiana at Lafayette, LA, USA; Department of Electrical and Computer Engineering, University of Mississippi, Mississippi, USA; Department of Electrical and Computer Engineering, University of Louisiana at Lafayette, LA, USA",2024 IEEE 17th Dallas Circuits and Systems Conference (DCAS),"31 May 2024","2024","","","1","5","Random Number Generators (RNGs) are substantially used in many security domains, providing a fundamental source of unpredictability essential for tasks such as cryptography, simulations, and statistical analyses. The efficiency and quality of an RNG directly impact the reliability and security of diverse applications, making advancements in RNG design, as explored in this study, of significant importance for enhancing computational processes. This paper presents an innovative Pseudo-Random Number Generator (PRNG) that leverages the efficiency of two carefully selected Linear Feedback Shift Registers (LFSRs) and a connecting XOR gate. The investigation of five polynomials identified an optimal pair, resulting in a notable improvement of over 200X in the length of random bit sequences compared to a single LFSR-based PRNG. The Basys3 FPGA board with the xc7a35tcpg236-1 FPGA chip was used to implement and synthesize the proposed design. Two significant findings emerge from this research. Firstly, using variable polynomials demonstrates a huge enhancement in the duration of randomness, outperforming the impact of variable seeds. A noteworthy observation is that employing the same polynomials in different branches does not result in optimal results. Secondly, managing more seeds is associated with an increased area cost, underscoring the efficiency of handling two polynomials.","2766-5186","979-8-3503-4953-5","10.1109/DCAS61159.2024.10539915","","https://ieeexplore.ieee.org/stamp/stamp.jsp?arnumber=10539915","Random Number Generator;Random Bit;LFSR;PRNG;Security;Integrated circuit;FPGA;Basys3;FLip Flop","Costs;Statistical analysis;Linear feedback shift registers;Logic gates;Reliability engineering;Polynomials;Generators","","11","","23","IEEE","31 May 2024","19-21 April 2024","19-21 April 2024","IEEE","IEEE Conferences"
"Efficient Fault-Detection Architectures for Barrett Reduction and Multiplication in Classical and Post-Quantum Cryptographic Systems","S. Aghapour; K. Sedghighadikolaei; A. A. Yavuz; B. Hamdaoui; M. Mozaffari-Kermani","College of AI, Cybersecurity, and Computing, University of South Florida, Tampa, FL, USA; College of AI, Cybersecurity, and Computing, University of South Florida, Tampa, FL, USA; College of AI, Cybersecurity, and Computing, University of South Florida, Tampa, FL, USA; Department of Electrical Engineering and Computer Science, Oregon State University, Corvallis, OR, USA; College of AI, Cybersecurity, and Computing, University of South Florida, Tampa, FL, USA",IEEE Transactions on Very Large Scale Integration (VLSI) Systems,"25 Nov 2025","2025","33","12","3465","3477","Barrett modular reduction and multiplication are essential primitives for efficient modular computation in cryptographic schemes, including post-quantum standards such as module lattice-based (ML) key encapsulation mechanism (KEM) and ML-digital signature algorithm (DSA). To protect against faults that compromise correctness and security, we introduce the first efficient fault-detection mechanisms tailored to these operations. For modular reduction, we leverage word-based representations with compact word-sum checks that exploit algebraic input-output relations to ensure computational integrity. For modular multiplication, we adopt a tunable hybrid strategy: early stages apply word-sum checks, while later stages use partial recomputation with encoded inputs, providing robust protection against injected faults. Formal analysis, fault-injection simulations, and hardware/software implementations show that our methods detect a wide range of faults with minimal performance and area overhead. Evaluation results demonstrate overheads of 3.43% and 7.15% for 512-bit and 1024-bit inputs in modular reduction, and 26.47% and 27.22% for 2048-bit inputs in modular multiplication in the number of clock cycles in software. Moreover, in hardware, we observed reasonable overheads: less than 27.5% in area and 2.1% in delay for modular reduction, and less than 23.5% in area and 16.2% in delay for modular multiplication. These results confirm the practicality of our methods for secure yet efficient integration.","1557-9999","","10.1109/TVLSI.2025.3609666","USA National Science Foundation (NSF)(grant numbers:2350213,2350214); ","https://ieeexplore.ieee.org/stamp/stamp.jsp?arnumber=11169756","Advanced RISC machines (ARMs) processor;Barrett modular multiplication (BMM);Barrett modular reduction;cryptography;fault detection;FPGA","Cryptography;Computer architecture;Standards;Fault detection;Very large scale integration;Machine learning algorithms;Computational efficiency;Clocks;Arithmetic;Transforms","","","","45","IEEE","18 Sep 2025","Dec. 2025","","IEEE","IEEE Journals"
"RSA-1024 Cryptography on Artix-7 FPGA: Medical Imaging Application","R. Ghayoula; W. Amara; A. Smida; J. Fattahi; M. I. Waly; S. Bahroun; I. E. Gmati","Faculty of Engineering, University of Moncton, New Brunswick, Canada; SysCom Laboratory, ENIT University of Tunis El Manar, Tunis, Tunisia; College of Applied Medical Sciences, Majmaah University, Majmaah, KSA; Department of Computer Science && Software Engineering, Laval University, Quebec, Canada; College of Applied Medical Sciences, Majmaah University, Majmaah, KSA; Institut Superieur d’Informatique University of Tunis El Manar, Tunis, Tunisia; College of Engineering, Umm Al Qura University, Umm Al Qura, KSA","2024 16th International Conference on Electronics, Computers and Artificial Intelligence (ECAI)","30 Jul 2024","2024","","","1","6","In the domain of medical imaging, ensuring the security of confidential patient data stands as a paramount concern. The imperative for robust encryption to safeguard medical images against unauthorized access has driven the widespread adoption of the RSA algorithm, celebrated for its efficacy in data security assurance. This study specifically centers on the deployment of RSA-1024 cryptography on an Artix-7 FPGA, targeting applications in medical imaging. Acknowledging the demand for heightened security and accelerated processing, we have engineered RSA crypto-accelerators as hardware implementations of the RSA algorithm. We present a comprehensive methodology for implementing the 1024-bit RSA encryption/decryption algorithm, leveraging the square and multiply technique for modular exponentiation. Our algorithms are meticulously instantiated through VHDL code, tailored for execution on the Artix-7 xc7a35tcsg324-1 FPGA manufactured by Xilinx. Rigorous testing using the Vivado 2022.2 tool validates the functionality and dependability of our design. This research underscores the pivotal role of advanced cryptographic methodologies in safeguarding medical images and underscores the strides made in FPGA-based security solutions.","","979-8-3503-7115-4","10.1109/ECAI61503.2024.10607394","","https://ieeexplore.ieee.org/stamp/stamp.jsp?arnumber=10607394","FPGA;RSA cryptosystem;Montgomery’s algorithm;Medical Image Application","VHDL;Codes;Scalability;Refining;Reliability engineering;Encryption;Security","","1","","23","IEEE","30 Jul 2024","27-28 June 2024","27-28 June 2024","IEEE","IEEE Conferences"
"Lightweight Fault-Resilient KLEIN Cipher for IoT Encryption","N. Maatallah; A. Abdelli; W. E. H. Youssef; L. Khriji; M. Machhout","Laboratory of EμE, Faculty of Sciences of Monastir (FSM), University of Monastir, Monastir, Tunisia; Laboratory of EμE, Faculty of Sciences of Monastir (FSM), University of Monastir, Monastir, Tunisia; Laboratory of EμE, Faculty of Sciences of Monastir (FSM), University of Monastir, Monastir, Tunisia; Department of Electrical and Computer Engineering, College of Engineering, Sultan Qaboos University, Muscat, Oman; Laboratory of EμE, Faculty of Sciences of Monastir (FSM), University of Monastir, Monastir, Tunisia",IEEE Access,"13 Feb 2026","2026","14","","22404","22416","The KLEIN lightweight block cipher provides an effective encryption method suitable for IoT devices with limited computational resources, memory, and energy capacity. Despite its efficiency, the compact design of KLEIN is vulnerable to fault injection attacks, which can disrupt encryption and compromise data security. In this study, we propose a comprehensive fault detection and correction framework for KLEIN that combines parity verification, cyclic redundancy checks (CRC), and a Secure Rollback Recovery mechanism with deceptive output. This approach enables real-time fault identification, produces misleading ciphertext to thwart attackers, and restores the system to the last known correct state, ensuring uninterrupted and reliable encryption. The framework was implemented on an FPGA using Vivado 2022 and validated under various fault scenarios. Results show that the design achieves high fault coverage while maintaining efficiency, with only a 1.73% reduction in operating frequency for detection, a 1.13% hardware overhead for fault detection and a 66.28% increase in hardware area for correction. Overall, the proposed solution significantly strengthens KLEIN against fault injection threats, providing a secure and lightweight cryptographic option for resource-constrained IoT applications.","2169-3536","","10.1109/ACCESS.2026.3662133","Ministry of Higher Education, Research and Innovation (MoHERI) and the Ministry of Agriculture, Fisheries Wealth and Water Resources of the Sultanate of Oman under the Strategic Research Program(grant numbers:MoHERI/SRPP/MoAFWR/2/2023); ","https://ieeexplore.ieee.org/stamp/stamp.jsp?arnumber=11373712","Cryptography;fault injection attacks;fault-tolerant design;IoT security;KLEIN cipher;lightweight block cipher;VHDL implementation","Ciphers;Encryption;Internet of Things;Fault detection;Hardware;Security;Fault tolerant systems;Fault tolerance;Computer architecture;Robustness","","","","34","CCBY","6 Feb 2026","2026","","IEEE","IEEE Journals"
"Design and Analysis of Clock Fault Injection for AES","P. Yang; F. Luo; Q. Ou; D. Zhou","Department of Information Security, Naval University of Engineering, Wuhan, China; Department of Information Security, Naval University of Engineering, Wuhan, China; Department of Information Security, Naval University of Engineering, Wuhan, China; Department of Information Security, Naval University of Engineering, Wuhan, China",2020 International Conference on Computer Communication and Network Security (CCNS),"2 Nov 2020","2020","","","87","91","Traditional cryptography security often relies on the security of the cryptographic algorithm itself. However, in practice, cryptographic algorithms are always implemented based on software or hardware. In fault attack, attackers induce errors during encryption calculations to extract key information in embedded systems. Clock glitch injection poses a serious threat to cryptographic algorithms, which is a kind of fault attack. This paper proposes a built-in faulty clock generator integrated on FPGA to evaluate fault injection attacks and their impact on encryption modules. The platform generates glitches in a normal clock cycle, and can change the influence range of clock failures by accurately controlling the position and shape of the glitches. The research in this paper shows that the glitch can appear in any assigned cycle, and the width can be adjusted with increments of 0.14ns when the clock cycle is 20ns. This platform has great significance and value for standardizing the failure evaluation process of resource-constrained cryptosystems and building a unified security evaluation framework.","","978-1-7281-4349-1","10.1109/CCNS50731.2020.00027","National Natural Science Foundation of China; ","https://ieeexplore.ieee.org/stamp/stamp.jsp?arnumber=9240762","FPGA;Fault inject;Clock glitch;AES","Shape;Software algorithms;Buildings;Encryption;Security;Field programmable gate arrays;Clocks","","5","","10","IEEE","2 Nov 2020","21-23 Aug. 2020","21-23 Aug. 2020","IEEE","IEEE Conferences"
"A high-throughput fully digit-serial polynomial basis finite field $\text{GF}(2^{m})$ multiplier for IoT applications","S. R. Pillutla; L. Boppana","Dept. of Electronics and Communication Engineering, National Institute of Technology Warangal, Warangal, India; Dept. of Electronics and Communication Engineering, National Institute of Technology Warangal, Warangal, India",TENCON 2019 - 2019 IEEE Region 10 Conference (TENCON),"12 Dec 2019","2019","","","920","924","The performance of many data security and reliability applications depends on computations in finite fields GF (2m). In finite field arithmetic, field multiplication is a complex operation and is also used in other operations such as inversion and exponentiation. By considering the application domain needs, a variety of efficient algorithms and architectures are proposed in the literature for field GF (2m) multiplier. With the rapid emergence of Internet of Things (IoT) and Wireless Sensor Networks (WSN), many resource-constrained devices such as IoT edge devices and WSN end nodes came into existence. The data bus width of these constrained devices is typically smaller. Digit-level architectures which can make use of the full data bus are suitable for these devices. In this paper, we propose a new fully digit-serial polynomial basis finite field GF (2m) multiplier where both the operands enter the architecture concurrently at digit-level. Though there are many digit-level multipliers available for polynomial basis multiplication in the literature, it is for the first time to propose a fully digit-serial polynomial basis multiplier. The proposed multiplication scheme is based on the multiplication scheme presented in the literature for a redundant basis multiplication. The proposed polynomial basis multiplication results in a high-throughput architecture. This multiplier is applicable for a class of trinomials, and this class of irreducible polynomials is highly desirable for IoT edge devices since it allows the least area and time complexities. The proposed multiplier achieves better throughput when compared with previous digit-level architectures.","2159-3450","978-1-7281-1895-6","10.1109/TENCON.2019.8929556","","https://ieeexplore.ieee.org/stamp/stamp.jsp?arnumber=8929556","finite field arithmetic;digit-level architecture;elliptic curve cryptography;internet of things;redundant basis","Computer architecture;Elliptic curve cryptography;Hardware;Clocks;Internet of Things;Wireless sensor networks","","7","","12","IEEE","12 Dec 2019","17-20 Oct. 2019","17-20 Oct. 2019","IEEE","IEEE Conferences"
"Realizing strong PUF from weak PUF via neural computing","L. Santiago; V. C. Patil; C. B. Prado; T. A. O. Alves; L. A. J. Marzulo; F. M. G. França; S. Kundu","Programa de Engenharia de Sistemas e Computação - COPPE, Universidade Federal do Rio de Janeiro (UFRJ), Brazil; Department of Electrical and Computer Engineering, University of Massachusetts, Amherst, USA; Quality and Technology (Inmetro), National Institute of Metrology, Brazil; Instituto de Matemática e Estatística Uiversidade do Estado do Rio de Janeiro (UERJ), Brazil; Instituto de Matemática e Estatística Uiversidade do Estado do Rio de Janeiro (UERJ), Brazil; Programa de Engenharia de Sistemas e Computação - COPPE, Universidade Federal do Rio de Janeiro (UFRJ), Brazil; Department of Electrical and Computer Engineering, University of Massachusetts, Amherst, USA",2017 IEEE International Symposium on Defect and Fault Tolerance in VLSI and Nanotechnology Systems (DFT),"4 Jan 2018","2017","","","1","6","Physically Unclonable Functions (PUFs) are hardware-based security primitives that promise to provide an advantage in terms of area and power compared to hardware implementations of standard cryptography algorithms. PUFs harness manufacturing process variations to realize binary keys (Weak PUFs) or binary functions (SStrong PUFs). An ideal Strong PUF realizes a binary function that maps an m-bit input challenge to a random n-bit output response and offers an exponential number of such unique challenge-response pairs (CRPs). Hence, it is attractive for authentication applications. Unfortunately, most Strong PUF implementations are non-ideal, where an adversary can build a machine-learning model by observing a relatively few CRPs, making it possible to predict the output response of a PUF to a future challenge. Existence of such a model, or clone, constitutes a breach of security. In this paper, we make two contributions: first, we demonstrate that by leveraging a Weightless Neural Network (WNN), we can realize a CMOS Strong PUF from a Weak PUF. Next, we demonstrate that WNN based Strong PUFs offer robust resistance to machine-learning, while also delivering on uniqueness and reliability metrics - bringing it closer to an ideal Strong PUF. Neural network hardware is gaining importance for pattern matching and classification. This work demonstrates how such a design may be re-purposed for security. In the rest of the paper, we present architecture, practical implementation and analysis of Neural Network based PUFs.","2377-7966","978-1-5386-0362-8","10.1109/DFT.2017.8244433","","https://ieeexplore.ieee.org/stamp/stamp.jsp?arnumber=8244433","","Random access memory;Reliability;Biological neural networks;Hardware;Decoding;Immune system;Security","","23","","27","IEEE","4 Jan 2018","23-25 Oct. 2017","23-25 Oct. 2017","IEEE","IEEE Conferences"
"Efficient Error Detection Schemes for ECSM Window Method Benchmarked on FPGAs","K. Ahmadi; S. Aghapour; M. M. Kermani; R. Azarderakhsh","Department of Computer Science and Engineering, University of South Florida, Tampa, FL, USA; Department of Computer Science and Engineering, University of South Florida, Tampa, FL, USA; Department of Computer Science and Engineering, University of South Florida, Tampa, FL, USA; Department of Computer and Electrical Engineering and Computer Science, Florida Atlantic University, Boca Raton, FL, USA",IEEE Transactions on Very Large Scale Integration (VLSI) Systems,"26 Feb 2024","2024","32","3","592","596","Elliptic curve scalar multiplication (ECSM) stands as a crucial subblock in elliptic curve cryptography (ECC), which represents the most widely used prequantum public key cryptography. Hardware constructions of cryptographic systems utilizing ECSM have been subject to permanent or transient errors. In cryptographic systems, it is important to validate the correctness of the underlying computation performed on hardware or software to identify such errors. In this article, we present new fault detection schemes in window method scalar multiplication, which, to the best of our knowledge, has not been previously investigated. Our approach involves introducing refined algorithms and implementations that can effectively counter both permanent and transient errors. We assess this by simulating a fault model, ensuring that the evaluations conducted reflect the obtained results. As a result, we achieve a significantly extensive coverage of errors. Finally, we benchmark our proposed error detection scheme on ARMv8 and field-programmable gate array (FPGA) to demonstrate the implementation and resource overhead. On Cortex-A72 processors, we maintain a clock cycle overhead of under 3%. In addition, when implementing our error detection method on different FPGAs, including Zynq Ultrascale+, Artix-7, and Kintex Ultrascale+, we achieve comparable throughput while introducing a mere 2% increase in area compared with the original hardware implementations.","1557-9999","","10.1109/TVLSI.2023.3341147","U.S. National Science Foundation (NSF)(grant numbers:SaTC-1801488); ","https://ieeexplore.ieee.org/stamp/stamp.jsp?arnumber=10364737","Fault detection;field-programmable gate array (FPGA);reliability;window method","Field programmable gate arrays;Fault detection;Hardware;Elliptic curve cryptography;Error correction codes;Clocks;Very large scale integration","","9","","18","IEEE","18 Dec 2023","March 2024","","IEEE","IEEE Journals"
"A Unified Approach to Strong PUF and TRNG Using Ring Generator for Cryptography","T. -K. Dang; K. -D. Nguyen; T. -T. Hoang; C. -K. Pham","Department of Computer and Network Engineering, The University of Electro-Communications, Chofu, Japan; Department of Computer and Network Engineering, The University of Electro-Communications, Chofu, Japan; Department of Computer and Network Engineering, The University of Electro-Communications, Chofu, Japan; Department of Computer and Network Engineering, The University of Electro-Communications, Chofu, Japan",IEEE Internet of Things Journal,"22 Aug 2025","2025","12","17","36590","36603","Physical unclonable functions (PUFs) and true random number generators (TRNGs) primitives always come in pairs to provide authenticity and unpredictability for cryptographic applications. Specifically, PUF-based authentication presents huge potential for a lightweight, low-power, and efficient solution to secure communication in the Internet of Things Internet of Things (IoT) networks. In any PUF-based scheme, the exchanging materials comprise PUF’s responses and random nonces to generate shared session keys. PUFs offer authentication properties to a device by generating reproducible and device-specific randomness, whereas TRNGs harvest random entropy from physical phenomena to produce completely unpredictable output. This article introduces a design approach to a unified circuit of PUF and TRNG targeting lightweight and versatile to meet the constrained requirements of IoT devices. The design employs the xor-latch (XL) cell to extract uncontrollable manufacturing variances to yield a stable and unique output. Additionally, with specific excitation, it can operate as an oscillator. Multiple XL cells are connected to a ring generator, which serves as a back-end obfuscation structure, to construct a robust strong PUF. Our final design on Xilinx Artix-7 field programmable gate array (FPGA) features a compact hardware footprint of 102 Look-Up tables (LUTs) and 32 flip-flops (FFs), which can be positioned within 26 SLICEs. Various design strategies were employed to assess the feasibility of application-specific integrated circuit (ASIC) implementation. Experimental analyzes of the PUF mode performance have shown that the uniformity, uniqueness, and reliability metrics satisfy the standards, and the design is resistant to state-of-the-art modeling attacks. Furthermore, the TRNG function has undergone rigorous testing, including various health checks and standard random tests recommended by the National Institute of Standards and Technology (NIST) and the German Federal Office for Information Security (BSI).","2327-4662","","10.1109/JIOT.2025.3582869","","https://ieeexplore.ieee.org/stamp/stamp.jsp?arnumber=11048893","field programmable gate array (FPGA);physical unclonable function (PUF);ring generator;true random number generator (TRNG);unified PUF and TRNG","Physical unclonable function;Computer architecture;Authentication;Internet of Things;Cryptography;Protocols;Microprocessors;Field programmable gate arrays;Entropy;Ring generators","","3","","57","IEEE","24 Jun 2025","1 Sept.1, 2025","","IEEE","IEEE Journals"
"How to Attack a Galaxy: From Star Wars to Star Trek","L. Hernández-Álvarez; M. Á. G. de la Torre; E. I. Hernández; L. H. Encinas","Institute for Physical and Information Technologies (ITEFI), Spanish National Research Council (CSIC), Madrid, Spain; Institute for Physical and Information Technologies (ITEFI), Spanish National Research Council (CSIC), Madrid, Spain; Institute for Physical and Information Technologies (ITEFI), Spanish National Research Council (CSIC), Madrid, Spain; Institute for Physical and Information Technologies (ITEFI), Spanish National Research Council (CSIC), Madrid, Spain","2023 Congress in Computer Science, Computer Engineering, & Applied Computing (CSCE)","9 Apr 2024","2023","","","2347","2354","Recently, the National Institute of Standards and Technology set CRYSTALS-Kyber as post-quantum public key encryption/key encapsulation mechanism standard, and CRYSTALS-Dilithium as post-quantum digital signature standard. These post quantum cryptosystems are also recommended for national security systems. As a result, it is important to identify and analyze the weaknesses and potential information leakage points, so that they can be resolved. In this work, we study the newest side channel attacks based on artificial intelligence models against Kyber and Dilithium, focusing on the specific function attacked. We also examine the artificial intelligence algorithms employed in these attacks and their configurations, discussing which parameters and setting are suitable, and identifying different tools that might be useful.","","979-8-3503-2759-5","10.1109/CSCE60160.2023.00381","ORACLE(grant numbers:PCI2020-120691-2,MCIN/AEI/10.13039/501100011033); ","https://ieeexplore.ieee.org/stamp/stamp.jsp?arnumber=10487421","Aritificial Intelligence;Kyber;Dilithium;Multi Layer Perceptron;Post Quantum Cryptography","Training;Quantum computing;Stars;Side-channel attacks;NIST;Reliability;Artificial intelligence","","1","","31","IEEE","9 Apr 2024","24-27 July 2023","24-27 July 2023","IEEE","IEEE Conferences"
"Comprehensive Analysis and Implementation of Isogeny-Based Hash Functions","D. Heo; J. Lee; T. Kang; S. Kim; S. Hong","School of Cybersecurity, Korea University, Seoul, South Korea; School of Cybersecurity, Korea University, Seoul, South Korea; School of Cybersecurity, Korea University, Seoul, South Korea; School of Mathematics, Statistics, and Data Science, Sungshin Women’s University, Seoul, South Korea; School of Cybersecurity, Korea University, Seoul, South Korea",IEEE Access,"8 Nov 2024","2024","12","","162870","162881","This paper analyzes the security and performance of the isogeny-based hash functions. The isogeny-based hash function was first proposed by Charles, Goren, and Lauter, and is referred to as the CGL hash function. However, Lauter and Petit demonstrated that a collision could be found if the endomorphism ring of the starting curve is known. Subsequently, isogeny hash functions that mitigate the Lauter-Petit attack have been proposed. This paper analyzes three methods that counter the Lauter-Petit attack: the methods proposed by Panny, Zaman and Min, and Larsson. In particular, we propose a new isogeny-based hash function SHH, which exploits Panny’s method with Hessian curves. We then analyze the security and performance of the proposed SHH along with the methods by Zaman and Min (SCH) and Larsson (SLH). More specifically, the security was analyzed in the context of the Lauter-Petit attack, collision resistance, and fault tolerance. The analysis in this paper shows that all three algorithms can counter the Lauter-Petit attack. However, for SCH, we demonstrated that collision pairs could be found with carelessly chosen parameters. This paper also provides guidelines for selecting parameters to make SCH collision-resistant. From a fault-tolerance perspective, SCH and SLH are not fault-tolerant. We also present the results of implementing the three algorithms in SageMath. The implementation results show that at the 128-bit security level, hashing a 256-bit message takes 0.130s for SCH, 0.125s for projective-SLH, and 0.162s for SHH. As can be seen from the implementation results, projective-SLH is the most efficient, while SHH performs slower due to the use of a larger finite field.","2169-3536","","10.1109/ACCESS.2024.3491790","National Research Foundation of Korea (NRF); Korea Government (MSIT, Ministry of Science and ICT)(grant numbers:NRF-2020R1A2C1011769); ","https://ieeexplore.ieee.org/stamp/stamp.jsp?arnumber=10743187","Supersingular isogeny;provably secure hash;post-quantum cryptography","Hash functions;Security;Elliptic curves;Resistance;Galois fields;Fault tolerant systems;Quantum computing;Graph theory;Cryptography","","","","26","CCBYNCND","5 Nov 2024","2024","","IEEE","IEEE Journals"
"Parallel Prefix Adders Based Linear Congruential Generator","A. S. Safa; S. Reddy Vanga","Electronics and Communication Engineering, Velagapudi Ramakrishna Siddhartha Engineering College, Vijayawada, India; Electronics and Communication Engineering, Velagapudi Ramakrishna Siddhartha Engineering College, Vijayawada, India","2024 Third International Conference on Electrical, Electronics, Information and Communication Technologies (ICEEICT)","23 Oct 2024","2024","","","1","6","In cryptography pseudo-random generators play a key role; to generate these random bits linear congruential generator is implemented with different parallel prefix adders to increase the speed of operation. LCG module consists of a shifter, adder, multiplexer, and register. In parallel prefix adders, the operation is performed in parallel by dividing into smaller pieces that are done in parallel. To further reduce the number of grey cells and black cells Ladner-Fischer adder is implemented for further reduction in the proposed LCG. In the place of the adder is replaced with different adder structures and is verified with different FPGA families for the utilization and timing report. The architecture is implemented using Verilog HDL, simulated, and synthesized using Vivado.","","979-8-3503-6908-3","10.1109/ICEEICT61591.2024.10718471","","https://ieeexplore.ieee.org/stamp/stamp.jsp?arnumber=10718471","FPGA;HDL;LCG;LFSR;PPA","Multiplexing;Reliability engineering;Generators;Real-time systems;Timing;Registers;Cryptography;Hardware design languages;Adders;Standards","","1","","20","IEEE","23 Oct 2024","24-26 July 2024","24-26 July 2024","IEEE","IEEE Conferences"
"Lightweight True Random Bit Generators in PLDs: Figures of Merit and Performance Comparison","T. Addabbo; A. Fort; R. Moretti; M. Mugnaini; V. Vignoli; M. Garcia Bosque","Department of Information Engineering and Mathematics, University of Siena, Siena, Italy; Department of Information Engineering and Mathematics, University of Siena, Siena, Italy; Department of Information Engineering and Mathematics, University of Siena, Siena, Italy; Department of Information Engineering and Mathematics, University of Siena, Siena, Italy; Department of Information Engineering and Mathematics, University of Siena, Siena, Italy; Universidad de Zaragoza, Zaragoza, AragÃ³n, ES",2019 IEEE International Symposium on Circuits and Systems (ISCAS),"1 May 2019","2019","","","1","5","We investigate and compare three low complexity circuit topologies to be implemented in programmable logic devices, for the design of True Random Bit Generators for Lightweight Cryptography. The architectures, based on the general idea of Digital Nonlinear Oscillators (DNOs), have been compared on the basis of measurement campaigns, carried out referring to figures of merit specifically introduced to assess the quality and reliability of the oscillators under test.","2158-1525","978-1-7281-0397-6","10.1109/ISCAS.2019.8702791","","https://ieeexplore.ieee.org/stamp/stamp.jsp?arnumber=8702791","Programmable Logic Devices;True Random Bit Generators;FPGA","Cryptography;Oscillators;Generators;Standards;Entropy;Programmable logic devices;Reliability","","13","","18","IEEE","1 May 2019","26-29 May 2019","26-29 May 2019","IEEE","IEEE Conferences"
"Design and Image Encryption Implementation of High Performance and Resource-Efficient AES-128 Encryption Architecture","D. B. Thakor; J. Singh; B. Raj","Department of ECE, NIT Sikkim, Ravangla, Sikkim, India; Department of ECE, NIT Sikkim, Ravangla, Sikkim, India; Department of ECE, Dr. B R Ambedkar NIT Jalandhar, Punjab, India",2025 IEEE 19th International Conference on Industrial and Information Systems (ICIIS),"26 Mar 2026","2026","19","","223","227","This paper presents an optimized hardware implementation of the Advanced Encryption Standard (AES-128) encryption algorithm, specifically designed to minimize resource consumption while achieving high throughput. Key optimizations include a fully parallel SubBytes operation utilizing 16 simultaneous S-boxes, runtime key derivation, and a loop-iterated architecture for round execution. This approach enhances processing speed while maintaining hardware efficiency. Functional correctness was rigorously verified using the NIST FIPS-197 standard test vectors, confirming reliable encryption and decryption for all specified cases. The implemented AES architecture achieves a throughput of 4.92 Gbps at 384.6 MHz on a Xilinx Artix-7 FPGA, encrypting 128-bit blocks in 11 clock cycles. Post-synthesis results demonstrate exceptional resource efficiency: utilization rates were 2.14% for Slice LUTs, 1.05% for registers, and 13.7% for BRAM. I/O utilization reached 96.25%, underscoring the design’s compact footprint. To demonstrate practical application, the design was adapted for image processing, successfully encrypting and decrypting a 128×128 pixel grayscale image. The encrypted output exhibited characteristic random noise, while the decrypted image perfectly reconstructed the original. These findings validate the design’s suitability for deploying AES-128 on FPGAs in secure, real-time embedded systems, IoT devices, and defense communication networks.","2690-3423","979-8-3315-7036-1","10.1109/ICIIS69028.2026.11450885","","https://ieeexplore.ieee.org/stamp/stamp.jsp?arnumber=11450885","Advanced Encryption Standard-128;Decryption;FPGA implementation;Xilinx Vivado;Image Processing;Cryptography","Runtime;Throughput;Hardware;Vectors;Encryption;Table lookup;Registers;Reliability;Field programmable gate arrays;Standards","","","","16","IEEE","26 Mar 2026","16-17 Jan. 2026","16-17 Jan. 2026","IEEE","IEEE Conferences"
"A Reliable Approach to Secure IoT Systems Using Cryptosystems Based on SoC FPGA Platforms","T. -K. Tran; T. -P. Dang; T. -T. Bui; H. -T. Huynh","Vietnam National University, Ho Chi Minh City, Vietnam; Vietnam National University, Ho Chi Minh City, Vietnam; Vietnam National University, Ho Chi Minh City, Vietnam; Vietnam National University, Ho Chi Minh City, Vietnam",2021 International Symposium on Electrical and Electronics Engineering (ISEE),"12 May 2021","2021","","","53","58","The use of cryptography algorithms based on hardware to protect the security and privacy of the loT systems is in huge demand. However, hardware-based security systems are similar to software-based in that they can be attacked by a type of malicious code called malware. In this article, we used the self-applied cryptography algorithm on the hardware-based to protect the data security of loT systems, and that gives the trustee than using software-based of hardware-based inform of ASIC chip. Detailly, we have developed an SoC FPGA system including main factors are a built-in ARM processor core, a self-implemented IP core acting as 128-bit AES co-processors, and SDRAM memory. Furthermore, this system has been placed on the DE10-Standard board and ran with an application in Linux operations. Besides, we have applied the DMA technique to obtain high-speed data transfer. As a result, our cryptosystem is compact and can achieve high performance with low frequencies. Details, the DMA Controller and 128-bit AES IP core operate at a frequency of 150 MHz, and they can reach the speed of 1200 Mbps and above 700 Mbps, respectively.","","978-1-6654-1487-6","10.1109/ISEE51682.2021.9418709","Science and Technology Fund(grant numbers:45/2018/H); ","https://ieeexplore.ieee.org/stamp/stamp.jsp?arnumber=9418709","AES 128-bit;DMA;SoC FPGA;loT","Privacy;Linux;Reliability engineering;Malware;Hardware;Cryptography;IP networks","","3","","20","IEEE","12 May 2021","15-16 April 2021","15-16 April 2021","IEEE","IEEE Conferences"
"TVI PUF: A Temperature- and Voltage-Independent PUF With High Resistance to Modeling Attacks","A. Rajaiyan; S. M. Atarodi","Electrical Engineering Department, Sharif University of Technology, Tehran, Iran; Electrical Engineering Department, Sharif University of Technology, Tehran, Iran",IEEE Embedded Systems Letters,"17 Dec 2025","2025","17","6","443","446","Key generation in cryptography is very important, as it helps secure digital communication. physically unclonable functions (PUFs) are among the circuits that ensure security at the hardware level by generating unique keys. However, PUFs are often affected by changes in temperature and voltage, which can impact their reliability. Additionally, PUFs are vulnerable to electromagnetic and modeling attacks, making it essential to use circuits that can resist such threats. In this letter, a temperature- and voltage-independent PUF (TVI PUF) is proposed. This circuit uses a novel two-step (pipeline) structure. This circuit incorporates pipelining and challenge obfuscation. This leads to enhanced reliability and improved resistance to modeling attacks. The proposed circuit is implemented on a Xilinx Zynq7 FPGA and tested under various conditions. The proposed circuit is resilient against both modeling and electromagnetic attacks and operates reliably across a temperature range of  $- 40~^{\circ }$ C to  $150~^{\circ }$ C. Measurement results show that the proposed circuit achieves a bit error rate (BER) of  $1.21\times 10{^{-}11 }$ , uniformity of 50.11%, and uniqueness of 49.89%. The proposed TVI PUF shows a vulnerability rate of 50.47% to modeling attacks. The high reliability (approximately zero BER) and low vulnerability to modeling attacks highlight the advantages of this circuit.","1943-0671","","10.1109/LES.2025.3548895","","https://ieeexplore.ieee.org/stamp/stamp.jsp?arnumber=10915580","Machine learning (ML);modeling attacks;physically unclonable function (PUF);reliable;robust;security","Reliability;Circuits;Integrated circuit modeling;Integrated circuit reliability;Temperature measurement;Security;Hardware;Resistance;Electromagnetics;Pipeline processing","","","","12","IEEE","6 Mar 2025","Dec. 2025","","IEEE","IEEE Journals"
"ECLBC: A Lightweight Block Cipher With Error Detection and Correction Mechanisms","Y. Guo; W. Liu; W. Chen; Q. Yan; Y. Lu","School of Computer Science and Information Security, Guilin University of Electronic Technology, Guilin, Guangxi, China; Guangxi Key Laboratory of Cryptography and Information Security, Guilin University of Electronic Technology, Guilin, Guangxi, China; School of Computer Science and Information Security, Guilin University of Electronic Technology, Guilin, Guangxi, China; School of Computer Science and Information Security, Guilin University of Electronic Technology, Guilin, Guangxi, China; School of Computer Science and Information Security, Guilin University of Electronic Technology, Guilin, Guangxi, China",IEEE Internet of Things Journal,"6 Jun 2024","2024","11","12","21727","21740","Lightweight block ciphers are proposed for Internet of Things (IoT) edge devices to ensure secure data transmission with limited resources. However, past research has been designed on ideal channel models, disregarding the possibility of ciphertext errors caused by channel interference during actual transmission. This omission poses difficulties in ensuring the reliability of the ciphertext, especially in the Internet of Medical Things (IoMT) where resources are limited and data accuracy requirements are high. Designing a highly secure and reliable lightweight block cipher for such situations is one of the most challenging tasks. Hence, we propose a lightweight block cipher ECLBC with error detection and correction mechanisms. For security, ECLBC not only achieves a certain security level in fewer rounds but also achieves a mode transition within AND-rotation-XOR (AND-RX) lightweight block ciphers. This transition involves a shift from the Feistel to the substitution-permutation network (SPN) and from half-round key XOR to full-round key XOR. For reliability, ECLBC supports detecting and correcting erroneous ciphertext due to channel interference. Given the resource-constrained nature of IoMT devices, we implement the detection and correction mechanism of ECLBC based on the linear block code. Finally, various classical cryptography methods are employed to analyze the performance and security of the ECLBC.","2327-4662","","10.1109/JIOT.2024.3376527","","https://ieeexplore.ieee.org/stamp/stamp.jsp?arnumber=10468604","AND-rotation-XOR (AND-RX);error detection and correction;Internet of Medical Things (IoMT);lightweight block cipher;substitution-permutation network (SPN)","Ciphers;Encryption;Security;Reliability;Cryptography;Hardware;Interference","","16","","51","IEEE","18 Mar 2024","15 June15, 2024","","IEEE","IEEE Journals"
"DESCO: Decomposition-Based Co-Design to Improve Fault Tolerance of Security-Critical Tasks in Cyber Physical Systems","W. Jiang; X. Liao; J. Zhan; D. Adhikari; K. Jiang","School of Information and Software Engineering, University of Electronic Science and Technology of China, Chengdu, Sichuan, China; School of Information and Software Engineering, University of Electronic Science and Technology of China, Chengdu, Sichuan, China; School of Information and Software Engineering, University of Electronic Science and Technology of China, Chengdu, Sichuan, China; School of Information and Software Engineering, University of Electronic Science and Technology of China, Chengdu, Sichuan, China; Advanced Safety Department, Aptiv, Goteborg, Sweden",IEEE Transactions on Computers,"9 May 2023","2023","72","6","1652","1665","Confidentiality-Specific Faults (CSFs) will put cyber physical systems in threat, since they can result in corrupted information or even retrieve the cryptographic key of security-critical applications. In this paper, we will look into fault-tolerant co-design optimization for security-critical cyber physical systems with resource constraints, such that the encryption/decryption of confidential messages are protected against transient CSF faults. We consider imperfect fault detection mechanisms to identify transient CSF faults happened on confidentiality protection, and utilize duplication code to recovery from such faults. We utilize FPGA to accelerate the executions of security tasks, reducing the overheads of fault-tolerant implementations. The system-level design problem is formulated as a two-objective optimization problem, i.e., to minimize the average reliability degradation of the fault tolerant assignments and to minimize the balanced degree of the reliability degradation, subject to available FPGA budget, deadline, and application execution constraints. Since finding Pareto-optimal solutions is NP-hard, we propose an improved multi-objective optimization algorithm, called DEcomposition-based Security Co-design Optimization (DESCO), to search for Pareto-optimal solutions of fault-tolerant assignments. Experimental results demonstrate that DESCO is effective and can outperform other candidates, proving that our approach is promising in dealing with system-level optimization problem for security-critical applications on cyber physical systems.","1557-9956","","10.1109/TC.2022.3218987","National Natural Science Foundation of China(grant numbers:62072076); Natural Science Foundation of Sichuan, China(grant numbers:2022NSFSC0500); ","https://ieeexplore.ieee.org/stamp/stamp.jsp?arnumber=9935295","Confidentiality-specific faults;decomposition-based optimization;security co-design;security-critical cyber physical systems","Task analysis;Field programmable gate arrays;Security;Fault tolerant systems;Fault tolerance;Transient analysis;Cryptography","","2","","42","IEEE","2 Nov 2022","1 June 2023","","IEEE","IEEE Journals"
"Wireless Reseeding Scheme for Lightweight PRNG Architecture on FPGA -Design and Analysis","S. R; V. S. Madhukar; S. V; K. S; N. K. H; S. J","School of Computing, SASTRA Deemed University, Thanjavur, India; School of EEE, SASTRA Deemed University, Thanjavur, India; School of EEE, SASTRA Deemed University, Thanjavur, India; School of Computing, SASTRA Deemed University, Thanjavur, India; School of Arts Science, Humanities and Education SASTRA Deemed University, Thanjavur, India; School of EEE, SASTRA Deemed University, Thanjavur, India",2024 Control Instrumentation System Conference (CISCON),"2 Oct 2024","2024","","","1","6","Internet of Things (IoT) devices need to be developed with security considerations in mind for security reasons. Creating quick and safe cryptography modules is necessary for designing secure IoT devices. These modules include the Pseudo Random Number Generator (PRNG), which can be constructed in various ways. Specific techniques include using chaotic maps; in these situations, the chosen chaotic map must be easily implemented in a digital device utilizing the IEEE-754 floating-point standard. Additionally, the chaotic map must produce number sequences with a uniform statistical distribution. This study illustrates the implementation of a PRNG using a Tinkerbell map on FPGA. It takes only a few milliseconds to construct the pseudo-random sequences. The suggested PRNG has proven successful, as demonstrated by NIST SP 800-22 randomization, Hamming, and Shannon-Entropy tests. The resources used to reinforce the security measures reflect 0.73mW of power dissipation and <1% Hardware Utility, thereby increasing the system's overall efficiency.","","979-8-3503-7548-0","10.1109/CISCON62171.2024.10696289","","https://ieeexplore.ieee.org/stamp/stamp.jsp?arnumber=10696289","FPGA;wireless reseeding;lightweight pseudorandom number generator;NIST SP 800-22 randomization tests;Hamming test;Shannon-Entropy test","Wireless communication;Statistical distributions;NIST;Reliability engineering;Entropy;Internet of Things;Cryptography;Communication system security;Standards;Field programmable gate arrays","","","","17","IEEE","2 Oct 2024","2-3 Aug. 2024","2-3 Aug. 2024","IEEE","IEEE Conferences"
"Error Detection Constructions for ITA Finite Field Inversions Over $\text{GF}(2^{m})$ on FPGA Using CRC and Hamming Codes","A. Cintas-Canto; M. M. Kermani; R. Azarderakhsh","School of Technology and Innovation, Marymount University, Virginia, VA, USA; Department of Computer Science and Engineering, University of South Florida, Tampa, FL, USA; Department of Computer and Electrical Engineering and Computer Science, Florida Atlantic University, Boca Raton, FL, USA",IEEE Transactions on Reliability,"1 Jun 2023","2023","72","2","651","661","Finite field arithmetic operations over $\text{GF}(2^{m})$ are widely used in critical applications, such as cryptography, coding theory, error-correcting codes, and digital signal processing. Finite field inversions are the most time-consuming operations among other widely-used ones and require a large footprint as well as power/energy to be performed. To reduce such complexity, the Itoh–Tsujii algorithm (ITA) has received prominent attention in the literature; however, implementations using ITA are still vulnerable to natural very-large-scale integration defects. To overcome the challenge of detecting naturally-induced faults in such constructions, for the first time, we propose error detection schemes based on Hamming codes for architectures performing finite field inversions using the ITA algorithm over $\text{GF}(2^{m})$ with polynomial basis. Additionally, CRC-oriented error detection schemes for inversions in $\text{GF}(2^{m})$ with normal basis are also studied and new approaches to protect them are presented. In this article, general formulations are provided along with different case studies to show the feasibility of our schemes with any finite field size. Moreover, field-programmable gate array (FPGA) implementations are performed on two Xilinx FPGA families, i.e., Kintex UltraScale+ and Xilinx Virtex-7 UltraScale+, to verify that the overheads added by the error detection architectures to provide reliability are suitable for deeply-constrained embedded systems.","1558-1721","","10.1109/TR.2022.3216014","Marymount University(grant numbers:2450100); National Science Foundation(grant numbers:SaTC-1801488); ","https://ieeexplore.ieee.org/stamp/stamp.jsp?arnumber=9934024","Fault detection;field-programmable gate array (FPGA);finite field inversion;hamming codes","Codes;Finite element analysis;Logic gates;Very large scale integration;Complexity theory;Arithmetic;Gaussian processes","","61","","41","IEEE","1 Nov 2022","June 2023","","IEEE","IEEE Journals"
"Hamming Distance aware Fault Analysis for LTLBC","Y. Nozaki; S. Takemoto; M. Yoshikawa","Dept. Information Engineering, Meijo University, Nagoya, Japan; Dept. Information Engineering, Meijo University, Nagoya, Japan; Dept. Information Engineering, Meijo University, Nagoya, Japan",2025 IEEE International Conference on Smart Internet of Things (SmartIoT),"31 Dec 2025","2025","","","286","291","Low-latency lightweight cryptography is attracting attention as a promising security solution for Internet of Things (IoT) devices. LTLBC is a low-latency lightweight cryptography introduced in 2024, which has a smaller circuit size and lower latency than conventional cryptographic algorithms. These cryptographic algorithms ensure computational security. However, risks such as fault analysis using information from cryptographic hardware implementations have been reported, and it is important to evaluate the tamper resistance (security) against this analysis. Therefore, this study evaluates the security of LTLBC against fault analysis. Experimental results show that all subkeys can be recovered with as few as 20 ciphertext pairs when the fault injection probability is 20%.","2770-2677","979-8-3315-5978-6","10.1109/SmartIoT66867.2025.00047","","https://ieeexplore.ieee.org/stamp/stamp.jsp?arnumber=11311670","security;lightweight cryptography;ltlbc;side-channel analysis;fault analysis","Resistance;Hardware;Circuit faults;Cryptography;Internet of Things;Hamming distances;Low latency communication;Clocks","","","","19","IEEE","31 Dec 2025","17-20 Nov. 2025","17-20 Nov. 2025","IEEE","IEEE Conferences"
"Low Power Advanced Encryption Standard Design Using Finite State Machine Guided Split SubBytes","K. Nayak; A. Bisoyi","School of Electronic Sciences, Odisha University of Technology and Research, Bhubaneswar, India; School of Electronic Sciences, Odisha University of Technology and Research, Bhubaneswar, India","2025 International Conference on Modeling, Simulation & Intelligent Computing (MoSICom)","2 Mar 2026","2025","","","650","655","Traditional Field Programmable Gate Array (FPGA) based Advanced Encryption Standard (AES) architectures usually suffer from dynamic power consumption due to parallel S-box operations in the SubBytes transformation. To overcome this issue, a finite state machine (FSM) controlled Split SubBytes AES 128 architecture was introduced and synthesized on Zynq 7000 ZC702 Evaluation Board (xc7z020clg484-1) FPGA using Vivado v.2024.2 tool in which eight S-boxes reused over two sequential subcycles achieving 6.107 ns critical path delay, 22% power reduction and 163.7 MHz operating frequency compared with the traditional AES core. The comparative evaluation with existing works confirm that proposed FSM based architecture offers an effective power and performance trade-offs and the fault tolerant design maintains timing with 28% power overhead ensuring balance between efficiency and reliability.","","979-8-3315-7391-1","10.1109/MoSICom67153.2025.11398323","","https://ieeexplore.ieee.org/stamp/stamp.jsp?arnumber=11398323","AES 128;Cryptography;Fault Tolerant Encryption;Lightweight Encryption;IoT;Verilog;Split SubBytes;Fault Detection;FSM;FPGA","Fault tolerance;Fault tolerant systems;Automata;Computer architecture;Reliability engineering;Encryption;Internet of Things;Field programmable gate arrays;Standards;S Box","","","","23","IEEE","2 Mar 2026","10-12 Dec. 2025","10-12 Dec. 2025","IEEE","IEEE Conferences"
"High Throughput-to-Area AES: The Role of Small S-Box in Lightweight Cryptographic Design","Y. S. Vaz; J. C. B. Mattos; R. I. Soares","Technological Development Center, Federal University of Pelotas (UFPel), Pelotas, Brazil; Technological Development Center, Federal University of Pelotas (UFPel), Pelotas, Brazil; Technological Development Center, Federal University of Pelotas (UFPel), Pelotas, Brazil",2025 IEEE 16th Latin America Symposium on Circuits and Systems (LASCAS),"22 Apr 2025","2025","1","","1","5","Data security is an essential prerequisite for the effective functioning of modern systems. It guarantees the secure transmission of information to thwart unauthorized access and potential data breaches. Cryptography plays an indispensable role in safeguarding sensitive data during communication. The Advanced Encryption Standard (AES) is an esteemed choice among symmetric key algorithms, owing to its proven reliability and robust security features. Despite its extensive adoption, optimizing AES implementations to achieve high throughput while minimizing hardware resource consumption, particularly in area, is a significant challenge. This study addresses the challenge of reducing area usage while enhancing the throughput of the algorithm by focusing on improving the throughput-to-area efficiency of AES through a novel hardware implementation. This approach introduces an optimized SubBytes stage featuring a smaller S-box comprising just 16 elements. The proposed optimization enables an enhanced throughput per area (Mbpslk-gate), providing a more balanced solution for lightweight en-cryption applications. It allowed a notable area reduction of 84%, alongside doubling the maximum frequency compared to the original implementation. In terms of throughput-to-area efficiency, the optimizations resulted in a value 12.5 times greater than the original design's. Furthermore, the security robustness of the modified algorithm is confirmed through three distinct security tests, validating its reliability and suitability for practical deployment.","2473-4667","979-8-3315-2212-4","10.1109/LASCAS64004.2025.10966232","Coordenaçõo de Aperfeiçoamento de Pessoal de Nivel Superior - Brasil(grant numbers:001); ","https://ieeexplore.ieee.org/stamp/stamp.jsp?arnumber=10966232","AES Optimization;Throughput-to-Area Efficiency;Lightweight Cryptography;Hardware Implementation;S-Box Reduction","Performance evaluation;Side-channel attacks;NIST;Throughput;Hardware;Robustness;Internet of Things;Optimization;Standards;S Box","","","","11","IEEE","22 Apr 2025","25-28 Feb. 2025","25-28 Feb. 2025","IEEE","IEEE Conferences"
"Partial Recomputation Fault Detection Architecture for Multiple-Precision Montgomery Modular Multiplication","S. Aghapour; K. Ahmadi; M. Mozaffari Kermani; R. Azarderakhsh","Department of Computer Science and Engineering, University of South Florida, Tampa, FL, USA; Department of Computer Science and Engineering, University of South Florida, Tampa, FL, USA; Department of Computer Science and Engineering, University of South Florida, Tampa, FL, USA; Department of Computer and Electrical Engineering and Computer Science, Florida Atlantic University, Boca Raton, FL, USA",IEEE Transactions on Computer-Aided Design of Integrated Circuits and Systems,"21 Jan 2026","2026","45","2","1042","1046","Detection of soft errors and faults are one of the most critical factors in ensuring the reliability of algorithm implementations. Multiplication, as a fundamental and computationally intensive operation, is particularly vulnerable to such errors. Given its widespread use in cryptography and coding applications, detecting these errors is crucial. For example, in hash functions, even a single-bit change in the input can completely alter the output ([ideally, each bit of the output changes with a probability of  ${}({1}/{2}])$ . Montgomery multiplication as an efficient multiplication method is an integral part of numerous cryptographic applications expanding both classical and post quantum cryptography. For that reason, this brief introduces a fault detection method for the multiple-precision Montgomery modular multiplication algorithm based on partial recomputation. Through extensive simulations and implementations, we demonstrate that our approach efficiently detects both permanent and transient errors with a high-success rate, while imposing modest area and time overhead on the system.","1937-4151","","10.1109/TCAD.2025.3592590","National Science Foundation(grant numbers:SaTC-2350213); ","https://ieeexplore.ieee.org/stamp/stamp.jsp?arnumber=11096080","Cryptography;fault detection;FPGA;Montgomery modular multiplication","Fault detection;Encoding;Circuit faults;Integrated circuit modeling;Field programmable gate arrays;Delays;Transient analysis;Training;Software algorithms;Side-channel attacks","","5","","24","IEEE","24 Jul 2025","Feb. 2026","","IEEE","IEEE Journals"
"PRO-GAGE: A High Performance Compact GAGE Hash Function Processor for Small Space Technology","M. El-Hadedy; M. Margala; S. Mosanu; D. Gligorosk; W. -M. Hwu","ECE, California State Polytechnic University, Pomona (CPP); ECE, University of Massachusetts, Lowell (UML); CPE, University of Virginia, Charlottesville (UVA); ISCT, Norwegian University of Science and Technology, Trondheim (NTNU); CSL, University of Illinois at Urbana-Champaign (UIUC)",2021 IEEE Space Computing Conference (SCC),"28 Sep 2021","2021","","","9","16","There is a growing demand for small devices for aerospace and near-orbit applications such as CubeSats, airships, and others, which demand comprehensive functionality, computational capability and reliability. These small systems depend on limited power budgets, sufficient computational power, and accuracy. Secure and reliable operation of these devices is also a fundamental matter as the interest (from both private and public sectors) in exploring space is continuously increasing. At present, open space is considered an insecure environment and therefore increases the demand for constrained security primitives on these flying devices. However, many such features require significant power, which affects the battery lifetime. In this paper, we propose and evaluate the area, power and performance of a novel High Performance Compact low-power GAGE hash function processor called PRO-GAGE. The results show PRO-GAGE is 29x faster and 7x more power-efficient than the reported implementation of GAGE hash function on the AVR ATMEGA 328p micro-controller.","","978-1-6654-2400-4","10.1109/SCC49971.2021.00009","Air Force Research Laboratory; Air Force Office of Scientific Research; ","https://ieeexplore.ieee.org/stamp/stamp.jsp?arnumber=9546284","Cryptography;Small devices;FPGA;ASIC;IoT","Hash functions;Performance evaluation;Ciphers;Power demand;Authentication;Space exploration;Reliability","","7","","14","IEEE","28 Sep 2021","23-27 Aug. 2021","23-27 Aug. 2021","IEEE","IEEE Conferences"
"Efficient Partial Recomputation-Based Fault Detection Approaches for Z-transform","S. Aghapour; K. Ahmadi; M. Mozaffari Kermani; R. Azarderakhsh","Department of Computer Science and Engineering, University of South Florida, Tampa, FL, USA; Department of Computer Science and Engineering, University of South Florida, Tampa, FL, USA; Department of Computer Science and Engineering, University of South Florida, Tampa, FL, USA; Department of Computer and Electrical Engineering and Computer Science, Florida Atlantic University, Boca Raton, FL, USA",IEEE Transactions on Very Large Scale Integration (VLSI) Systems,"8 Jul 2025","2025","33","7","1983","1993","The Z-transform is a fundamental and strong tool being widely utilized in signal processing and various other applications such as communications and networking. By analyzing the Z-transform of a signal, one can extract critical information about its stability, causality, frequency response, energy and power, and overall behavior of the signal. However, errors caused either by environmental changes or malicious injections in large-scale integration (VLSI) implementations can critically compromise the integrity and reliability of its output. Failure to detect such faults may result in unpredictable, erroneous, and misleading function analyses. Therefore, the ability to detect soft errors and faults before accepting the results is of paramount importance. In this article, we propose an efficient fault detection method that combines algorithmic-level checks with partial recomputation to identify both transient and permanent faults with a high error coverage rate across various injection scenarios. The AMD/Xilinx field-programmable gate array (FPGA) implementation of our design demonstrated only a modest increase in time and area overhead. To the best of our knowledge, fault detection for the Z-transform function has not been previously studied.","1557-9999","","10.1109/TVLSI.2025.3560154","US National Science Foundation (NSF)(grant numbers:SaTC-1801488); ","https://ieeexplore.ieee.org/stamp/stamp.jsp?arnumber=10981316","Fault diagnosis;field-programmable gate array (FPGA);reliability;Z-transform","Fault detection;Reliability;Field programmable gate arrays;Cryptography;Computer architecture;Signal processing algorithms;Fault diagnosis;Very large scale integration;Transforms;Encoding","","6","","33","IEEE","30 Apr 2025","July 2025","","IEEE","IEEE Journals"
"True Random Number Generator Prototype Implemented in an FPGA","R. Oliveira; J. Cabacinho; L. Oliveira; J. Casaleiro","DEEC-FCT NOVA CTS-UNINOVA and LASI, Monte da Caparica, Portugal; DEEC-FCT NOVA CTS-UNINOVA and LASI, Monte da Caparica, Portugal; DEEC-FCT NOVA CTS-UNINOVA and LASI, Monte da Caparica, Portugal; ISEL-IPL CTS-UNINOVA and LASI, Monte da Caparica, Portugal",2023 7th International Young Engineers Forum (YEF-ECE),"8 Aug 2023","2023","","","95","99","True Random Number Generators (TRNGs) are one popular solution in hardware-based cryptographic systems, aiding in the security and reliability of data exchange. Their operation is based on physical phenomena and these can be used in applications such as key generation or random challenges. Implementing this type of circuits in FPGA allows for fast prototyping and easy integration.In this paper, we propose a prototype of a TRNG system based on Ring Oscillator (RO) structures that is lightweight, using less than 100 LookUp Tables (LUTs), and does not use post-processing modules. When compared to other state-of-the-art architectures, our prototype adds to a basic entropy source a simple module that uses only basic logic elements, resulting in greater jitter accumulation while keeping the overall architecture small. These characteristics also allow for easy modifications on the circuit to be done and make the design suitable for ASIC platform porting.The proposed architecture has been implemented on a Xilinx Zynq-7000 Zybo Z7-20 FPGA and it is able to pass all the National Institute of Standards and Technology (NIST) statistical tests, showing promise in future applications.","","979-8-3503-0042-0","10.1109/YEF-ECE58420.2023.10209297","","https://ieeexplore.ieee.org/stamp/stamp.jsp?arnumber=10209297","Security;Cryptography;TRNG;Entropy;Jitter;Ring Oscillator","Ring oscillators;Prototypes;NIST;Logic gates;Jitter;Inverters;Generators","","2","","13","IEEE","8 Aug 2023","7-7 July 2023","7-7 July 2023","IEEE","IEEE Conferences"
"High-Reliability True Random Number Generator With Real-Time Entropy Monitor","P. Realpe-Muñoz; J. Erazo-Aux; J. Velasco-Medina","Facultad de Ingenierías, Institución Universitaria Antonio José Camacho, Cali, Colombia; Escuela de Ingeniería Eléctrica y Electrónica, Universidad del Valle, Cali, Colombia; Facultad de Ingenierías, Institución Universitaria Antonio José Camacho, Cali, Colombia",2026 IEEE 17th Latin America Symposium on Circuits and System (LASCAS),"31 Mar 2026","2026","","","1","5","This paper presents the design of a high-reliability True Random Number Generator (TRNG), which consists of a ring oscillator block that incorporates a Von Neumann corrector, a dual-clock First-In First-Out (FIFO) block, a real-time entropy monitor that uses binary Shannon entropy for early fault detection in the entropy source, and two FSMs. To validate the reliability of the proposed TRNG, the repetition count test (RCT) and the adaptive proportion test (APT), as recommended by NIST SP 800-90B, were carried out. Additionally, a Universal Asynchronous Receiver-Transmitter (UART) interface was implemented to transmit the bits generated by the TRNG to a PC. TRNG was synthesized on a Field-Programmable Gate Array (FPGA) device (Cyclone V 5CSEBA6U23IE), evaluated using the NIST 800-22 statistical test suite, and verified in hardware using the DE10-Nano board and the Signal Tap tool. The synthesis results show that TRNG exhibits good performance with a low area resource requirement. According to the results, TRNG achieves a throughput of $\mathbf{5 0. 7 5 ~ M b p s}$ with a measured entropy of 0.9959 bits/bit, utilizing 274 LUTs, 24-kbit of ROM, and consuming 224.36 mW of power.","2473-4667","979-8-3315-7097-2","10.1109/LASCAS67804.2026.11457168","","https://ieeexplore.ieee.org/stamp/stamp.jsp?arnumber=11457168","True random number generator;field programmable gate arrays;ring oscillators;Von Neumann corrector;entropy monitor","Ring oscillators;NIST;Throughput;Entropy;Real-time systems;Generators;Internet of Things;Cryptography;Monitoring;Field programmable gate arrays","","","","15","IEEE","31 Mar 2026","24-27 Feb. 2026","24-27 Feb. 2026","IEEE","IEEE Conferences"
"Advanced QKD Protocols and Practical Challenges","M. Rajpurohit; K. M. Deka; V. P. Singh; H. P","Centre for Development of Advanced Computing, Quantum Technology Group, Bengaluru, India; Centre for Development of Advanced Computing, Quantum Technology Group, Bengaluru, India; Centre for Development of Advanced Computing, Quantum Technology Group, Bengaluru, India; Centre for Development of Advanced Computing, Quantum Technology Group, Bengaluru, India",2024 IEEE International Conference on Public Key Infrastructure and its Applications (PKIA),"29 Oct 2024","2024","","","1","8","Quantum Key Distribution (QKD) is an emerging field in private key cryptography. Recent advancements in quantum cryptography are focused on developing more secure protocols, particularly in response to the real time implementations of quantum hacking. Our research article focuses on Measurement-Device-Independent (MDI) and Twin-Field (TF) Quantum Key Distribution protocols, addressing the challenges associated with their implementation. We have discussed the implementation of a discrete phase randomization technique and phase slicing for Twin-Field (TF) Quantum Key Distribution, along with the integration of a random number generator (RNG). In our work, we designed and implemented initial quantum state preparation and the control electronics for an advanced Quantum Key Distribution system using an FPGA board.","","979-8-3503-5197-2","10.1109/PKIA62599.2024.10727858","","https://ieeexplore.ieee.org/stamp/stamp.jsp?arnumber=10727858","MDI-QKD;TF-QKD;Phase Randomization;QKD Control Electronics Architecture","Protocols;RF signals;Quantum state;Generators;Real-time systems;Quantum key distribution;Reliability;Voltage control;Quantum cryptography;Field programmable gate arrays","","","","30","IEEE","29 Oct 2024","5-6 Sept. 2024","5-6 Sept. 2024","IEEE","IEEE Conferences"
"A Tale of Two Models: Discussing the Timing and Sampling EM Fault Injection Models","R. Nabhan; J. -M. Dutertre; J. -B. Rigaud; J. -L. Danger; L. Sauvage","Mines Saint-Etienne, CEA, Leti, Centre CMP, Gardanne, France; Mines Saint-Etienne, CEA, Leti, Centre CMP, Gardanne, France; Mines Saint-Etienne, CEA, Leti, Centre CMP, Gardanne, France; LTCI, Télécom Paris, Institut Mines-Telecom, Palaiseau, France; LTCI, Télécom Paris, Institut Mines-Telecom, Palaiseau, France",2023 Workshop on Fault Detection and Tolerance in Cryptography (FDTC),"12 Apr 2024","2023","","","1","12","Investigating the dynamics and mechanisms of Electromagnetic Fault Injection (EMFI) attacks, which expose an active circuit to electromagnetic disturbances, presents a persisting challenge due to the diverse and complex fault mechanisms involved. An improved understanding of EMFI modeling is paramount for developing proficient on-chip detection sensors, serving as countermeasures to these attacks. In light of this, our research evaluated the effectiveness of EMFI detection sensors, introduced by Elbaze et al., which rest on the premise that the sampling fault model accounts for EMFI. To assess the functionality of these sensors, we integrated them into an Advanced Encryption Standard (AES) accelerator of a Field-Programmable Gate Array (FPGA) and performed a series of experiments. The resulting evidence suggests that the explanation for EMFI is not a singular fault model but rather, two underlying mechanisms are implicated. At high frequencies, which corresponds to low slack, electromagnetic disturbances, in tandem with the target's Power Distribution Network (PDN), initiated timing constraint violations. This violation subsequently increased the logic propagation times, surpassing the clock period. Contrarily, at low to moderate frequencies, the induced faults generally aligned with the sampling fault model. However, certain deviations from the theoretical framework called into question the model's validity. Upon a deeper examination of the results, we determined that these faults, rather than being sampling faults, were tied to a different mechanism. Electromagnetic disturbances, when coupled with a target's Clock Distribution Network (CDN), can cause timing constraint violations due to EMFI-induced voltage glitches within the target's clock tree. By integrating the mechanisms of EMFI-induced clock glitches and timing faults into the timing violations fault model, we attain a holistic comprehension of EMFI mechanisms. It encapsulates both mechanisms induced by EMFI, spanning the full-frequency spectrum of the target.","2995-0252","979-8-3503-4252-9","10.1109/FDTC60478.2023.00010","French National Research Agency (ANR)(grant numbers:ANR-20-CYAL-0007); ","https://ieeexplore.ieee.org/stamp/stamp.jsp?arnumber=10495116","EMFI;timing violations fault model;EMFI-induced clock glitches;timing faults;sampling fault model;fully digital sensor","Couplings;Voltage;Timing;Sensors;Circuit faults;High frequency;Integrated circuit modeling","","13","","13","IEEE","12 Apr 2024","10-10 Sept. 2023","10-10 Sept. 2023","IEEE","IEEE Conferences"
"Efficient Homomorphic Encryption Accelerator With Integrated PRNG Using Low-Cost FPGA","I. Syafalni; G. Jonatan; N. Sutisna; R. Mulyawan; T. Adiono","Electrical Engineering Department, School of Electrical Engineering and Informatics, Bandung Institute of Technology, Bandung, Indonesia; University Center of Excellence on Microelectronics, Bandung Institute of Technology, Bandung, Indonesia; Electrical Engineering Department, School of Electrical Engineering and Informatics, Bandung Institute of Technology, Bandung, Indonesia; Electrical Engineering Department, School of Electrical Engineering and Informatics, Bandung Institute of Technology, Bandung, Indonesia; Electrical Engineering Department, School of Electrical Engineering and Informatics, Bandung Institute of Technology, Bandung, Indonesia",IEEE Access,"24 Jan 2022","2022","10","","7753","7771","With recent development in internet speed and reliability, cloud computing has become a more reliable solution for the user. In many cases where data privacy is critical, fully homomorphic encryption (FHE) can be a security solution for securing cloud computing. FHE enables computation on encrypted data, hence it ensures data privacy in case of cloud computing. One popular scheme of FHE is the BFV homomorphic encryption scheme, which is based on ring learning with error (RLWE) computation. The BFV scheme uses ring polynomials as the main object, hence its encryption, decryption, and evaluation require high-degree polynomial multiplication. In this paper, we present comprehensive design and implementation of a hardware architecture to accelerate encryption and decryption in BFV scheme. Our accelerator uses convolution approach for calculating a polynomial multiplication. To implement the convolution, we use a systolic array to calculate polynomial convolution followed by a simple delayed subtraction to calculate polynomial modulo reduction inside our accelerator’s core. Moreover, we use a built-in Gaussian pseudo-random number generator (PRNG) to generate Gaussian noise in the encryption operations. Finally, we implement the 1024 degrees BFV accelerator on the Xilinx PYNQ Z1 board and compare the encryption and decryption performances to other methods as well as a software implementation on Intel Core i7 with 8GB memory. Experimental results show that our accelerator outperforms the clock cycles of other methods with the same polynomial degrees 1024 up to  $22\times $ . Moreover, our proposed Gaussian PRNG has better  $2\times $  correlation compared to the rotation-only-based PRNG. Finally, our accelerator accelerates up to  $9\times $  for encryption and  $3.5\times $  for decryption as well as  $6.8\times $  for overall compared to Microsoft SEAL on Intel Core i7 processor with 8GB memory. The proposed design is scalable for higher degrees polynomial multiplication and useful for security technology such as high-speed secure cloud computing, blind computing, and secure communication.","2169-3536","","10.1109/ACCESS.2022.3143804","Indonesian Ministry of Research and Technology/National Agency for Research and Innovation (Kemenristek/BRIN); ","https://ieeexplore.ieee.org/stamp/stamp.jsp?arnumber=9682693","BFV scheme;fully homomorphic encryption;Gaussian PRNG;hardware accelerator;systolic array","Homomorphic encryption;Cryptography;Cloud computing;Convolution;Data privacy;Systolic arrays;Software","","32","","47","CCBYNCND","14 Jan 2022","2022","","IEEE","IEEE Journals"
"Coding Design","P. Hung; H. Kan; G. Knopf",Maxeler Technologies; Beijing University; Advanced Micro Devices,Edge Computing Acceleration: From 5G to 6G and Beyond,"","2025","","","89","124","Summary <p>Chapter 4 investigates the coding design in 5G and 6G networks, focusing on techniques to ensure data integrity and security. It details various error correction codes such as block codes, convolutional codes, Turbo codes, LDPC codes, and Polar codes, explaining their roles in maintaining data accuracy and reliability. The chapter also explores essential security components, including encryption, authentication, access control, intrusion detection, and data loss prevention. Additionally, it covers security codes, discussing Public Key Infrastructure (PKI), symmetric and asymmetric cryptography, and standards like AES, RSA, and ECC. Emerging security topics for 5G/6G, such as blockchain, lightweight encryption algorithms, network codes, post‐quantum cryptography, homomorphic encryption, and zero‐knowledge proof, are examined for their potential to enhance the security and reliability of 5G/6G networks.</p>","","9781119813859","10.1002/9781119813873.ch4","","https://ieeexplore.ieee.org/xpl/ebooks/bookPdfWithBanner.jsp?fileName=10783124.pdf&bkn=10783067&pdfType=chapter","","Codes;Error correction codes;Decoding;Reliability theory;Redundancy;Signal to noise ratio;Intrusion detection;Data integrity;Cryptography;Throughput","","","","","","6 Dec 2024","","","IEEE","Wiley-IEEE Press eBook Chapters"
"Reliable and Fault Diagnosis Architectures for Hardware and Software-Efficient Block Cipher KLEIN Benchmarked on FPGA","A. Aghaie; M. Mozaffari Kermani; R. Azarderakhsh","Department of Electrical and Microelectronic Engineering, Rochester Institute of Technology, Rochester, NY, USA; Department of Computer Science and Engineering, University of South Florida, Tampa, FL, USA; Department of Computer and Electrical Engineering and Computer Science, Florida Atlantic University, Boca Raton, FL, USA",IEEE Transactions on Computer-Aided Design of Integrated Circuits and Systems,"19 Mar 2018","2018","37","4","901","905","Security-sensitive usage models, such as implantable and wearable medical devices are prone to algorithmic cryptographic attacks as well as malicious implementation attacks. The cryptographic algorithms in these cryptosystems, such as lightweight block ciphers utilized in constrained applications, face significant tradeoff between the high level of security and the efficiency of their implementation metrics. For thwarting fault analysis attacks, among effective variants of active implementation attacks, and also to detect natural faults, efficient fault diagnosis schemes for these lightweight block ciphers are essential. In this paper, for the first time, we propose error detection schemes for lightweight block cipher, KLEIN, to ameliorate its error resiliency with low hardware complexity. The proposed fault diagnosis architectures are for linear and nonlinear components of this cipher. We also consider the notion of fault space transformation for lightweight cryptography and present its potential complications. The implementation of the proposed schemes through variants of Xilinx field-programmable gate arrays and the error coverage assessed with fault injection simulations show the effectiveness of the proposed schemes with acceptable footprints.","1937-4151","","10.1109/TCAD.2017.2740286","U.S. Federal Agency from the U.S. Department of Commerce, National Institute of Standards and Technology(grant numbers:60NANB16D245); ","https://ieeexplore.ieee.org/stamp/stamp.jsp?arnumber=8012548","Fault detection;field-programmable gate array (FPGA);KLEIN;signature-based scheme","Schedules;Ciphers;Circuit faults;Computer architecture;Hardware;Logic gates","","18","","13","IEEE","17 Aug 2017","April 2018","","IEEE","IEEE Journals"
"Hardware-Oriented Algebraic Fault Attack Framework with Multiple Fault Injection Support","M. Gay; T. Paxian; D. Upadhyaya; B. Becker; I. Polian","Chair of Hardware Oriented Computer Science, University of Stuttgart, Stuttgart, Germany; Chair of Computer Architecture, University of Freiburg, Freiburg, Germany; Chair of Hardware Oriented Computer Science, University of Stuttgart, Stuttgart, Germany; Chair of Computer Architecture, University of Freiburg, Freiburg, Germany; Chair of Hardware Oriented Computer Science, University of Stuttgart, Stuttgart, Germany",2019 Workshop on Fault Diagnosis and Tolerance in Cryptography (FDTC),"19 Sep 2019","2019","","","25","32","The evaluation of fault attacks on security-critical hardware implementations of cryptographic primitives is an important concern. In such regards, we have created a framework for automated construction of fault attacks on hardware realization of ciphers. The framework can be used to quickly evaluate any cipher implementations, including any optimisations. It takes the circuit description of the cipher and the fault model as input. The output of the framework is a set of algebraic equations, such as conjunctive normal form (CNF) clauses, which is then fed to a SAT solver. We consider both attacking an actual implementation of a cipher on an field-programmable gate array (FPGA) platform using a fault injector and the evaluation of an early design of the cipher using idealized fault models. We report the successful application of our hardware-oriented framework to a collection of ciphers, including the advanced encryption standard (AES), and the lightweight block ciphers LED and PRESENT. The corresponding results and a discussion of the impact to different fault models on our framework are shown. Moreover, we report significant improvements compared to similar frameworks, such as speedups or more advanced features. Our framework is the first algebraic fault attack (AFA) tool to evaluate the state-of-the art cipher LED-64, PRESENT and full-scale AES using only hardware-oriented structural cipher descriptions.","","978-1-7281-2667-8","10.1109/FDTC.2019.00012","","https://ieeexplore.ieee.org/stamp/stamp.jsp?arnumber=8844472","Fault injction attack;Cipher;Post /Pre silicon analysis;Framework","Circuit faults;Integrated circuit modeling;Ciphers;Mathematical model;Hardware;Analytical models;Tools","","18","","38","IEEE","19 Sep 2019","24-24 Aug. 2019","24-24 Aug. 2019","IEEE","IEEE Conferences"
"Security-oriented Code-based Architectures for Mitigating Fault Attacks","B. Karp; M. Gay; O. Keren; I. Polian","Faculty of Engineering, Bar-Ilan University, Ramat Gan, Israel; Institute of Computer Engineering and Computer Architecture, University of Stuttgart, Germany; Faculty of Engineering, Bar-Ilan University, Ramat Gan, Israel; Institute of Computer Engineering and Computer Architecture, University of Stuttgart, Germany",2018 Conference on Design of Circuits and Integrated Systems (DCIS),"4 Apr 2019","2018","","","1","6","Error-detecting codes (EDCs) are an efficient and versatile tool to detect disturbances during the operation of a circuit. Historically, EDCs were considered in the context of reliability and safety, where failures were assumed to occur due to natural reasons, like noise or ageing. However, they have also been suggested in the security context, as an approach to counteract malicious physical attacks on cryptographic and other security-critical circuits. In this paper, we review recently developed security-oriented code constructions, pointing out the differences in assumptions and efficiency metrics for reliability- and security-oriented EDCs. We propose a number of architectures to apply these findings to actual cryptographic circuits. Experimental results obtained using a fault injector on an FPGA board demonstrate the detection and correction performance of the architectures.","2640-5563","978-1-7281-0171-2","10.1109/DCIS.2018.8681476","","https://ieeexplore.ieee.org/stamp/stamp.jsp?arnumber=8681476","Fault-injection attacks;Error-detecting codes;Safety- and security-critical systems","Measurement;Codes;Reviews;Noise;Aging;Safety;Circuit faults;Cryptography;Integrated circuit reliability;Field programmable gate arrays","","5","","21","IEEE","4 Apr 2019","14-16 Nov. 2018","14-16 Nov. 2018","IEEE","IEEE Conferences"
"Evaluation of fault attack detection on SRAM-based FPGAs","F. Benevenuti; F. L. Kastensmidt","Graduate Program in Microelectronics (PGMICRO), Universidade Federal do Rio Grande do Sul (UFRGS), Brazil; Graduate Program in Microelectronics (PGMICRO), Universidade Federal do Rio Grande do Sul (UFRGS), Brazil",2017 18th IEEE Latin American Test Symposium (LATS),"24 Apr 2017","2017","","","1","6","In this paper we present an extended fault injection approach to configuration memory of SRAM-based FPGAs consisting of inter frame many bits upsets to be used as an evaluation tool for attack detection capability and countermeasure effectiveness in security sensitive design modules. The work presented in this paper is twofold. First, we present the concept of a fault detection mechanism for SRAM-based FPGAs based on redundancy of functional modules to be placed evenly spaced over the FPGA floorplan and composing a fault detection mesh. On the following, we present the results of fault injection at the configuration memory of a SRAM-based FPGA used to evaluate the detection capability of different configurations of such detection module. To this, fault injection is done flipping many bits in sequence, locally, mimicking a laser attack. To demonstrate this concept, it was implemented in a Xilinx 7 Series device. The detection module used in the experiments was built around a substitution box (S-box) that is part of the Rijndael symmetric cryptography and the Advanced Encryption Standard (AES).","","978-1-5386-0415-1","10.1109/LATW.2017.7906747","","https://ieeexplore.ieee.org/stamp/stamp.jsp?arnumber=7906747","Programmable circuits;fault injection;security","Field programmable gate arrays;Circuit faults;Cryptography;Fault detection;Sensors;Redundancy","","7","","11","IEEE","24 Apr 2017","13-15 March 2017","13-15 March 2017","IEEE","IEEE Conferences"
"Testing and Reliability Enhancement of Security Primitives","T. Hasan Anik; J. -L. Danger; O. Diankha; M. Ebrahimabadi; C. Frisch; S. Guilley; N. Karimi; M. Pehl; S. Takarabt","University of Maryland Baltimore County, United States; LTCI, Télécom Paris, Institut polytechnique de Paris, France; Paris 8 University, France; University of Maryland Baltimore County, United States; Department of Electrical and Computer Engineering, Technical University of Munich, Germany; Secure-IC, France; University of Maryland Baltimore County, United States; Department of Electrical and Computer Engineering, Technical University of Munich, Germany; Secure-IC, France",2021 IEEE International Symposium on Defect and Fault Tolerance in VLSI and Nanotechnology Systems (DFT),"19 Oct 2021","2021","","","1","8","The test of security primitives is particularly strategic as any bias coming from the implementation or environment can wreck havoc on the security it is intended to provide. This paper presents how some security properties are tested on leading primitives: True Random Number Generation (TRNG), Physically Unclonable Function (PUF), cryptographic primitives and Digital Sensor (DS). The test of TRNG and PUF to ensure a high level of security is mainly about the entropy assessment, which requires specific statistical tests. The security against side-channel analysis (SCA) of cryptographic primitives, like the substitution box in symmetric cryptography, is generally ensured by masking. But the hardware implementation of masking can be damaged by glitches, which create leakages on sensitive variables. A test method is to search for nets of the cryptographic netlist, which are vulnerable to glitches. The DS is an efficient primitive to detect disturbances and rise alarms in case of fault injection attack (FIA). The dimensioning of this primitive requires a precise test to take into account the environment variations including the aging.","2765-933X","978-1-6654-1609-2","10.1109/DFT52944.2021.9568297","Federal Ministry of Education and Research (BMBF)(grant numbers:16KIS1389K); Agence Nationale de la Recherche (ANR)(grant numbers:ANR-20-CYAL-0007); ","https://ieeexplore.ieee.org/stamp/stamp.jsp?arnumber=9568297","Test;PUF;TRNG;SCA;FIA;Digital Sensor","Layout;Aging;Very large scale integration;Physical unclonable function;Hardware;Entropy;Random variables","","2","","28","IEEE","19 Oct 2021","6-8 Oct. 2021","6-8 Oct. 2021","IEEE","IEEE Conferences"
"Design and Implementation on FPGA of a Real-Time Secure Audio Communication System","A. Kifouche; M. S. Azzaz; Y. Alloun; W. Merdaci","Electronic and Digital Systems Laboratory, Ecole Militaire Polytechnique, Algiers, Algeria; Electronic and Digital Systems Laboratory, Ecole Militaire Polytechnique, Algiers, Algeria; Electronic and Digital Systems Laboratory, Ecole Militaire Polytechnique, Algiers, Algeria; Electronic and Digital Systems Laboratory, Ecole Militaire Polytechnique, Algiers, Algeria","2024 6th International Conference on Communications, Signal Processing, and their Applications (ICCSPA)","17 Dec 2024","2024","","","1","6","In communication systems, data transmitted over networks must be protected against access by unauthorized parties. Indeed, existing audio systems are based on classical cryptographic algorithms. However, the reliability of some of these algorithms is no longer guaranteed, and others need significant resources with regard to memory, energy, and computation time, making them unsuitable for resource-constrained boards. To rise to these challenging issues, this paper develops a secure real-time audio communication architecture based on chaotic systems. This architecture is implemented on a Nexys FPGA board. The encryption scheme undergoes two consecutive stages of confusion and diffusion. Statistical results confirm the robustness of the proposed encryption scheme against many attacks based on the NIST test, key sensitivity, key size, information entropy, and statistical analysis. The implementation results include 21% of logic elements and 0.43 W of dynamic power to carry out the desired functions. The proposed scheme can reach a maximum frequency of 254.38 MHz. Compared to related work, this paper proposes a lightweight encryption system able to be implemented in different resource-constrained hardware boards. In addition, the proposed solution covers the entire life cycle of an audio communication system, including audio acquisition, filtering, encryption/decryption, and data sending/receiving over WiFi. These features guarantee the successful use of this solution in audio communications systems.","2767-7702","979-8-3503-8481-9","10.1109/ICCSPA61559.2024.10794211","","https://ieeexplore.ieee.org/stamp/stamp.jsp?arnumber=10794211","Audio;security;Chaos theory;Cryptography;FPGA;Real-time","Sensitivity;Protocols;Chaotic communication;Statistical analysis;Signal processing;Real-time systems;Robustness;Encryption;Field programmable gate arrays;Wireless fidelity","","1","","15","IEEE","17 Dec 2024","8-11 July 2024","8-11 July 2024","IEEE","IEEE Conferences"
"Lattice PUF: A Strong Physical Unclonable Function Provably Secure against Machine Learning Attacks","Y. Wang; X. Xi; M. Orshansky","Department of Electrical and Computer Engineering, The University of Texas at Austin, Austin, TX, USA; Department of Electrical and Computer Engineering, The University of Texas at Austin, Austin, TX, USA; Department of Electrical and Computer Engineering, The University of Texas at Austin, Austin, TX, USA",2020 IEEE International Symposium on Hardware Oriented Security and Trust (HOST),"25 Dec 2020","2020","","","273","283","We propose a strong physical unclonable function (PUF) provably secure against machine learning (ML) attacks with both classical and quantum computers. Its security is derived from cryptographic hardness of learning decryption functions of public-key cryptosystems. Our design compactly realizes the decryption function of the learning-with-errors (LWE) cryptosystem. Due to the fundamental connection of LWE to lattice problems, we call the construction the lattice PUF. Lattice PUF is constructed using a physically obfuscated key (POK), an LWE decryption function block, and a linear-feedback shift register (LFSR) as a pseudo-random number generator. The POK provides the secret key of the LWE decryption function; its stability is ensured by a fuzzy extractor (FE). To reduce the challenge size, we exploit distributional relaxations of space-efficient LWEs. That allows only a small challenge-seed to be transmitted with the full-length challenge generated by the LFSR, resulting in a 100X reduction of communication cost. To prevent an active challenge-manipulation attack, a self-incrementing counter is embedded into the challenge seed. We prototyped the lattice PUF with 2136 challenge-response pairs (CRPs) on a Spartan 6 FPGA, which required 45 slices for the PUF logic proper and 233 slices for the FE. Simulation-based evaluation shows the mean (std) of uniformity to be 49.98 % (1. 58%), of uniqueness to be 50.00 % (1. 58%), and of reliability to be 1. 26% (2. 88%). The LWE concrete hardness estimator guarantees that a successful ML attack of the lattice PUF will require the infeasible 2128 CPU operations. Several classes of empirical ML attacks, including support vector machine, logistic regression, and deep neural networks, are used: in all attacks, the prediction error remains above 49.76% after 1 million training CRPs.","","978-1-7281-7405-1","10.1109/HOST45689.2020.9300270","","https://ieeexplore.ieee.org/stamp/stamp.jsp?arnumber=9300270","Strong PUF;PAC Learning;Lattice Cryptography;ML Resistance","Physical unclonable function;Lattices;Cryptography;Resistance;Picture archiving and communication systems;Public key cryptography;Support vector machines","","27","","49","IEEE","25 Dec 2020","7-11 Dec. 2020","7-11 Dec. 2020","IEEE","IEEE Conferences"
"A Provably Secure Strong PUF Based on LWE: Construction and Implementation","X. Xi; G. Li; Y. Wang; M. Orshansky","Department of Electrical and Computer Engineering, The University of Texas at Austin, Austin, TX, USA; Department of Electrical and Computer Engineering, The University of Texas at Austin, Austin, TX, USA; Department of Electrical and Computer Engineering, The University of Texas at Austin, Austin, TX, USA; Department of Electrical and Computer Engineering, The University of Texas at Austin, Austin, TX, USA",IEEE Transactions on Computers,"18 Jan 2023","2023","72","2","346","359","We construct a strong physical unclonable function (PUF) with provable security against machine learning (ML) attacks on both classical and quantum computers. The security is guaranteed by the cryptographic hardness of learning decryption functions of public-key cryptosystems, and the hardness of the learning-with-errors (LWE) problem defined on integer lattices. We call our construction the lattice PUF. We construct lattice PUF with a physically obfuscated key and an LWE decryption function block. To allow deployments in different scenarios, we demonstrate designs with different latency-area trade-offs. A compact design uses a highly serialized linear-feedback shift register (LFSR) and LWE decryption function, while a latency-optimized design uses an unrolled LFSR and a parallel datapath. We prototype lattice PUF designs with $2^{136}$2136 challenge-response pairs (CRPs) on a spartan 6 field-programmable gate array (FPGA). In addition to theoretical security guarantee, we evaluate empirical resistance to the various leading ML techniques: the prediction error remains above $49.76\%$49.76% after 1 million training CRPs. The resource-efficient design requires only 45 slices for PUF logic proper, and 27 slices for reverse fuzzy extractor. The latency-optimized design achieves a $148X$148X reduction in latency, at a $10X$10X increase in PUF hardware utilization. The mean uniformity of PUF responses is $49.98\%$49.98%, the mean uniqueness is $50.00\%$50.00%, and the mean reliability is $1.26\%$1.26%.","1557-9956","","10.1109/TC.2022.3207119","","https://ieeexplore.ieee.org/stamp/stamp.jsp?arnumber=9900128","Strong PUF;PAC learning;lattice cryptography;ML resistance;design space exploration","Lattices;Physical unclonable function;Resistance;Picture archiving and communication systems;Public key cryptography;Hardware;Cryptography","","10","","44","IEEE","22 Sep 2022","1 Feb. 2023","","IEEE","IEEE Journals"
"Design and Evaluation of multipliers for hardware accelerated on-chip EdDSA","H. Gupta; M. Kabra; N. D. Patwari; P. H. C; M. Rao","Thapar University, Punjab, India; International Institute of Information Technology Bangalore, Bangalore, India; IIIT Bangalore, Bangalore, India; IIIT Bangalore, Bangalore, India; IIIT Bangalore, Bangalore, India",2023 24th International Symposium on Quality Electronic Design (ISQED),"24 May 2023","2023","","","1","9","The paper presents optimized implementations of Edwards curve digital signature algorithm (EdDSA) which is based on a popular Ed25519 instance. When compared to current digital signature methods, this algorithm considerably reduces the execution time without compromising security. Despite being used in several popular applications, hardware implementation and characteristics is not reported. The proposed work aims to characterize on-chip EdDSA using four different state-of-the-art (SOTA) multipliers. Multiplier forms critical design component in the EdDSA implementation, hence different SOTA multipliers are characterized for hardware metrics and its impact on the overall EdDSA module is investigated. Four different multipliers in the form of Conventional polynomial (CA), Karat-suba (KA), overlap-free-Karatsuba (OKA), overlap-free based multilpier strategy (OBS), along with the default array multiplier which are traditionally employed in hardware designs were investigated for 32-bit and 64-bit data format individually. These multipliers were further employed for designing on-chip EdDSA and its characteristics are presented. CA based on-chip EdDSA was characterized to work reliably at a maximum operating frequency of 120 MHz, whereas OBS and OKA derived on-chip EdDSA presented the most compact on-chip designs. The on-chip EdDSA work is a step towards attaining reliable on-chip cryptosystems in the future.","1948-3295","979-8-3503-3475-3","10.1109/ISQED57927.2023.10129381","","https://ieeexplore.ieee.org/stamp/stamp.jsp?arnumber=10129381","Encryption;hardware accelerator;hardware security;multipliers;polynomial multiplication;hardware cryptosystems","Measurement;Reliability engineering;Hardware;System-on-chip;Cryptography;Arrays;Digital signatures","","3","","30","IEEE","24 May 2023","5-7 April 2023","5-7 April 2023","IEEE","IEEE Conferences"
"Long-Term Test of a Fast and Compact Quantum Random Number Generator","D. G. Marangon; A. Plews; M. Lucamarini; J. F. Dynes; A. W. Sharpe; Z. Yuan; A. J. Shields","Toshiba Research Europe Ltd, Cambridge Research Laboratory, Cambridge, U.K; Toshiba Research Europe Ltd, Cambridge Research Laboratory, Cambridge, U.K; Toshiba Research Europe Ltd, Cambridge Research Laboratory, Cambridge, U.K; Toshiba Research Europe Ltd, Cambridge Research Laboratory, Cambridge, U.K; Toshiba Research Europe Ltd, Cambridge Research Laboratory, Cambridge, U.K; Toshiba Research Europe Ltd, Cambridge Research Laboratory, Cambridge, U.K; Toshiba Research Europe Ltd, Cambridge Research Laboratory, Cambridge, U.K",Journal of Lightwave Technology,"12 Jul 2018","2018","36","17","3778","3784","Random numbers are an essential resource to many applications, including cryptography and Monte Carlo simulations. Quantum random number generators (QRNGs) represent the ultimate source of randomness, as the numbers are obtained by sampling a physical quantum process that is intrinsically probabilistic. However, they are yet to be widely employed to replace deterministic pseudo random number generators (PRNG) for practical applications. QRNGs are regarded as interesting devices. However, they are slower than PRNGs for simulations and are typically seen as clumsy laboratory prototypes, prone to failures, and unreliable for cryptographic applications. Here, we overcome these limitations and demonstrate a compact and self-contained QRNG capable of generating random numbers at a pace of 8 Gbit/s uninterruptedly for 71 days. During this period, the physical parameters of the quantum process were monitored in real time by self-checking functions implemented in the generator itself. At the same time, the output random numbers were analyzed with the most stringent suites of statistical tests. The analysis shows that the QRNG under test sustained the continuous operation without physical instabilities or hardware failures. At the same time, the output random numbers were analyzed with the most stringent suites of statistical tests, which were passed during the whole operation time. This extensive trial demonstrates the reliability of a robustly designed QRNG and paves the way to its use in practical applications based on randomness.","1558-2213","","10.1109/JLT.2018.2841773","European Union's Horizon 2020(grant numbers:750602); ","https://ieeexplore.ieee.org/stamp/stamp.jsp?arnumber=8369116","Optical quantum random number generator (QRNG);cryptography;QKD;Monte Carlo;FPGA;randomness test","Generators;Monitoring;Finite impulse response filters;Power lasers;Cryptography;Histograms;Laser stability","","37","","31","IEEE","30 May 2018","1 Sept.1, 2018","","IEEE","IEEE Journals"
"Power Attack-Immune Spintronic-Based AES Hardware Accelerator for Secure and High-Performance PiM Architectures","P. Iranfar; A. Amirany; M. H. Moaiyeri","Faculty of Electrical Engineering, Shahid Beheshti University, Tehran, Iran; Department of Electrical and Computer Engineering, The George Washington University, Washington, DC, USA; Faculty of Electrical Engineering, Shahid Beheshti University, Tehran, Iran",IEEE Transactions on Magnetics,"26 Mar 2025","2025","61","4","1","12","Concerns about data security have grown due to the increasing leakage power attributed to the scaling of CMOS technology. This necessitates the integration of spintronic devices, such as magnetic tunnel junctions (MTJs), with CMOS to mitigate leakage power and maintain data integrity. This article proposes a novel hybrid MTJ/CMOS architecture that implements the advanced encryption standard (AES) algorithm within a process-in-memory (PiM) framework to enhance data security. The key innovation is the architecture’s resilience to side-channel attacks, including differential power analysis (DPA) and correlation power analysis (CPA). Comprehensive post-layout simulations using the well-established 40-nm CMOS technology demonstrate that the power consumption patterns of each AES component remain constant, even under process variations. Furthermore, system-level simulations highlight that the proposed AES-128 architecture effectively resists information leakage and power attacks, even when exposed to numerous power traces used for key extraction. Comparative results indicate that our proposed power attack-resilient AES-128 hardware design outperforms existing application-specific integrated circuit (ASIC) and field-programmable gate array (FPGA) implementations, enhancing static power by 98% and boosting maximum frequency by 72% and 91%, respectively. The architecture’s adaptability for implementing other AES versions (AES-192 and AES-256) and substitution-based encryption algorithms further expands its versatility.","1941-0069","","10.1109/TMAG.2025.3544409","","https://ieeexplore.ieee.org/stamp/stamp.jsp?arnumber=10898048","Advanced encryption standard (AES);magnetic tunnel junction (MTJ);process-in-memory (PiM);side-channel attack","Encryption;Magnetic tunneling;Circuits;Hardware;Cryptography;Spintronics;Reliability;Power demand;Side-channel attacks","","5","","51","IEEE","21 Feb 2025","April 2025","","IEEE","IEEE Journals"
"Hybrid Modular Hardware-Software Solution for Securing Ground-Satellites Communication","E. Petraglio; Y. Brunet; P. Perrenoud; C. Dieperink; Y. Graf; A. Convers; A. Jaccard; Y. Thoma","School of Engineering and Management Vaud, HES-SO University of Applied Sciences and Arts Western Switzerland Yverdon-les-Bains, Switzerland; School of Engineering and Management Vaud, HES-SO University of Applied Sciences and Arts Western Switzerland Yverdon-les-Bains, Switzerland; School of Engineering and Management Vaud, HES-SO University of Applied Sciences and Arts Western Switzerland Yverdon-les-Bains, Switzerland; School of Engineering and Management Vaud, HES-SO University of Applied Sciences and Arts Western Switzerland Yverdon-les-Bains, Switzerland; School of Engineering and Management Vaud, HES-SO University of Applied Sciences and Arts Western Switzerland Yverdon-les-Bains, Switzerland; School of Engineering and Management Vaud, HES-SO University of Applied Sciences and Arts Western Switzerland Yverdon-les-Bains, Switzerland; School of Engineering and Management Vaud, HES-SO University of Applied Sciences and Arts Western Switzerland Yverdon-les-Bains, Switzerland; School of Engineering and Management Vaud, HES-SO University of Applied Sciences and Arts Western Switzerland Yverdon-les-Bains, Switzerland",2025 Security for Space Systems (3S),"23 Feb 2026","2025","","","1","6","Recent advancements in satellite communication technology have significantly expanded the scope and complexity of space-based applications, from Earth observation to interplanetary missions. As satellites increasingly handle sensitive data and critical infrastructure, ensuring the confidentiality, integrity, and authenticity of transmitted information has become a paramount concern. However, the space environment poses unique security challenges, including high latency, limited computational resources, and vulnerability to cyber threats. To address these challenges, the Space Data Link Security (SDLS) protocol has emerged as a promising standard, offering link security tailored to the constraints of space systems. In response to the growing need for robust security measures in satellite communications, this paper presents a mixed software-hardware modular implementation of the SDLS protocol proposed as a viable solution to improve the performance, resilience and reliability of future space missions.","","978-9-090-41028-9","","Innosuisse(grant numbers:108.459 IP-ICT); ","https://ieeexplore.ieee.org/stamp/stamp.jsp?arnumber=11389412","SDLS;FPGA;Modularity;ASCON;AES-GCM","Protocols;Space missions;Systems architecture;Throughput;Hardware;Error correction codes;Cryptography;Field programmable gate arrays;Satellite communications;Coprocessors","","","","11","","23 Feb 2026","4-6 Nov. 2025","4-6 Nov. 2025","IEEE","IEEE Conferences"
"Secured Lightweight TRNG Design Using Encrypt Flip-Flop Architecture","A. H.; D. G.; S. R.; M. S. R.; M. N.","Department of Electronics and Communication Engineering, Amrita School of Engineering, Amrita Vishwa Vidyapeetham, Coimbatore, India; Department of Electronics and Communication Engineering, Amrita School of Engineering, Amrita Vishwa Vidyapeetham, Coimbatore, India; Department of Electronics and Communication Engineering, Amrita School of Engineering, Amrita Vishwa Vidyapeetham, Coimbatore, India; Department of Electronics and Communication Engineering, Amrita School of Engineering, Amrita Vishwa Vidyapeetham, Coimbatore, India; Department of Electronics and Communication Engineering, Amrita School of Engineering, Amrita Vishwa Vidyapeetham, Coimbatore, India","2025 IEEE 5th International Conference on VLSI Systems, Architecture, Technology and Applications (VLSI SATA)","14 Jul 2025","2025","","","1","6","The development of a True Random Number Generator (TRNG) is crucial for enhancing security in a cryptographic system, or in general where high unpredictability is insisted upon. True randomness remains as elusive as it has always been since current approaches are complex and depend primarily on unique physical phenomena such as quantum effects, light, or electrical currents. This paper is centered on the design of a lightweight TRNG that produces incalculable bitstreams for secure applications, such as payment systems and secure identification, to generate cryptographic keys and ensure secure operations without excessive computational load. Our implementation utilizes an Encrypt Flip-Flop and Von-Neumann technique to leverage the non-linearity. By making use of purely digital components of the VLSI framework, the proposed TRNG model was implemented on PYNQ-Z2 FPGA board. The proposed TRNG met all NIST SP 800–22 and AIS31 statistical test requirements, which recorded a Hamming distance of 47.98%, demonstrating its robustness and suitability for practical secure applications. Additionally, to further validate its reliability, scatter plots of both the 8-bit and 64-bit variants were included. This delivers a practical, lightweight, and strong solution for secure communication and other applications demanding significant randomness, such as printed electronics, wearables, or IoT devices.","","979-8-3315-0286-7","10.1109/VLSISATA65374.2025.11070087","","https://ieeexplore.ieee.org/stamp/stamp.jsp?arnumber=11070087","Pseudo-Random Number Generator (PRNG);True Random Number Generator (TRNG);Hardware Security;Encryption;Cryptography;NIST","Very large scale integration;NIST;Reliability engineering;Generators;Robustness;Cryptography;Internet of Things;Wearable devices;Field programmable gate arrays;Flip-flops","","","","13","IEEE","14 Jul 2025","23-24 May 2025","23-24 May 2025","IEEE","IEEE Conferences"
"RAM-Jam: Remote Temperature and Voltage Fault Attack on FPGAs using Memory Collisions","M. M. Alam; S. Tajik; F. Ganji; M. Tehranipoor; D. Forte","ECE Department, University of Florida; ECE Department, University of Florida; ECE Department, University of Florida; ECE Department, University of Florida; ECE Department, University of Florida",2019 Workshop on Fault Diagnosis and Tolerance in Cryptography (FDTC),"19 Sep 2019","2019","","","48","55","It has been demonstrated that with concrete hardware Trojans, a remote adversary can mount physical attacks, e.g., fault or side-channel attacks, against adjacent IP cores in an FPGA. In this work, we present a novel remote fault attack, called RAM-Jam, which exploits an existing weakness in the dual port RAMs of mainstream FPGAs. The possibility of concurrent writing of opposite logic values into these RAMs not only leads to data uncertainty but also causes transient short circuits. With a sufficient number of RAM collisions, there are severe voltage drops and excessive heat that result in timing faults as well as bit-flips in the FPGA's configuration memory. We conduct extensive experiments to evaluate the effectiveness of our fault injection technique and further present attacks against two applications, including a soft authentication scheme and the first remote fault attack against a deep neural network. Finally, we discuss potential countermeasures to prevent such attacks.","","978-1-7281-2667-8","10.1109/FDTC.2019.00015","","https://ieeexplore.ieee.org/stamp/stamp.jsp?arnumber=8844478","Fault Attack;FPGA Security;Hardware Trojan;Remote;Deep Learning;Convolutional Neural Networks","Field programmable gate arrays;Random access memory;Circuit faults;Trojan horses;Clocks;Hardware;IP networks","","81","","21","IEEE","19 Sep 2019","24-24 Aug. 2019","24-24 Aug. 2019","IEEE","IEEE Conferences"
"Design and Analysis of SHA-256 Hash Function Using FPGA for Secure Data Processing","A. Rajan; D. Joseph; G. Wilson; S. Pauly; B. K. Rajan","Jyothi Engineering College, Kerala, India; Jyothi Engineering College, Kerala, India; Jyothi Engineering College, Kerala, India; Jyothi Engineering College, Kerala, India; Jyothi Engineering College, Kerala, India",2025 11th International Conference on Smart Computing and Communications (ICSCC),"17 Nov 2025","2025","","","1","8","Secure Hash Algorithm (SHA) is a set of cryptographic hashing algorithms designed to generate fixed-size output hash value from input data of any size. This paper provide an efficient design and synthesis-level study of the SHA-256 cryptographic hash algorithm on various 7th generation fieldprogrammable gate array(FPGA). SHA-256 hash function is designed to optimize performance at the expense of resources, thereby making it useful for secure communication, blockchain, and data integrity verification applications. For high-throughput and low-latency designs, sophisticated design techniques like pipelining, loop unrolling, and resource sharing are used. The design effectively manages the $\mathbf{6 4}$-round compression function of SHA-256 with correct intermediate hash updates and high security against collision attacks. Comprehensive testing and verification with standard SHA-256 test vectors validate the correctness and reliability of the design. Performance analysis on the Spartan-7 FPGA illustrates effective resource utilization with low area usage, along with optimized power usage. Kintex-7, Artix-7, Kria K24C FPGA platforms are compared to emphasize area utilization versus power efficiency trade-offs. The Spartan7 FPGA comparitively balances the usage of Look-Up Tables, Flip-flops and Buffers, with a moderate power consumption, mostly in the form of dynamic power. In comparison, the Kria K24C FPGA shows the highest power consumption, whereas the Artix-7 utilizes the lowest number of Look-Up Tables and Flip-flops respectively. These results confirm the viability of FPGA-based SHA-256 implementations for secure usage, such as blockchain, digital signatures, and data integrity checking. The scalable modular design provides straightforward scalability and integration into high-level cryptographic systems.","","979-8-3315-2562-0","10.1109/ICSCC66177.2025.11233390","","https://ieeexplore.ieee.org/stamp/stamp.jsp?arnumber=11233390","SHA;MD5;cryptography;HDL","Hash functions;Power demand;Vectors;Real-time systems;Hardware;Table lookup;Resource management;Field programmable gate arrays;Standards;Flip-flops","","","","29","IEEE","17 Nov 2025","3-5 July 2025","3-5 July 2025","IEEE","IEEE Conferences"
"Design and Implementation of Cost-Effective End-to-End Authentication Protocol for PUF-Enabled IoT Devices","S. Roy; M. H. Mahalat; B. Sen","Department of Computer Science and Engineering, National Institute of Technology Durgapur, Durgapur, West Bengal, India; Department of Computer Science and Information Technology, ITER, S‘O’A (Deemed to be University), Bhubaneswar, Odisha, India; Department of Computer Science and Engineering, National Institute of Technology Durgapur, Durgapur, West Bengal, India",IEEE Transactions on Emerging Topics in Computing,"11 Sep 2025","2025","13","3","1055","1067","The ubiquitous presence of Internet of Things (IoT) prospers in every aspect of human life. The low-powered sensors, actuators, and mobile devices in IoT transfer a high volume of security-sensitive data. Unmonitored IoT devices are highly susceptible to security vulnerabilities. Their operating environment, with minimal or no safeguards, allows physical invasion. The conventional end-to-end authentications protocols are inadequate because of the limited resources and ambient working environment of IoT. In this direction, a lightweight and secure end-to-end authentication protocol is proposed for the Physically Unclonability Function (PUF) embedded IoT devices by processing them in pairs. PUF promises to be a unique hardware-based security solution for resource-constrained devices. The proposed protocol exploits the coherent conduct of public and private key-based cryptosystems with PUF. The protocol integrates the concept of ECC with ECDH and the cryptographic hash function. Security of the proposed protocol is validated using authentication validation, BAN logic, Scyther tool, and against different adversarial attacks. The performance evaluation and extensive comparative study of the proposed protocol highlight its lightweight feature. The practical feasibility of the proposed protocol is verified by an empirical evaluation using an Arbiter PUF implemented on Xilinx Spartan-3E FPGA and Raspberry Pi as an IoT device.","2168-6750","","10.1109/TETC.2025.3563064","","https://ieeexplore.ieee.org/stamp/stamp.jsp?arnumber=10979278","IoT;authentication protocol;PUF;ECC;lightweight","Protocols;Internet of Things;Authentication;Security;Elliptic curve cryptography;Logic;Cryptography;Performance evaluation;Nonce;Reliability","","3","","40","IEEE","28 Apr 2025","July-Sept. 2025","","IEEE","IEEE Journals"
"Cryptographically Secure Random Number Generator Utilizing Environmental Radiation","T. H. Teo; M. Xiang; Q. Lin; Y. K. Zhang; P. Ziyue; N. A. H. Wesley; K. K. Htet; C. K. Subong; S. H. Lam","Engineering Product Development, Singapore University of Technology and Design, Singapore; Engineering Product Development, Singapore University of Technology and Design, Singapore; Engineering Product Development, Singapore University of Technology and Design, Singapore; Engineering Product Development, Singapore University of Technology and Design, Singapore; Engineering Product Development, Singapore University of Technology and Design, Singapore; Engineering Product Development, Singapore University of Technology and Design, Singapore; Engineering Product Development, Singapore University of Technology and Design, Singapore; Engineering Product Development, Singapore University of Technology and Design, Singapore; Engineering Product Development, Singapore University of Technology and Design, Singapore",TENCON 2025 - 2025 IEEE Region 10 Conference (TENCON),"18 Feb 2026","2025","","","647","650","This paper proposes a cost-effective Cryptographically Secure Random Number Generator (CSRNG) utilizing a Field-Programmable Gate Array (FPGA) integrated with a Geiger counter. The front end of this system is designed to capture ambient radioactivity through a Geiger counter system that emits pulses in response to such environmental stimuli. To complement this setup, a neoTRNG-based ring oscillator RNG is incorporated to enhance the randomness of the generated numbers. By combining these elements, the CSRNG can achieve a high level of unpredictability crucial for cryptographic applications. Moving to the system's backend, utilizing the BLAKE2s hash function is pivotal in counteracting any potential biases introduced by the frontend components. This hashing function ensures that the output random numbers remain robust and secure, free from discernible patterns or vulnerabilities. In essence, the methodology outlined in this paper offers a comprehensive guide to conceptualizing and implementing a cost-effective CSRNG. The challenges inherent in generating cryptographically secure random numbers can be effectively navigated through a meticulous integration of hardware components and cryptographic techniques. This approach sheds light on the intricate processes in creating a reliable source of randomness, essential for safeguarding sensitive information in various digital systems.","2159-3450","979-8-3315-3772-2","10.1109/TENCON66050.2025.11375162","","https://ieeexplore.ieee.org/stamp/stamp.jsp?arnumber=11375162","Cryptographically Secure Random Number Generator;field programmable gate array;hardware description language;pseudo random number generator","Ring oscillators;Navigation;Radiation detectors;NIST;Logic gates;Reliability engineering;Generators;Hardware;Cryptography;Field programmable gate arrays","","","","11","IEEE","18 Feb 2026","27-30 Oct. 2025","27-30 Oct. 2025","IEEE","IEEE Conferences"
"Self-Checking Hardware Design for Montgomery Exponentiation-Based Cryptography","M. A. Akbar; A. Shikfa; B. Wang; a. Amine Bermak","Division of Information and Computing Technology, College of Science and Engineering, Hamad Bin Khalifa University, Doha, Qatar; Department of Data and Cyber Security, College of Computing and Information Technology, University of Doha for Science and Technology, Doha, Qatar; Division of Information and Computing Technology, College of Science and Engineering, Hamad Bin Khalifa University, Doha, Qatar; Division of Information and Computing Technology, College of Science and Engineering, Hamad Bin Khalifa University, Doha, Qatar",IEEE Access,"5 Sep 2024","2024","12","","119915","119926","Montgomery exponentiation is widely used for public-key-based cryptography systems. The current state-of-the-art designs for this algorithm are well-analyzed in terms of hardware overhead but are not investigated for faults caused by physical attacks. This paper presents a self-checking hardware design for the Montgomery Multiplier (MM), which can counter multiple faults simultaneously. The proposed 64-bit self-checking MM approach with a distributed fault prognosis mechanism requires only 43.5% area and 10.9% power overhead as compared to the non-self-checking design. Moreover, a novel self-checking parity prediction approach is proposed for carry save adder, which can be used in cases where it is used alone inside a loop.","2169-3536","","10.1109/ACCESS.2024.3448313","Open Access; Qatar National Library; National Priorities Research Program (NPRP)(grant numbers:NPRP13S-0212-200345); Qatar National Research Fund (a member of Qatar Foundation); ","https://ieeexplore.ieee.org/stamp/stamp.jsp?arnumber=10643524","Montgomery exponentiation;fault localization;self-checking adder;parity prediction","Hardware;Adders;Circuit faults;Computer architecture;Prediction algorithms;Logic gates;Fault diagnosis;Fault location","","","","48","CCBY","22 Aug 2024","2024","","IEEE","IEEE Journals"
"Identifying and Eliminating Side-Channel Leaks in Programmable Systems","E. De Mulder; T. Eisenbarth; P. Schaumont","Cryptography Research; Worcester Polytechnic Institute; Virginia Tech, Blacksburg, VA, USA",IEEE Design & Test,"8 Feb 2018","2018","35","1","74","89","Side-channels in ICs and systems have been shown to leak sensitive information. This paper shows the various side channels and approaches to mitigating these side channels.","2168-2364","","10.1109/MDAT.2017.2766166","","https://ieeexplore.ieee.org/stamp/stamp.jsp?arnumber=8081798","Side-channel Leakage;Side-channel Analysis;Differential Power Analysis;Side-channel Countermeasures;Hiding;Masking;Threshold Implementation;Re-Keying;Side-channel Leakage Testing","Threshold current;Power system reliability;Power distribution;Side-channel attacks;Microprocessors","","7","","90","IEEE","24 Oct 2017","Feb. 2018","","IEEE","IEEE Magazines"
"Exploration of Fault Effects on Formal RISC-V Microarchitecture Models","S. Tollec; M. Asavoae; D. Couroussé; K. Heydemann; M. Jan","CEA, Université Paris-Saclay, Palaiseau, France; CEA, Université Paris-Saclay, Palaiseau, France; CEA, Univ. Grenoble Alpes, Grenoble, France; CNRS, Sorbonne Univ., Paris, France; CEA, Université Paris-Saclay, Palaiseau, France",2022 Workshop on Fault Detection and Tolerance in Cryptography (FDTC),"1 Nov 2022","2022","","","73","83","This paper introduces a formal workflow for modeling software/hardware systems in order to explore the effects of fault injections and evaluate the robustness to fault injection attacks. We illustrate this workflow on four versions of a PIN authentication code, embedding different software countermeasures. The code is symbolically evaluated on two implementations of the RISC-V CV32E40P core: the original implementation from the OpenHW group and an implementation that integrates protection of the pipeline control signals. On the original, unprotected core, our formal workflow exposes various vulnerabilities, including previously unknown ones, whereas, on the protected core, it confirms the effectiveness of the proposed countermeasures.","","978-1-6654-5442-1","10.1109/FDTC57191.2022.00017","","https://ieeexplore.ieee.org/stamp/stamp.jsp?arnumber=9933334","Secure Embedded Systems;Fault Attack;Microarchitecture;Formal Verification","Analytical models;Microarchitecture;Codes;Prefetching;Pipelines;Authentication;Software","","10","","39","IEEE","1 Nov 2022","16-16 Sept. 2022","16-16 Sept. 2022","IEEE","IEEE Conferences"
"Multi-Tenant FPGA-based Reconfigurable Systems: Attacks and Defenses","R. Elnaggar; R. Karri; K. Chakrabarty","Department of Electrical and Computer Engineering, Duke University; Department of Electrical and Computer Engineering, New York University; Department of Electrical and Computer Engineering, Duke University","2019 Design, Automation & Test in Europe Conference & Exhibition (DATE)","16 May 2019","2019","","","7","12","Partial reconfiguration of FPGAs improves system performance, increases utilization of hardware resources, and enables run-time update of system capabilities. However, the sharing of FPGA resources among various tenants presents security risks that affect the privacy and reliability of tenant applications running in the FPGA-based system. In this study, we examine the security ramifications of co-tenancy with a focus on address-redirection and task-hiding attacks. We design a counter-measure that protects FPGA-based systems against such attacks and prove that it resists these attacks. We present simulation results and an experimental demonstration using a Xilinx FPGA board to highlight the effectiveness of the countermeasure. The proposed countermeasure incurs negligible cost in terms of the area utilization of FPGAs currently used in the cloud.","1558-1101","978-3-9819263-2-3","10.23919/DATE.2019.8714904","","https://ieeexplore.ieee.org/stamp/stamp.jsp?arnumber=8714904","","Task analysis;Hardware;Field programmable gate arrays;Cryptography;Malware","","22","","31","","16 May 2019","25-29 March 2019","25-29 March 2019","IEEE","IEEE Conferences"
"Normalization and Multi-Valued Symbol Extraction From RO-PUFs for Enhanced Uniform Probability Distributions","H. Mandry; A. Herkle; S. Müelich; J. Becker; R. F. H. Fischer; M. Ortmanns","Institute of Microelectronics, University of Ulm, Ulm, Germany; Institute of Microelectronics, University of Ulm, Ulm, Germany; Institute of Communications Engineering, University of Ulm, Ulm, Germany; Institute of Microelectronics, University of Ulm, Ulm, Germany; Institute of Communications Engineering, University of Ulm, Ulm, Germany; Institute of Microelectronics, University of Ulm, Ulm, Germany",IEEE Transactions on Circuits and Systems II: Express Briefs,"25 Nov 2020","2020","67","12","3372","3376","Physical Unclonable Functions (PUFs) offer the possibility for on-chip generation of unique fingerprints for integrated circuits. Ring-oscillator (RO) PUFs are small and easy to configure on Field Programmable Gate Arrays (FPGAs) and thus received great attention over the years. In the state-of-the-art two neighboring ROs are compared and mapped to only a single bit of information. Few publications aims to extract more bits out of one PUF-cell, but struggle with non-uniform distributions. In this brief multi-valued symbol extraction is presented as a method to extract more bits of information out of each individual RO. A new post-processing approach is introduced to produce close-to-ideal uniformly distributed responses independent of the underlying physically probability distribution. To eliminate bias, caused by placement inequalities, multiple methods of normalization are utilized and analyzed by means of area and complexity. Based on metrics for symbol transmission, the Euclidean-distance and entropy are used as metrics to evaluate the uniqueness and reliability of multi-valued PUFs. This new approach allows to increase the amount of extracted information to 3 bits per RO.","1558-3791","","10.1109/TCSII.2020.2980748","German National Science Foundation DFG(grant numbers:FI 982/15-1); ","https://ieeexplore.ieee.org/stamp/stamp.jsp?arnumber=9035615","Physical unclonable function (PUF);FPGA;multi-valued PUF;ring-oscillator (RO);cryptography keys","Field programmable gate arrays;Probability density function;Frequency conversion;Complexity theory;Quantization (signal);Probability","","15","","11","CCBY","13 Mar 2020","Dec. 2020","","IEEE","IEEE Journals"
"Hardware-Efficient ECC Processor Design using Non-Homogeneous Split Hybrid Karatsuba Multiplier","P. Parate; A. Shaju; S. G. Krishna Reddy; V. D. R; M. Rao",IIIT Bangalore; IIIT Bangalore; IIIT Bangalore; IIIT Bangalore; IIIT Bangalore,2024 IEEE Computer Society Annual Symposium on VLSI (ISVLSI),"25 Sep 2024","2024","","","475","480","Elliptic Curve Cryptography(ECC) is a distinct and efficient public-key cryptography method that balances security and performance well, with shorter key lengths. A primary component of ECC is the multiplier unit which performs scalar multiplication operations. This work implements a hardware-efficient ECC design with non-homogeneous M-Term Hybrid Karatsuba multiplier structure for $\text{GF}(2^{233})$ Montgomery Point multiplication, and is further compared with the state-of-the-art (SOTA) ECC processors. The proposed design was implemented and verified on FPGA board (Zynq ZU19EG) and also synthesized using 45 nm technology library on the Cadence-Genus tool. Overall two variants of ECC designs engineered with eight individual polynomial multipliers were evaluated. The M-Term Non-Homogeneous Karatsuba Multiplier (MNHKA) and M-Term Non-Homogeneous Overlap-free Karatsuba Multiplier (MNHOKA) incorporated ECC processors exhibited the best hardware-efficient designs on FPGA and on silicon, among all the variants investigated. LUT savings of 34.74% with Figure-of-merit (FoM) enhancement of 86.70% was characterized for MNHKA designed ECC processor in FPGA over SOTA design. On silicon, MNHOKA incorporated ECC exhibited maximum footprint savings of 55.86%, and highest ADP gain of 53.93%, incurring comparable delay when compared with SOTA designs. The novel and efficient ECC accelerator designs to enhance the reliability of the hardware security units, are made freely available for further usage.","2159-3477","979-8-3503-5411-9","10.1109/ISVLSI61997.2024.00091","","https://ieeexplore.ieee.org/stamp/stamp.jsp?arnumber=10682778","ECC;Karatsuba;Overlap-Free-Karatsuba;Polynomial multiplier;Crypto Processor;Hardware accelerator","Program processors;Hardware security;Very large scale integration;Elliptic curve cryptography;Reliability engineering;Silicon;Polynomials","","3","","27","IEEE","25 Sep 2024","1-3 July 2024","1-3 July 2024","IEEE","IEEE Conferences"
"Preemption-Enhanced Benchmark Suite for FPGAs","A. A. Malik; J. Buchanan; A. Aysu","North Carolina State University, Raleigh, NC, USA; North Carolina State University, Raleigh, NC, USA; North Carolina State University, Raleigh, NC, USA",IEEE Access,"23 Jan 2026","2026","14","","10510","10525","Field-Programmable Gate Arrays (FPGAs) have become essential in cloud computing due to their reconfigurability, energy efficiency, and ability to accelerate domain-specific workloads. As FPGA adoption grows, research into task scheduling and preemption techniques has intensified. However, the field lacks a standardized benchmarking framework for consistent and reproducible evaluation. Many existing studies propose innovative scheduling or preemption mechanisms but often rely on proprietary or synthetic benchmarks, limiting generalizability and making comparison difficult. This methodical fragmentation hinders effective evaluation of scheduling strategies and preemption in multi-tenant FPGA environments. This paper presents the first open-source preemption-enabled benchmark suite for evaluating FPGA preemption strategies and testing new scheduling algorithms, without requiring users to create preemption workloads from scratch. The suite includes 27 diverse applications spanning cryptography, AI/ML, computation-intensive workloads, communication systems, and multimedia processing. Each benchmark integrates comprehensive context-saving and restoration mechanisms, facilitating reproducible research and consistent comparisons. Our suite not only simplifies testing FPGA scheduling policies but also benefits OS research by enabling the evaluation of scheduling fairness, resource allocation efficiency, and context-switching performance in multi-tenant FPGA systems, ultimately supporting the development of better operating systems and scheduling policies for FPGA-based environments. We also provide guidelines for adding new benchmarks, enabling future research to expand and refine FPGA preemption and scheduling evaluation.","2169-3536","","10.1109/ACCESS.2026.3655332","Office of Naval Research (ONR)(grant numbers:N00014-21-1-2809,N00014-23-1-2103); ","https://ieeexplore.ieee.org/stamp/stamp.jsp?arnumber=11357898","Multi-tenant FPGAs;preemption;context save-and-restore;partial reconfiguration (PR);state-preservation;FPGA scheduling","Field programmable gate arrays;Benchmark testing;Processor scheduling;Logic;Program processors;Table lookup;Fabrics;Cryptography;Videos;Systematics","","","","53","CCBY","19 Jan 2026","2026","","IEEE","IEEE Journals"
"Merging Quantum Entropy with Classical Speed: Design and Evaluation of a Hybrid Random Number Generator for Secure Encryption","V. A. Ng; M. Haunafi; A. D. Larasathi; Y. Muliono","Computer Science Department, School of Computer Science, Cyber Security Program Bina Nusantara University, Jakarta, Indonesia; Computer Science Department, School of Computer Science, Cyber Security Program Bina Nusantara University, Jakarta, Indonesia; Computer Science Department, School of Computer Science, Cyber Security Program Bina Nusantara University, Jakarta, Indonesia; Computer Science Department, School of Computer Science, Cyber Security Program Bina Nusantara University, Jakarta, Indonesia",2025 8th International Seminar on Research of Information Technology and Intelligent Systems (ISRITI),"20 Feb 2026","2025","","","701","706","Over the past few years, quantum computing has been evolving, raising concerns about how long our existing encryption methods will remain reliable. Given this, random number generators that are both high entropy and secure from quantum threats are needed. In this research, we present a hybrid random number generator system designed to produce quantum-resistant cryptographic keys to mitigate the risk of future quantum adversaries. This HRNG design integrates true entropy of a quantum random number generator (QRNG) and combines it with the high-speed performance of a ChaCha20-based pseudo random number generator (PRNG). This approach successfully balances the speed of classical algorithms with quantum unpredictability. When integrated with symmetric (AES, Blowfish, Triple DES, IDEA) and asymmetric (RSA, ECC) encryption algorithms, it maintained high-speed encryption performance without any difficulties from the limitations of physical QRNG. By avoiding hardware constraints and performance bottlenecks, the HRNG provides a deployable entropy solution that easily integrates into existing cryptographic systems.","2832-1456","979-8-3315-5768-3","10.1109/ISRITI68345.2025.11393201","","https://ieeexplore.ieee.org/stamp/stamp.jsp?arnumber=11393201","random number generation;quantum computing;cryptography;encryption algorithms;hybrid systems;entropy source;quantum random number generator;cyber security","Seminars;Quantum computing;NIST;Throughput;Entropy;Generators;Hybrid power systems;Encryption;Reliability;Random number generation","","","","41","IEEE","20 Feb 2026","11-11 Dec. 2025","11-11 Dec. 2025","IEEE","IEEE Conferences"
"Design of an Energy-Efficient and High-Performance Test Pattern Generator","G. Nimishka; P. Sarkar; A. Beohar; D. C. Upadhyay; M. R. Tripathy; M. Suresh","School of Electrical and Electronics Engineering, VIT Bhopal University, Bhopal, India; School of Electrical and Electronics Engineering, VIT Bhopal University, Bhopal, India; School of Electrical and Electronics Engineering, VIT Bhopal University, Bhopal, India; School of Electrical and Electronics Engineering, VIT Bhopal University, Bhopal, India; School of Electronics Engineering, Kalinga Institute of Industrial Technology (KIIT) Deemed to be University, Bhubaneswar, Odisha, India; School of Electrical and Electronics Engineering, VIT Bhopal University, Bhopal, India","2025 5th IEEE International Conference on Applied Electromagnetics, Signal Processing, & Communication (AESPC)","14 Jan 2026","2025","","","1","6","An enhanced performance-based design has always gained significant importance in VLSI domain. In this work by integrating two strategically chosen LFSRs through an XOR gate, randomness has been significantly boosted and an increase in output sequence length has paved the way for stronger, more reliable cryptographic and computational systems. Through the evaluation of five polynomial combinations, an optimal pair was identified, achieving a $200 \times$ improvement in sequence length compared to a single LFSR-based PRNG. The proposed design was implemented and synthesized on FPGA chip. Key findings indicate that variable polynomials significantly enhance randomness duration, outperforming the impact of varying seed values, while reusing the same polynomial across branches does not yield optimal results. Additionally, the study highlights that increasing the number of seeds leads to higher area costs, emphasizing the balance between randomness quality and hardware efficiency.","","979-8-3315-6719-4","10.1109/AESPC67542.2025.11326873","","https://ieeexplore.ieee.org/stamp/stamp.jsp?arnumber=11326873","Pseudo Random Number Generator (PRNG);Linear Feedback Shift Register (LFSR);True Random Number Generator (TRNG);Cryptographic Security;Hardware security;Basys3 FPGA;Xilinx Vivado;Bitstream optimization","Power demand;Linear feedback shift registers;Very large scale integration;Polynomials;Generators;Test pattern generators;Cryptography;Reliability;Field programmable gate arrays;Testing","","","","15","IEEE","14 Jan 2026","5-6 Dec. 2025","5-6 Dec. 2025","IEEE","IEEE Conferences"
"Data Frame Encryption and Decryption System of SM4-CBC on ZYNQ","Y. Cheng; X. Zhao; C. Yu; K. Liu; Y. Liu","School of Electronic and Information Engineering, Beijing Jiaotong University, Beijing, China; School of Electronic and Information Engineering, Beijing Jiaotong University, Beijing, China; Dept. of New Networks, Pengcheng Laboratory, Shenzhen, China; Dept. of New Networks, Pengcheng Laboratory, Shenzhen, China; School of Electronic and Information Engineering, Beijing Jiaotong University, Beijing, China",2025 IEEE 8th Information Technology and Mechatronics Engineering Conference (ITOEC),"23 Apr 2025","2025","8","","210","215","In the information age of rapid development in artificial intelligence and the Internet of Things, various devices continuously generate and exchange massive amounts of data. Behind this data explosion lies security risks. The SM4 algorithm, issued by the Chinese National Cryptography Administration, is a block encryption algorithm that can provide security for IoT-based networks. The standard SM4 algorithm has problems such as poor scalability and low implementation efficiency, and needs to be optimized for energy saving and reducing implementation area. Therefore, exploring the implementation of SM4 on hardware-constrained devices is crucial. In this work, we adopt a loop architecture and collaborative work between the processing system (PS) and programmable logic (PL) to reduce the resource usage of SM4-CBC, enhance algorithm security, and employ a ping-pong approach between two encryption modules to increase data throughput. Finally, Ethernet is the data transmission channel to achieve high-speed and reliable data communication.","2693-289X","979-8-3315-2948-2","10.1109/ITOEC63606.2025.10968248","National Natural Science Foundation of China; ","https://ieeexplore.ieee.org/stamp/stamp.jsp?arnumber=10968248","Ethernet;SM4-CBC;FPGA;Data encryption","Mechatronics;Scalability;Ethernet;Throughput;Encryption;Data communication;Reliability;Logic;Internet of Things;Standards","","","","10","IEEE","23 Apr 2025","14-16 March 2025","14-16 March 2025","IEEE","IEEE Conferences"
"Implementation of Double SHA-256 in HLS for FPGA Using Real Bitcoin Blocks","B. V. S. Pinto; D. R. Melo; C. A. Zeferino; E. A. Bezerra; F. Viel","Laboratory of Embedded and Distributed Systems (LEDS), University of Vale do Itajaí, Brazil; Laboratory of Embedded and Distributed Systems (LEDS), University of Vale do Itajaí, Brazil; Laboratory of Embedded and Distributed Systems (LEDS), University of Vale do Itajaí, Brazil; Space Systems Research Laboratory (SpaceLab), Federal University of Santa Catarina, Brazil; Laboratory of Embedded and Distributed Systems (LEDS), University of Vale do Itajaí, Brazil",2025 17th Seminar on Power Electronics and Control (SEPOC),"23 Dec 2025","2025","","","1","7","The SHA-256 cryptographic algorithm plays a central role in the integrity and security of the Bitcoin blockchain, being applied twice consecutively in the process known as Double SHA-256. Despite its reliability, the algorithm demands significant computational power, which poses challenges for embedded systems with strict energy and performance constraints. This work aims to evaluate the feasibility of implementing Double SHA-256 in reconfigurable hardware using High-Level Synthesis (HLS) on commercial FPGA platforms. The architecture was developed as a custom IP core and integrated into bare-metal systems on the ZedBoard (Zynq-7000) and ZCU104 (Zynq UltraScale+ MPSoC) platforms, validating real blockchain blocks to ensure functional accuracy. Results showed that the ZCU104 achieved a performance of $319 \text{kH} / \mathrm{s}$ with an execution time of $3.1 \mu ~\mathrm{s}$ per hash, while the ZedBoard excelled in energy efficiency, delivering 29.625 hashes per watt. Both implementations utilized a single logic core, achieving low FPGA resource utilization. The proposed approach proved to be effective and energy-efficient, making it suitable for embedded applications requiring highperformance cryptography.","","979-8-3315-9352-0","10.1109/SEPOC67005.2025.11297699","","https://ieeexplore.ieee.org/stamp/stamp.jsp?arnumber=11297699","SHA-256;Double Hashing;FPGA;High-Level Synthesis;Bitcoin;Blockchain;Embedded Systems","Program processors;Embedded systems;Heuristic algorithms;Bitcoin;Computer architecture;Throughput;Energy efficiency;Blockchains;IP networks;Field programmable gate arrays","","","","13","IEEE","23 Dec 2025","9-12 Nov. 2025","9-12 Nov. 2025","IEEE","IEEE Conferences"
"Early RTL Analysis for SCA Vulnerability in Fuzzy Extractors of Memory-Based PUF Enabled Devices","X. Lai; M. Jenihhin; G. Selimis; S. Goossens; R. Maes; K. Paul","Department of Computer Systems, Tallinn University of Technology, Estonia; Department of Computer Systems, Tallinn University of Technology, Estonia; Intrinsic ID, The Netherlands; Intrinsic ID, The Netherlands; Intrinsic ID, The Netherlands; Department of Computer Science & Engg, Indian Institute of Technology, Delhi, India",2020 IFIP/IEEE 28th International Conference on Very Large Scale Integration (VLSI-SOC),"10 Feb 2021","2020","","","16","21","Physical Unclonable Functions (PUFs) are gaining attention in the cryptography community because of the ability to efficiently harness the intrinsic variability in the manufacturing process. However, this means that they are noisy devices and require error correction mechanisms, e.g., by employing Fuzzy Extractors (FEs). Recent works demonstrated that applying FEs for error correction may enable new opportunities to break the PUFs if no countermeasures are taken. In this paper, we address an attack model on FEs hardware implementations and provide a solution for early identification of the timing Side-Channel Attack (SCA) vulnerabilities which can be exploited by physical fault injection. The significance of this work stems from the fact that FEs are an essential building block in the implementations of PUF-enabled devices. The information leaked through the timing side-channel during the error correction process can reveal the FE input data and thereby can endanger revealing secrets. Therefore, it is very important to identify the potential leakages early in the process during RTL design. Experimental results based on RTL analysis of several Bose-Chaudhuri-Hocquenghem (BCH) and Reed-Solomon decoders for PUF-enabled devices with FEs demonstrate the feasibility of the proposed methodology.","2324-8440","978-1-7281-5409-1","10.1109/VLSI-SOC46417.2020.9344071","EU(grant numbers:H2020); Regional Development; ","https://ieeexplore.ieee.org/stamp/stamp.jsp?arnumber=9344071","timing side-channel attack;physical unclonable function;fuzzy extractor;fault-injection attack;error correction code;BCH;Reed-Solomon;RTL analysis","Reed-Solomon codes;Side-channel attacks;Very large scale integration;Physical unclonable function;Iron;Timing;Error correction","","5","","20","IEEE","10 Feb 2021","5-7 Oct. 2020","5-7 Oct. 2020","IEEE","IEEE Conferences"
"A Countermeasure Against Statistical Ineffective Fault Analysis","J. Breier; M. Khairallah; X. Hou; Y. Liu","School of Computer Science and Engineering, NTU, Singapore; School of Physical and Mathematical Sciences, NTU, Singapore; Physical Analysis and Cryptography Engineering Lab, NTU, Singapore; School of Computer Science and Engineering, NTU, Singapore",IEEE Transactions on Circuits and Systems II: Express Briefs,"25 Nov 2020","2020","67","12","3322","3326","Current state-of-the-art countermeasures against Fault Injection Attacks (FIA) provide good protection against analysis methods that require the differences in the correct and faulty ciphertext to derive the secret information, such as Differential Fault Analysis (DFA) or collision fault analysis. However, recent progress in Ineffective Fault Analysis (IFA) and Statistical IFA (SIFA) constitutes a real threat against cryptographic implementations. Such methods cannot be thwarted by standard FIA countermeasures that focus on detecting the change in the intermediate data. In this brief, we present a novel method based on error correcting codes that protects implementations against SIFA. We design a set of universal error-correcting gates that can be used for block cipher implementations. We analyze a hardware implementation of protected GIFT-64 and show that our method provides 100% protection against SIFA.","1558-3791","","10.1109/TCSII.2020.2989184","National Research Foundation (NRF) Singapore; Prime Ministers Office under its National Cyber-security Research and Development Program(grant numbers:NRF2014NCR-NCR001-30,NRF2018NCRNCR005-0001); National Research Foundation Singapore; National Satellite of Excellence in Trustworthy Software Systems under its Cybersecurity Research and Development Program(grant numbers:NRF2018NCR-NSOE003-0001); National Research Foundation Investigatorship Singapore(grant numbers:NRF-NRFI06-2020-0001); ","https://ieeexplore.ieee.org/stamp/stamp.jsp?arnumber=9075200","Fault injection attacks;ineffective fault analysis;countermeasures;error-correcting codes;SIFA","Circuit faults;Ciphers;Logic gates;Error correction codes;Linear codes","","18","","14","IEEE","21 Apr 2020","Dec. 2020","","IEEE","IEEE Journals"
"DOMREP–An Orthogonal Countermeasure for Arbitrary Order Side-Channel and Fault Attack Protection","M. Gruber; M. Probst; P. Karl; T. Schamberger; L. Tebelmann; M. Tempelmeier; G. Sigl","TUM Department of Electrical and Computer Engineering, Chair of Security in Information Technology, Technical University of Munich, Munich, Germany; TUM Department of Electrical and Computer Engineering, Chair of Security in Information Technology, Technical University of Munich, Munich, Germany; TUM Department of Electrical and Computer Engineering, Chair of Security in Information Technology, Technical University of Munich, Munich, Germany; TUM Department of Electrical and Computer Engineering, Chair of Security in Information Technology, Technical University of Munich, Munich, Germany; TUM Department of Electrical and Computer Engineering, Chair of Security in Information Technology, Technical University of Munich, Munich, Germany; TUM Department of Electrical and Computer Engineering, Chair of Security in Information Technology, Technical University of Munich, Munich, Germany; TUM Department of Electrical and Computer Engineering, Chair of Security in Information Technology, Technical University of Munich, Munich, Germany",IEEE Transactions on Information Forensics and Security,"2 Sep 2021","2021","16","","4321","4335","Protection against physical attacks is a major requirement for cryptographic implementations on devices which can be accessed by attackers. Side-channel and fault injection attacks are the most common types of physical attacks. In this work we present a novel generic solution for simultaneous protection against side-channel and fault attacks with arbitrary order. We combine domain oriented masking and repetition codes in an orthogonal way and call this approach DOMREP. The resistance against side-channel attacks and fault attacks can be scaled independently of each other, for the protection against higher-order side-channel analysis and the injection of multiple faults including SIFA. We develop the generic concept of orthogonal protection, and implement the DOMREP concept on GIMLI, a round two NIST LWC competition candidate, on a Xilinx Artix-7 FPGA. Our implementation of GIMLI is verified to be resistant against univariate first-order side-channel attacks by TVLA. The resistance against SIFA is verified by means of fault emulation of single as well as multiple bit faults. Our implementation of GIMLI achieves the expected security level according to these measurements. We also provide numbers for the area overhead for our protected implementation of GIMLI.","1556-6021","","10.1109/TIFS.2021.3089875","Bavarian Ministry of Economic Affairs, Regional Development and Energy in the Project Maßnahmen der IT-Sicherheit zur hochsicheren Hardware Industriealisierung (MITHRIL)(grant numbers:IUK-1903-0003//IUK623/002); ","https://ieeexplore.ieee.org/stamp/stamp.jsp?arnumber=9456951","Countermeasure;SCA;TVLA;SIFA;GIMLI","Cryptography;Resistance;Power demand;Electrical resistance measurement;Hardware;Error correction;Side-channel attacks","","15","","36","IEEE","16 Jun 2021","2021","","IEEE","IEEE Journals"
"Mitigating Power Supply Glitch based Fault Attacks with Fast All-Digital Clock Modulation Circuit","A. Singh; M. Kar; N. Chawla; S. Mukhopadhyay",Georgia Institute of Technology; Intel Labs; Georgia Institute of Technology; Georgia Institute of Technology,"2019 Design, Automation & Test in Europe Conference & Exhibition (DATE)","16 May 2019","2019","","","19","24","This paper experimentally demonstrates that an on-chip integrated fast all-digital clock modulation (F-ADCM) circuit can be used as a countermeasure against supply glitch and temperature variations-based fault injection attacks (FIA). The F-ADCM circuit modulates clock edges in presence of DC/transient supply glitches and temperature variations to ensure correct operation of the underlying cryptographic circuit. With a testchip manufactured in 130nm CMOS process, we first demonstrate an inexpensive methodology to conduct a fault attack on hardware implementation of a 128-bit advanced encryption standard (AES) engine using externally controlled supply glitches. Next, we show that with F-ADCM circuit, it is no longer possible to inject supply/temperature glitch-based faults even after 10 million encryptions across varying operating conditions. Moreover, in extreme operating conditions, the F-ADCM circuit doesn't generate any clock edges, leading to complete failure of the AES encryption, indicating no exploitable faults are present.","1558-1101","978-3-9819263-2-3","10.23919/DATE.2019.8715058","","https://ieeexplore.ieee.org/stamp/stamp.jsp?arnumber=8715058","differential fault analysis;cryptography;advanced encryption standard;fault injection attack;supply glitch;clock modulation;error resilience;PVT variations","Circuit faults;Clocks;Timing;Modulation;Encryption;Voltage-controlled oscillators","","5","","19","","16 May 2019","25-29 March 2019","25-29 March 2019","IEEE","IEEE Conferences"
"Enhanced Pseudorandom Number Generation using Mersenne-LFSR Fusion","G. Kumar; S. S. Hegde; V. M. B","Department of Electronics and Communication Engineering, B.M.S. College of Engineering, Bengaluru, India; Department of Electronics and Communication Engineering, B.M.S. College of Engineering, Bengaluru, India; Department of Electronics and Communication Engineering, B.M.S. College of Engineering, Bengaluru, India","2024 5th International Conference on Communication, Computing & Industry 6.0 (C2I6)","25 Feb 2025","2024","","","1","6","Pseudorandom number generators (PRNGs) are fundamental tools in various applications, including cryptography, simulation and statistical sampling. Traditional PRNGs often face challenges related to periodicity, randomness quality, and computational efficiency. This paper presents the Mersenne LFSR fusion, an innovative approach that combines the Linear Feedback Shift Register (LFSR) and Mersenne Twister algorithms. By integrating the fast and simple structure of the LFSR with the high-quality randomness and long period of the Mersenne Twister, this method significantly improves PRNG performance. Experimental analysis shows that the Mersenne-LFSR fusion has superior randomness properties and longer period compared to traditional methods. The robustness of the fusion counter was validated through a scrambler-descrambler application, which effectively encoded and decoded data without introducing patterns. These enhancements make the proposed model a strong contender for applications that demand high-quality pseudorandom number sequences. Despite its superior performance, the Mersenne LFSR fusion has a limitation of higher power consumption, which may be a consideration in power-constrained environments. Nevertheless, it offers significant improvements in security and reliability, exceeding standard benchmarks for modern computing needs.","","979-8-3503-7988-4","10.1109/C2I663243.2024.10895455","","https://ieeexplore.ieee.org/stamp/stamp.jsp?arnumber=10895455","PRNGs;LFSR;Mersenne Twister","Industries;Power demand;Linear feedback shift registers;Throughput;Robustness;Cryptography;Standards;Optimization;Random sequences;Periodic structures","","","","13","IEEE","25 Feb 2025","6-7 Dec. 2024","6-7 Dec. 2024","IEEE","IEEE Conferences"
"Unveiling the Quantum Realm: A Comprehensive Analysis of Quantum Computing","S. M. A. Helmy; S. A. El-Regaily; A. M. Mahmoud; E. -S. M. El-Horbaty","Software Engineering Department, Faculty of Computer and Information Science, Ain Shams University, Cairo, Egypt; Basic Sciences Department, Faculty of Computer and Information Sciences, Ain Shams University, Cairo, Egypt; Computer Science Department, Faculty of Computer and Information Sciences, Ain Shams University, Cairo, Egypt; Computer Science Department, Faculty of Computer and Information Sciences, Ain Shams University, Cairo, Egypt",2025 International Conference on Future Telecommunications and Artificial Intelligence (IC-FTAI),"17 Feb 2026","2025","","","1","6","Quantum computing represents a paradigm shift from classical computation, harnessing the principles of quantum mechanics to process information in fundamentally new ways. This paper provides a comprehensive analysis of the field, beginning with its theoretical underpinnings. It elucidates the core concepts of qubits, superposition, and entanglement, which collectively enable quantum computers to perform computations that are intractable for even the most powerful classical supercomputers. The discussion then transitions to the physical architecture of these machines, exploring various hardware implementations, the role of quantum gates and circuits, and the significance of landmark quantum algorithms. The concept of quantum advantage is examined as a critical milestone in the field's development. Subsequently, the paper surveys the potential applications of quantum computing across diverse industries, including drug discovery, materials science, cryptography, and financial modeling, highlighting its transformative potential. Finally, it addresses the significant challenges and limitations that currently impede the realization of large-scale, fault-tolerant quantum computers, such as decoherence, scalability, and algorithm development. By synthesizing the theoretical foundations, current technological state, future applications, and prevailing challenges, this paper offers a holistic overview of quantum computing, charting its trajectory from a theoretical curiosity to a disruptive technology poised to redefine the boundaries of science and industry.","","979-8-3315-5842-0","10.1109/IC-FTAI67960.2025.11384159","","https://ieeexplore.ieee.org/stamp/stamp.jsp?arnumber=11384159","Quantum Computing;Qubits;Superposition;Entanglement;Quantum Algorithms;Decoherence;Quantum Error Correction;Quantum Advantage;NISQ (Noisy Intermediate-Scale Quantum);Shor's Algorithm;Grover's Algorithm","Fault tolerance;Quantum computing;Quantum advantage;Quantum algorithm;Quantum entanglement;Scalability;Qubit;Fault tolerant systems;Hardware;Trajectory","","","","27","IEEE","17 Feb 2026","24-27 Nov. 2025","24-27 Nov. 2025","IEEE","IEEE Conferences"
"Novel High Throughput-to-Area Efficiency and Strong-Resilience Datapath of AES for Lightweight Implementation in IoT Devices","S. Chinnapparaj; K.Haridass","Department of ECE, KIT- Kalaignarkarunanidhi Institute of Technology, Coimabatore, Tamil Nadu, India; Department of ECE, KIT- Kalaignarkarunanidhi Institute of Technology, Coimabatore, Tamil Nadu, India",2025 5th International Conference on Evolutionary Computing and Mobile Sustainable Networks (ICECMSN),"17 Feb 2026","2025","","","1600","1605","The blistering development of Internet of Things (IoT) devices has resulted in creating a significant demand of secure and lightweight encryption solutions that can be deployed under stringent area, power, and performance constraints. Typical implementation of Standard Advanced Encryption Standard (AES) typically consumes considerable hardware resources and is also limited in throughput with its implementation in resource constrained environments. The current paper introduces a new high throughput to area efficient AES data path to be used in lightweight IoT devices. The given architecture would use pipelined and resource-shared design, which maximizes the implementation of Sub Bytes, Shift Rows, and Mix Columns operations to provide a better balance between the use of the area and the speed of encryption. It has a composite S-box and selective pipeline parallelism to improve processing efficiency and minimizes the redundancy and power of the hardware. Also, the data path incorporates lightweight fault-resistance and fault-detection schemes, enhancing the resiliency to temporary faults and possible hardware assaults. The design is coded in full and tested in Verilog HDL and the output of the synthesis indicates that the throughput to area ratio is much higher than that of traditional AES architectures. The given solution offers a useful and efficient solution to secure and high-performance encryption of the devices in low-power IoT to guarantee the reliability and efficiency of the current embedded systems.","","979-8-3315-8242-5","10.1109/ICECMSN68058.2025.11382689","","https://ieeexplore.ieee.org/stamp/stamp.jsp?arnumber=11382689","AES;Lightweight Cryptography;IoT Security;High throughput;Area efficiency;pipelined Architecture;Fault Resilience;and Hardware Implementation","Performance evaluation;Computer architecture;Throughput;Hardware;Encryption;Internet of Things;Hardware design languages;Standards;Resilience;S Box","","","","15","IEEE","17 Feb 2026","24-26 Nov. 2025","24-26 Nov. 2025","IEEE","IEEE Conferences"
"False Glitch Cells as a Countermeasure Against Power Analysis Attacks in Cryptographic Circuits","A. S. Sichani; W. A. Moreno","Electrical Engineering department, University of South Florida, Tampa, USA; Electrical Engineering department, University of South Florida, Tampa, USA",2019 SoutheastCon,"5 Mar 2020","2019","","","1","5","Cryptographic systems can potentially suffer from various attacks which are a consequence of vulnearability of side channel information to analysis attacks. The nature of digital circuits is prone to electromagnetic and power analysis (EMA and PA) attacks. Interconnects in cryptographic circuits emanate information through electromagnetic signals which can be exploited using EMA. Complementary Metal Oxide Semiconductor (CMOS) circuits are vulnearable to leak of computational information through leakage and dynamic power consumption. Dynamic power consumption of cryptographic engines is a rich source to sink in the data under process. The hardware implementation of cryptographic algorithms undermine the security of encrypted system against non brute-force-attacks. The attackers collect and analyse the leakage information of cryptographic circuits to detect the secrete key. The parameters sensitivity of the device and circuits make the cryptographic engines vulnearable to fault injection and inherent inconsistency of the circuits. Dynamic and static power comprise two major components of power consumption of digital circuits. Both power components vary with data under process. This exhibits power consumption has data dependency in digital circuits. To make noisy power profile, various countermeasures have been proposed against Differential Power Analysis (DPA) attacks. In this research, false glitch cells is proposed to work as a countermeasure to generate random transitions and power spikes to scramble power profile. The mathematical foundation of security implications of false glitch cells against Correlation Power Analysis (CPA) attacks is investigated. Moreover, the security efficiency of utilizing false glitch cells is verified with different metrics.","1558-058X","978-1-7281-0137-8","10.1109/SoutheastCon42311.2019.9020371","","https://ieeexplore.ieee.org/stamp/stamp.jsp?arnumber=9020371","Cryptographic circuit;Glitch power consumption;DPA;CPA","Cryptography;Power demand;Engines;Correlation coefficient;Correlation;Mathematical model","","2","","17","IEEE","5 Mar 2020","11-14 April 2019","11-14 April 2019","IEEE","IEEE Conferences"
"RISC-V Processor Design: RTL to GDSII Implementation Using EDA Tools","S. K. Narla; V. Yamsani; R. K. Gurrala; K. Jamal; C. U. Kumari","ECE, GRIET, Hyderabad; ECE, GRIET, Hyderabad; ECE, GRIET, Hyderabad; ECE, GRIET, Hyderabad; ECE, GRIET, Hyderabad",2025 International Conference on Smart & Sustainable Technology (INCSST),"28 Oct 2025","2025","","","1","6","Due to its low-cost, scalable, and flexible features, a lot of attention has been drawn towards the open-source Instruction Set Architecture (ISA) RISC-V. This research explores multiple RISC-V design issues, including AI speedup, power reduction, and processor specialization. It encompasses Heterogeneous computing, compiler techniques, security issue, and RTL to GDSII conversion. Moreover, it examines the role of RISC-V in edge computing, FPGA application, multicore systems, and pedagogical tools. Also included is the investigation of RISC-V interfaces with quantum control processors, cryptography units, and AI accelerators. A comparison of the closed-source and open-source EDA tools for RISC-V design shows the growing feasibility of implementing processor development at low-costs. Additionally, low power techniques like clock gating, dynamic voltage scaling, and low voltage supply memory architecture have shown that RISC-V can be beneficial for battery powered and IoT devices. In the scope of improving processor reliability, security features such as secure boot and trusted execution environment are studied. Evaluation results on PicoRV32 and custom implemented RISC-Vs show sufficiency for many different types of workloads. The analysis shows that RISC-V has scoped for promising research in AI, IoT, and embedded systems RISC architectures and their rapidly evolving nature indicate that these will need further attention in the design of next-generation computers. This paper includes details of the progress made to the RISC V architecture and its impacts on the future of microprocessor design.","","979-8-3315-4192-7","10.1109/INCSST64791.2025.11210272","","https://ieeexplore.ieee.org/stamp/stamp.jsp?arnumber=11210272","RISC-V;PicoRV32;Open-Source ISA;RTL-to-GDSII;AI Acceleration;Low-Power Design;FPGA Implementation;Multi-Core Systems;Edge Computing;Compiler Optimization;Trusted Execution;Secure Boot;Heterogeneous Computing;Quantum Computing Integration;IoT;Embedded Systems","Reduced instruction set computing;Embedded systems;Quantum computing;Process control;Heterogeneous networks;Internet of Things;Reliability;Field programmable gate arrays;Optimization;Edge computing","","","","15","IEEE","28 Oct 2025","4-6 July 2025","4-6 July 2025","IEEE","IEEE Conferences"
"Processing In-Memory PUF Watermark Embedding With Cellular Memristor Network","A. James; C. Reghuvaran; L. Chua","School of Electronic Systems and Automation, Digital University Kerala, Trivandrum, India; University College Dublin, Dublin, Ireland; University of California, Berkeley, CA, USA",IEEE Transactions on Emerging Topics in Computing,"5 Dec 2025","2025","13","4","1453","1464","The cellular neural network (CNN or CeNN) is known to be useful because of its suitability in real-time processing, parallel processing, robustness, flexibility, and energy efficiency. CeNNs have a large number of interconnected processing elements, which can be programmed to produce a wide range of patterns, including regular and irregular patterns, random patterns, and more. When implemented in memristive hardware, the pattern generator ability and inherent variability of memristive devices can be explored to create Physical Unclonable Functions (PUFs). This work reports a method of using memristive CeNNs to perform image processing tasks along with PUF image generation. The CeNN-PUF has dual mode capability combining data processing and encryption using PUF image watermarking. The proposed method provides unique device-specific image watermarks, following a two-stage process of (1) device-specific secret mask generation and (2) watermark embedding. The system is evaluated using multiple CeNN cloning templates and the robustness of the method is validated against ML attacks. A detailed analysis is presented to evaluate the uniqueness, randomness and reliability against different environmental changes. The experimental validation of the proposed model is done on FPGA Xilinx Zynq-7010 processor and benchmarked the system against quantization noise.","2168-6750","","10.1109/TETC.2025.3528336","Ministry of Electronics and IT; Government of India; ","https://ieeexplore.ieee.org/stamp/stamp.jsp?arnumber=10851809","Physical unclonable function (PUFs);cellular neural network (CeNN);memristive crossbar array;image watermarking;resistive RAM (RRAM);structural dissimilarity index (SDIM);reliability","Watermarking;Physical unclonable function;Memristors;Hardware;Cryptography;Resistance;Computer architecture;Image processing;Circuits;Cloning","","3","","45","CCBY","23 Jan 2025","Oct.-Dec. 2025","","IEEE","IEEE Journals"
"High-performance Data Hybrid Encryption Scheme Based on Mimic Defense","Y. Wei; B. Li; B. Zhang; Y. Yan; Q. Zhou","School of Computer and Artificial Intelligence, Zhengzhou University, Zhengzhou, Henan, China; School of Computer and Artificial Intelligence, Zhengzhou University, Zhengzhou, Henan, China; School of Computer and Artificial Intelligence, Zhengzhou University, Zhengzhou, Henan, China; School of Computer and Artificial Intelligence, Zhengzhou University, Zhengzhou, Henan, China; School of Computer and Artificial Intelligence, Zhengzhou University, Zhengzhou, Henan, China",2023 3rd International Symposium on Computer Technology and Information Science (ISCTIS),"16 Aug 2023","2023","","","114","121","Cryptography algorithms are crucial technologies in today's network security, playing important roles in areas such as cloud data, digital currencies, and blockchain. In this paper, based on the FPGA platform, we propose a high-performance hybrid encryption scheme by integrating mimic defense with multiple encryption algorithms. Firstly, we optimize the encryption algorithms 3DES, ZUC, and ChaCha20 using a pipelining approach and incorporate them as heterogeneous execution units in the mimic defense architecture, achieving high-speed hybrid encryption of data. Secondly, we generate random keys using pseudo-random number generation and employ the “one-time-one-key” encryption method to enhance resistance against attacks. Lastly, we integrate control mechanisms such as decision-making and feedback to enhance the security of the encryption defense system. Experimental results demonstrate that compared to other schemes, the throughput of the three algorithms in this scheme is improved by 67.3%, 357.1%, and 13.7%, respectively. By balancing efficiency and security, the proposed scheme enhances encryption speed and the reliability of encrypted data.","","979-8-3503-2538-6","10.1109/ISCTIS58954.2023.10213016","","https://ieeexplore.ieee.org/stamp/stamp.jsp?arnumber=10213016","mimic defense;fpga;performance;security","Resistance;Information science;Three-dimensional displays;Online banking;Network security;Throughput;Encryption","","2","","20","IEEE","16 Aug 2023","7-9 July 2023","7-9 July 2023","IEEE","IEEE Conferences"
"A Low-Cost Self-Test Architecture Integrated With PRESENT Cipher Core","Z. Haider; K. Javeed; M. Song; X. Wang","Department of Computer Engineering, Bahria University, Islamabad, Pakistan; Department of Computer Engineering, Bahria University, Islamabad, Pakistan; School of Electronic Engineering, Beijing University of Posts and Telecommunications (BUPT), Beijing, China; School of Electronic Engineering, Dublin City University (DCU), Dublin, Ireland",IEEE Access,"15 Apr 2019","2019","7","","46045","46058","Cryptographic cores integrated with self-test ability fulfill both data security and reliability requirements of the Internet of Things (IoT) network. However, from the IoT perspective where most devices are resource constrained, a fundamental problem associated with most of the self-test architectures is high hardware overhead due to the additional circuit for self-test operation. This paper presents the design of a low-cost self-test architecture and its integration with the PRESENT cipher core. The hardware overhead of the proposed low-cost self-test architecture is reduced by adopting two key strategies: 1) using hardware-efficient X-Compactor technique for test response compaction and 2) reusing the PRESENT cipher core as a Test Pattern Generator (TPG). The proposed self-test architecture is implemented on different Xilinx Field Programmable Gate Array (FPGA) platforms and devices. Analysis of the implementation results shows that the proposed self-test method occupies 23% less hardware area overhead and provides 14% higher throughput per slice performance with the fault coverage of over 99% compared with the existing self-test designs. The resulting analysis indicates that the proposed self-test design is one of the most viable testing solutions for resource-constrained IoT devices.","2169-3536","","10.1109/ACCESS.2019.2907717","National Natural Science Foundation of China(grant numbers:61871046); ","https://ieeexplore.ieee.org/stamp/stamp.jsp?arnumber=8675271","Lightweight cryptography;resource constrained;self-test;design for testability;Internet of things;compaction;LFSR;MISR;FPGA","Built-in self-test;Ciphers;Circuit faults;Registers;Hardware","","13","","38","OAPA","27 Mar 2019","2019","","IEEE","IEEE Journals"
"Hardware-Oriented Authentication for Advanced Metering Infrastructure","M. Mustapa; M. Y. Niamat; A. P. Deb Nath; M. Alam","School of Computer and Communications Engineering, Universiti Malaysia Perlis, Perlis, Malaysia; Electrical Engineering and Computer Science Dept., University of Toledo, Toledo, OH, USA; Electrical Engineering and Computer Science Dept., University of Toledo, Toledo, OH, USA; Electrical Engineering and Computer Science Dept., University of Toledo, Toledo, OH, USA",IEEE Transactions on Smart Grid,"16 Feb 2018","2018","9","2","1261","1270","This paper introduces a novel authentication scheme for advanced metering infrastructure of smart grid using ring oscillator physically unclonable functions (ROPUFs). The scope of the design covers the communication between the utility company and the smart meter network. The scheme is based on hardware-oriented security and can be implemented on existing smart meters. Authentication keys of 64 bits are used for security level 1 communication. The size of keys can increase up to 1024 bits for security level 5. The cryptographic keys used in this scheme are extremely difficult to model by adversaries as each key is used only once. These authentication keys are generated from ROPUF response bits using the Hamming code. The design of the scheme ensures fault tolerance as ring oscillator comparison pairs with high frequency differences are selected to prevent bit flips and only 10% discrepancy is tolerated in parity bits. The proposed scheme is highly secure and efficient in terms of latency and data storage. As a proof of concept, two different machine learning algorithms, support vector machine and multigene genetic programming, are used to show that the scheme cannot be modeled by adversaries.","1949-3061","","10.1109/TSG.2016.2582423","University of Toledo; ","https://ieeexplore.ieee.org/stamp/stamp.jsp?arnumber=7494646","Authentication;advanced metering infrastructure (AMI);smart grid;ring oscillator physically unclonable function (ROPUF);field programmable gate array (FPGA)","Authentication;Smart grids;Field programmable gate arrays;Smart meters;Protocols;Cryptography","","42","","23","IEEE","17 Jun 2016","March 2018","","IEEE","IEEE Journals"
"A Unified Multibit PUF and TRNG Based on Ring Oscillators for Secure IoT Devices","I. Baturone; R. Román; Á. Corbacho","Instituto de Microelectrónica de Sevilla, Universidad de Sevilla, CSIC, Sevilla, Spain; Instituto de Microelectrónica de Sevilla, Universidad de Sevilla, CSIC, Sevilla, Spain; Instituto de Microelectrónica de Sevilla, Universidad de Sevilla, CSIC, Sevilla, Spain",IEEE Internet of Things Journal,"23 Mar 2023","2023","10","7","6182","6192","Physically unclonable functions (PUFs) and true random number generators (TRNGs) are cryptographic primitives very well suited for secure IoT devices. This article proposes a circuit, named multibit-RO-PUF-TRNG, which offers the advantages of unifying PUF and TRNG in the same design. It is based on counting the oscillations of pairs of ring oscillators (ROs), one of them acting as a reference. Once the counter of the reference oscillator reaches a fixed value, the count value of the other RO is employed to provide the TRNG and the multibit PUF response. A mathematical model is presented that supports not only the circuit foundations but also a novel and simple calibration procedure that allows optimizing the selection of the design parameters. Experimental results are illustrated with large data sets from two families of FPGAs with different process nodes (90 and 28 nm). These results confirm that the proposed calibration provides TRNG and PUF responses with high quality. The raw TRNG bits do not need post-processing and the PUF bits (even 6 bits per RO) show very small aliasing. In the application context of obfuscating and reconstructing secrets generated by the TRNG, the multibit PUF response, together with the proposal of using error-correcting codes and RO selection adapted to each bit, provide savings of at least 79.38% of the ROs compared to using a unibit PUF without RO selection. The proposal has been implemented as an APB peripheral of a VexRiscv RV32I core to illustrate its use in a secure FPGA-based IoT device.","2327-4662","","10.1109/JIOT.2022.3224298","MCIN/AEI/10.13039/501100011033 and the “European Union NextGenerationEU/PRTR”(grant numbers:PDC2021-121589-I00); MCIN/AEI/10.13039/501100011033(grant numbers:PID2020-119397RB-I00); ","https://ieeexplore.ieee.org/stamp/stamp.jsp?arnumber=9961882","Hardware security;physical unclonable functions;ring oscillators (ROs);true random number generators (TRNGs)","Internet of Things;Proposals;Field programmable gate arrays;Cryptography;Ring oscillators;Reliability;Mathematical models","","29","","44","IEEE","23 Nov 2022","1 April1, 2023","","IEEE","IEEE Journals"
"TI-PUF: Toward Side-Channel Resistant Physical Unclonable Functions","A. Aghaie; A. Moradi","Horst Görtz Institute for IT Security, Ruhr-Universität Bochum, Bochum, Germany; Horst Görtz Institute for IT Security, Ruhr-Universität Bochum, Bochum, Germany",IEEE Transactions on Information Forensics and Security,"17 Jun 2020","2020","15","","3470","3481","One of the main motivations behind introducing PUFs was their ability to resist physical attacks. Among them, cloning was the major concern of related scientific literature. Several primitive PUF designs have been introduced to the community, and several machine learning attacks have been shown capable of modeling such constructions. Although a few works have expressed how to make use of Side-Channel Analysis (SCA) leakage of PUF constructions to significantly improve the modeling attacks, little attention has been paid to provide corresponding countermeasures. In this paper, we present a generic technique to operate any PUF primitive in an SCA-secure fashion. We, for the first time, make it possible to apply a provably-secure masking countermeasure - Threshold Implementation (TI) - on a strong PUF design. As a case study, we concentrate on the Interpose PUF and based on practical experiments on an FPGA prototype, we demonstrate the ability of our construction to prevent the recovery of intermediate values through SCA measurements.","1556-6021","","10.1109/TIFS.2020.2986887","Deutsche Forschungsgemeinschaft (DFG, German Research Foundation) through the Germany???s Excellence Strategy(grant numbers:EXC 2092 CASA - 390781972); ","https://ieeexplore.ieee.org/stamp/stamp.jsp?arnumber=9063465","Physical unclonable function;side-channel analysis;threshold implementation;masking;modeling;machine learning","Resistance;Cryptography;Reliability;Protocols;Machine learning;Analytical models;Semiconductor device measurement","","26","","50","IEEE","10 Apr 2020","2020","","IEEE","IEEE Journals"
"SensoPUF: Securing Sensor Data using PUF for Lightweight Security","S. Mandal; M. H. Mahalat; A. Mondal; B. Sen","Department of Computer Science & Engineering, National Institute of Technology Durgapur, Durgapur, India; Department of Information Technology, Sri Sivasubramaniya Nadar College of Engineering, Chennai, Tamil Nadu, India; Department of Computer Science & Engineering, Birla Institute of Technology Mesra, Jharkhand, India; Department of Computer Science & Engineering, National Institute of Technology Durgapur, Durgapur, West Bengal, India",IEEE Transactions on Consumer Electronics,"","2026","PP","99","1","1","The Internet of Things (IoT) makes sensors an integral part of daily life. Securing sensor data became the utmost necessity for critical applications. Traditional cryptographic systems cannot prevent physical attacks, and being resource-hungry, are not suitable for low-cost IoT devices. Physically Unclonable Function (PUF), an emerging hardware security primitive, can be utilized to ensure sensor security. The existing PUF-based protocols used the unintended sensitivity of the PUF response (output) to environmental variation to secure sensor data. However, these protocols suffer from various issues, like limited authentication problems, only guaranteeing the integrity of sensor data, and being susceptible to security threats. Moreover, most of these protocols only exploit the unreliable (unstable) response bits of the PUF response. We propose a lightweight security protocol for sensor data, utilizing the reliable response bits of PUF to maintain authenticity and confidentiality, and the unreliable response bits to verify sensor data. The protocol successfully overcomes the limitations and security issues of the existing protocols. The BAN logic and Scyther protocol analyzer tool formally validate the protocol’s correctness and security. Further, the practical feasibility of the protocol is verified using an arbiter PUF implemented on Spartan-3E FPGA, considering temperature as the ambient parameter.","1558-4127","","10.1109/TCE.2026.3659494","","https://ieeexplore.ieee.org/stamp/stamp.jsp?arnumber=11369290","Sensor;PUF;reliable;authentication;IoT","Protocols;Temperature measurement;Reliability;Temperature sensors;Authentication;Security;Cryptography;Internet of Things;Temperature distribution;Temperature dependence","","","","","IEEE","30 Jan 2026","","","IEEE","IEEE Early Access Articles"
"A Literature Review on Embedded Systems","L. De Micco; F. L. Vargas; P. I. Fierens","Instituto de Investigaciones Cientificas y Tecnologicas en Electronica (ICYTE) Facultad de Ingenieria, Universidad Nacional de Mar del Plata (FIUNMDP)Consejo Nacional de Investigaciones Cientificas y Tecnicas (CONICET)Mar del Plata, Buenos Aires, Argentina; Catholic University (PUCRS) in Porto Alegre, Brazil; Instituto Tecnológico de Buenos Aires (ITBA) and CONICET, Argentina",IEEE Latin America Transactions,"4 May 2020","2020","18","02","188","205","Embedded system design is crucial for the development of industry, technology, and science, and it is an area that has significantly grown in recent years throughout Latin America, both in academia and in industry. Embedded System (ES) refers to electronic equipment with a computing core which, unlike a personal computer, is designed to meet a specific function and is usually optimized to satisfy strict requirements of processing time, reliability, power consumption, size, and cost. With the advancement of research on the domains of Internet of Things (IoT), Computing Edge (CE) and Cloud Computing (CC) and their endless application possibilities, ESs have gained new roles and assumed unquestionable importance in our daily lives. In this article, we make a brief review of the relevant literature in the area of embedded systems in the Latin America region during recent years.","1548-0992","","10.1109/TLA.2020.9085271","","https://ieeexplore.ieee.org/stamp/stamp.jsp?arnumber=9085271","Agrotechnology;ASIC;Bioengineering;Communications;Computer Architecture;Cryptography;Digital Signal Processing;DSP;Embedded Software;Embedded systems;FPGA;HDL;Industry 4.0;IoT;Robotics;RTOS;Wireless Sensor Networks","Embedded systems;Field programmable gate arrays;Silicon compounds;Industries;Internet of Things;Hardware design languages","","17","","","IEEE","4 May 2020","February 2020","","IEEE","IEEE Journals"
"Reliable Hardware Architectures for Cryptographic Block Ciphers LED and HIGHT","S. Subramanian; M. Mozaffari-Kermani; R. Azarderakhsh; M. Nojoumian","Department of Electrical and Microelectronic Engineering, Rochester Institute of Technology, Rochester, NY, USA; Department of Electrical and Microelectronic Engineering, Rochester Institute of Technology, Rochester, NY, USA; Department of Computer and Electrical Engineering and Computer Science, Florida Atlantic University, Boca Raton, FL, USA; Department of Computer and Electrical Engineering and Computer Science, Florida Atlantic University, Boca Raton, FL, USA",IEEE Transactions on Computer-Aided Design of Integrated Circuits and Systems,"18 Sep 2017","2017","36","10","1750","1758","Cryptographic architectures provide different security properties to sensitive usage models. However, unless reliability of architectures is guaranteed, such security properties can be undermined through natural or malicious faults. In this paper, two underlying block ciphers which can be used in authenticated encryption algorithms are considered, i.e., light encryption device and high security and lightweight block ciphers. The former is of the Advanced Encryption Standard type and has been considered area-efficient, while the latter constitutes a Feistel network structure and is suitable for low-complexity and low-power embedded security applications. In this paper, we propose efficient error detection architectures including variants of recomputing with encoded operands and signature-based schemes to detect both transient and permanent faults. Authenticated encryption is applied in cryptography to provide confidentiality, integrity, and authenticity simultaneously to the message sent in a communication channel. In this paper, we show that the proposed schemes are applicable to the case study of simple lightweight CFB for providing authenticated encryption with associated data. The error simulations are performed using Xilinx Integrated Synthesis Environment tool and the results are benchmarked for the Xilinx FPGA family Virtex-7 to assess the reliability capability and efficiency of the proposed architectures.","1937-4151","","10.1109/TCAD.2017.2661811","U.S. Department of Commerce, National Institute of Standards and Technology through the U.S. Federal Agency Award(grant numbers:60NANB16D245); ","https://ieeexplore.ieee.org/stamp/stamp.jsp?arnumber=7837587","Authenticated encryption;high security and lightweight (HIGHT);light encryption device (LED);reliability","Ciphers;Light emitting diodes;Circuit faults;Encryption;Redundancy","","76","","39","OAPA","31 Jan 2017","Oct. 2017","","IEEE","IEEE Journals"
"Blockchain Applied In Decentralization of Ground Stations To Educational Nanosatellites","E. Filho; J. Silveira; C. Marcon","Department of Teleinformatics Engineering (DETI), Federal University of Ceara (UFC), Fortaleza, Brazil; Department of Teleinformatics Engineering (DETI), Federal University of Ceara (UFC), Fortaleza, Brazil; Graduate Program in Computer Science (PPGCC), Pontifical Catholic University of Rio Grande do Sul (PUCRS), Porto Alegre, Brazil",2023 IEEE 24th Latin American Test Symposium (LATS),"22 Jun 2023","2023","","","1","5","Space has increasingly attracted the attention of governments, large industries, and universities. One of the most popular strategies in recent years has been the adoption of nanosatellites to fulfill different missions, which can work alone or in constellations. Universities stand out among the agents launching nanosatellites, with more than 600 launches until 2022. Given the growth of entities that control space missions, it is necessary to implement new methods for communication between control and satellite to accelerate data transmission and provide a high-security degree. Our work proposes a consortium archi-tecture between Ground Stations (GSs) so that a GS as a Service (GSaaS) works with low cost, reliability, and resource sharing. We simulated a nanosatellite mission in Low Earth Orbit (LEO) with MATLAB to obtain the parameters of average communication time, propagation loss, and at which angles the communication would be most affected by atmospheric phenomena. Then, we implement business rules for communication between GS and satellites using smart contract concepts. We set up a blockchain to provide the decentralization infrastructure and created a web service to provide a communication API between nanosatellite and blockchain. We simulated the firmware update process, showing that the nanosatellite took around 20 minutes to request all 32-byte fragments of 301 Kb firmware. Considering the time interval that the communication window between GS and nanosatellite remains active, the entire firmware transmission takes two to three communication slots. However, the transmission time is drastically reduced in a scenario with two or more GSs. Furthermore, the GSaaS decentralized infrastructure allows the consortium of GSs to communicate agnostically with the satellites, preserving firmware privacy due to the cryptography used in blockchain transactions","2373-0862","979-8-3503-2597-3","10.1109/LATS58125.2023.10154485","","https://ieeexplore.ieee.org/stamp/stamp.jsp?arnumber=10154485","Nanosatellites;Blockchain;Hyperledger Besu;Communications","Space vehicles;Web services;Space missions;Smart contracts;Small satellites;Low earth orbit satellites;Blockchains","","2","","12","IEEE","22 Jun 2023","21-24 March 2023","21-24 March 2023","IEEE","IEEE Conferences"
"Novel Strong-PUF-Based Authentication Protocols Leveraging Shamir’s Secret Sharing","S. Chen; B. Li; Z. Chen; Y. Zhang; C. Wang; C. Tao","School of Microelectronics, Shenzhen Research Institute, and Advanced Cloud-System Research Center, Southeast University, Nanjing, China; School of Microelectronics, School of Cyber Science and Engineering, Shenzhen Research Institute, and Advanced Cloud-System Research Center, Southeast University, Nanjing, China; School of Microelectronics, Shenzhen Research Institute, and Advanced Cloud-System Research Center, Southeast University, Nanjing, China; School of Cyber Science and Engineering, Shenzhen Research Institute, and Advanced Cloud-System Research Center, Southeast University, Nanjing, China; School of Microelectronics, Shenzhen Research Institute, and Advanced Cloud-System Research Center, Southeast University, Nanjing, China; School of Microelectronics, Shenzhen Research Institute, and Advanced Cloud-System Research Center, Southeast University, Nanjing, China",IEEE Internet of Things Journal,"8 Aug 2022","2022","9","16","14408","14425","Physical unclonable function (PUF) has emerged as an attractive hardware primitive for lightweight authentication in the Internet of Things (IoT). However, strong-PUF-based authentication schemes are threatened by powerful machine learning attacks. Therefore, dedicated lightweight protocols are required to preserve the privacy of the embedded strong PUF. In this article, we show that the “availability” and “reliability” features of Shamir’s secret sharing (SSS) can be applied to address the security issue. In protocol A, the mappings between challenges and responses are randomly shuffled to resist the machine learning attacks. Leveraging the “availability” feature of SSS, the verification process is unaffected by the randomized challenge–response pairs (CRPs) at the server end. Moreover, the “reliability” feature of SSS provides the error-tolerant characteristic in our protocol, which is suitable for the noisy PUFs. Protocol A also presented a method to securely store the CRPs at the server side. The improved protocol A optimizes protocol A by eliminating the response storage and matching process at the server end. In protocol B, we present a mutual authentication protocol, where no response is exposed to the adversary. Protocol B can be classified as the lightweight protocol because it can avoid the use of cryptographic algorithms and error-correcting codes. We rigorously analyze and prove the security of our protocols with formal security proofs, informal security analysis, and several selected machine learning techniques, including logistic regression (LR), the deep neural network (DNN), approximate attack, AutoGluon-Tabular, and a new brute-force machine learning attack. Furthermore, we present an efficient implementation of our protocols on FPGA. The experimental results show the feasibility and practicability of our protocols under different parameters.","2327-4662","","10.1109/JIOT.2021.3065836","Shenzhen Science Technology and Innovation Commission (SZSTI)(grant numbers:JCYJ20170817115500476); ","https://ieeexplore.ieee.org/stamp/stamp.jsp?arnumber=9377465","Internet of Things (IoT);lightweight authentication protocol;machine learning attacks;physical unclonable functions (PUFs);Shamir’s secret sharing (SSS)","Protocols;Authentication;Machine learning;Servers;Cryptography;Proposals;Internet of Things","","27","","66","IEEE","12 Mar 2021","15 Aug.15, 2022","","IEEE","IEEE Journals"
"A Robust and Portable All-Digital TRNG Circuit for Extending the Instruction Set Architecture of RISC-V Processors","L. Crocetti; E. Noccetti; P. Nannipieri; S. Di Matteo; I. Sarno; S. Saponara","Department of Information Engineering (DII), University of Pisa, Pisa, Italy; Department of Information Engineering (DII), University of Pisa, Pisa, Italy; Department of Information Engineering (DII), University of Pisa, Pisa, Italy; Department of Information Engineering (DII), University of Pisa, Pisa, Italy; Department of Information Engineering (DII), University of Pisa, Pisa, Italy; Department of Information Engineering (DII), University of Pisa, Pisa, Italy",IEEE Access,"4 Dec 2025","2025","13","","201741","201749","All-digital True Random Number Generators (TRNGs) play a crucial role in enhancing hardware security by providing native entropy sources directly within the processor pipeline. Their integration into open architectures such as RISC-V enables the extension of the Instruction Set Architecture (ISA) with secure, hardware-level random number generation capabilities essential for cryptographic operations. This work presents the design and validation of an all-digital True Random Number Generator (TRNG) for seamless integration with RISC-V processors via a custom interface. The proposed circuit has been developed using SystemVerilog and leverages Fibonacci Galois Ring Oscillators (FiGaROs), which use jitter and metastability as entropy sources to ensure high quality randomness. The TRNG has been integrated with the VECtor processor (VEC) core of the European Processor ACcelerator (EPAC) chip through a custom Control and Status Register (CSR) interface, enabling its use as a secure entropy source within the RISC-V instruction set architecture for cryptographic applications. The validation campaign is based on the typical main statistical suites of reference organizations in the field of security and cryptography and demonstrates that our solution offers both high-security standards and independence from both the implementation technology and the operating frequency chosen for the TRNG circuit, reporting an entropy per bit (in terms of Shannon entropy) of 0.9999 in all test cases, while always passing the pass-fail criteria for randomness. In addition, our circuit offers the highest entropy rate for both Field Programmable Gate Array (FPGA) and Application Specific Integrated Circuit (ASIC) solutions, as well as an efficiency in terms of entropy rate per resource consumption that is approximately 96 to 257 times that of the other solutions in the case of ASIC implementation.","2169-3536","","10.1109/ACCESS.2025.3638434","European Project European Processor Initiative (EPI) Specific Grant Agreement 2 (SGA2)(grant numbers:101036168); European Project The European Pilot (TEP)(grant numbers:101034126); Italian Ministry of Education and Research (MUR) through the Future oriented Research Lab (FoReLab) Project (Departments of Excellence); ","https://ieeexplore.ieee.org/stamp/stamp.jsp?arnumber=11271252","True random number generator;TRNG;ring oscillator;RISC-V","Entropy;Ring oscillators;Field programmable gate arrays;Cryptography;Registers;Logic gates;Instruction sets;Generators;Europe;Built-in self-test","","","","30","CCBY","28 Nov 2025","2025","","IEEE","IEEE Journals"
"BF PUF: A Modeling Attack-Resistant Strong PUF Based on Bent Functions","Z. Huang; F. Zeng; Y. Chi; Y. Lin; Y. Lu; H. Liang; J. Bian; Y. Ouyang; T. Ni; X. Wen","School of Microelectronics, Hefei University of Technology, Hefei, China; School of Microelectronics, Hefei University of Technology, Hefei, China; School of Microelectronics, Hefei University of Technology, Hefei, China; School of Microelectronics, Hefei University of Technology, Hefei, China; School of Microelectronics, Hefei University of Technology, Hefei, China; School of Microelectronics, Hefei University of Technology, Hefei, China; School of Integrated Circuits, Anhui Polytechnic University, Wuhu, China; School of Computer Science and Information Engineering, Hefei University of Technology, Hefei, China; School of Integrated Circuits, Anhui Polytechnic University, Wuhu, China; Graduate School of Computer Science and Systems Engineering, Kyushu Institute of Technology, Fukuoka, Japan",IEEE Transactions on Very Large Scale Integration (VLSI) Systems,"25 Jul 2025","2025","33","8","2299","2311","Strong physical unclonable functions (PUFs) are promising circuits for lightweight Internet of Things (IoT) authentication and security. However, existing strong PUFs exhibit very low cryptographic nonlinearity (NL), making them vulnerable to machine learning (ML) modeling and cryptanalytic attack. To address this issue, we propose the Bent function PUF (BF PUF) based on Maiorana-McFarland (M-M) constructed Bent functions, which obfuscates the responses of the strong PUF to enhance resistance against modeling attacks. The core idea is to employ the M-M construction method for Bent functions to ensure maximum cryptographic NL to resist modeling attacks. A Feistel network is configured using weak PUF responses as keys to achieve device-specific and unpredictable mappings of input challenges while meeting the requirements of the M-M Bent function construction. A Python-based model of the BF PUF was developed, and simulation results indicate that the cryptographic NL of the proposed BF PUF outperforms k-xor arbiter PUFs (APUFs) ( ${k} =2$ , 4, 6). The proposed BF PUF was also implemented and evaluated on the FPGA hardware platform. The experimental results show that under modeling attacks using four ML algorithms—logistic regression (LR), artificial neural networks (ANNs), deep neural networks (DNNs), and covariance matrix adaptation evolution strategies (CMA-ES)—the best prediction accuracy under these four modeling attack algorithms is 52.60%. The reliability under temperature fluctuations ranging from  $- 10~^{\circ }$ C to  $80~^{\circ }$ C is between 84.20% and 99.78%.","1557-9999","","10.1109/TVLSI.2025.3569587","National Natural Science Foundation of China(grant numbers:62274052,62374049,62174001,62027815); ","https://ieeexplore.ieee.org/stamp/stamp.jsp?arnumber=11018607","Bent function;Feistel network;modeling attack;nonlinearity (NL);physical unclonable function (PUF)","Cryptography;Physical unclonable function;Delays;Resistance;Hardware;Internet of Things;Integrated circuit modeling;Accuracy;Prediction algorithms;Vectors","","5","","39","IEEE","30 May 2025","Aug. 2025","","IEEE","IEEE Journals"
"An Intelligent Framework for Cluster-Based Side-Channel Analysis on Public-Key Cryptosystems","C. Wei; S. He; A. Wang; S. Sun; Y. Ding; J. Zhang; L. Zhu","School of Cyberspace Science and Technology, Beijing Institute of Technology, Beijing, China; School of Computer Science and Technology, Beijing Institute of Technology, Beijing, China; School of Cyberspace Science and Technology, Beijing Institute of Technology, Beijing, China; School of Cyberspace Security, Beijing University of Posts and Telecommunications, Beijing, China; School of Cyberspace Science and Technology, Beijing Institute of Technology, Beijing, China; School of Integrated Circuits and Electronics, Beijing Institute of Technology, Beijing, China; School of Cyberspace Science and Technology, Beijing Institute of Technology, Beijing, China",IEEE Internet of Things Journal,"10 Jan 2025","2025","12","2","1962","1973","Classical cluster-based side-channel analysis (SCA) uses clustering algorithms to analyze power traces and often, principal component analysis to reduce the dimension of data, resulting in that clustering may not deal well with high-dimensional traces, such as cryptographic algorithm implementations with countermeasures. In this article, we propose an intelligent framework for cluster-based SCA, which includes three steps of clustering, classification and correction, for processing large high-dimensional data. By combining unsupervised clustering and supervised deep learning techniques, the framework succeeds in mining the data for additional in-depth information. In addition, unlike traditional cluster-based SCA, our approach focuses on deep learning and deliberately avoids over-reliance on cluster labels during classification. And metrics for correction are adopted to achieve a high level of reliability in key recovery. Experiments on the RSA smart card based on Montgomery ladder implementation and FPGA-based ECC with random delay demonstrate that our framework can significantly improve the success rate with strong robustness.","2327-4662","","10.1109/JIOT.2024.3468431","National Key Research and Development Plan of China(grant numbers:2022YFB3103800); National Natural Science Foundation of China(grant numbers:62302036,62272047,62402039); Beijing Natural Science Foundation(grant numbers:L244044); Project for Reconstruction of Industrial Foundation and High Quality Development of Manufacturing Industry(grant numbers:0747-2361SCCZA193); ","https://ieeexplore.ieee.org/stamp/stamp.jsp?arnumber=10695754","Cluster;deep learning;public-key cryptosystems;side-channel analysis (SCA)","Clustering algorithms;Deep learning;Noise;Convolutional neural networks;Classification algorithms;Cryptography;Computational modeling","","1","","29","IEEE","26 Sep 2024","15 Jan.15, 2025","","IEEE","IEEE Journals"
"PUF-Based Authentication-Oriented Architecture for Identification Tags","A. Rullo; C. Felicetti; M. Vatalaro; R. De Rose; M. Lanuzza; F. Crupi; D. Saccà","Department of Computer Engineering, Modeling, Electronics, and Systems, University of Calabria, Rende, Italy; Department of Computer Engineering, Modeling, Electronics, and Systems, University of Calabria, Rende, Italy; Department of Computer Engineering, Modeling, Electronics, and Systems, University of Calabria, Rende, Italy; Department of Computer Engineering, Modeling, Electronics, and Systems, University of Calabria, Rende, Italy; Department of Computer Engineering, Modeling, Electronics, and Systems, University of Calabria, Rende, Italy; Department of Computer Engineering, Modeling, Electronics, and Systems, University of Calabria, Rende, Italy; Department of Computer Engineering, Modeling, Electronics, and Systems, University of Calabria, Rende, Italy",IEEE Transactions on Dependable and Secure Computing,"16 Jan 2025","2025","22","1","66","83","Smart tags are compact electronic devices affixed to or embedded into objects to facilitate identification, monitoring, and data exchange. Consequently, secure authentication of these tags is a crucial issue, as objects must reliably verify their identity before sharing sensitive information with other entities. The application of Physical Unclonable Functions (PUF) as a device's “digital fingerprint” has attracted significant attention, yet existing PUF-based authentication methods exhibit security vulnerabilities, either due to the authentication protocol itself or the limited reliability of the PUF technology used. Moreover, there has been a considerable focus on the software aspect, often overlooking the critical role of hardware design, which can become a target for attacks aimed at compromising the device's identity or act as a hindrance in the manufacturing process. In light of these points, this paper introduces an identification tag architecture that leverages PUF technology, focusing on authentication. This architecture features a straightforward but efficient authentication protocol, underpinned by a new and highly stable PUF model. The overall architecture encompasses particular hardware implementation aspects that significantly simplify the tag's enrollment phase and minimize vulnerabilities to attacks. The paper also describes a prototype of this identification tag and provide detailed insights into its application.","1941-0018","","10.1109/TDSC.2024.3387568","SERICS(grant numbers:PE00000014); MUR National Recovery and Resilience Plan; European Union - NextGenerationEU; ","https://ieeexplore.ieee.org/stamp/stamp.jsp?arnumber=10499711","Authentication;device architecture;ECDSA;elliptic curve cryptography;hardware design;identification;Internet of Things;physical unclonable function;smart tag","Physical unclonable function;Authentication;Protocols;Object recognition;Silicon;Internet of Things;Transistors","","24","","65","CCBY","15 Apr 2024","Jan.-Feb. 2025","","IEEE","IEEE Journals"
"True Random Number Generator based on RO-PUF","L. F. Rojas-Muñoz; S. Sánchez-Solano; M. C. Martínez-Rodríguez; P. Brox","Instituto de Microelectrónica de Sevilla, IMSE-CNM, CSIC/Universidad de Sevilla, Sevilla, España; Instituto de Microelectrónica de Sevilla, IMSE-CNM, CSIC/Universidad de Sevilla, Sevilla, España; Instituto de Microelectrónica de Sevilla, IMSE-CNM, CSIC/Universidad de Sevilla, Sevilla, España; Instituto de Microelectrónica de Sevilla, IMSE-CNM, CSIC/Universidad de Sevilla, Sevilla, España",2022 37th Conference on Design of Circuits and Integrated Circuits (DCIS),"8 Dec 2022","2022","","","01","06","The implementation of true random number generators is of vital importance to preserve the reliability of cryptographic systems. The lack of entropy can compromise their integrity, affecting the security of the entire chain of applications. Ensuring the effectiveness of a random number generator can be understood as reducing the risk of information loss due to possible attacks by third parties. This paper presents a novel approach for a true random number generator based on a Ring Oscillator- Physical Unclonable Function. Since the principle of operation of physical unclonable functions is based on the physical properties of each device, they can be used for security applications such as device identification, counterfeit prevention and increase the robustness of cryptographic functions. In addition, increasing the versatility of the design to use them as a source of entropy, they can also fulfill tasks such as generation of initialization vectors or nonces and keys for symmetric cryptography. The system incorporates multiple operating configurations, which allows a complete analysis of its performance to adapt it to different application scenarios. The randomness and correct operation of the proposed design have been evaluated online, by incorporating it into a hybrid HW/SW embedded system able to run the official test suite published by the National Institute of Standards and Technology without any need for post-processing. The architecture has been designed for Xilinx Zynq-700 family devices and implemented on the Pynq-Z2 development board.","2640-5563","978-1-6654-5950-1","10.1109/DCIS55711.2022.9970032","","https://ieeexplore.ieee.org/stamp/stamp.jsp?arnumber=9970032","True Random Number Generators;Ring Oscillator PUFs;Randomness tests;FPGA implementations","Statistical analysis;Systems operation;NIST;Physical unclonable function;Entropy;Generators;Robustness","","2","","14","IEEE","8 Dec 2022","16-18 Nov. 2022","16-18 Nov. 2022","IEEE","IEEE Conferences"
"MaliGNNoma: GNN-Based Malicious Circuit Classifier for Secure Cloud FPGAs","L. Alrahis; H. Nassar; J. Krautter; D. Gnad; L. Bauer; J. Henkel; M. Tahoori","New York University Abu Dhabi, Abu Dhabi, United Arab Emirates (UAE); Karlsruhe Institute of Technology (KIT), Institute for Computer Engineering (ITEC), Karlsruhe, Germany; Karlsruhe Institute of Technology (KIT), Institute for Computer Engineering (ITEC), Karlsruhe, Germany; Karlsruhe Institute of Technology (KIT), Institute for Computer Engineering (ITEC), Karlsruhe, Germany; Karlsruhe Institute of Technology (KIT), Institute for Computer Engineering (ITEC), Karlsruhe, Germany; Karlsruhe Institute of Technology (KIT), Institute for Computer Engineering (ITEC), Karlsruhe, Germany; Karlsruhe Institute of Technology (KIT), Institute for Computer Engineering (ITEC), Karlsruhe, Germany",2024 IEEE International Symposium on Hardware Oriented Security and Trust (HOST),"6 Jun 2024","2024","","","383","393","The security of cloud field-programmable gate arrays (FPGAs) faces challenges from untrusted users attempting fault and side-channel attacks through malicious circuit configurations. Fault injection attacks can result in denial of service, disrupting functionality or leaking secret information. This threat is further amplified in multi-tenancy scenarios. Detecting such threats before loading onto the FPGA is crucial, but existing methods face difficulty identifying sophisticated attacks. We present MaliGNNoma, a machine learning-based solution that accurately identifies malicious FPGA configurations. Serving as a netlist scanning mechanism, it can be employed by cloud service providers as an initial security layer within a necessary multi-tiered security system. By leveraging the inherent graph representation of FPGA netlists, MaliGNNoma employs a graph neural network (GNN) to learn distinctive malicious features, surpassing current approaches. To enhance transparency, MaliGNNoma utilizes a parameterized explainer for the GNN, labeling the FPGA configuration and pinpointing the sub-circuit responsible for the malicious classification. Through extensive experimentation on the ZCU102 board with a Xilinx UltraScale+ FPGA, we validate the effectiveness of MaliGNNoma in detecting malicious configurations, including sophisticated attacks, such as those based on benign modules, like cryptography accelerators. MaliGNNoma achieves a classification accuracy and precision of 98.24% and 97.88%, respectively, surpassing state-of-the-art. We compare MaliGNNoma with five state-of-the-art scanning methods, revealing that not all attack vectors detected by MaliGNNoma are recognized by existing solutions, further emphasizing its effectiveness. Additionally, we make MaliGNNoma and its associated dataset publicly available.","2765-8406","979-8-3503-7394-3","10.1109/HOST55342.2024.10545411","","https://ieeexplore.ieee.org/stamp/stamp.jsp?arnumber=10545411","","Virtual machine monitors;Loading;Side-channel attacks;Graph neural networks;Vectors;Security;Circuit faults","","10","","58","IEEE","6 Jun 2024","6-9 May 2024","6-9 May 2024","IEEE","IEEE Conferences"
"RISC V Based Fault Diagnosis Architecture for Skinny Family of Block Ciphers","R. S. Sabeenian; R. Somes; A. S. Sri Surya; P. M. Dinesh; M. E. Paramasivam; M. Alagarsamy","Sona College of Technology, Salem, India; Sona College of Technology, Salem, India; Sona College of Technology, Salem, India; Sona College of Technology, Salem, India; Sona College of Technology, Salem, India; K. Ramakrishnan College of Technology, Trichy, India",2023 International Conference on Emerging Research in Computational Science (ICERCS),"21 Feb 2024","2023","","","1","8","Cybersecurity vulnerabilities continue to exist in the world of cryptographic hardware and software, with risks originating from the environment and malevolent actors attempting to obtain access to secret keys. Lightweight cryptographic algorithms are typically used by resource-constrained devices to strike a compromise between security and effectiveness. Striking a balance between resource optimization and robust security measures remains a continual challenge. Fault injection attacks are one type of attack vector that has become much more sophisticated in recent years. For lightweight cryptography, choosing the best and most effective fault diagnosis systems is therefore essential.This work employs Error Detection via the Recomputation with Inverted Operands approach to improve the reliability of the SKINNY Block Ciphers using the RISC V architecture. The results show that the proposed fault detection method keeps SKINNY's throughput overhead within a 2.5% variance, with a maximum area overhead of 10% when employing a pipelined strategy. Our implementation of the fault detection scheme showcases a unique contribution, as no error detection-based fault detection technique has been previously proposed for the SKINNY block ciphers in the existing works for RISC V architecture. The implementation results validate the efficiency of the proposed system, particularly suited for resource-constrained environments.","","979-8-3503-5976-3","10.1109/ICERCS57948.2023.10434094","","https://ieeexplore.ieee.org/stamp/stamp.jsp?arnumber=10434094","","Fault diagnosis;Ciphers;Reduced instruction set computing;Fault detection;Computer architecture;Throughput;Encryption","","","","15","IEEE","21 Feb 2024","7-9 Dec. 2023","7-9 Dec. 2023","IEEE","IEEE Conferences"
"Deep K-TSVM: A Novel Profiled Power Side-Channel Attack on AES-128","S. Ghandali; S. Ghandali; S. Tehranipoor","Department of Electrical and Computer Engineering, Santa Clara University, Santa Clara, CA, USA; Google, Mountain View, CA, USA; Department of Electrical and Computer Engineering, Santa Clara University, Santa Clara, CA, USA",IEEE Access,"12 Oct 2021","2021","9","","136448","136458","The appearance of deep neural networks for Side-Channel leads to strong power analysis techniques for detecting secret information of physical cryptography implementations. Generally, deep learning techniques do not suffer the difficulties of template attacks such as trace misalignment. However, the generalization of a trained deep neural network that can accurately predict Side-Channel leakages largely depends on its adjustable variables (parameters of a neural network). Although pre-training is no longer mandatory, it is needed for parameter selection of a deep neural network to improve the success rate and provide a better insight into the network’s inner functionality. In this paper, we propose a novel model via Twin support vector with a deep kernel approach when targeting a hardware implementation of AES-128. The proposed model is pre-trained with the Restricted Boltzmann Machine method in a layer-wise manner and then fine-tuned via gradient descent. Further, we used the grid search technique for the selection of each hyperparameter which is used to compute class probabilities of every test trace in our deep model based side-channel attack. Based on our analysis and experiments, this model empirically shows its effectiveness by outperforming some of its competitors in profiling attack methods such as convolutional neural networks and multilayer perceptron models. We also evaluate our model on both masked and unmasked AES implementation. The results indicate that the proposed approach has achieved a success rate of greater than 99% even with a single trace using Keras library with Tensorflow. We investigate the correct “key rank” according to the number of traces; our model reaches the key  $ rank\leq 10 $  when attacking the third AES SBox.","2169-3536","","10.1109/ACCESS.2021.3117761","","https://ieeexplore.ieee.org/stamp/stamp.jsp?arnumber=9558769","Hardware security;side-channel analysis;deep learning;machine learning;profiling attacks;twin SVM;RBM;kernel function","Side-channel attacks;Deep learning;Computational modeling;Support vector machines;Training;Neural networks;Principal component analysis","","13","","36","CCBY","4 Oct 2021","2021","","IEEE","IEEE Journals"
