"Key","Item Type","Publication Year","Author","Title","Publication Title","ISBN","ISSN","DOI","Url","Abstract Note","Date","Date Added","Date Modified","Access Date","Pages","Num Pages","Issue","Volume","Number Of Volumes","Journal Abbreviation","Short Title","Series","Series Number","Series Text","Series Title","Publisher","Place","Language","Rights","Type","Archive","Archive Location","Library Catalog","Call Number","Extra","Notes","File Attachments","Link Attachments","Manual Tags","Automatic Tags","Editor","Series Editor","Translator","Contributor","Attorney Agent","Book Author","Cast Member","Commenter","Composer","Cosponsor","Counsel","Interviewer","Producer","Recipient","Reviewed Author","Scriptwriter","Words By","Guest","Number","Edition","Running Time","Scale","Medium","Artwork Size","Filing Date","Application Number","Assignee","Issuing Authority","Country","Meeting Name","Conference Name","Court","References","Reporter","Legal Status","Priority Numbers","Programming Language","Version","System","Code","Code Number","Section","Session","Committee","History","Legislative Body"
"SXQCTJPY","journalArticle","2022","Sarker, Ausmita; Mozaffari Kermani, Mehran; Azarderakhsh, Reza","Efficient Error Detection Architectures for Postquantum Signature Falcon’s Sampler and KEM SABER","IEEE Transactions on Very Large Scale Integration (VLSI) Systems","","1557-9999","10.1109/TVLSI.2022.3156479","https://ieeexplore.ieee.org/document/9736448/","Among the National Institute for Standards and Technology (NIST) postquantum cryptography (PQC) standardization Round 3 finalists (announced in 2020 and anticipated to conclude in 2022–2024), SABER and Falcon are efficient key encapsulation mechanism (KEM) and compact signature scheme, respectively. SABER is a simple and flexible cryptographic scheme, highly suitable for thwarting potential attacks in the postquantum era. Implementing SABER can be performed solely in hardware (HW) or on HW/software coprocessors. On the other hand, the compact key size, efficient design, and strong reliability proof in the quantum random oracle model (QROM) make Falcon a highly suitable signature algorithm for PQC. Although Falcon is crucial as a PQC signature scheme, the utilization of the Gaussian sampler makes it vulnerable to malicious attacks, e.g., fault attacks. This is the first work to present error detection schemes embedded efficiently in SABER as well as Falcon’s sampler architectures, which can detect both transient and permanent faults. Moreover, we implement HW design for the ModFalcon signature algorithm as well as the Gaussian sampler. These schemes are implemented on a formerly Xilinx field-programmable gate array (FPGA) family, for both SABER and Falcon variants, where we assess the error coverage and the performance. The proposed schemes incur low overhead (the area, delay, and power overheads being 22.59%, 19.77%, and 10.67%, respectively, in the worst case) while providing a high fault detection rate (99.9975% in the worst case scenario), making them suitable for high efficiency and compact HW implementations of constrained applications.","2022-06","2026-04-09 14:40:27","2026-05-03 10:23:45","2026-04-09 14:39:48","794-802","","6","30","","","","","","","","","","","","","","","IEEE Xplore","","","<p>Export Date: 02 May 2026; Cited By: 39</p>; <p>Export Date: 02 May 2026; Cited By: 39; Correspondence Address: M. Mozaffari Kermani; University of South Florida, Department of Computer Science and Engineering, Tampa, 33620, United States; email: mehran2@usf.edu; CODEN: IEVSE</p>; <p>Export Date: 02 May 2026; Cited By: 39; Correspondence Address: M. Mozaffari Kermani; University of South Florida, Department of Computer Science and Engineering, Tampa, 33620, United States; email: mehran2@usf.edu; CODEN: IEVSE</p>; <p>Export Date: 02 May 2026; Cited By: 39; Correspondence Address: M. Mozaffari Kermani; University of South Florida, Department of Computer Science and Engineering, Tampa, 33620, United States; email: mehran2@usf.edu; CODEN: IEVSE</p>","/Users/mac/Zotero/storage/GYHK7XM7/Sarker et al. - 2022 - Efficient Error Detection Architectures for Postquantum Signature Falcon’s Sampler and KEM SABER.pdf","","Authentication; Network security; Post quantum cryptography; Quantum cryptography; Lattice; Side channel attack; Field programmable gate arrays (FPGA); Integrated circuit design; Key encapsulation mechanisms; Public key cryptography; Field-programmable gate array; Learning with Errors; Computer architecture; Timing circuits; Fault detection; Circuit faults; Error detection; Field-programmable gate array (FPGA); Key encapsulation mechanism; key encapsulation mechanisms (KEM); Learning with error; learning with errors (LWEs); Learning with rounding; learning with rounding (LWR); Logic gates; National institute for standards and technologies; Postquantum cryptography; postquantum cryptography (PQC); Quantum random oracle model .; quantum random oracle model (QROM); Random Oracle model","","","","","","","","","","","","","","","","","","","","","","","","","","","","","","","","","","","","","","","","","","","","","","",""
"NJZU6FIA","conferencePaper","2024","Danêk, Lukáš; Novotný, Martin","How Primitive but How Effective: Fault-Injection Attack on Cryptographic Accelerator of Microchip CEC 1702 Microcontroller","2024 27th Euromicro Conference on Digital System Design (DSD)","","2771-2508","10.1109/DSD64264.2024.00026","https://ieeexplore.ieee.org/document/10741608/","Fault injection attacks pose a substantial threat to the security of digital systems, compromising integrity and exposing vulnerabilities. This article explores fault injection techniques, specifically voltage glitching, within the context of Lenstra's attack, which is an extension of the Bellcore attack, on RSA-CRT, which has existed for decades. The focus is on the cryptographic accelerator of the Microchip CEC 1702 microcontroller. The study employs the Chip Whisperer toolkit to perform fault injection attacks on both software and hardware implementations of RSA-CRT. Results reveal vulnerabilities in the commercially produced Microchip CEC 1702 microcontroller, highlighting potential security risks associated with fault injection attacks.","2024-08","2026-04-09 16:35:17","2026-05-03 10:10:04","2026-04-09 16:34:09","129-136","","","","","","How Primitive but How Effective","","","","","","","","","","","","IEEE Xplore","","ISSN: 2771-2508","<p>Export Date: 02 May 2026; Cited By: 0</p>; <p>Export Date: 02 May 2026; Cited By: 0</p>","/Users/mac/Zotero/storage/43WP76FZ/Danêk and Novotný - 2024 - How Primitive but How Effective Fault-Injection Attack on Cryptographic Accelerator of Microchip CE.pdf","","Microcontrollers; Cryptography; Fault Injection techniques; Radiation hardening; Fault injection; Fault injection attacks; Digital system; Chipwhisperer; ChipWhisperer; Cryptographic accelerators; Bellcore attack; CEC 1702; Fault-injection analysis; Fault-injection analyze; Lenstra attack; Lenstra's attack","","","","","","","","","","","","","","","","","","","","","","","","","","","","","","","","2024 27th Euromicro Conference on Digital System Design (DSD)","","","","","","","","","","","","","","",""
"TFP8V76Q","conferencePaper","2023","Li., Aobo; Lu, Jiahao; Liu, Dongsheng; Hu, Ang; Li, Xiang; Yang, Shuo; Huang, Tianze","Multi-Probability Hash-based Random Number Generator for Post-Quantum Cryptography","2023 IEEE 66th International Midwest Symposium on Circuits and Systems (MWSCAS)","","1558-3899","10.1109/MWSCAS57524.2023.10406008","https://ieeexplore.ieee.org/document/10406008/","The security of a cryptographic system depends on the reliability and irreversibility of random numbers. Secure Hash Algorithm-3 (SHA-3) is widely utilized in cryptography due to its robust security, computational efficiency, and versatile hashing capabilities. SHA-3 and discrete sampling are vital components in post-quantum cryptography, providing essential defense against quantum computing attacks. This paper presents a multi-probability random number generator for lattice-based post-quantum cryptography. The design utilizes a cascaded Keccak core and single-stage registers to build a SHA-3 module. Random numbers with different probability distributions are generated through variable binomial sampling, rejection sampling, and Gaussian sampling. The proposed design consumes 11520 LUTs and 3252 FFs at the frequency of 300MHz on the Xilinx UltraScale+ FPGA, achieving a throughput rate of 14.4Gbps. The ASIC evaluation indicates a hardware overhead of 68.5 kGE (NAND2) under the 40nm process. Compared with similar designs, our design demonstrates 11% and 27% frequency and throughput improvements under the same hardware resources, respectively.","2023-08","2026-04-09 20:59:14","2026-05-03 10:36:10","2026-04-09 20:57:22","694-697","","","","","","","","","","","","","","","","","","IEEE Xplore","","ISSN: 1558-3899","<p>Export Date: 02 May 2026; Cited By: 0; Correspondence Address: J. Lu; School of Integrated Circuits Huazhong, University of Science and Technology, Wuhan, China; email: lujiahaohust@foxmail.com; CODEN: MSCSD</p>","/Users/mac/Zotero/storage/HWC39ASE/Li. et al. - 2023 - Multi-Probability Hash-based Random Number Generator for Post-Quantum Cryptography.pdf","","Post quantum cryptography; Quantum computers; Quantum cryptography; Hardware implementations; Public key cryptography; efficiency; Cryptographic systems; Number theory; High-throughput; Random number generation; Computational efficiency; Random Numbers; Hash functions; Probability distributions; Keccak; hardware implementation; Random number generators; high throughput; Secure Hash Algorithm (); Algorithm-3; discrete sampling; Discrete sampling","","","","","","","","","","","","","","","","","","","","","","","","","","","","","","","","2023 IEEE 66th International Midwest Symposium on Circuits and Systems (MWSCAS)","","","","","","","","","","","","","","",""
"2FHKDQSN","conferencePaper","2022","Shahbazi, Karim; Ko, Seok-Bum","Lightweight and CCA2-Secure Hardware Implementation of Binary Ring-LWE","2022 IEEE International Symposium on Circuits and Systems (ISCAS)","","2158-1525","10.1109/ISCAS48785.2022.9937306","https://ieeexplore.ieee.org/document/9937306/","Due to increasing the number of connected devices to IoT network, providing end-to-end security is essential. Lattice-based cryptography (LBC) is a promising method for IoT by providing the reasonable security against classic and quantum attacks. Binary Ring-LWE is a type of LBC that is suitable for IoT devices. However, a reliable cryptosystem should also be secure against different side-channel attacks, such as power analysis or fault injection ones. In this work, a fault resilient hardware implementation for an optimized hardware design of Ring Binary LWE for resource-constraint IoT devices is presented. The design was implemented on the FPGA platform. The maximum frequency and occupied slices on Virtex-7 are 210.5MHz and 423, respectively. Based on the result, the proposed design occupied only 1% of the total available slices.","2022-05","2026-04-09 20:59:14","2026-05-03 10:24:32","2026-04-09 20:57:27","1170-1174","","","","","","","","","","","","","","","","","","IEEE Xplore","","ISSN: 2158-1525","<p>Export Date: 02 May 2026; Cited By: 1; CODEN: PICSD</p>","/Users/mac/Zotero/storage/RYGLDMGC/Shahbazi and Ko - 2022 - Lightweight and CCA2-Secure Hardware Implementation of Binary Ring-LWE.pdf","","Hardware security; Post quantum cryptography; Quantum cryptography; Side channel attack; Side-channel attacks; Hardware implementations; Post-Quantum Cryptography; Lattice-based cryptography; Power analysis; Internet of things; Hardware implementation; Binary ring-LWE; Binary Ring-LWE; End-to-end security; CCA2-secure; CCA2-Secure; Fault resiliency; Power faults","","","","","","","","","","","","","","","","","","","","","","","","","","","","","","","","2022 IEEE International Symposium on Circuits and Systems (ISCAS)","","","","","","","","","","","","","","",""
"ZML4KEY5","conferencePaper","2024","Wang, Nuo; Wu, Liji; Li, Lei; Chinbat, Munkhbaatar; Zhang, Xiangmin","Design and Implementation of a NTT Accelerator Based on RISC-V for PQC Kyber","2024 IEEE 18th International Conference on Anti-counterfeiting, Security, and Identification (ASID)","","2163-5056","10.1109/ASID63618.2024.10839700","https://ieeexplore.ieee.org/document/10839700/","RISC-V, as a new generation open-source Reduced Instruction Set Computing (RISC) architecture, has the advantages of low power consumption, small footprint, and high performance. Especially, RISC-V processors realized based on FPGA can be applied in different fields such as embedded systems, Artificial Intelligence (AI) chips, security devices and high-performance computing. It is foreseeable that a breakthrough in quantum computers will jeopardize all communications. Therefore, processors must integrate secure quantum computer anti-encryption techniques. Currently, the security and reliability aspects of processor implementations are still greatly underexplored. To address this gap, we propose three contributions. First, we augment the open-source IP Hummingbird E203 with a hardware module for implementing the Number-Theoretic Transform (NTT) operations of the Post-Quantum Cryptography (kyber). Second, we employ the hardware/software co-design techniques to accelerate NTT operations. Third, analyze the results of implementation. Prototyping was performed on FPGA to evaluate our designed processor NTT extension instructions. The cycle count for NTT operations is reduced by 84.55% and the instruction count is reduced by 81.25%. Enhanced computational efficiency applicable to information security systems under potential quantum computing threats is shown. The scalability of Post-Quantum Cryptography (kyber) based on riscv is realized.","2024-11","2026-04-09 20:59:14","2026-05-03 10:04:40","2026-04-09 20:57:29","24-27","","","","","","","","","","","","","","","","","","IEEE Xplore","","ISSN: 2163-5056","<p>Export Date: 02 May 2026; Cited By: 2; Correspondence Address: L. Li; School of Electronic Engineerings, Heilongjiang University, Harbin, China; email: lileidtk@hlju.edu.cn; L. Wu; School of Integrated Circuits, Tsinghua University, Beijing, China; email: lijiwu@mail.tsinghua.edu.cn</p>","/Users/mac/Zotero/storage/AY7334K9/Wang et al. - 2024 - Design and Implementation of a NTT Accelerator Based on RISC-V for PQC Kyber.pdf","","Hardware security; Post quantum cryptography; Quantum communication; Quantum computers; Quantum cryptography; Quantum electronics; Post quantum; Hardware/software codesign; Integrated circuit design; Printed circuit design; Hardware-software codesign; NTT; Number-theoretic transforms; Quanta computers; Reduced instruction set computing; RISC-V; Medium access control; Open-source; Design and implementations; Conformal mapping; Hardware/Software Co-design; Post quantum cryptograuphy; Post Quantum Cryptograuphy(PQC); Reduced instruction set computing-V; Reduced instruction sets","","","","","","","","","","","","","","","","","","","","","","","","","","","","","","","","2024 IEEE 18th International Conference on Anti-counterfeiting, Security, and Identification (ASID)","","","","","","","","","","","","","","",""
"VQIRCA2K","conferencePaper","2023","Cintas-Canto, Alvaro; Mozaffari-Kermani, Mehran; Azarderakhsh, Reza","Reliable Code-Based Post-Quantum Cryptographic Algorithms through Fault Detection on FPGA","2023 IEEE Nordic Circuits and Systems Conference (NorCAS)","","","10.1109/NorCAS58970.2023.10305475","https://ieeexplore.ieee.org/document/10305475/","Code-based cryptography is a promising post-quantum cryptographic solution against attacks enabled by classical and quantum computers. The Niederreiter cryptosystem is a well-known code-based cryptographic algorithm that has been traditionally scrutinized due to its key size and its computational requirements. However, with the advent of quantum computers, the Niederreiter cryptosystem is becoming more popular as it is thought that code-based cryptography is quantum resistant. Nevertheless, security does not mean reliability, and the finite field operational blocks used in some code-based algorithms are vulnerable to fault injection. This paper derives error detection mechanisms based on normal and interleaved parity for code-based cryptosystems. Moreover, such techniques are applied to the Key Generator of the Niederreiter cryptosystem and implemented on Xilinx field-programmable gate array (FPGA) family Kintex UltraScale+ (device xcku5p-ffvd900-1-i). This is done to assess the overheads and the decrease in performance when the derived fault detection techniques are included to the original designs.","2023-10","2026-04-09 20:59:14","2026-05-03 10:06:21","2026-04-09 20:57:32","1-5","","","","","","","","","","","","","","","","","","IEEE Xplore","","","<p>Export Date: 02 May 2026; Cited By: 33; Correspondence Address: A. Cintas-Canto; Marymount University, School of Technology and Innovation, Arlington, United States; email: acintas@marymount.edu</p>","/Users/mac/Zotero/storage/MBLKP5U7/Cintas-Canto et al. - 2023 - Reliable Code-Based Post-Quantum Cryptographic Algorithms through Fault Detection on FPGA.pdf","","Post quantum cryptography; post-quantum cryptography; Quantum cryptography; Post quantum; Code-based cryptography; Field programmable gate arrays (FPGA); Qubits; Field programmables; Field-programmable gate array; Programmable gate array; Cryptographic algorithms; Quanta computers; Fault detection; Logic gates; field-programmable gate array (FPGA); Faults detection; Niederreiter cryptosystem","","","","","","","","","","","","","","","","","","","","","","","","","","","","","","","","2023 IEEE Nordic Circuits and Systems Conference (NorCAS)","","","","","","","","","","","","","","",""
"6USNUR8C","conferencePaper","2024","Ni, Ziying; Khalid, Ayesha; Liu, Weiqiang; O'Neill, Máire","Bitstream Fault Injection Attacks on CRYSTALS Kyber Implementations on FPGAs","2024 Design, Automation & Test in Europe Conference & Exhibition (DATE)","","1558-1101","10.23919/DATE58400.2024.10546550","https://ieeexplore.ieee.org/document/10546550/","CRYSTALS-Kyber is the only Public-key Encryption (PKE)/ Key-encapsulation Mechanism (KEM) scheme that was chosen for standardization by the National Institute of Standards and Technology initiated Post-quantum Cryptography competition (so called NIST PQC). In this paper, we show the first successfully malicious modifications of the bitstream of a Kyber FPGA implementation. We successfully demonstrate 4 different attacks on Kyber hardware implementations on Artix-7 FPGAs that either reduce the complexity of polynomial multiplication operations or enable direct secret key/ message recovery by: disabling BRAMs, disabling DSPs, zeroing NTT ROM and tampering with CBD2 results. Two of our attacks are generic in nature and the other two require reverse-engineering or a detailed knowledge of the design. We evaluate the feasibility of the four attacks, among which the zeroing NTT ROM and tampering with the CBD2 result attacks produce higher public key and ciphertext complexity and thus are difficult to be detected. Two countermeasures are proposed to prevent the attacks proposed in this paper.","2024-03","2026-04-09 20:59:14","2026-05-03 09:53:28","2026-04-09 20:57:34","1-6","","","","","","","","","","","","","","","","","","IEEE Xplore","","ISSN: 1558-1101","<p>Export Date: 02 May 2026; Cited By: 5; Correspondence Address: Z. Ni; Queen's University Belfast, Centre For Secure Information Technologies (CSIT), Belfast, United Kingdom; email: zni03@qub.ac.uk; A. Khalid; Queen's University Belfast, Centre For Secure Information Technologies (CSIT), Belfast, United Kingdom; email: a.khalid@qub.ac.uk; M. O'neill; Queen's University Belfast, Centre For Secure Information Technologies (CSIT), Belfast, United Kingdom; email: m.oneill@ecit.qub.ac.uk</p>","/Users/mac/Zotero/storage/GVBPA3B5/Ni et al. - 2024 - Bitstream Fault Injection Attacks on CRYSTALS Kyber Implementations on FPGAs.pdf","","Network security; Post quantum cryptography; Quantum cryptography; Post-quantum cryptography; Field programmable gate arrays (FPGA); Lattice-based cryptography; Public key cryptography; Software testing; CRYSTALS-kyber; CRYSTALS-Kyber; Fault injection; Fault injection attacks; Chromium compounds; Binary sequences; FPGA security; bitstream fault injection; Bitstream fault injection; Bitstreams; Lattice-based Cryptography (LBC); Post-quantum Cryptography (PQC)","","","","","","","","","","","","","","","","","","","","","","","","","","","","","","","","2024 Design, Automation & Test in Europe Conference & Exhibition (DATE)","","","","","","","","","","","","","","",""
"92QVHPEZ","conferencePaper","2024","Grignani, Wesley; Santana, Khalil G. Q.; Santos, Douglas A.; Dilillo, Luigi; Melo, Douglas R.","Implementation and Reliability Evaluation of a ChaCha20 Stream Cipher Hardware Accelerator","2024 IEEE International Symposium on Defect and Fault Tolerance in VLSI and Nanotechnology Systems (DFT)","","2765-933X","10.1109/DFT63277.2024.10753530","https://ieeexplore.ieee.org/document/10753530/","Cryptography is fundamental to ensuring the security and privacy of space communications, enabling the reliable exchange of sensitive data between spacecraft, ground stations, and other components of space infrastructure. However, using encryption can be computationally costly, resulting in lower throughput or higher latencies. One strategy to mitigate the costs imposed by cryptography is using accelerators. In addition, these systems that operate in space are susceptible to faults due to adverse conditions and require the implementation of protection techniques to mitigate these faults and ensure correct operation. In this context, this paper presents a fault-tolerant and high-performance encryption accelerator for the ChaCha20 stream cipher. We present a low-cost optimized implementation and a fault-tolerant version using Hamming Error Correction Code (ECC) and Triple Modular Redundancy (TMR). Results show that the optimized and hardened versions accelerated the application by 23 × and 17 × compared to the software solution. The optimized solution can process 281.25 MB/s, presenting a higher throughput than state-of-the-art works that rely on FPGA implementation. The hardened solution can process 187.50 MB/s, leading to an overhead of 1.52× more Look-Up Tables (LUTs) and 1.03× more Flip-Flops (FFs) compared to the optimized solution of this work.","2024-10","2026-04-09 20:59:14","2026-05-03 10:07:42","2026-04-09 20:57:39","1-4","","","","","","","","","","","","","","","","","","IEEE Xplore","","ISSN: 2765-933X","<p>Export Date: 02 May 2026; Cited By: 1; Correspondence Address: W. Grignani; University of Vale Do Itajaí, Leds, Itajaí, Brazil; email: wesley.grignani@edu.univali.br; K.G.Q. Santana; University of Vale Do Itajaí, Leds, Itajaí, Brazil; email: khalil.santana@edu.univali.br; D.R. Melo; University of Vale Do Itajaí, Leds, Itajaí, Brazil; email: drm@univali.br</p>","/Users/mac/Zotero/storage/7GLN6KJ4/Grignani et al. - 2024 - Implementation and Reliability Evaluation of a ChaCha20 Stream Cipher Hardware Accelerator.pdf","","Hardware security; Network security; Hardware acceleration; Hardware Acceleration; Cryptography; Forward error correction; Table lookup; Data privacy; Hardware accelerators; Digital storage; Redundancy; Ground stations; Fault tolerance; Age hardening; Fault Tolerance; Fault-tolerant; Flip flop circuits; Optimized solutions; Reliability Evaluation; RFC 8439; Security and privacy; Space communications; Stream Ciphers","","","","","","","","","","","","","","","","","","","","","","","","","","","","","","","","2024 IEEE International Symposium on Defect and Fault Tolerance in VLSI and Nanotechnology Systems (DFT)","","","","","","","","","","","","","","",""
"M6ZGY9LL","conferencePaper","2025","Fernandes, Keith Raymond; Shreyas, S.; Sinchana, S.; Sathish, Dayakshini; Kamath, Varun; Sanjana","Implementation of RSA Algorithm using FPGA and Analysis of Post Quantum Cryptography","2025 International Conference on Electrical Engineering and Informatics (ICEEI)","","2155-6830","10.1109/ICEEI68459.2025.11331029","https://ieeexplore.ieee.org/document/11331029/","The importance of secure communication has never been higher than it is in today's digital age. Among the many reliable and widely used approaches to public-key encryption, RSA remains a top choice. In this paper, we investigate the use of the Artix-7 FPGA board to implement RSA encryption in hardware. FPGA implementation improves speed, performance, and efficiency. The approach makes use of Montgomery multiplication to expedite modular exponentiation, the central operation in RSA. The complete architecture is built using Verilog HDL and synthesized with the Xilinx Vivado. The results demonstrate that FPGA-based RSA encryption provides superior speed and reliability. For embedded systems and IoT applications, this provides a very effective option for secure communication. The proposed implementation highlights how hardware acceleration can help to meet the increasing need for cryptographic security","2025-11","2026-04-09 20:59:14","2026-05-03 10:15:35","2026-04-09 20:57:41","1-6","","","","","","","","","","","","","","","","","","IEEE Xplore","","ISSN: 2155-6830","<p>Export Date: 02 May 2026; Cited By: 0</p>","/Users/mac/Zotero/storage/727Q5VH9/Fernandes et al. - 2025 - Implementation of RSA Algorithm using FPGA and Analysis of Post Quantum Cryptography.pdf","","Hardware security; Post quantum cryptography; Quantum cryptography; Field programmable gate arrays (FPGA); Hardware implementations; Public key cryptography; Computer hardware; Embedded systems; Encryption algorithms; Public-key encryption; FPGA implementations; Secure communication; hardware implementation; post quantum cryptography; FPGAs implementation; RSA algorithms; modular exponentiation; Modular Exponentiation; Digital age; FPGA boards; RSA algorithm; RSA encryption","","","","","","","","","","","","","","","","","","","","","","","","","","","","","","","","2025 International Conference on Electrical Engineering and Informatics (ICEEI)","","","","","","","","","","","","","","",""
"NPJSRIAJ","conferencePaper","2022","Cintas-Canto, Alvaro; Mozaffari-Kermani, Mehran; Azarderakhsh, Reza; Gaj, Kris","CRC-Oriented Error Detection Architectures of Post-quantum Cryptography Niederreiter Key Generator on FPGA","2022 IEEE Nordic Circuits and Systems Conference (NorCAS)","","","10.1109/NorCAS57515.2022.9934378","https://ieeexplore.ieee.org/document/9934378/","Providing error detection constructions for Internet of nano-Things in constrained applications is of prominent importance. The Niederreiter cryptosystem falls into the category of code-based public-key cryptography. It is a relatively well-established scheme, but its key size and performance overheads have traditionally hindered its efficiency to be utilized for traditional computers. However, with the arrival of quantum computers, the Niederreiter cryptosystem is believed to be secure against attacks enabled by such computers, even though it has been previously shown that it is still vulnerable to fault injection and natural hardware defects. In this paper, we present fault detection schemes for the different blocks in the key generation of the Niederreiter cryptosystem using binary Goppa codes. These blocks perform finite field operations such as addition, multiplication, squaring, and inversion. The schemes are derived for different parameter sizes in order to have more flexibility and be able to choose according to the overheads to be tolerated and the required level of security. Moreover, we implement our fault detection schemes on Xilinx field-programmable gate array (FPGA) family Kintex UltraScale+ (device xcku5p-ffvd900-1-i) to benchmark the overhead induced of the proposed approaches.","2022-10","2026-04-09 20:59:14","2026-05-03 09:54:46","2026-04-09 20:57:47","1-7","","","","","","","","","","","","","","","","","","IEEE Xplore","","","<p>Export Date: 02 May 2026; Cited By: 27</p>","/Users/mac/Zotero/storage/QRRJ4SDV/Cintas-Canto et al. - 2022 - CRC-Oriented Error Detection Architectures of Post-quantum Cryptography Niederreiter Key Generator o.pdf","","Post quantum cryptography; post-quantum cryptography; Quantum cryptography; Field programmable gate arrays (FPGA); Public key cryptography; Field programmables; Field-programmable gate array; Programmable gate array; Fault detection; Error detection; Logic gates; Key sizes; field-programmable gate array (FPGA); Faults detection; Key generator; Niederreiter cryptosystem; Fault detection schemes; Niederreiter","","","","","","","","","","","","","","","","","","","","","","","","","","","","","","","","2022 IEEE Nordic Circuits and Systems Conference (NorCAS)","","","","","","","","","","","","","","",""
"DSFG3UR6","conferencePaper","2024","Ni, Ziying; Khalid, Ayesha; Liu, Weiqiang; O’Neill, Máire","FPGA Bitstream Fault Injection Attack and Countermeasures on the Sampling Counter in CRYSTALS Kyber","2024 IEEE International Symposium on Circuits and Systems (ISCAS)","","2158-1525","10.1109/ISCAS58744.2024.10557946","https://ieeexplore.ieee.org/document/10557946/","The CRYSTALS Kyber algorithm is the public key encryption (PKE)/ key encapsulation mechanism (KEM) protocol undertaken for standardization by the US National Institute of Standards and Technology (NIST) the PQC competition and serves as the foundation for the Module-Lattice-Based (ML)-KEM scheme. The inherently strong security properties of the Kyber algorithm are considered to be resistant to attacks under quantum computers, but the security of its FPGA-based hardware implementation circuitry is still worth considering. In this work, we introduce the Nonce counter disabling attack, which targets the binomial distribution sampling process. We demonstrate that, in the modified primes of Kyber from Round 2, it is also effectively deduce the secret key s by equating it with the noise e. Our implementation of this attack on a Nexys 4 FPGA, with an additional DSP disabling filtering process to pinpoint the LUT. This attack is applicable to both the key generation and key encapsulation phases, and only need to modify 32-bit bitstream. Finally, We propose the Nonce counter check and the splitting of the Nonce computation cycles methods to to prevent this attack in hardware design-level.","2024-05","2026-04-09 20:59:14","2026-05-03 10:24:23","2026-04-09 20:57:52","1-5","","","","","","","","","","","","","","","","","","IEEE Xplore","","ISSN: 2158-1525","<p>Export Date: 02 May 2026; Cited By: 1; Correspondence Address: Z. Ni; Queen's University Belfast, Centre For Secure Information Technologies (CSIT), Belfast, United Kingdom; email: zni03@qub.ac.uk; A. Khalid; Queen's University Belfast, Centre For Secure Information Technologies (CSIT), Belfast, United Kingdom; email: a.khalid@qub.ac.uk; M. O'neill; Queen's University Belfast, Centre For Secure Information Technologies (CSIT), Belfast, United Kingdom; email: m.oneill@ecit.qub.ac.uk; CODEN: PICSD</p>","/Users/mac/Zotero/storage/BDMWLCGH/Ni et al. - 2024 - FPGA Bitstream Fault Injection Attack and Countermeasures on the Sampling Counter in CRYSTALS Kyber.pdf","","Post quantum cryptography; Quantum cryptography; Post-quantum cryptography; Side channel attack; Field programmable gate arrays (FPGA); Key encapsulation mechanisms; Public key cryptography; Faults attacks; Public-key encryption; CRYSTALS-kyber; CRYSTALS-Kyber; Fault injection attacks; Chromium compounds; Binary sequences; FPGA security; Bitstreams; bitstream fault attack; Bitstream fault attack; FPGA bitstreams","","","","","","","","","","","","","","","","","","","","","","","","","","","","","","","","2024 IEEE International Symposium on Circuits and Systems (ISCAS)","","","","","","","","","","","","","","",""
"NIL7WWGL","conferencePaper","2024","R, Sivaraman; S, Gowtham; G, Gopalakrishnan; D, Muralidharan; R, Muthaiah; V S, Shankar Sriram","FPGA Governed Edge Device Confidentiality: Lightweight Cryptography with Enhanced Security","2024 Control Instrumentation System Conference (CISCON)","","","10.1109/CISCON62171.2024.10696143","https://ieeexplore.ieee.org/document/10696143/","This work addresses edge devices' urgent security challenges by introducing a highly efficient lightweight cryptosystem based on the conventional KATAN algorithm on a Field Programmable Gate Array (FPGA). Recognizing the need for improvements to overcome keyspace and differential cryptanalysis problems, Substitution boxes (S-box) and chaotic functions have been incorporated to strengthen both security and performance. AES substitution boxes enhance security through byte substitution, complementing the KATAN algorithm's use of input-dependent S-boxes for efficient encryption. Simultaneously, the chaotic logistic map adds unpredictability, crucial for generating randomness in cryptographic applications. These components collectively form a robust framework for secure data encryption, ensuring confidentiality in cryptographic systems. This tailored algorithm has undergone rigorous testing, with statistical and hardware analyses confirming its efficacy and reliability. Notably, using lookup tables for encryption and decryption consumes minimal logic elements, less than 5%, with power dissipation values for encryption and decryption at 421.99 mW and 419.60 mW, respectively. The proposed modified KATAN algorithm successfully passed NIST SP 800-22 tests with a significance level of 0.01, demonstrating a randomness level of 99.9% and robust cryptographic properties. These findings highlight our proposed algorithm's effectiveness and lightweight nature, making it an ideal solution for deployment in resourceconstrained edge devices.","2024-08","2026-04-09 20:59:14","2026-05-03 10:20:23","2026-04-09 20:57:59","1-6","","","","","","FPGA Governed Edge Device Confidentiality","","","","","","","","","","","","IEEE Xplore","","","<p>Export Date: 02 May 2026; Cited By: 1; Correspondence Address: R. Sivaraman; Sastra Deemed University, School of Computing, Thanjavur, India; email: sivaraman@cse.sastra.edu</p>","/Users/mac/Zotero/storage/KM3QG3ZP/R et al. - 2024 - FPGA Governed Edge Device Confidentiality Lightweight Cryptography with Enhanced Security.pdf","","Cryptography; Field programmables; Programmable gate array; Table lookup; Light-weight cryptography; Digital storage; Encryption and decryption; statistical analysis; chaotic functions; Chaotic functions; Edge device; Edge devices; Substitution box; substitution boxes; Field programmable gate array and reliability; FPGA and reliability; KATAN; lightweight cryptosystem; Lightweight cryptosystem","","","","","","","","","","","","","","","","","","","","","","","","","","","","","","","","2024 Control Instrumentation System Conference (CISCON)","","","","","","","","","","","","","","",""
"4QCEZKMW","conferencePaper","2024","Casado-Galán, A.; Potestad-Ordóñez, F. E.; Acosta, A. J.; Tena-Sánchez, E.","Electromagnetic Fault Injection Attack Methodology against AES Hardware Implementation","2024 39th Conference on Design of Circuits and Integrated Systems (DCIS)","","2640-5563","10.1109/DCIS62603.2024.10769137","https://ieeexplore.ieee.org/document/10769137/","Implementation attacks are a serious threat in the field of cryptography and the IoT. One particular type of implementation attack is Fault Injection Attacks (FIA). These attacks aim to modify the functionality of a certain cryptographic scheme by altering the value of certain bits or bytes inside the electronic circuit. Differential Fault Analysis (DFA) is a technique that exploits these introduced faults to retrieve sensible information about the cryptographic algorithm, like the secret key. There are several ways to perform an FIA, one of them is the electromagnetic FIA, which aims to insert faults in a circuit by generating an electromagnetic pulse (EMP) to induce Foucault currents inside the chip that affect the components inside. In this paper, a methodology to find the optimal locations to perform an electromagnetic FIA and test it in two circuits is presented: The first one is an implementation of a single S-Box of the Advanced Encryption Standard (AES) algorithm and the second one is a full implementation of the AES, both on an Artix-7 FPGA. Both examples show that inserting several types of faults that the DFA literature uses to break the cipher is possible.","2024-11","2026-04-09 20:59:14","2026-05-03 10:05:42","2026-04-09 20:58:04","1-6","","","","","","","","","","","","","","","","","","IEEE Xplore","","ISSN: 2640-5563","<p>Export Date: 02 May 2026; Cited By: 2; Correspondence Address: A. Casado-Galan; Instituto de Microelectrónica de Sevilla IMSE-CNM (CSIC / University of Seville), Spain; email: casado@imse-cnm.csic.es</p>","/Users/mac/Zotero/storage/5EI2C65W/Casado-Galán et al. - 2024 - Electromagnetic Fault Injection Attack Methodology against AES Hardware Implementation.pdf","","Hardware security; FPGA; Hardware implementations; Fault injection attacks; Implementation attacks; Cryptographic schemes; Electromagnetic Fault injections; Advanced Encryption Standard; AES; Electromagnetic fault injection attack; electromagnetic fault injection attacks; Fault analysis; Hardware attack; hardware attacks; Standard hardware","","","","","","","","","","","","","","","","","","","","","","","","","","","","","","","","2024 39th Conference on Design of Circuits and Integrated Systems (DCIS)","","","","","","","","","","","","","","",""
"2UQI9DII","conferencePaper","2025","Chowdhury, Siddhartha; Mishra, Nimish; Bhattacharya, Sarani; Mukhopadhyay, Debdeep","Unified FPGA Design of Kyber and Dilithium with Provable Fault Tolerance","2025 IEEE 36th International Conference on Application-specific Systems, Architectures and Processors (ASAP)","","2160-052X","10.1109/ASAP65064.2025.00033","https://ieeexplore.ieee.org/document/11113552/","Efficient and secure hardware implementations of post-quantum cryptographic schemes are critical for real-world adoption. In this work, we propose a unified FPGA-based architecture for Kyber and Dilithium that combines flexibility, lightweight design, and fault tolerance. The architecture adopts a microcoded, programmable datapath supporting both schemes with minimal area overhead, enabling seamless integration of modules such as SHAKE, sampling, and coefficient rounding. To enhance resilience against propagation-based fault attacks-which exploit effective/ineffective fault behavior in public-domain computations-we embed a probabilistic verification mechanism using rejection sampling. This countermeasure transforms deterministic operations into cryptographically constrained probabilistic processes that remain efficient under normal conditions while significantly degrading under adversarial faults. The result is a robust and compact design that not only supports both a lattice-based KEM and signature scheme, but also provides the first unified fault countermeasure architecture for Kyber and Dilithium, maintaining low retry counts and minimal performance degradation in fault-free environments.","2025-07","2026-04-09 20:59:14","2026-05-03 10:06:24","2026-04-09 20:58:09","158-165","","","","","","","","","","","","","","","","","","IEEE Xplore","","ISSN: 2160-052X","<p>Export Date: 02 May 2026; Cited By: 0; CODEN: PIAAF</p>","/Users/mac/Zotero/storage/6M56J9JL/Chowdhury et al. - 2025 - Unified FPGA Design of Kyber and Dilithium with Provable Fault Tolerance.pdf","","Dilithium; Hardware security; Kyber; Quantum cryptography; Post quantum; Field programmable gate arrays (FPGA); FPGA; Hardware implementations; Integrated circuit design; Real-world; Architecture; Computation theory; Fault tolerance; Fault tolerant computer systems; Lightweight design; Cryptographic schemes; FPGA design; Data paths; FPGA-based architectures; Fault-Tolerance","","","","","","","","","","","","","","","","","","","","","","","","","","","","","","","","2025 IEEE 36th International Conference on Application-specific Systems, Architectures and Processors (ASAP)","","","","","","","","","","","","","","",""
"T29HCYWF","conferencePaper","2025","Kattamanchi, Hemanth Reddy; Mahesh, Vanga; Srinivasarao, B.K.N.; E, Suresh Babu","FPGA Implementation of Lorenz System Based RO-PUF","TENCON 2025 - 2025 IEEE Region 10 Conference (TENCON)","","2159-3450","10.1109/TENCON66050.2025.11375515","https://ieeexplore.ieee.org/document/11375515/","This paper presents the design and implementation of a Lorenz chaotic system-based Ring Oscillator Physically Unclonable Function (RO PUF) on Field Programmable Gate Arrays (FPGAs). PUFs have evolved as an important component of hardware security, providing unique IDs derived from inherent process variations during integrated circuit fabrication. The chaotic dynamics of the Lorenz system, which is recognised for its unpredictability and sensitivity to initial conditions, give a unique technique to creating random and secure challenges for PUF. The present research demonstrates the viability of incorporating chaotic systems into PUF designs to enhance security. The proposed system offers a reliable and adaptable way to generate secure and distinctive IDs that can be applied to a range of embedded systems, IoT, and cybersecurity applications. The results emphasise the potential of chaotic dynamics to considerably enhance the security features of hardware-based cryptographic primitives. By utilising the intrinsic variability of the Lorenz system, the proposed design optimises the security features of the PUF, guaranteeing a high degree of unpredictability and uniqueness. The experimental results indicate that the design is relatively low in hardware overhead, has a reliability of 97.79%, and a uniqueness of \mathbf4 8. 9 1 %. Additionally, the design parameters can be adjusted to alter the output response by the design parameters.","2025-10","2026-04-09 20:59:14","2026-05-03 10:17:20","2026-04-09 20:58:27","1385-1389","","","","","","","","","","","","","","","","","","IEEE Xplore","","ISSN: 2159-3450","<p>Export Date: 02 May 2026; Cited By: 0; CODEN: 85QXA</p>","/Users/mac/Zotero/storage/VKJWHWFY/Kattamanchi et al. - 2025 - FPGA Implementation of Lorenz System Based RO-PUF.pdf","","Hardware security; Field programmable gate arrays (FPGA); Integrated circuit design; Cryptography; Embedded systems; Cybersecurity; Design and implementations; Ring oscillator; Security features; PUF; Oscillators (electronic); Field-programmable gate array implementations; Chaotic systems; Integrated circuit manufacture; LFSR; Chaotic dynamics; Design parameters; Lorenz chaotic system; Lorenz system","","","","","","","","","","","","","","","","","","","","","","","","","","","","","","","","TENCON 2025 - 2025 IEEE Region 10 Conference (TENCON)","","","","","","","","","","","","","","",""
"JQTIG8WR","journalArticle","2025","Monopoli, Matteo; Biondi, Matteo; Nannipieri, Pietro; Moranti, Silvia; Fanucci, Luca","RADSAFiE: A Netlist-Level Fault Injection User Interface Application for FPGA-Based Digital Systems","IEEE Access","","2169-3536","10.1109/ACCESS.2025.3539932","https://ieeexplore.ieee.org/document/10877826/","Field Programmable Gate Arrays are extensively utilized across numerous domains, including telecommunications, cryptography, Machine Learning, and safety-critical applications. In critical applications, FPGAs are often exposed to environmental challenges, such as Single Event Upsets, which can affect the reliability of the design. Therefore, assessing the robustness of FPGA-based systems becomes crucial to ensure their correct functionality under normal operation and mitigate potential risks. This can be done by developing a fault injection environment to simulate the effect of Single Event Effects over the specified Device Under Test. Firstly, this paper briefly reviews other related works, highlighting the differences between the various approaches. Then, our novel netlist-level fault injection tool called RADSAFiE is introduced. The tool is characterized by a Python-based User Interface that allows users to modify an input netlist by inserting fault injection logic primitives. The user can select between two interfaces: a Graphical User Interface or a Command Line Interface, both taking an HDL netlist as input. We discuss the supported fault types and highlight the compatibility with different FPGA vendors. We also conduct code profiling on the application and analyze, for specific operations, both execution time and memory usage. Specifically, we focus on a use case that features the Soft Graphic Processing Unit IP provided by IngeniArs S.r.l., namely GPU@SAT. We present performance results across netlists of different sizes and offer a concise overview of the simulation environment. Finally, in the last section of the paper, we hint at possible future development and conclude the work.","2025","2026-04-09 20:59:14","2026-05-03 10:35:35","2026-04-09 20:58:29","28809-28823","","","13","","","RADSAFiE","","","","","","","","","","","","IEEE Xplore","","","<p>Export Date: 02 May 2026; Cited By: 7; Correspondence Address: M. Monopoli; University of Pisa, Department of Information Engineering, Pisa, 56122, Italy; email: matteo.monopoli@phd.unipi.it</p>","/Users/mac/Zotero/storage/7HTDYJ8Y/Monopoli et al. - 2025 - RADSAFiE A Netlist-Level Fault Injection User Interface Application for FPGA-Based Digital Systems.pdf","","Integrated circuit design; Field programmables; Programmable gate array; Forward error correction; Field programmable gate array; Problem oriented languages; Computer graphics equipment; Graphics processing unit; Radiation hardening; Fault injection; Graphical user interfaces; Digital system; field programmable gate arrays; Netlist; application; code profiling; Code profiling; digital systems; Health hazards; Interface applications; netlist; Soft error; soft errors; soft GPU; Soft GPU; user interface","","","","","","","","","","","","","","","","","","","","","","","","","","","","","","","","","","","","","","","","","","","","","","",""
"JYFUEHSP","conferencePaper","2024","A, Babu Karuppiah; R, Rajaraja; K, Resma Madhu P; N, Susithra; N, Pradeepika; G, Gopika","Resource Analysis of Lightweight Cryptography Algorithms for Compact Devices","2024 International Conference on Smart Systems for Electrical, Electronics, Communication and Computer Engineering (ICSSEECC)","","","10.1109/ICSSEECC61126.2024.10649478","https://ieeexplore.ieee.org/document/10649478/","The increasing number of sensitive electronic transactions highlights the need for fast and secure communication networks. Cryptographic algorithms offer a means to securely transmit information over communication channels. As data rates rise, software-based encryption becomes inadequate. Hardware implementation of cryptographic algorithms and their associated keys provides greater physical security, as they are not easily accessed or altered by external users. Enhancing the reliability of the algorithms, as well as their speed performance and implementation flexibility, are key areas of focus. This study proposes to compare the resource utilization of lightweight cryptography algorithms, specifically LED and ZORRO. The ZORRO algorithm uses 128-bit block and key sizes and operates through 24 rounds, with each round consisting of four transforms, the last two being identical operations. These rounds enhance security and operational efficiency. Additionally, the LED algorithm, known for its compactness and versatility in providing various security services, is also examined. It is widely used in applications such as RFID, smart cards, and sensor networks. This research aims to analyse the resource utilization of these algorithms using Xilinx FPGA.","2024-06","2026-04-09 20:59:14","2026-05-03 10:00:59","2026-04-09 20:58:34","579-584","","","","","","","","","","","","","","","","","","IEEE Xplore","","","<p>Export Date: 02 May 2026; Cited By: 1</p>","/Users/mac/Zotero/storage/KNIFZT54/A et al. - 2024 - Resource Analysis of Lightweight Cryptography Algorithms for Compact Devices.pdf","","FPGA; Cryptography; Cryptographic algorithms; Cryptography algorithms; Light-weight cryptography; Resource analysis; Resources utilizations; Smart cards; Communications networks; Compact devices; Electronic transaction; LED; Sensitive electronics; Zorro","","","","","","","","","","","","","","","","","","","","","","","","","","","","","","","","2024 International Conference on Smart Systems for Electrical, Electronics, Communication and Computer Engineering (ICSSEECC)","","","","","","","","","","","","","","",""
"328WHGXT","conferencePaper","2025","Swathi, B P; A, Tejashree; G P, Aishwarya; N, Rahul; N, Shylashree","Design and Timing Analysis of LFSR with Variable Order of Interleaving Sequence","2025 9th International Conference on Computational System and Information Technology for Sustainable Solutions (CSITSS)","","2767-1097","10.1109/CSITSS67709.2025.11295764","https://ieeexplore.ieee.org/document/11295764/","In cryptography and communication system applications, Linear Feedback Shift Registers (LFSRs) are commonly used for pseudorandom number generation due to their simplicity and capability of generating long periodic sequences. But the linear characteristics of basic LFSRs weaken their resistance to cryptanalytic attacks. This work presents a new interleaved LFSR system design that promotes randomness and security through output combination from various LFSRs, each governed by distinct primitive polynomials of equal degree, using a dynamic interleaving process. Control-based sequence determines interleaving order, substituting the fixed cyclic approach with a programmable strategy. Register Transfer Level (RTL) implementation is designed using Verilog and verified for correctness through Cadence tools, supplemented with static timing analysis conducted on the synthesized gate-level netlist. The results confirm functional correctness and demonstrate that the design meets setup and hold timing constraints, with a setup slack of 4.758 ns and a hold slack of 0.164 ns, thereby validating the effectiveness and reliability of the proposed interleaved LFSR approach.","2025-11","2026-04-09 20:59:14","2026-05-03 10:20:07","2026-04-09 20:59:09","1-6","","","","","","","","","","","","","","","","","","IEEE Xplore","","ISSN: 2767-1097","<p>Export Date: 02 May 2026; Cited By: 0</p>","/Users/mac/Zotero/storage/LNRF9WQP/Swathi et al. - 2025 - Design and Timing Analysis of LFSR with Variable Order of Interleaving Sequence.pdf","","Hardware security; Network security; Feedback; Cryptography; Number theory; Random number generation; Polynomials; Timing circuits; Interleavings; Cryptographic hardware; Random processes; Computer hardware description languages; Linear feedback shift register; Linear Feedback Shift Register (LFSR); Linear feedback shift registers; Cryptographic Hardware; Design Analysis; Interleaving technique; Interleaving Techniques; Pseudo-random sequence generation; Pseudo-random Sequence Generation; Pseudorandom sequences; Sequence generation; Static timing analysis; Static Timing Analysis; Timing devices","","","","","","","","","","","","","","","","","","","","","","","","","","","","","","","","2025 9th International Conference on Computational System and Information Technology for Sustainable Solutions (CSITSS)","","","","","","","","","","","","","","",""
"DDU43BBU","journalArticle","2025","Grossi, Marco; Omaña, Martin; Metra, Cecilia; Acquaviva, Andrea","Novel Physical Unclonable Function Implementation for Microcontrollers and Field Programmable Gate Arrays","IEEE Access","","2169-3536","10.1109/ACCESS.2025.3555438","https://ieeexplore.ieee.org/document/10942602/","Physical Unclonable Functions (PUFs) are frequently exploited for security purposes. In particular, they are adopted to generate unique authentication passwords and cryptographic keys, with no need to store any secret information in non-volatile memories that can be easily attacked. In this paper, we present a novel PUF based structure, that can be implemented at low costs in microcontrollers and FPGAs, by exploiting the circuitry that is already present in their General Purpose Input-Output (GPIO) interface. The proposed PUF based scheme has been implemented on five different FPGA devices, in order to experimentally verify their correct operation under various realistic operating conditions. We will show that our proposed PUF based structure features a good uniqueness (of the 49.75%), a uniformity close to the ideal value of the 50%, an average steadiness of the 99.33%, and a maximum reliability of the 99.61%, for a temperature ranging from 5°C to 65°C.","2025","2026-04-09 21:05:16","2026-05-03 10:07:41","2026-04-09 21:03:32","55970-55983","","","13","","","","","","","","","","","","","","","IEEE Xplore","","","<p>Export Date: 02 May 2026; Cited By: 4; Correspondence Address: M. Grossi; University of Bologna, Department of Electrical Energy and Information Engineering “Guglielmo Marconi” (DEI), Bologna, 40136, Italy; email: marco.grossi8@unibo.it</p>","/Users/mac/Zotero/storage/RH63RRBV/Grossi et al. - 2025 - Novel Physical Unclonable Function Implementation for Microcontrollers and Field Programmable Gate A.pdf","","Authentication; Network security; Microcontrollers; FPGA; Cryptography; Field programmables; Programmable gate array; Internet of Things; Security; security; microcontroller; Low-costs; FPGA devices; Cryptographic key; Non-volatile memory; General Purpose Input/Outputs; Input/output interface; Nonvolatile storage; Physical unclonable functions; Secret information","","","","","","","","","","","","","","","","","","","","","","","","","","","","","","","","","","","","","","","","","","","","","","",""
"C7NMYJJ3","conferencePaper","2022","Mhaouch, Ayoub; Elhamzi, Wajdi; Abdelali, Abdessalem Ben; Atri, Mohamed","Efficient Serial Architecture for PRESENT Block Cipher","2022 IEEE 9th International Conference on Sciences of Electronics, Technologies of Information and Telecommunications (SETIT)","","","10.1109/SETIT54465.2022.9875564","https://ieeexplore.ieee.org/document/9875564/","In recent years, the use of the Internet of Things (IoT) has increased rapidly in different areas. Due to many IoT applications, many limitations have emerged such as power consumption and limited resources. The security of connected devices is becoming more and more a primary need for the reliability of systems. Among other things, power consumption remains an essential constraint with a major impact on the quality of the encryption system. For these, several lightweight cryptography algorithms were proposed and developed. The PRESENT algorithm is one of the lightweight block cipher algorithms that has been proposed for a highly restrictive application. In this paper, we have proposed an efficient hardware serial architecture that uses 16 bits for data path encryption. It uses fewer FPGA resources and achieves higher throughput compared to other existing hardware applications.","2022-05","2026-04-09 21:05:16","2026-05-03 10:18:49","2026-04-09 21:03:39","45-49","","","","","","","","","","","","","","","","","","IEEE Xplore","","","<p>Export Date: 02 May 2026; Cited By: 7</p>","","","Field programmable gate arrays (FPGA); FPGA; Hardware implementations; Cryptography; Internet of things; Cryptography algorithms; Light-weight cryptography; Lightweight cryptography; Hardware implementation; Security of data; Internet of thing; Internet of Things (IoT); Block ciphers; Electric power utilization; Block cipher algorithms; Encryption system; Lightweight block ciphers; PRESENT algorithm; Serial architecture","","","","","","","","","","","","","","","","","","","","","","","","","","","","","","","","2022 IEEE 9th International Conference on Sciences of Electronics, Technologies of Information and Telecommunications (SETIT)","","","","","","","","","","","","","","",""
"UCNYT3ZJ","conferencePaper","2024","Akter, Sonia; Khalil, Kasem; Bayoumi, Magdy","Efficient Pseudo Random Number Generator (PRNG) Design on FPGA","2024 IEEE 17th Dallas Circuits and Systems Conference (DCAS)","","2766-5186","10.1109/DCAS61159.2024.10539915","https://ieeexplore.ieee.org/document/10539915/","Random Number Generators (RNGs) are substantially used in many security domains, providing a fundamental source of unpredictability essential for tasks such as cryptography, simulations, and statistical analyses. The efficiency and quality of an RNG directly impact the reliability and security of diverse applications, making advancements in RNG design, as explored in this study, of significant importance for enhancing computational processes. This paper presents an innovative Pseudo-Random Number Generator (PRNG) that leverages the efficiency of two carefully selected Linear Feedback Shift Registers (LFSRs) and a connecting XOR gate. The investigation of five polynomials identified an optimal pair, resulting in a notable improvement of over 200X in the length of random bit sequences compared to a single LFSR-based PRNG. The Basys3 FPGA board with the xc7a35tcpg236-1 FPGA chip was used to implement and synthesize the proposed design. Two significant findings emerge from this research. Firstly, using variable polynomials demonstrates a huge enhancement in the duration of randomness, outperforming the impact of variable seeds. A noteworthy observation is that employing the same polynomials in different branches does not result in optimal results. Secondly, managing more seeds is associated with an increased area cost, underscoring the efficiency of handling two polynomials.","2024-04","2026-04-09 21:05:16","2026-05-03 10:09:04","2026-04-09 21:03:46","1-5","","","","","","","","","","","","","","","","","","IEEE Xplore","","ISSN: 2766-5186","<p>Export Date: 02 May 2026; Cited By: 12; Correspondence Address: K. Khalil; University Of Mississippi, Department Of Electrical And Computer Engineering, United States; email: kmkhalil@olemiss.edu</p>","","","Field programmable gate arrays (FPGA); FPGA; Integrated circuit design; Number theory; Random number generation; Polynomials; Timing circuits; Security; Efficiency; Integrated circuits; Pseudorandom number generators; Random bits; Random number generators; Random Number Generator; Flip flop circuits; Linear feedback shift registers; Shift registers; Generator design; Basys3; Computational process; Diverse applications; FLip Flop; Integrated circuit; LFSR; PRNG; Random Bit; Security domains","","","","","","","","","","","","","","","","","","","","","","","","","","","","","","","","2024 IEEE 17th Dallas Circuits and Systems Conference (DCAS)","","","","","","","","","","","","","","",""
"WLMZ4PG9","journalArticle","2025","Aghapour, Saeed; Sedghighadikolaei, Kiarash; Yavuz, Attila A.; Hamdaoui, Bechir; Mozaffari-Kermani, Mehran","Efficient Fault-Detection Architectures for Barrett Reduction and Multiplication in Classical and Post-Quantum Cryptographic Systems","IEEE Transactions on Very Large Scale Integration (VLSI) Systems","","1557-9999","10.1109/TVLSI.2025.3609666","https://ieeexplore.ieee.org/document/11169756/","Barrett modular reduction and multiplication are essential primitives for efficient modular computation in cryptographic schemes, including post-quantum standards such as module lattice-based (ML) key encapsulation mechanism (KEM) and ML-digital signature algorithm (DSA). To protect against faults that compromise correctness and security, we introduce the first efficient fault-detection mechanisms tailored to these operations. For modular reduction, we leverage word-based representations with compact word-sum checks that exploit algebraic input-output relations to ensure computational integrity. For modular multiplication, we adopt a tunable hybrid strategy: early stages apply word-sum checks, while later stages use partial recomputation with encoded inputs, providing robust protection against injected faults. Formal analysis, fault-injection simulations, and hardware/software implementations show that our methods detect a wide range of faults with minimal performance and area overhead. Evaluation results demonstrate overheads of 3.43% and 7.15% for 512-bit and 1024-bit inputs in modular reduction, and 26.47% and 27.22% for 2048-bit inputs in modular multiplication in the number of clock cycles in software. Moreover, in hardware, we observed reasonable overheads: less than 27.5% in area and 2.1% in delay for modular reduction, and less than 23.5% in area and 16.2% in delay for modular multiplication. These results confirm the practicality of our methods for secure yet efficient integration.","2025-12","2026-04-09 21:05:16","2026-05-03 10:01:58","2026-04-09 21:03:50","3465-3477","","12","33","","","","","","","","","","","","","","","IEEE Xplore","","","<p>Export Date: 02 May 2026; Cited By: 0; Correspondence Address: M. Mozaffari-Kermani; University of South Florida, College of AI, Cybersecurity, and Computing, Tampa, 33620, United States; email: mehran2@usf.edu; CODEN: IEVSE</p>","","","Hardware security; Network security; Quantum cryptography; Post quantum; FPGA; Learning systems; Computer hardware; Computer software; Machine-learning; Barrett reduction; Modular Multiplication; Fault detection; Cost reduction; Algebra; cryptography; Modular reduction; Faults detection; fault detection; Advanced RISC machine  processor; Advanced RISC machines; Advanced RISC machines (ARMs) processor; Barrett modular multiplication; Barrett modular multiplication (BMM); Barrett modular reduction; Barrett modular reductions; Formal methods; Reduction","","","","","","","","","","","","","","","","","","","","","","","","","","","","","","","","","","","","","","","","","","","","","","",""
"VZIEZUB7","journalArticle","2024","Ahmadi, Kasra; Aghapour, Saeed; Mozaffari Kermani, Mehran; Azarderakhsh, Reza","Efficient Error Detection Cryptographic Architectures Benchmarked on FPGAs for Montgomery Ladder","IEEE Transactions on Very Large Scale Integration (VLSI) Systems","","1557-9999","10.1109/TVLSI.2024.3419700","https://ieeexplore.ieee.org/document/10587011/","Elliptic curve scalar multiplication (ECSM) is a fundamental element of public key cryptography. The ECSM implementations on deeply embedded architectures and Internet-of-nano-Things have been vulnerable to both permanent and transient errors, as well as fault attacks. Consequently, error detection is crucial. In this work, we present a novel algorithm-level error detection scheme on Montgomery Ladder often used for a number of elliptic curves featuring highly efficient point arithmetic, known as Montgomery curves. Our error detection simulations achieve high error coverage on loop abort and scalar bit flipping fault model using binary tree data structure. Assuming n is the size of the private key, the overhead of our error detection scheme is O(n) . Finally, we conduct a benchmark of our proposed error detection scheme on both ARMv8 and field-programmable gate array (FPGA) platforms to illustrate the implementation and resource utilization. Deployed on Cortex-A72 processors, our proposed error detection scheme maintains a clock cycle overhead of less than 5.2%. In addition, integrating our error detection approach into FPGAs, including AMD/Xilinx Zynq Ultrascale+ and Artix Ultrascale+, results in a comparable throughput and less than 2% increase in area compared with the original hardware implementation. We note that we envision using adoptions of the proposed architectures in the postquantum cryptography (PQC) based on elliptic curves.","2024-11","2026-04-09 21:05:16","2026-05-03 10:09:08","2026-04-09 21:03:53","2154-2158","","11","32","","","","","","","","","","","","","","","IEEE Xplore","","","<p>Export Date: 02 May 2026; Cited By: 13; Correspondence Address: M. Mozaffari Kermani; University of South Florida, Department of Computer Science and Engineering, Tampa, 33620, United States; email: mehran2@usf.edu; CODEN: IEVSE</p>","","","Network security; Benchmarking; Field programmables; Field-programmable gate array; Programmable gate array; Architecture; Trees (mathematics); Digital storage; field-programmable gate array (FPGA); reliability; Elliptic curve; Cryptographic architecture; Scalar multiplication; Faults detection; ARM processor; Binary trees; Detection scheme; fault detection; Fault tree analysis; Ladders; Montgomery; Montgomery ladder; Montgomery Ladder; Solar buildings","","","","","","","","","","","","","","","","","","","","","","","","","","","","","","","","","","","","","","","","","","","","","","",""
"K6CPEBRX","journalArticle","2026","Maatallah, Nada; Abdelli, Ali; Youssef, Wajih El Hadj; Khriji, Lazhar; Machhout, Mohsen","Lightweight Fault-Resilient KLEIN Cipher for IoT Encryption","IEEE Access","","2169-3536","10.1109/ACCESS.2026.3662133","https://ieeexplore.ieee.org/document/11373712/","The KLEIN lightweight block cipher provides an effective encryption method suitable for IoT devices with limited computational resources, memory, and energy capacity. Despite its efficiency, the compact design of KLEIN is vulnerable to fault injection attacks, which can disrupt encryption and compromise data security. In this study, we propose a comprehensive fault detection and correction framework for KLEIN that combines parity verification, cyclic redundancy checks (CRC), and a Secure Rollback Recovery mechanism with deceptive output. This approach enables real-time fault identification, produces misleading ciphertext to thwart attackers, and restores the system to the last known correct state, ensuring uninterrupted and reliable encryption. The framework was implemented on an FPGA using Vivado 2022 and validated under various fault scenarios. Results show that the design achieves high fault coverage while maintaining efficiency, with only a 1.73% reduction in operating frequency for detection, a 1.13% hardware overhead for fault detection and a 66.28% increase in hardware area for correction. Overall, the proposed solution significantly strengthens KLEIN against fault injection threats, providing a secure and lightweight cryptographic option for resource-constrained IoT applications.","2026","2026-04-09 21:05:16","2026-05-03 10:18:56","2026-04-09 21:03:55","22404-22416","","","14","","","","","","","","","","","","","","","IEEE Xplore","","","<p>Export Date: 02 May 2026; Cited By: 0; Correspondence Address: L. Khriji; Sultan Qaboos University, College of Engineering, Department of Electrical and Computer Engineering, Muscat, 124, Oman; email: lazhar@squ.edu.om</p>","/Users/mac/Zotero/storage/WF6WZNUP/Maatallah et al. - 2026 - Lightweight Fault-Resilient KLEIN Cipher for IoT Encryption.pdf","","Hardware security; Network security; Computer hardware; Cryptography; Fault detection; Efficiency; Fault injection attacks; IoT security; Ciphertext; Fault tolerance; Fault tolerant computer systems; Computer hardware description languages; fault injection attacks; Faults detection; Lightweight block ciphers; Computational resources; Encryption methods; fault-tolerant design; Fault-tolerant designs; KLEIN cipher; lightweight block cipher; Resource capacity; VHDL implementation","","","","","","","","","","","","","","","","","","","","","","","","","","","","","","","","","","","","","","","","","","","","","","",""
"TWXM6BMC","conferencePaper","2024","Apon, Imtiaz Ahamed; Hasan, Md Ratul; Haque, Md. Salman","Hardware Implementations of Interleaved Modular Multiplications Over F256","2024 3rd International Conference on Advancement in Electrical and Electronic Engineering (ICAEEE)","","","10.1109/ICAEEE62219.2024.10561684","https://ieeexplore.ieee.org/document/10561684/","Very-large-scale integration (VLSI) of elliptic curve cryptography (ECC) is vital for efficiently securing the digital world. This research demonstrates a description of elliptic curve cryptography (ECC), with a focus on both hardware and software approaches. An effective technique is used to create a modified interleaved modular multiplication architecture that maximizes performance while minimizing hardware use. Almost 532 and 522 slice registers are available for Spartan-6 and others with 4 unique control sets each. ECC processors must carefully balance area, time, and frequency to achieve maximum efficiency, as these factors always involve limitations. In this study, a 256-bit encryption method is used with a modified algorithm for interleaved modular multiplication (IMM) in the prime field. This method requires more resources and time, but it still operates at a satisfactory speed. In addition, a new hardware circuit methodology is introduced and implemented utilizing the Xilinx ISE software on various FPGA platforms, such as Kintex-7, Virtex-5, Virtex-6, and Spartan-6. The proposed 256-bit modular multiplication design occupies only 1478, 1497, 1478 and 1483 look-up tables (LUTs) and attains noteworthy completion with 1.9 μs, 2.09 μs, 3.83 μs, and 2.11 μs on Kintex-7, Virtex-5, Spartan-6, and Virtex-6, respectively, at maximum frequencies of 134.7 MHz, 77.9 MHz, 67.097 MHz, and 121.527 MHz individually. Taking the National Institute of Standards suggested prime fields into consideration. Rigorous simulation and verification procedures are conducted employing Modelsim and Maple’s software to ensure the accuracy and reliability of the obtained results.","2024-04","2026-04-09 21:05:16","2026-05-03 10:10:55","2026-04-09 21:04:05","1-5","","","","","","","","","","","","","","","","","","IEEE Xplore","","","<p>Export Date: 02 May 2026; Cited By: 0; Correspondence Address: I.A. Apon; Bangladesh Army University of Science and Technology (BAUST), Department of Electrical and Electronic Engineering, Saidpur, 5311, Bangladesh; email: imti8509@gmail.com</p>","","","Field programmable gate arrays (FPGA); Public key cryptography; Geometry; Field programmables; Programmable gate array; Table lookup; Field programmable gate array; Verification; VLSI circuits; Elliptic curve cryptography; Hardware architecture; Elliptic curve; Cryptographic processors; Field Programmable Gate Array (FPGA); Curve cryptography; Elliptic Curve (EC); Elliptic curve cryptographic processor; Elliptic Curve Cryptographic Processor (ECP); Elliptic Curve Cryptography (ECC); Hardware Architecture (HA); Interleaved modular multiplication; Interleaved Modular Multiplication (IMM); Software reliability; The national institute of standard and technology; The National Institute of Standards and Technology (NIST)","","","","","","","","","","","","","","","","","","","","","","","","","","","","","","","","2024 3rd International Conference on Advancement in Electrical and Electronic Engineering (ICAEEE)","","","","","","","","","","","","","","",""
"ZU7PWMK6","journalArticle","2025","Dang, Tuan-Kiet; Nguyen, Khai-Duy; Hoang, Trong-Thuc; Pham, Cong-Kha","A Unified Approach to Strong PUF and TRNG Using Ring Generator for Cryptography","IEEE Internet of Things Journal","","2327-4662","10.1109/JIOT.2025.3582869","https://ieeexplore.ieee.org/document/11048893/","Physical unclonable functions (PUFs) and true random number generators (TRNGs) primitives always come in pairs to provide authenticity and unpredictability for cryptographic applications. Specifically, PUF-based authentication presents huge potential for a lightweight, low-power, and efficient solution to secure communication in the Internet of Things Internet of Things (IoT) networks. In any PUF-based scheme, the exchanging materials comprise PUF’s responses and random nonces to generate shared session keys. PUFs offer authentication properties to a device by generating reproducible and device-specific randomness, whereas TRNGs harvest random entropy from physical phenomena to produce completely unpredictable output. This article introduces a design approach to a unified circuit of PUF and TRNG targeting lightweight and versatile to meet the constrained requirements of IoT devices. The design employs the xor-latch (XL) cell to extract uncontrollable manufacturing variances to yield a stable and unique output. Additionally, with specific excitation, it can operate as an oscillator. Multiple XL cells are connected to a ring generator, which serves as a back-end obfuscation structure, to construct a robust strong PUF. Our final design on Xilinx Artix-7 field programmable gate array (FPGA) features a compact hardware footprint of 102 Look-Up tables (LUTs) and 32 flip-flops (FFs), which can be positioned within 26 SLICEs. Various design strategies were employed to assess the feasibility of application-specific integrated circuit (ASIC) implementation. Experimental analyzes of the PUF mode performance have shown that the uniformity, uniqueness, and reliability metrics satisfy the standards, and the design is resistant to state-of-the-art modeling attacks. Furthermore, the TRNG function has undergone rigorous testing, including various health checks and standard random tests recommended by the National Institute of Standards and Technology (NIST) and the German Federal Office for Information Security (BSI).","2025-09","2026-04-09 21:05:16","2026-05-03 09:35:33","2026-04-09 21:04:07","36590-36603","","17","12","","","","","","","","","","","","","","","IEEE Xplore","","","<p>Export Date: 02 May 2026; Cited By: 6; Correspondence Address: T.-K. Dang; The University of Electro-Communications, Department of Computer and Network Engineering, Chofu, Japan; email: tuankiet@vlsilab.ee.uec.ac.jp</p>","","","Authentication; Hardware security; Network security; Field programmable gate arrays (FPGA); Integrated circuit design; Cryptography; Internet of things; Number theory; Random number generation; Table lookup; Cryptographic applications; Random number generators; True randoms; True random number generator; Physical unclonable function; physical unclonable function (PUF); Electric generators; field programmable gate array (FPGA); ring generator; Ring generators; true random number generator (TRNG); Unified approach; Unified physical unclonable function and true random number generator; unified PUF and TRNG","","","","","","","","","","","","","","","","","","","","","","","","","","","","","","","","","","","","","","","","","","","","","","",""
"EIVLMIE6","journalArticle","2025","Rajaiyan, Abolfazl; Atarodi, Seyed Mojtaba","TVI PUF: A Temperature- and Voltage-Independent PUF With High Resistance to Modeling Attacks","IEEE Embedded Systems Letters","","1943-0671","10.1109/LES.2025.3548895","https://ieeexplore.ieee.org/document/10915580/","Key generation in cryptography is very important, as it helps secure digital communication. physically unclonable functions (PUFs) are among the circuits that ensure security at the hardware level by generating unique keys. However, PUFs are often affected by changes in temperature and voltage, which can impact their reliability. Additionally, PUFs are vulnerable to electromagnetic and modeling attacks, making it essential to use circuits that can resist such threats. In this letter, a temperature- and voltage-independent PUF (TVI PUF) is proposed. This circuit uses a novel two-step (pipeline) structure. This circuit incorporates pipelining and challenge obfuscation. This leads to enhanced reliability and improved resistance to modeling attacks. The proposed circuit is implemented on a Xilinx Zynq7 FPGA and tested under various conditions. The proposed circuit is resilient against both modeling and electromagnetic attacks and operates reliably across a temperature range of - 40 <sup>\circ </sup> C to 150 <sup>\circ </sup> C. Measurement results show that the proposed circuit achieves a bit error rate (BER) of 1.21\times 10^-11 , uniformity of 50.11%, and uniqueness of 49.89%. The proposed TVI PUF shows a vulnerability rate of 50.47% to modeling attacks. The high reliability (approximately zero BER) and low vulnerability to modeling attacks highlight the advantages of this circuit.","2025-12","2026-04-09 21:05:16","2026-05-03 10:20:50","2026-04-09 21:04:18","443-446","","6","17","","","TVI PUF","","","","","","","","","","","","IEEE Xplore","","","<p>Export Date: 02 May 2026; Cited By: 0; Correspondence Address: S.M. Atarodi; Sharif University of Technology, Electrical Engineering Department, Tehran, 11365-11155, Iran; email: atarodi@sharif.edu</p>","","","Machine-learning; Security; security; Key generation; Physically unclonable functions; Modeling attack; modeling attacks; Machine learning (ML); Bit-error rate; High resistance; physically unclonable function (PUF); reliable; Reliable; robust; Robust","","","","","","","","","","","","","","","","","","","","","","","","","","","","","","","","","","","","","","","","","","","","","","",""
"B39TZJI3","journalArticle","2023","Jiang, Wei; Liao, Xinke; Zhan, Jinyu; Adhikari, Deepak; Jiang, Ke","DESCO: Decomposition-Based Co-Design to Improve Fault Tolerance of Security-Critical Tasks in Cyber Physical Systems","IEEE Transactions on Computers","","1557-9956","10.1109/TC.2022.3218987","https://ieeexplore.ieee.org/document/9935295/","Confidentiality-Specific Faults (CSFs) will put cyber physical systems in threat, since they can result in corrupted information or even retrieve the cryptographic key of security-critical applications. In this paper, we will look into fault-tolerant co-design optimization for security-critical cyber physical systems with resource constraints, such that the encryption/decryption of confidential messages are protected against transient CSF faults. We consider imperfect fault detection mechanisms to identify transient CSF faults happened on confidentiality protection, and utilize duplication code to recovery from such faults. We utilize FPGA to accelerate the executions of security tasks, reducing the overheads of fault-tolerant implementations. The system-level design problem is formulated as a two-objective optimization problem, i.e., to minimize the average reliability degradation of the fault tolerant assignments and to minimize the balanced degree of the reliability degradation, subject to available FPGA budget, deadline, and application execution constraints. Since finding Pareto-optimal solutions is NP-hard, we propose an improved multi-objective optimization algorithm, called DEcomposition-based Security Co-design Optimization (DESCO), to search for Pareto-optimal solutions of fault-tolerant assignments. Experimental results demonstrate that DESCO is effective and can outperform other candidates, proving that our approach is promising in dealing with system-level optimization problem for security-critical applications on cyber physical systems.","2023-06","2026-04-09 21:05:16","2026-05-03 10:37:48","2026-04-09 21:04:27","1652-1665","","6","72","","","DESCO","","","","","","","","","","","","IEEE Xplore","","","<p>Export Date: 02 May 2026; Cited By: 3; Correspondence Address: J. Zhan; University of Electronic Science and Technology of China, School of Information and Software Engineering, Chengdu, Sichuan, 610054, China; email: zhanjy@uestc.edu.cn; CODEN: ITCOB</p>","","","Field programmable gate arrays (FPGA); Integrated circuit design; Cryptography; Embedded systems; Field programmables; Programmable gate array; Cybersecurity; Field programmable gate array; Security; Fault detection; Cyber Physical System; Budget control; Multiobjective optimization; Cybe-physical systems; Cyber-physical systems; Fault tolerance; Co-designs; Task analysis; Security-critical; Confidentiality-specific fault; Confidentiality-specific faults; decomposition-based optimization; Decomposition-based optimization; Fault- tolerant systems; Optimal systems; Pareto principle; security co-design; Security co-design; Security-critical cybe physical system; security-critical cyber physical systems; Transient analysis","","","","","","","","","","","","","","","","","","","","","","","","","","","","","","","","","","","","","","","","","","","","","","",""
"KG7LJ9QD","conferencePaper","2025","Nozaki, Yusuke; Takemoto, Shu; Yoshikawa, Masaya","Hamming Distance aware Fault Analysis for LTLBC","2025 IEEE International Conference on Smart Internet of Things (SmartIoT)","","2770-2677","10.1109/SmartIoT66867.2025.00047","https://ieeexplore.ieee.org/document/11311670/","Low-latency lightweight cryptography is attracting attention as a promising security solution for Internet of Things (IoT) devices. LTLBC is a low-latency lightweight cryptography introduced in 2024, which has a smaller circuit size and lower latency than conventional cryptographic algorithms. These cryptographic algorithms ensure computational security. However, risks such as fault analysis using information from cryptographic hardware implementations have been reported, and it is important to evaluate the tamper resistance (security) against this analysis. Therefore, this study evaluates the security of LTLBC against fault analysis. Experimental results show that all subkeys can be recovered with as few as 20 ciphertext pairs when the fault injection probability is 20%.","2025-11","2026-04-09 21:05:16","2026-05-03 10:23:14","2026-04-09 21:04:29","286-291","","","","","","","","","","","","","","","","","","IEEE Xplore","","ISSN: 2770-2677","<p>Export Date: 02 May 2026; Cited By: 0; Correspondence Address: Y. Nozaki; Meijo University, Dept. Information Engineering, Nagoya, Japan; email: 143430019@ccalumni.meijo-u.ac.jp</p>","","","Hardware security; Mobile security; Network security; Side channel attack; Side-channel analysis; Cryptographic algorithms; Security; Low latency; Light-weight cryptography; security; Ciphertext; Security solutions; side-channel analysis; Hamming distance; lightweight cryptography; Fault analysis; Failure analysis; Circuit size; fault analysis; ltlbc; Ltlbc; Risk analysis; Smallest circuits","","","","","","","","","","","","","","","","","","","","","","","","","","","","","","","","2025 IEEE International Conference on Smart Internet of Things (SmartIoT)","","","","","","","","","","","","","","",""
"3JD4Z3J5","journalArticle","2023","Cintas-Canto, Alvaro; Kermani, Mehran Mozaffari; Azarderakhsh, Reza","Error Detection Constructions for ITA Finite Field Inversions Over \textGF(2^m) on FPGA Using CRC and Hamming Codes","IEEE Transactions on Reliability","","1558-1721","10.1109/TR.2022.3216014","https://ieeexplore.ieee.org/document/9934024/","Finite field arithmetic operations over \textGF(2^m) are widely used in critical applications, such as cryptography, coding theory, error-correcting codes, and digital signal processing. Finite field inversions are the most time-consuming operations among other widely-used ones and require a large footprint as well as power/energy to be performed. To reduce such complexity, the Itoh–Tsujii algorithm (ITA) has received prominent attention in the literature; however, implementations using ITA are still vulnerable to natural very-large-scale integration defects. To overcome the challenge of detecting naturally-induced faults in such constructions, for the first time, we propose error detection schemes based on Hamming codes for architectures performing finite field inversions using the ITA algorithm over \textGF(2^m) with polynomial basis. Additionally, CRC-oriented error detection schemes for inversions in \textGF(2^m) with normal basis are also studied and new approaches to protect them are presented. In this article, general formulations are provided along with different case studies to show the feasibility of our schemes with any finite field size. Moreover, field-programmable gate array (FPGA) implementations are performed on two Xilinx FPGA families, i.e., Kintex UltraScale+ and Xilinx Virtex-7 UltraScale+, to verify that the overheads added by the error detection architectures to provide reliability are suitable for deeply-constrained embedded systems.","2023-06","2026-04-09 21:05:16","2026-05-03 10:06:22","2026-04-09 21:04:33","651-661","","2","72","","","","","","","","","","","","","","","IEEE Xplore","","","<p>Export Date: 02 May 2026; Cited By: 67; Correspondence Address: M.M. Kermani; University of South Florida, Department of Computer Science and Engineering, Tampa, 33620, United States; email: mehran2@usf.edu; CODEN: IEERA</p>","","","Field programmable gate arrays (FPGA); Embedded systems; Field programmables; Field-programmable gate array; Programmable gate array; Fault detection; Error detection; Logic gates; Finite element method; field-programmable gate array (FPGA); Digital signal processing; Arithmetic; Code; Complexity theory; Convolutional codes; Faults detection; Field inversion; Finite element analyse; finite field inversion; Finite field inversion; Finite fields; Gaussian Processes; Hamming code; hamming codes; Verylarge-scale integrations (VLSI)","","","","","","","","","","","","","","","","","","","","","","","","","","","","","","","","","","","","","","","","","","","","","","",""
"B78HC5KV","conferencePaper","2025","Nayak, Kalpana; Bisoyi, Abhyarthana","Low Power Advanced Encryption Standard Design Using Finite State Machine Guided Split SubBytes","2025 International Conference on Modeling, Simulation & Intelligent Computing (MoSICom)","","","10.1109/MoSICom67153.2025.11398323","https://ieeexplore.ieee.org/document/11398323/","Traditional Field Programmable Gate Array (FPGA) based Advanced Encryption Standard (AES) architectures usually suffer from dynamic power consumption due to parallel S-box operations in the SubBytes transformation. To overcome this issue, a finite state machine (FSM) controlled Split SubBytes AES 128 architecture was introduced and synthesized on Zynq 7000 ZC702 Evaluation Board (xc7z020clg484-1) FPGA using Vivado v.2024.2 tool in which eight S-boxes reused over two sequential subcycles achieving 6.107 ns critical path delay, 22% power reduction and 163.7 MHz operating frequency compared with the traditional AES core. The comparative evaluation with existing works confirm that proposed FSM based architecture offers an effective power and performance trade-offs and the fault tolerant design maintains timing with 28% power overhead ensuring balance between efficiency and reliability.","2025-12","2026-04-09 21:05:16","2026-05-03 10:25:05","2026-04-09 21:04:35","650-655","","","","","","","","","","","","","","","","","","IEEE Xplore","","","<p>Export Date: 02 May 2026; Cited By: 0</p>","","","Hardware security; Field programmable gate arrays (FPGA); FPGA; Integrated circuit design; Cryptography; Embedded systems; Field programmables; Programmable gate array; Architecture; Memory architecture; Field programmable gate array; Data privacy; Economic and social effects; Fault detection; IoT; Parallel architectures; Fault tolerance; Systems analysis; Advanced Encryption Standard; Computer hardware description languages; Verilog; Lightweight encryption; Faults detection; Fault-tolerant; Finite states machine; FSM; Advanced encryption standard 128; AES 128; Fault Detection; Fault tolerant encryption; Fault Tolerant Encryption; Lightweight Encryption; Split subbyte; Split SubBytes","","","","","","","","","","","","","","","","","","","","","","","","","","","","","","","","2025 International Conference on Modeling, Simulation & Intelligent Computing (MoSICom)","","","","","","","","","","","","","","",""
"TJPAAJMH","conferencePaper","2025","Vaz, Yuri Silva; Mattos, Júlio C. B.; Soares, Rafael Iankowski","High Throughput-to-Area AES: The Role of Small S-Box in Lightweight Cryptographic Design","2025 IEEE 16th Latin America Symposium on Circuits and Systems (LASCAS)","","2473-4667","10.1109/LASCAS64004.2025.10966232","https://ieeexplore.ieee.org/document/10966232/","Data security is an essential prerequisite for the effective functioning of modern systems. It guarantees the secure transmission of information to thwart unauthorized access and potential data breaches. Cryptography plays an indispensable role in safeguarding sensitive data during communication. The Advanced Encryption Standard (AES) is an esteemed choice among symmetric key algorithms, owing to its proven reliability and robust security features. Despite its extensive adoption, optimizing AES implementations to achieve high throughput while minimizing hardware resource consumption, particularly in area, is a significant challenge. This study addresses the challenge of reducing area usage while enhancing the throughput of the algorithm by focusing on improving the throughput-to-area efficiency of AES through a novel hardware implementation. This approach introduces an optimized SubBytes stage featuring a smaller S-box comprising just 16 elements. The proposed optimization enables an enhanced throughput per area (Mbpslk-gate), providing a more balanced solution for lightweight en-cryption applications. It allowed a notable area reduction of 84%, alongside doubling the maximum frequency compared to the original implementation. In terms of throughput-to-area efficiency, the optimizations resulted in a value 12.5 times greater than the original design's. Furthermore, the security robustness of the modified algorithm is confirmed through three distinct security tests, validating its reliability and suitability for practical deployment.","2025-02","2026-04-09 21:05:16","2026-05-03 10:05:10","2026-04-09 21:04:37","1-5","","","1","","","High Throughput-to-Area AES","","","","","","","","","","","","IEEE Xplore","","ISSN: 2473-4667","<p>Export Date: 02 May 2026; Cited By: 1</p>","","","Hardware security; Hardware implementations; Light-weight cryptography; % reductions; Hardware Implementation; Advanced Encryption Standard; S-boxes; Sensitive data; Advanced encryption standard optimization; AES Optimization; Area efficiency; Lightweight Cryptography; S-box reduction; S-Box Reduction; Standard optimization; Throughput-to-area efficiency; Throughput-to-Area Efficiency","","","","","","","","","","","","","","","","","","","","","","","","","","","","","","","","2025 IEEE 16th Latin America Symposium on Circuits and Systems (LASCAS)","","","","","","","","","","","","","","",""
"2QZ94W27","journalArticle","2026","Aghapour, Saeed; Ahmadi, Kasra; Mozaffari Kermani, Mehran; Azarderakhsh, Reza","Partial Recomputation Fault Detection Architecture for Multiple-Precision Montgomery Modular Multiplication","IEEE Transactions on Computer-Aided Design of Integrated Circuits and Systems","","1937-4151","10.1109/TCAD.2025.3592590","https://ieeexplore.ieee.org/document/11096080/","Detection of soft errors and faults are one of the most critical factors in ensuring the reliability of algorithm implementations. Multiplication, as a fundamental and computationally intensive operation, is particularly vulnerable to such errors. Given its widespread use in cryptography and coding applications, detecting these errors is crucial. For example, in hash functions, even a single-bit change in the input can completely alter the output ([ideally, each bit of the output changes with a probability of (1/2]) . Montgomery multiplication as an efficient multiplication method is an integral part of numerous cryptographic applications expanding both classical and post quantum cryptography. For that reason, this brief introduces a fault detection method for the multiple-precision Montgomery modular multiplication algorithm based on partial recomputation. Through extensive simulations and implementations, we demonstrate that our approach efficiently detects both permanent and transient errors with a high-success rate, while imposing modest area and time overhead on the system.","2026-02","2026-04-09 21:05:16","2026-05-03 10:08:49","2026-04-09 21:04:39","1042-1046","","2","45","","","","","","","","","","","","","","","IEEE Xplore","","","<p>Export Date: 02 May 2026; Cited By: 5; Correspondence Address: M. Mozaffari Kermani; University of South Florida, Department of Computer Science and Engineering, Tampa, 33620, United States; email: mehran2@usf.edu; CODEN: ITCSD</p>","","","Quantum cryptography; FPGA; Cryptography; Hash functions; Fault detection; Error detection; Montgomery modular multiplication; Faults detection; Single-bit; Soft error; fault detection; Algorithm implementation; Critical factors; Integral part; Montgomery multiplication; Recomputation; Soft faults","","","","","","","","","","","","","","","","","","","","","","","","","","","","","","","","","","","","","","","","","","","","","","",""
"QCJKKJ2X","conferencePaper","2023","Oliveira, Rafael; Cabacinho, João; Oliveira, Luís; Casaleiro, João","True Random Number Generator Prototype Implemented in an FPGA","2023 7th International Young Engineers Forum (YEF-ECE)","","","10.1109/YEF-ECE58420.2023.10209297","https://ieeexplore.ieee.org/document/10209297/","True Random Number Generators (TRNGs) are one popular solution in hardware-based cryptographic systems, aiding in the security and reliability of data exchange. Their operation is based on physical phenomena and these can be used in applications such as key generation or random challenges. Implementing this type of circuits in FPGA allows for fast prototyping and easy integration.In this paper, we propose a prototype of a TRNG system based on Ring Oscillator (RO) structures that is lightweight, using less than 100 LookUp Tables (LUTs), and does not use post-processing modules. When compared to other state-of-the-art architectures, our prototype adds to a basic entropy source a simple module that uses only basic logic elements, resulting in greater jitter accumulation while keeping the overall architecture small. These characteristics also allow for easy modifications on the circuit to be done and make the design suitable for ASIC platform porting.The proposed architecture has been implemented on a Xilinx Zynq-7000 Zybo Z7-20 FPGA and it is able to pass all the National Institute of Standards and Technology (NIST) statistical tests, showing promise in future applications.","2023-07","2026-04-09 21:05:16","2026-05-03 10:23:05","2026-04-09 21:04:46","95-99","","","","","","","","","","","","","","","","","","IEEE Xplore","","","<p>Export Date: 02 May 2026; Cited By: 7</p>","/Users/mac/Zotero/storage/F8BQ73TX/Oliveira et al. - 2023 - True Random Number Generator Prototype Implemented in an FPGA.pdf","","Field programmable gate arrays (FPGA); Cryptography; Cryptographic systems; Number theory; Random number generation; Table lookup; TRNG; Security; Key generation; Electronic data interchange; Random number generators; Ring oscillator; True randoms; Security and reliabilities; True random number generator; Entropy; Ring Oscillator; Fast prototyping; Jitter; Physical phenomena","","","","","","","","","","","","","","","","","","","","","","","","","","","","","","","","2023 7th International Young Engineers Forum (YEF-ECE)","","","","","","","","","","","","","","",""
"XDXLY29Q","journalArticle","2022","Syafalni, Infall; Jonatan, Gilbert; Sutisna, Nana; Mulyawan, Rahmat; Adiono, Trio","Efficient Homomorphic Encryption Accelerator With Integrated PRNG Using Low-Cost FPGA","IEEE Access","","2169-3536","10.1109/ACCESS.2022.3143804","https://ieeexplore.ieee.org/document/9682693/","With recent development in internet speed and reliability, cloud computing has become a more reliable solution for the user. In many cases where data privacy is critical, fully homomorphic encryption (FHE) can be a security solution for securing cloud computing. FHE enables computation on encrypted data, hence it ensures data privacy in case of cloud computing. One popular scheme of FHE is the BFV homomorphic encryption scheme, which is based on ring learning with error (RLWE) computation. The BFV scheme uses ring polynomials as the main object, hence its encryption, decryption, and evaluation require high-degree polynomial multiplication. In this paper, we present comprehensive design and implementation of a hardware architecture to accelerate encryption and decryption in BFV scheme. Our accelerator uses convolution approach for calculating a polynomial multiplication. To implement the convolution, we use a systolic array to calculate polynomial convolution followed by a simple delayed subtraction to calculate polynomial modulo reduction inside our accelerator’s core. Moreover, we use a built-in Gaussian pseudo-random number generator (PRNG) to generate Gaussian noise in the encryption operations. Finally, we implement the 1024 degrees BFV accelerator on the Xilinx PYNQ Z1 board and compare the encryption and decryption performances to other methods as well as a software implementation on Intel Core i7 with 8GB memory. Experimental results show that our accelerator outperforms the clock cycles of other methods with the same polynomial degrees 1024 up to 22\times . Moreover, our proposed Gaussian PRNG has better 2\times correlation compared to the rotation-only-based PRNG. Finally, our accelerator accelerates up to 9\times for encryption and 3.5\times for decryption as well as 6.8\times for overall compared to Microsoft SEAL on Intel Core i7 processor with 8GB memory. The proposed design is scalable for higher degrees polynomial multiplication and useful for security technology such as high-speed secure cloud computing, blind computing, and secure communication.","2022","2026-04-09 21:05:16","2026-05-03 10:20:06","2026-04-09 21:04:58","7753-7771","","","10","","","","","","","","","","","","","","","IEEE Xplore","","","<p>Export Date: 02 May 2026; Cited By: 33; Correspondence Address: I. Syafalni; School of Electrical Engineering and Informatics, Bandung Institute of Technology, Electrical Engineering Department, Bandung, 40132, Indonesia; email: infall@ieee.org</p>","/Users/mac/Zotero/storage/TCRT6FYL/Syafalni et al. - 2022 - Efficient Homomorphic Encryption Accelerator With Integrated PRNG Using Low-Cost FPGA.pdf","","Acceleration; Gaussians; Cryptography; Number theory; Random number generation; Polynomials; Software; Gaussian distribution; Polynomial multiplication; Data privacy; Hardware accelerators; Convolution; Cloud computing; Cloud-computing; Homomorphic-encryptions; Fully homomorphic encryption; Encryption and decryption; Gaussian noise (electronic); BFV scheme; Gaussian PRNG; Homomorphic encryption; Intel core i7; Systolic arrays","","","","","","","","","","","","","","","","","","","","","","","","","","","","","","","","","","","","","","","","","","","","","","",""
"A23Y3VGW","journalArticle","2024","Ahmadi, Kasra; Aghapour, Saeed; Kermani, Mehran Mozaffari; Azarderakhsh, Reza","Efficient Error Detection Schemes for ECSM Window Method Benchmarked on FPGAs","IEEE Transactions on Very Large Scale Integration (VLSI) Systems","","1557-9999","10.1109/TVLSI.2023.3341147","https://ieeexplore.ieee.org/document/10364737/","Elliptic curve scalar multiplication (ECSM) stands as a crucial subblock in elliptic curve cryptography (ECC), which represents the most widely used prequantum public key cryptography. Hardware constructions of cryptographic systems utilizing ECSM have been subject to permanent or transient errors. In cryptographic systems, it is important to validate the correctness of the underlying computation performed on hardware or software to identify such errors. In this article, we present new fault detection schemes in window method scalar multiplication, which, to the best of our knowledge, has not been previously investigated. Our approach involves introducing refined algorithms and implementations that can effectively counter both permanent and transient errors. We assess this by simulating a fault model, ensuring that the evaluations conducted reflect the obtained results. As a result, we achieve a significantly extensive coverage of errors. Finally, we benchmark our proposed error detection scheme on ARMv8 and field-programmable gate array (FPGA) to demonstrate the implementation and resource overhead. On Cortex-A72 processors, we maintain a clock cycle overhead of under 3%. In addition, when implementing our error detection method on different FPGAs, including Zynq Ultrascale+, Artix-7, and Kintex Ultrascale+, we achieve comparable throughput while introducing a mere 2% increase in area compared with the original hardware implementations.","2024-03","2026-04-09 21:05:16","2026-05-03 10:09:19","2026-04-09 21:05:14","592-596","","3","32","","","","","","","","","","","","","","","IEEE Xplore","","","<p>Export Date: 02 May 2026; Cited By: 9; Correspondence Address: M.M. Kermani; University of South Florida, Department of Computer Science and Engineering, Tampa, 33620, United States; email: mehran2@usf.edu; CODEN: IEVSE</p>","","","Field programmable gate arrays (FPGA); Public key cryptography; Hardware; Geometry; Field programmables; Field-programmable gate array; Programmable gate array; Error correction; Field programmable gate array; Fault detection; Clocks; Error detection; Logic gates; Elliptic curve cryptography; field-programmable gate array (FPGA); reliability; Elliptic curve; Curve cryptography; Faults detection; Verylarge-scale integrations (VLSI); Error correction codes; window method; Window methods","","","","","","","","","","","","","","","","","","","","","","","","","","","","","","","","","","","","","","","","","","","","","","",""
"GIXS3X9E","conferencePaper","2024","Kifouche, Abdenour; Azzaz, Mohamed Salah; Alloun, Youcef; Merdaci, Walid","Design and Implementation on FPGA of a Real-Time Secure Audio Communication System","2024 6th International Conference on Communications, Signal Processing, and their Applications (ICCSPA)","","2767-7702","10.1109/ICCSPA61559.2024.10794211","https://ieeexplore.ieee.org/document/10794211/","In communication systems, data transmitted over networks must be protected against access by unauthorized parties. Indeed, existing audio systems are based on classical cryptographic algorithms. However, the reliability of some of these algorithms is no longer guaranteed, and others need significant resources with regard to memory, energy, and computation time, making them unsuitable for resource-constrained boards. To rise to these challenging issues, this paper develops a secure real-time audio communication architecture based on chaotic systems. This architecture is implemented on a Nexys FPGA board. The encryption scheme undergoes two consecutive stages of confusion and diffusion. Statistical results confirm the robustness of the proposed encryption scheme against many attacks based on the NIST test, key sensitivity, key size, information entropy, and statistical analysis. The implementation results include 21% of logic elements and 0.43 W of dynamic power to carry out the desired functions. The proposed scheme can reach a maximum frequency of 254.38 MHz. Compared to related work, this paper proposes a lightweight encryption system able to be implemented in different resource-constrained hardware boards. In addition, the proposed solution covers the entire life cycle of an audio communication system, including audio acquisition, filtering, encryption/decryption, and data sending/receiving over WiFi. These features guarantee the successful use of this solution in audio communications systems.","2024-07","2026-04-09 21:05:16","2026-05-03 10:17:38","2026-04-09 21:05:16","1-6","","","","","","","","","","","","","","","","","","IEEE Xplore","","ISSN: 2767-7702","<p>Export Date: 02 May 2026; Cited By: 1; Correspondence Address: A. Kifouche; Ecole Militaire Polytechnique, Electronic and Digital Systems Laboratory, Algiers, Algeria; email: abdenour.kifouche@esiee.fr</p>","","","Network security; Real- time; Real-time; FPGA; Integrated circuit design; Cryptography; Cryptographic algorithms; Security; security; Design and implementations; Communications systems; Audio; Audio communications; Audio systems; Chaos theory; Data communication systems; Encryption schemes; Memory computations; Memory energies","","","","","","","","","","","","","","","","","","","","","","","","","","","","","","","","2024 6th International Conference on Communications, Signal Processing, and their Applications (ICCSPA)","","","","","","","","","","","","","","",""
"95UWL5SG","journalArticle","2023","Xi, Xiaodan; Li, Ge; Wang, Ye; Orshansky, Michael","A Provably Secure Strong PUF Based on LWE: Construction and Implementation","IEEE Transactions on Computers","","1557-9956","10.1109/TC.2022.3207119","https://ieeexplore.ieee.org/document/9900128/","We construct a strong physical unclonable function (PUF) with provable security against machine learning (ML) attacks on both classical and quantum computers. The security is guaranteed by the cryptographic hardness of learning decryption functions of public-key cryptosystems, and the hardness of the learning-with-errors (LWE) problem defined on integer lattices. We call our construction the lattice PUF. We construct lattice PUF with a physically obfuscated key and an LWE decryption function block. To allow deployments in different scenarios, we demonstrate designs with different latency-area trade-offs. A compact design uses a highly serialized linear-feedback shift register (LFSR) and LWE decryption function, while a latency-optimized design uses an unrolled LFSR and a parallel datapath. We prototype lattice PUF designs with 2<sup>136</sup>2136 challenge-response pairs (CRPs) on a spartan 6 field-programmable gate array (FPGA). In addition to theoretical security guarantee, we evaluate empirical resistance to the various leading ML techniques: the prediction error remains above 49.76%49.76% after 1 million training CRPs. The resource-efficient design requires only 45 slices for PUF logic proper, and 27 slices for reverse fuzzy extractor. The latency-optimized design achieves a 148X148X reduction in latency, at a 10X10X increase in PUF hardware utilization. The mean uniformity of PUF responses is 49.98%49.98%, the mean uniqueness is 50.00%50.00%, and the mean reliability is 1.26%1.26%.","2023-02","2026-04-09 21:07:21","2026-05-03 09:34:56","2026-04-09 21:06:33","346-359","","2","72","","","A Provably Secure Strong PUF Based on LWE","","","","","","","","","","","","IEEE Xplore","","","<p>Export Date: 02 May 2026; Cited By: 11; Correspondence Address: G. Li; The University of Texas at Austin, Department of Electrical and Computer Engineering, Austin, 78712, United States; email: lige@utexas.edu; CODEN: ITCOB</p>","","","Hardware security; Quantum computers; Quantum cryptography; Lattice; Public key cryptography; Hardware; Computer hardware; Learning with Errors; Economic and social effects; lattice cryptography; Lattice cryptography; design space exploration; Resistance; Strong PUF; Design use; Hardness; ML resistance; PAC learning; Picture archiving and communications systems","","","","","","","","","","","","","","","","","","","","","","","","","","","","","","","","","","","","","","","","","","","","","","",""
"Z33YRIBQ","conferencePaper","2025","H., Aravind; G., Dineshkumar; R., Sudharsan; R., Mohaprasath S.; N., Mohankumar","Secured Lightweight TRNG Design Using Encrypt Flip-Flop Architecture","2025 IEEE 5th International Conference on VLSI Systems, Architecture, Technology and Applications (VLSI SATA)","","","10.1109/VLSISATA65374.2025.11070087","https://ieeexplore.ieee.org/document/11070087/","The development of a True Random Number Generator (TRNG) is crucial for enhancing security in a cryptographic system, or in general where high unpredictability is insisted upon. True randomness remains as elusive as it has always been since current approaches are complex and depend primarily on unique physical phenomena such as quantum effects, light, or electrical currents. This paper is centered on the design of a lightweight TRNG that produces incalculable bitstreams for secure applications, such as payment systems and secure identification, to generate cryptographic keys and ensure secure operations without excessive computational load. Our implementation utilizes an Encrypt Flip-Flop and Von-Neumann technique to leverage the non-linearity. By making use of purely digital components of the VLSI framework, the proposed TRNG model was implemented on PYNQ-Z2 FPGA board. The proposed TRNG met all NIST SP 800–22 and AIS31 statistical test requirements, which recorded a Hamming distance of 47.98%, demonstrating its robustness and suitability for practical secure applications. Additionally, to further validate its reliability, scatter plots of both the 8-bit and 64-bit variants were included. This delivers a practical, lightweight, and strong solution for secure communication and other applications demanding significant randomness, such as printed electronics, wearables, or IoT devices.","2025-05","2026-04-09 21:07:21","2026-05-03 10:06:56","2026-04-09 21:06:40","1-6","","","","","","","","","","","","","","","","","","IEEE Xplore","","","<p>Export Date: 02 May 2026; Cited By: 1</p>","","","Hardware security; Integrated circuit design; 'current; Cryptography; Cryptographic systems; Architecture; Number theory; Random number generation; NIST; Ciphertext; Encryption; Pseudo-random number generator; Pseudo-Random Number Generator (PRNG); Pseudorandom number generators; Random number generators; Random processes; True randoms; Hardware Security; Hamming distance; True random number generator; Physical phenomena; Generator design; True Random Number Generator (TRNG)","","","","","","","","","","","","","","","","","","","","","","","","","","","","","","","","2025 IEEE 5th International Conference on VLSI Systems, Architecture, Technology and Applications (VLSI SATA)","","","","","","","","","","","","","","",""
"PKMYWR85","conferencePaper","2025","Rajan, Anand; Joseph, Delna; Wilson, Geon; Pauly, Sinta; Rajan, Bindhu K","Design and Analysis of SHA-256 Hash Function Using FPGA for Secure Data Processing","2025 11th International Conference on Smart Computing and Communications (ICSCC)","","","10.1109/ICSCC66177.2025.11233390","https://ieeexplore.ieee.org/document/11233390/","Secure Hash Algorithm (SHA) is a set of cryptographic hashing algorithms designed to generate fixed-size output hash value from input data of any size. This paper provide an efficient design and synthesis-level study of the SHA-256 cryptographic hash algorithm on various 7th generation fieldprogrammable gate array(FPGA). SHA-256 hash function is designed to optimize performance at the expense of resources, thereby making it useful for secure communication, blockchain, and data integrity verification applications. For high-throughput and low-latency designs, sophisticated design techniques like pipelining, loop unrolling, and resource sharing are used. The design effectively manages the \mathbf6 4-round compression function of SHA-256 with correct intermediate hash updates and high security against collision attacks. Comprehensive testing and verification with standard SHA-256 test vectors validate the correctness and reliability of the design. Performance analysis on the Spartan-7 FPGA illustrates effective resource utilization with low area usage, along with optimized power usage. Kintex-7, Artix-7, Kria K24C FPGA platforms are compared to emphasize area utilization versus power efficiency trade-offs. The Spartan7 FPGA comparitively balances the usage of Look-Up Tables, Flip-flops and Buffers, with a moderate power consumption, mostly in the form of dynamic power. In comparison, the Kria K24C FPGA shows the highest power consumption, whereas the Artix-7 utilizes the lowest number of Look-Up Tables and Flip-flops respectively. These results confirm the viability of FPGA-based SHA-256 implementations for secure usage, such as blockchain, digital signatures, and data integrity checking. The scalable modular design provides straightforward scalability and integration into high-level cryptographic systems.","2025-07","2026-04-09 21:07:21","2026-05-03 10:20:49","2026-04-09 21:06:42","1-8","","","","","","","","","","","","","","","","","","IEEE Xplore","","","<p>Export Date: 02 May 2026; Cited By: 0</p>","","","Authentication; Hardware security; Network security; Field programmable gate arrays (FPGA); Integrated circuit design; Table lookup; Hash functions; Block-chain; cryptography; Lookup tables (LUTs); Gate arrays; Design and analysis; Electric power utilization; SHA; Design for testability; Data integrity; Secure Hash Algorithm (); Cryptographic hashing; HDL; MD5; Secure data","","","","","","","","","","","","","","","","","","","","","","","","","","","","","","","","2025 11th International Conference on Smart Computing and Communications (ICSCC)","","","","","","","","","","","","","","",""
"VA3II6P3","conferencePaper","2024","Parate, Pruthvi; Shaju, Alwin; Krishna Reddy, Sanampudi Gopala; R, Vasanthi D; Rao, Madhav","Hardware-Efficient ECC Processor Design using Non-Homogeneous Split Hybrid Karatsuba Multiplier","2024 IEEE Computer Society Annual Symposium on VLSI (ISVLSI)","","2159-3477","10.1109/ISVLSI61997.2024.00091","https://ieeexplore.ieee.org/document/10682778/","Elliptic Curve Cryptography(ECC) is a distinct and efficient public-key cryptography method that balances security and performance well, with shorter key lengths. A primary component of ECC is the multiplier unit which performs scalar multiplication operations. This work implements a hardware-efficient ECC design with non-homogeneous M-Term Hybrid Karatsuba multiplier structure for \textGF(2^233) Montgomery Point multiplication, and is further compared with the state-of-the-art (SOTA) ECC processors. The proposed design was implemented and verified on FPGA board (Zynq ZU19EG) and also synthesized using 45 nm technology library on the Cadence-Genus tool. Overall two variants of ECC designs engineered with eight individual polynomial multipliers were evaluated. The M-Term Non-Homogeneous Karatsuba Multiplier (MNHKA) and M-Term Non-Homogeneous Overlap-free Karatsuba Multiplier (MNHOKA) incorporated ECC processors exhibited the best hardware-efficient designs on FPGA and on silicon, among all the variants investigated. LUT savings of 34.74% with Figure-of-merit (FoM) enhancement of 86.70% was characterized for MNHKA designed ECC processor in FPGA over SOTA design. On silicon, MNHOKA incorporated ECC exhibited maximum footprint savings of 55.86%, and highest ADP gain of 53.93%, incurring comparable delay when compared with SOTA designs. The novel and efficient ECC accelerator designs to enhance the reliability of the hardware security units, are made freely available for further usage.","2024-07","2026-04-09 21:07:21","2026-05-03 10:21:19","2026-04-09 21:06:49","475-480","","","","","","","","","","","","","","","","","","IEEE Xplore","","ISSN: 2159-3477","<p>Export Date: 02 May 2026; Cited By: 3; Correspondence Address: P. Parate; IIIT Bangalore, India; email: pruthvi.parate@iiitb.ac.in; A. Shaju; IIIT Bangalore, India; email: alwin.shaju@iiitb.ac.in</p>","","","Hardware security; Network security; Integrated circuit design; Printed circuit design; Public key cryptography; Multiplying circuits; Polynomials; Hardware accelerators; Structural dynamics; Elliptic curve cryptography; Crypto-processor; Hardware accelerator; Elliptic curve; Curve cryptography; ECC; Crypto Processor; Elliptic curve cryptography processors; Karatsuba; Non-homogeneous; Overlap-free-karatsuba; Overlap-Free-Karatsuba; Polynomial multiplier","","","","","","","","","","","","","","","","","","","","","","","","","","","","","","","","2024 IEEE Computer Society Annual Symposium on VLSI (ISVLSI)","","","","","","","","","","","","","","",""
"S8QENLIZ","conferencePaper","2025","Pinto, Bernardo V. S.; Melo, Douglas R.; Zeferino, Cesar A.; Bezerra, Eduardo A.; Viel, Felipe","Implementation of Double SHA-256 in HLS for FPGA Using Real Bitcoin Blocks","2025 17th Seminar on Power Electronics and Control (SEPOC)","","","10.1109/SEPOC67005.2025.11297699","https://ieeexplore.ieee.org/document/11297699/","The SHA-256 cryptographic algorithm plays a central role in the integrity and security of the Bitcoin blockchain, being applied twice consecutively in the process known as Double SHA-256. Despite its reliability, the algorithm demands significant computational power, which poses challenges for embedded systems with strict energy and performance constraints. This work aims to evaluate the feasibility of implementing Double SHA-256 in reconfigurable hardware using High-Level Synthesis (HLS) on commercial FPGA platforms. The architecture was developed as a custom IP core and integrated into bare-metal systems on the ZedBoard (Zynq-7000) and ZCU104 (Zynq UltraScale+ MPSoC) platforms, validating real blockchain blocks to ensure functional accuracy. Results showed that the ZCU104 achieved a performance of 319 \textkH / \mathrms with an execution time of 3.1 \mu \mathrms per hash, while the ZedBoard excelled in energy efficiency, delivering 29.625 hashes per watt. Both implementations utilized a single logic core, achieving low FPGA resource utilization. The proposed approach proved to be effective and energy-efficient, making it suitable for embedded applications requiring highperformance cryptography.","2025-11","2026-04-09 21:07:21","2026-05-03 10:21:03","2026-04-09 21:06:56","1-7","","","","","","","","","","","","","","","","","","IEEE Xplore","","","<p>Export Date: 02 May 2026; Cited By: 0</p>","","","Hardware security; Field programmable gate arrays (FPGA); FPGA; Cryptography; Embedded systems; Energy efficiency; Cryptographic algorithms; Embedded-system; Reconfigurable; Reconfigurable hardware; Computer architecture; Bitcoin; Block-chain; Blockchain; Computation theory; High level synthesis; High-Level Synthesis; High-level synthesis; Energy constraint; Computational power; Embedded Systems; Performance constraints; SHA-256; Double hashing; Double Hashing; Logic Synthesis","","","","","","","","","","","","","","","","","","","","","","","","","","","","","","","","2025 17th Seminar on Power Electronics and Control (SEPOC)","","","","","","","","","","","","","","",""
"EN7ZA9IB","conferencePaper","2025","Narla, Shiva Kumar; Yamsani, Vaishnavi; Gurrala, Rajini Kumar; Jamal, K.; Kumari, Ch. Usha","RISC-V Processor Design: RTL to GDSII Implementation Using EDA Tools","2025 International Conference on Smart & Sustainable Technology (INCSST)","","","10.1109/INCSST64791.2025.11210272","https://ieeexplore.ieee.org/document/11210272/","Due to its low-cost, scalable, and flexible features, a lot of attention has been drawn towards the open-source Instruction Set Architecture (ISA) RISC-V. This research explores multiple RISC-V design issues, including AI speedup, power reduction, and processor specialization. It encompasses Heterogeneous computing, compiler techniques, security issue, and RTL to GDSII conversion. Moreover, it examines the role of RISC-V in edge computing, FPGA application, multicore systems, and pedagogical tools. Also included is the investigation of RISC-V interfaces with quantum control processors, cryptography units, and AI accelerators. A comparison of the closed-source and open-source EDA tools for RISC-V design shows the growing feasibility of implementing processor development at low-costs. Additionally, low power techniques like clock gating, dynamic voltage scaling, and low voltage supply memory architecture have shown that RISC-V can be beneficial for battery powered and IoT devices. In the scope of improving processor reliability, security features such as secure boot and trusted execution environment are studied. Evaluation results on PicoRV32 and custom implemented RISC-Vs show sufficiency for many different types of workloads. The analysis shows that RISC-V has scoped for promising research in AI, IoT, and embedded systems RISC architectures and their rapidly evolving nature indicate that these will need further attention in the design of next-generation computers. This paper includes details of the progress made to the RISC V architecture and its impacts on the future of microprocessor design.","2025-07","2026-04-09 21:07:21","2026-05-03 10:25:12","2026-04-09 21:07:04","1-6","","","","","","RISC-V Processor Design","","","","","","","","","","","","IEEE Xplore","","","<p>Export Date: 02 May 2026; Cited By: 0; Correspondence Address: S.K. Narla; Griet, Hyderabad, India; email: narlashivakumar0303@gmail.com</p>","","","Hardware security; Network security; Quantum computers; Quantum Computing; Field programmable gate arrays (FPGA); Integrated circuit design; Cryptography; Embedded systems; Memory architecture; Embedded-system; FPGA implementations; Program compilers; Reduced instruction set computing; RISC-V; IoT; Open-source; Instruction set architecture; Open systems; Secure boots; Edge computing; Embedded Systems; FPGAs implementation; Trusted computing; Edge Computing; AI acceleration; AI Acceleration; Compiler Optimization; Compiler optimizations; Electric power supplies to apparatus; Embedded software; FPGA Implementation; Heterogeneous computing; Heterogeneous Computing; Low-power design; Low-Power Design; Multi-core systems; Multi-Core Systems; Open-source instruction set architecture; Open-Source ISA; Picorv32; PicoRV32; Power systems computer aided design; Quantum computing integration; Quantum Computing Integration; RTL-to-GDSII; Secure Boot; Trusted execution; Trusted Execution","","","","","","","","","","","","","","","","","","","","","","","","","","","","","","","","2025 International Conference on Smart & Sustainable Technology (INCSST)","","","","","","","","","","","","","","",""
"Z4SDB2X3","conferencePaper","2025","Chinnapparaj, S.; K.Haridass","Novel High Throughput-to-Area Efficiency and Strong-Resilience Datapath of AES for Lightweight Implementation in IoT Devices","2025 5th International Conference on Evolutionary Computing and Mobile Sustainable Networks (ICECMSN)","","","10.1109/ICECMSN68058.2025.11382689","https://ieeexplore.ieee.org/document/11382689/","The blistering development of Internet of Things (IoT) devices has resulted in creating a significant demand of secure and lightweight encryption solutions that can be deployed under stringent area, power, and performance constraints. Typical implementation of Standard Advanced Encryption Standard (AES) typically consumes considerable hardware resources and is also limited in throughput with its implementation in resource constrained environments. The current paper introduces a new high throughput to area efficient AES data path to be used in lightweight IoT devices. The given architecture would use pipelined and resource-shared design, which maximizes the implementation of Sub Bytes, Shift Rows, and Mix Columns operations to provide a better balance between the use of the area and the speed of encryption. It has a composite S-box and selective pipeline parallelism to improve processing efficiency and minimizes the redundancy and power of the hardware. Also, the data path incorporates lightweight fault-resistance and fault-detection schemes, enhancing the resiliency to temporary faults and possible hardware assaults. The design is coded in full and tested in Verilog HDL and the output of the synthesis indicates that the throughput to area ratio is much higher than that of traditional AES architectures. The given solution offers a useful and efficient solution to secure and high-performance encryption of the devices in low-power IoT to guarantee the reliability and efficiency of the current embedded systems.","2025-11","2026-04-09 21:07:21","2026-05-03 10:06:27","2026-04-09 21:07:05","1600-1605","","","","","","","","","","","","","","","","","","IEEE Xplore","","","<p>Export Date: 02 May 2026; Cited By: 0; Correspondence Address: S. Chinnapparaj; KIT- Kalaignarkarunanidhi Institute of Technology, Department of Ece, Coimabatore, Tamil Nadu, India; email: schinnapparaj12@gmail.com</p>","","","Hardware security; Network security; Hardware implementations; Computer hardware; Cryptography; Embedded systems; Architecture; High-throughput; Throughput; Pipeline processing systems; Data privacy; Fault detection; Efficiency; Light-weight cryptography; Big data; IoT Security; Internet of thing security; Pipelines; Advanced Encryption Standard; AES; Computer hardware description languages; Data paths; Area efficiency; Lightweight Cryptography; and Hardware Implementation; And hardware implementation; Fault resilience; Fault Resilience; High throughput; pipelined Architecture; Pipelined architecture","","","","","","","","","","","","","","","","","","","","","","","","","","","","","","","","2025 5th International Conference on Evolutionary Computing and Mobile Sustainable Networks (ICECMSN)","","","","","","","","","","","","","","",""
"M49Y3TRS","journalArticle","2022","Chen, Shuai; Li, Bing; Chen, Ziheng; Zhang, Yan; Wang, Caicai; Tao, Cheng","Novel Strong-PUF-Based Authentication Protocols Leveraging Shamir’s Secret Sharing","IEEE Internet of Things Journal","","2327-4662","10.1109/JIOT.2021.3065836","https://ieeexplore.ieee.org/document/9377465/","Physical unclonable function (PUF) has emerged as an attractive hardware primitive for lightweight authentication in the Internet of Things (IoT). However, strong-PUF-based authentication schemes are threatened by powerful machine learning attacks. Therefore, dedicated lightweight protocols are required to preserve the privacy of the embedded strong PUF. In this article, we show that the “availability” and “reliability” features of Shamir’s secret sharing (SSS) can be applied to address the security issue. In protocol A, the mappings between challenges and responses are randomly shuffled to resist the machine learning attacks. Leveraging the “availability” feature of SSS, the verification process is unaffected by the randomized challenge–response pairs (CRPs) at the server end. Moreover, the “reliability” feature of SSS provides the error-tolerant characteristic in our protocol, which is suitable for the noisy PUFs. Protocol A also presented a method to securely store the CRPs at the server side. The improved protocol A optimizes protocol A by eliminating the response storage and matching process at the server end. In protocol B, we present a mutual authentication protocol, where no response is exposed to the adversary. Protocol B can be classified as the lightweight protocol because it can avoid the use of cryptographic algorithms and error-correcting codes. We rigorously analyze and prove the security of our protocols with formal security proofs, informal security analysis, and several selected machine learning techniques, including logistic regression (LR), the deep neural network (DNN), approximate attack, AutoGluon-Tabular, and a new brute-force machine learning attack. Furthermore, we present an efficient implementation of our protocols on FPGA. The experimental results show the feasibility and practicability of our protocols under different parameters.","2022-08","2026-04-09 21:07:21","2026-05-03 10:05:27","2026-04-09 21:07:12","14408-14425","","16","9","","","","","","","","","","","","","","","IEEE Xplore","","","<p>Export Date: 02 May 2026; Cited By: 34; Correspondence Address: B. Li; Shenzhen Research Institute, Advanced Cloud-System Research Center, Southeast University, School of Microelectronics, School of Cyber Science and Engineering, Nanjing, 210000, China; email: bernie_seu@seu.edu.cn</p>","","","Authentication; Network security; Learning systems; Cryptography; Cryptographic algorithms; Internet of things; Privacy by design; Efficient implementation; Deep learning; Deep neural networks; Network protocols; Internet of thing (IOT); Authentication protocols; Internet of Things (IoT); Physical unclonable functions (PUF); Challenge-response pair; Logistic regression; lightweight authentication protocol; machine learning attacks; Machine learning techniques; Mutual authentication protocols; physical unclonable functions (PUFs); Shamir-s secret sharing (SSS)","","","","","","","","","","","","","","","","","","","","","","","","","","","","","","","","","","","","","","","","","","","","","","",""
"V8IMZAM7","conferencePaper","2023","Wei, Yuanxin; Li, Bin; Zhang, Bolin; Yan, Yunfei; Zhou, Qinglei","High-performance Data Hybrid Encryption Scheme Based on Mimic Defense","2023 3rd International Symposium on Computer Technology and Information Science (ISCTIS)","","","10.1109/ISCTIS58954.2023.10213016","https://ieeexplore.ieee.org/document/10213016/","Cryptography algorithms are crucial technologies in today's network security, playing important roles in areas such as cloud data, digital currencies, and blockchain. In this paper, based on the FPGA platform, we propose a high-performance hybrid encryption scheme by integrating mimic defense with multiple encryption algorithms. Firstly, we optimize the encryption algorithms 3DES, ZUC, and ChaCha20 using a pipelining approach and incorporate them as heterogeneous execution units in the mimic defense architecture, achieving high-speed hybrid encryption of data. Secondly, we generate random keys using pseudo-random number generation and employ the “one-time-one-key” encryption method to enhance resistance against attacks. Lastly, we integrate control mechanisms such as decision-making and feedback to enhance the security of the encryption defense system. Experimental results demonstrate that compared to other schemes, the throughput of the three algorithms in this scheme is improved by 67.3%, 357.1%, and 13.7%, respectively. By balancing efficiency and security, the proposed scheme enhances encryption speed and the reliability of encrypted data.","2023-07","2026-04-09 21:07:21","2026-05-03 10:04:26","2026-04-09 21:07:15","114-121","","","","","","","","","","","","","","","","","","IEEE Xplore","","","<p>Export Date: 02 May 2026; Cited By: 3</p>","","","Network security; Field programmable gate arrays (FPGA); Performance; Cryptography; Networks security; Random number generation; Cryptography algorithms; Encryption algorithms; Security; performance; security; fpga; Fpgum; Decision making; Crucial technology; Hybrid encryption schemes; mimic defense; Mimic defense; Performance data","","","","","","","","","","","","","","","","","","","","","","","","","","","","","","","","2023 3rd International Symposium on Computer Technology and Information Science (ISCTIS)","","","","","","","","","","","","","","",""
"VBQEKFAR","journalArticle","2025","Rullo, Antonino; Felicetti, Carmelo; Vatalaro, Massimo; De Rose, Raffaele; Lanuzza, Marco; Crupi, Felice; Saccà, Domenico","PUF-Based Authentication-Oriented Architecture for Identification Tags","IEEE Transactions on Dependable and Secure Computing","","1941-0018","10.1109/TDSC.2024.3387568","https://ieeexplore.ieee.org/document/10499711/","Smart tags are compact electronic devices affixed to or embedded into objects to facilitate identification, monitoring, and data exchange. Consequently, secure authentication of these tags is a crucial issue, as objects must reliably verify their identity before sharing sensitive information with other entities. The application of Physical Unclonable Functions (PUF) as a device's “digital fingerprint” has attracted significant attention, yet existing PUF-based authentication methods exhibit security vulnerabilities, either due to the authentication protocol itself or the limited reliability of the PUF technology used. Moreover, there has been a considerable focus on the software aspect, often overlooking the critical role of hardware design, which can become a target for attacks aimed at compromising the device's identity or act as a hindrance in the manufacturing process. In light of these points, this paper introduces an identification tag architecture that leverages PUF technology, focusing on authentication. This architecture features a straightforward but efficient authentication protocol, underpinned by a new and highly stable PUF model. The overall architecture encompasses particular hardware implementation aspects that significantly simplify the tag's enrollment phase and minimize vulnerabilities to attacks. The paper also describes a prototype of this identification tag and provide detailed insights into its application.","2025-01","2026-04-09 21:07:21","2026-05-03 10:22:56","2026-04-09 21:07:18","66-83","","1","22","","","","","","","","","","","","","","","IEEE Xplore","","","<p>Export Date: 02 May 2026; Cited By: 19; Correspondence Address: A. Rullo; University of Calabria, Department of Computer Engineering, Modeling, Electronics, and Systems, Rende, 87036, Italy; email: n.rullo@dimes.unical.it</p>","","","Authentication; Hardware security; Public key cryptography; Internet of Things; Internet of things; Network architecture; Internet protocols; Elliptic curve cryptography; Hardware design; hardware design; Elliptic curve; Electronic data interchange; Curve cryptography; ECDSA; elliptic curve cryptography; physical unclonable function; device architecture; Device architectures; identification; Identification; Identification tags; Object recognition; Objects recognition; smart tag; Smart tags","","","","","","","","","","","","","","","","","","","","","","","","","","","","","","","","","","","","","","","","","","","","","","",""
"N5LGJEDK","conferencePaper","2022","Rojas-Muñoz, Luis F.; Sánchez-Solano, Santiago; Martínez-Rodríguez, Macarena C.; Brox, Piedad","True Random Number Generator based on RO-PUF","2022 37th Conference on Design of Circuits and Integrated Circuits (DCIS)","","2640-5563","10.1109/DCIS55711.2022.9970032","https://ieeexplore.ieee.org/document/9970032/","The implementation of true random number generators is of vital importance to preserve the reliability of cryptographic systems. The lack of entropy can compromise their integrity, affecting the security of the entire chain of applications. Ensuring the effectiveness of a random number generator can be understood as reducing the risk of information loss due to possible attacks by third parties. This paper presents a novel approach for a true random number generator based on a Ring Oscillator- Physical Unclonable Function. Since the principle of operation of physical unclonable functions is based on the physical properties of each device, they can be used for security applications such as device identification, counterfeit prevention and increase the robustness of cryptographic functions. In addition, increasing the versatility of the design to use them as a source of entropy, they can also fulfill tasks such as generation of initialization vectors or nonces and keys for symmetric cryptography. The system incorporates multiple operating configurations, which allows a complete analysis of its performance to adapt it to different application scenarios. The randomness and correct operation of the proposed design have been evaluated online, by incorporating it into a hybrid HW/SW embedded system able to run the official test suite published by the National Institute of Standards and Technology without any need for post-processing. The architecture has been designed for Xilinx Zynq-700 family devices and implemented on the Pynq-Z2 development board.","2022-11","2026-04-09 21:07:21","2026-05-03 10:22:59","2026-04-09 21:07:19","01-06","","","","","","","","","","","","","","","","","","IEEE Xplore","","ISSN: 2640-5563","<p>Export Date: 02 May 2026; Cited By: 2</p>","","","Hardware security; Field programmable gate arrays (FPGA); Integrated circuit design; Cryptography; Cryptographic systems; Number theory; Random number generation; FPGA implementations; FPGAs implementation; Random number generators; Random processes; Ring oscillator; True randoms; True random number generator; True Random Number Generators; Entropy; Information loss; Randomness test; Randomness tests; Ring oscillator PUF; Ring Oscillator PUFs","","","","","","","","","","","","","","","","","","","","","","","","","","","","","","","","2022 37th Conference on Design of Circuits and Integrated Circuits (DCIS)","","","","","","","","","","","","","","",""
"AXWECWRA","conferencePaper","2024","Alrahis, Lilas; Nassar, Hassan; Krautter, Jonas; Gnad, Dennis; Bauer, Lars; Henkel, Jörg; Tahoori, Mehdi","MaliGNNoma: GNN-Based Malicious Circuit Classifier for Secure Cloud FPGAs","2024 IEEE International Symposium on Hardware Oriented Security and Trust (HOST)","","2765-8406","10.1109/HOST55342.2024.10545411","https://ieeexplore.ieee.org/document/10545411/","The security of cloud field-programmable gate arrays (FPGAs) faces challenges from untrusted users attempting fault and side-channel attacks through malicious circuit configurations. Fault injection attacks can result in denial of service, disrupting functionality or leaking secret information. This threat is further amplified in multi-tenancy scenarios. Detecting such threats before loading onto the FPGA is crucial, but existing methods face difficulty identifying sophisticated attacks. We present MaliGNNoma, a machine learning-based solution that accurately identifies malicious FPGA configurations. Serving as a netlist scanning mechanism, it can be employed by cloud service providers as an initial security layer within a necessary multi-tiered security system. By leveraging the inherent graph representation of FPGA netlists, MaliGNNoma employs a graph neural network (GNN) to learn distinctive malicious features, surpassing current approaches. To enhance transparency, MaliGNNoma utilizes a parameterized explainer for the GNN, labeling the FPGA configuration and pinpointing the sub-circuit responsible for the malicious classification. Through extensive experimentation on the ZCU102 board with a Xilinx UltraScale+ FPGA, we validate the effectiveness of MaliGNNoma in detecting malicious configurations, including sophisticated attacks, such as those based on benign modules, like cryptography accelerators. MaliGNNoma achieves a classification accuracy and precision of 98.24% and 97.88%, respectively, surpassing state-of-the-art. We compare MaliGNNoma with five state-of-the-art scanning methods, revealing that not all attack vectors detected by MaliGNNoma are recognized by existing solutions, further emphasizing its effectiveness. Additionally, we make MaliGNNoma and its associated dataset publicly available.","2024-05","2026-04-09 21:07:21","2026-05-03 10:09:29","2026-04-09 21:07:20","383-393","","","","","","MaliGNNoma","","","","","","","","","","","","IEEE Xplore","","ISSN: 2765-8406","<p>Export Date: 02 May 2026; Cited By: 9; Correspondence Address: L. Alrahis; New York University Abu Dhabi, Abu Dhabi, United Arab Emirates; email: lma387@nyu.edu</p>","","","Network security; Side channel attack; Side-channel attacks; Field programmable gate arrays (FPGA); State of the art; Field programmables; Programmable gate array; Timing circuits; Graph neural networks; Array configurations; Cloud fields; Denial-of-service attack; Malicious circuits; Netlist; Network-based","","","","","","","","","","","","","","","","","","","","","","","","","","","","","","","","2024 IEEE International Symposium on Hardware Oriented Security and Trust (HOST)","","","","","","","","","","","","","","",""
"CM9IS9FR","conferencePaper","2023","Sabeenian, R S; Somes, R; Sri Surya, A S; Dinesh, P M; Paramasivam, M E; Alagarsamy, Manjunathan","RISC V Based Fault Diagnosis Architecture for Skinny Family of Block Ciphers","2023 International Conference on Emerging Research in Computational Science (ICERCS)","","","10.1109/ICERCS57948.2023.10434094","https://ieeexplore.ieee.org/document/10434094/","Cybersecurity vulnerabilities continue to exist in the world of cryptographic hardware and software, with risks originating from the environment and malevolent actors attempting to obtain access to secret keys. Lightweight cryptographic algorithms are typically used by resource-constrained devices to strike a compromise between security and effectiveness. Striking a balance between resource optimization and robust security measures remains a continual challenge. Fault injection attacks are one type of attack vector that has become much more sophisticated in recent years. For lightweight cryptography, choosing the best and most effective fault diagnosis systems is therefore essential.This work employs Error Detection via the Recomputation with Inverted Operands approach to improve the reliability of the SKINNY Block Ciphers using the RISC V architecture. The results show that the proposed fault detection method keeps SKINNY's throughput overhead within a 2.5% variance, with a maximum area overhead of 10% when employing a pipelined strategy. Our implementation of the fault detection scheme showcases a unique contribution, as no error detection-based fault detection technique has been previously proposed for the SKINNY block ciphers in the existing works for RISC V architecture. The implementation results validate the efficiency of the proposed system, particularly suited for resource-constrained environments.","2023-12","2026-04-09 21:07:21","2026-05-03 10:22:56","2026-04-09 21:07:21","1-8","","","","","","","","","","","","","","","","","","IEEE Xplore","","","<p>Export Date: 02 May 2026; Cited By: 0; Correspondence Address: R.S. Sabeenian; Sona College of Technology, Salem, 636005, India; email: sabeenian@sonatech.ac.in</p>","","","Network security; Side channel attack; Hardware and software; Cryptographic algorithms; Cyber security; Cybersecurity; Secret key; Fault detection; Error detection; Cryptographic hardware; Resourceconstrained devices; Block ciphers; Cryptographic software; Failure analysis; Faults diagnosis; Lyapunov methods; Resources optimization","","","","","","","","","","","","","","","","","","","","","","","","","","","","","","","","2023 International Conference on Emerging Research in Computational Science (ICERCS)","","","","","","","","","","","","","","",""
"MEADIBCV","journalArticle","2025","Kaur, Jasmin; Cintas Canto, Alvaro; Mozaffari Kermani, Mehran; Azarderakhsh, Reza","A Survey on the Implementations, Attacks, and Countermeasures of the NIST Lightweight Cryptography Standard: ASCON","ACM Comput. Surv.","","0360-0300","10.1145/3744640","https://dl.acm.org/doi/10.1145/3744640","This survey is the first work on the current standard for lightweight cryptography, standardized in 2023. Lightweight cryptography plays a vital role insecuring resource-constrained embedded systems such as deeply-embedded systems (implantable and wearable medical devices, smart fabrics, smart homes, and the like), radio frequency identification (RFID) tags, sensor networks, and privacy-constrained usage models. National Institute of Standards and Technology (NIST) initiated a standardization process for lightweight cryptography and after a relatively-long multi-year effort, eventually, in February 2023, the competition ended with ASCON as the winner. ASCON can be viewed as the dual of the widely-deployed AES-GCM block-cipher construction, which, while still state-of-the-art for general-purpose platforms, is resource-intensive for constrained devices, thus it is useful in deeply-embedded architectures to provide security through confidentiality and integrity/authentication. ASCON’s lightweight design utilizes a 320-bit permutation which is bit-sliced into five 64-bit register words, providing 128-bit level security. This work summarizes the different implementations of ASCON on field-programmable gate array (FPGA) and ASIC hardware platforms on the basis of area, power, throughput, energy, and efficiency overheads. The presented work also reviews various differential and side-channel analysis attacks (SCAs) performed across variants of ASCON cipher suite in terms of algebraic, cube/cube-like, forgery, fault injection, and power analysis attacks as well as the countermeasures for these attacks. We also provide our insights and visions throughout this survey to provide new future directions in different domains. This survey is the first one in its kind and a step forward toward scrutinizing the advantages and future directions of the NIST lightweight cryptography standard introduced in 2023.","2025-08-30","2026-04-14 14:54:38","2026-05-03 09:35:22","2026-04-14 14:54:37","6:1–6:16","","1","58","","","A Survey on the Implementations, Attacks, and Countermeasures of the NIST Lightweight Cryptography Standard","","","","","","","","","","","","ACM Digital Library","","","<p>Export Date: 02 May 2026; Cited By: 12; CODEN: ACSUE</p>","/Users/mac/Zotero/storage/46ZHKQ8B/Kaur et al. - 2025 - A Survey on the Implementations, Attacks, and Countermeasures of the NIST Lightweight Cryptography S.pdf","","Hardware security; Network security; Side channel attack; Side-channel analysis; Field programmable gate arrays (FPGA); National Institute of Standards and Technology; Embedded systems; Field programmables; Field-programmable gate array; Programmable gate array; Sensor networks; Application specific integrated circuits; ASIC; NIST; Machine-learning; Light-weight cryptography; Lightweight cryptography; lightweight cryptography (LWC); Automation; Logic gates; field-programmable gate array (FPGA); ASCON; Side-channel analyze attack; Wearable computers; Biomedical equipment; differential cryptanalysis; Differential cryptanalysis; Implants (surgical); Intelligent buildings; Machine-learning  attack; machine-learning (ML) attacks; side-channel analysis attacks (SCA); Wearable sensors","","","","","","","","","","","","","","","","","","","","","","","","","","","","","","","","","","","","","","","","","","","","","","",""
"2NN3YH8H","journalArticle","2025","Ahmadi, Kasra; Aghapour, Saeed; Mozaffari Kermani, Mehran; Azarderakhsh, Reza","Efficient Algorithm-Level Error Detection for Number-Theoretic Transform Used for Kyber Assessed on FPGAs and ARM","ACM Trans. Embed. Comput. Syst.","","1539-9087","10.1145/3762186","https://dl.acm.org/doi/10.1145/3762186","Polynomial multiplication stands out as a highly demanding arithmetic process in the development of post-quantum cryptosystems. The importance of the number-theoretic transform (NTT) extends beyond post-quantum cryptosystems, proving valuable in enhancing existing security protocols such as digital signature schemes and hash functions. CRYSTALS-KYBER stands out as the sole public key encryption (PKE) algorithm chosen by the National Institute of Standards and Technology (NIST) in its third round selection, making it highly regarded as a leading post-quantum cryptography (PQC) solution. Faults have the potential to disrupt cryptographic systems, compromise data integrity, and enable side-channel attacks, making the incorporation of robust error detection mechanisms essential. This article introduces algorithm-level fault detection schemes in the NTT multiplication using Negative Wrapped Convolution (NWC) and the NTT tailored for Kyber&nbsp;Round 3, representing a significant enhancement compared with previous research. We evaluate this through the simulation of a fault model, ensuring that the conducted assessments accurately mirror the obtained results. Our fault detection scheme is designed to address both malicious fault injection attacks on Kyber and naturally occurring faults. Furthermore, we assessed the effectiveness of the proposed error detection scheme for the NTT implemented in both NWC&nbsp;and Kyber, using AMD/Xilinx Artix-7 FPGA, HLS and processor-based approaches. In our FPGA implementation of NWC, the integration of our error detection approach achieves near-100% fault coverage with minimal area overhead and results in only a 12% increase in latency compared with the original hardware design. Finally, we attained an error detection ratio of nearly 100% for the NTT operation in Kyber, with a clock cycle overhead of 16% on the Cortex-A72 processor.","2025-09-13","2026-04-14 14:57:28","2026-05-03 10:09:07","2026-04-14 14:55:55","79:1–79:23","","5","24","","","","","","","","","","","","","","","ACM Digital Library","","","<p>Export Date: 02 May 2026; Cited By: 0; Correspondence Address: M. Mozaffari Kermani; Bellini College of AI, Cybersecurity and Computing, University of South Florida, Tampa, United States; email: mehran2@usf.edu</p>","/Users/mac/Zotero/storage/D5QVICEP/Ahmadi et al. - 2025 - Efficient Algorithm-Level Error Detection for Number-Theoretic Transform Used for Kyber Assessed on.pdf","","Authentication; Hardware security; Kyber; Network security; Quantum cryptography; Quantum theory; Fast fourier; Post quantum; Side channel attack; Field programmable gate arrays (FPGA); Public key cryptography; Fast Fourier transforms; Number theory; Number-theoretic transforms; Fast fourier transform; Data privacy; Hash functions; Number-theoretic transform; number-theoretic transform (NTT); Fault detection; Error detection; Convolution; Signal detection; Faults detection; Algorithm-level; fast fourier transform (FFT); kyber; negative wrapped convolution; Negative wrapped convolution; Quantum cryptosystems","","","","","","","","","","","","","","","","","","","","","","","","","","","","","","","","","","","","","","","","","","","","","","",""
"MM82JH3Y","journalArticle","2025","Ramakrishna, D.; Shaik, M.A.","PSESV: A hybrid post-quantum encryption Framework with real-time thermal and EM side-channel attack detection","Ain Shams Engineering Journal","","20904479 (ISSN)","10.1016/j.asej.2025.103776","https://www.scopus.com/pages/publications/105022202192?origin=resultslist","The rapid progress of quantum computing threatens the long-term security of classical public-key cryptosystems, thereby necessitating an urgent transition toward post-quantum cryptography (PQC). While lattice-based schemes such as CRYSTALS-Kyber have emerged as strong candidates for quantum resistance, they remain highly vulnerable to runtime side-channel attacks (SCAs). To address this dual challenge, we propose Physically-Sensed Error Signature Verification (PSESV) , a dual-layer hybrid encryption framework that integrates AES-192/AES-128 segmentation with CRYSTALS-Kyber key encapsulation. Unlike conventional hybrid models, PSESV incorporates real-time monitoring through three novel modules: (i) Thermal-Electromagnetic Hash Matching (TEHM), (ii) Dynamic Differential Coefficient Validation (DDCV), and (iii) Randomized Ciphertext Replay and Response (RCRR). Simulation and hardware-in-the-loop validation on an FPGA-based cryptographic accelerator demonstrate that PSESV achieves up to 96.3 % leakage detection accuracy with only <6 mW additional power consumption and ≤1.6 ms latency, significantly outperforming baseline PQC and hybrid encryption schemes. The results highlight that PSESV not only enhances robustness against EM, thermal, and fault-injection attacks but also ensures practical deployability in resource-constrained environments. In conclusion, PSESV provides a scalable and security-hardened post-quantum solution for IoT, industrial control, and cloud systems, where resilience against both quantum and physical attacks is critically required. © 2025 The Authors.","2025","2026-05-02 11:42:37","2026-05-03 10:20:48","","","","12","16","","Ain Shams Eng. J.","","","","","","Ain Shams University","","English","","","Scopus","","","","","<p>Export Date: 02 May 2026; Cited By: 0; Correspondence Address: D. Ramakrishna; Department of Computer Science and Engineering, SR University, Warangal, Telangana, 506371, India; email: ramakrishnadonagani@gmail.com</p>; <p>Export Date: 02 May 2026; Cited By: 0; Correspondence Address: D. Ramakrishna; Department of Computer Science and Engineering, SR University, Warangal, Telangana, 506371, India; email: ramakrishnadonagani@gmail.com</p>","","","AES-192; Attack detection; Ciphertext; Data privacy; Electromagnetic analysis; Error signature; Fault detection; Fault injection; Hardware security; Network security; Post quantum cryptography; Post-quantum cryptography; Public key cryptography; Quantum computers; Quantum cryptography; Side channel attack; Side-channel attack detection; Side-channel attacks; Signature verification; Thermal monitoring","","","","","","","","","","","","","","","","","","","","","","","","","","","","","","","","","","","","","","","","","","","","","","",""
"JQUIE5JH","journalArticle","2025","Kabin, I.; Langendoerfer, P.; Dyka, Z.","On the SCA Resistance of TMR-Protected Cryptographic Designs","Electronics (Switzerland)","","20799292 (ISSN)","10.3390/electronics14163318","https://www.scopus.com/pages/publications/105015376262?origin=resultslist","The influence of redundant implementations on success of physical attacks against cryptographic devices is currently under-researched. This is especially an issue in application fields such as wearable health, industrial control systems and the like in which devices are accessible to potential attackers. This paper presents results of an investigation of the TMR application impact on the vulnerability of FPGA-based asymmetric cryptographic accelerators to side-channel analysis attacks. We implemented our cryptographic cores using full- and partial-TMR application approaches and experimentally conducted evaluation of their side-channel resistance. Our results reveal that TMR can significantly impact side-channel leakage, either increasing resistance by introducing noise or amplifying leakage depending on the part of the design where redundancy was applied. © 2025 by the authors.","2025","2026-05-02 11:42:37","2026-05-03 10:16:45","","","","16","14","","Electronics (Switzerland)","","","","","","Multidisciplinary Digital Publishing Institute (MDPI)","","English","","","Scopus","","","","","<p>Export Date: 02 May 2026; Cited By: 0; Correspondence Address: I. Kabin; IHP—Leibniz-Institut für Innovative Mikroelektronik, Frankfurt (Oder), 15236, Germany; email: kabin@ihp-microelectronics.com</p>; <p>Export Date: 02 May 2026; Cited By: 0; Correspondence Address: I. Kabin; IHP—Leibniz-Institut für Innovative Mikroelektronik, Frankfurt (Oder), 15236, Germany; email: kabin@ihp-microelectronics.com</p>","","","Computer hardware; cryptographic hardware; Cryptographic hardware; Elliptic Curve Cryptosystem; elliptic curve cryptosystems; fault tolerance; Field programmable gate arrays (FPGA); FPGA security; hardware redundancy; Hardware redundancy; Hardware security; Integrated circuit design; Network security; physical attacks; Physical attacks; Public key cryptography; Redundancy; SCA; secure design; Secure designs; Side channel attack; Side-channel analysis; side-channel analysis attacks; Side-channel analyze attack; TMR; triple modular redundancy; Triple modular redundancy; Wearable computers","","","","","","","","","","","","","","","","","","","","","","","","","","","","","","","","","","","","","","","","","","","","","","",""
"E8F58NIZ","journalArticle","2024","Potestad-Ordóñez, F.E.; Casado-Galán, A.; Tena-Sánchez, E.","Protecting FPGA-Based Cryptohardware Implementations from Fault Attacks Using ADCs","Sensors","","14248220 (ISSN)","10.3390/s24051598","https://www.scopus.com/pages/publications/85187551066?origin=resultslist","The majority of data exchanged between connected devices are confidential and must be protected against unauthorized access. To ensure data protection, so-called cryptographic algorithms are used. These algorithms have proven to be mathematically secure against brute force due to the key length, but their physical implementations are vulnerable against physical attacks. The physical implementation of these algorithms can result in the disclosure of information that can be used to access confidential data. Some of the most powerful hardware attacks presented in the literature are called fault injection attacks. These attacks involve introducing a malfunction into the normal operation of the device and then analyzing the data obtained by comparing them with the expected behavior. Some of the most common methods for injecting faults are the variation of the supply voltage and temperature or the injection of electromagnetic pulses. In this paper, a hardware design methodology using analog-to-digital converters (ADCs) is presented to detect attacks on cryptocircuits and prevent information leakage during fault injection attacks. To assess the effectiveness of the proposed design approach, FPGA-based ADC modules were designed that detect changes in temperature and supply voltage. Two setups were implemented to test the scheme against voltage and temperature variations and injections of electromagnetic pulses. The results obtained demonstrate that, in 100% of the cases, when the correct operating voltage and temperature range were established, the detectors could activate an alarm signal when the cryptographic module was attacked, thus avoiding confidential information leakage and protecting data from being exploited. © 2024 by the authors.","2024","2026-05-02 11:49:15","2026-05-02 11:49:15","","","","5","24","","Sensors","","","","","","Multidisciplinary Digital Publishing Institute (MDPI)","","English","","","Scopus","","","","","<p>Export Date: 02 May 2026; Cited By: 8; Correspondence Address: F.E. Potestad-Ordóñez; Escuela Politécnica Superior, Universidad de Sevilla, Seville, 41011, Spain; email: fpotestad@us.es</p>","","","Hardware security; Network security; Field programmable gate arrays (FPGA); FPGA; Integrated circuit design; controlled study; human; algorithm; Cryptography; Cryptographic algorithms; Software testing; article; electric potential; Faults attacks; Fault injection attacks; Countermeasure; hardware security; Electronic data interchange; Supply voltages; Analog to digital converters; confidential information; countermeasures; diagnostic test accuracy study; electromagnetic attack; Electromagnetic attack; electromagnetic pulse; Electromagnetic pulse; temperature; temperature attack; Temperature attack; Unauthorized access; voltage attack; Voltage attack","","","","","","","","","","","","","","","","","","","","","","","","","","","","","","","","","","","","","","","","","","","","","","",""
"MBFTQR4V","journalArticle","2023","Karmakar, M.; Naz, S.F.; Shah, A.P.","Fault-tolerant reversible logic gate-based RO-PUF design","Memories - Materials, Devices, Circuits and Systems","","27730646 (ISSN)","10.1016/j.memori.2023.100055","https://www.scopus.com/pages/publications/85169331742?origin=resultslist","Physically Unclonable Function (PUF) is an emerging modern approach to the security concerns of the physical systems which require the protection of sensitive data. PUF generates unique, reliable, and secure responses which can be utilized for cryptographic applications. In this paper, a fault-tolerant reversible logic gate-based RO PUF is proposed. We utilized a fault-tolerant reversible logic Double Feynman Gate in place of conventional inverters to design the ring oscillators (RO). The proposed RO PUF designs implemented and evaluated on the Basys-3 Artix-7 FPGA board. The PUF parameters such as uniqueness, reliability, and uniformity were analyzed based on the experimental results. The empirical results show that the proposed RO PUF has uniqueness and reliability of 0.49 and 85.95%, respectively. The inter-chip and intra-chip uniqueness for the proposed design is 23% and 25.5%, respectively higher than the conventional RO PUF design. This fault-tolerant reversible logic gate-based RO PUF design shows better uniqueness, reliability, and uniformity than other considered PUF designs. © 2023 The Author(s)","2023","2026-05-02 11:49:15","2026-05-02 11:49:15","","","","","4","","Mem. Mater. Device. Circuit. Syst.","","","","","","Elsevier Ltd","","English","","","Scopus","","","","","<p>Export Date: 02 May 2026; Cited By: 21; Correspondence Address: A.P. Shah; IC-ResQ Lab, Department of Electrical Engineering, Indian Institute of Technology Jammu, J&K, 181221, India; email: ambika.shah@iitjammu.ac.in</p>","","","Hardware security; Field programmable gate arrays (FPGA); FPGA; Integrated circuit design; Cryptography; Computer circuits; Logic gates; Fault tolerance; Cryptographic applications; Function designs; Physically unclonable functions; Ring oscillator; Fault-tolerant; Conventional inverters; Fault-tolerance; Iron compounds; Physical systems; Physically unclonable function; Reversible Logic; Reversible logic gate; Reversible logic gates; Sensitive data; Sensitive datas","","","","","","","","","","","","","","","","","","","","","","","","","","","","","","","","","","","","","","","","","","","","","","",""
"GMZ78755","conferencePaper","2022","Aishwarya, G.; Patil, B.; Joshi, P.V.; Sudarsham, K.M.; Vaidyanathan, K.; Parandkar, P.; Dsouza, A.","A Survey on use of FPGA in Automotive System","IEEE Int. Conf. Distrib. Comput., VLSI, Electr. Circuits Robot., DISCOVER - Proc.","978-166548716-0 (ISBN)","","10.1109/DISCOVER55800.2022.9974941","https://www.scopus.com/pages/publications/85145351664?origin=resultslist","Automotive systems are real-time basis systems and are required to be highly fault-tolerant systems. Microcontrollers became a prominent part of the automotive sector. Microcontroller-based ECUs are easier to program, debug and design. However, they lack in non-availability of hard and softcore design suites, processing speed, etc. The Field Programmable Gate Array (FPGA) is one of the System-OnChip (SoC) units. FPGAs are the best choice for low-volume, high-end applications and for pre-and post-silicon validation and firmware development. FPGAs provide access to hardcore and softcore processing. This makes it more likely to be utilized in automotive systems. Clusters with more difficult performance make FPGAs a better choice over microcontrollers as they have higher performance, and parallel processing ability due to which they provide a quicker solution. FPGAs have an Advance Encryption Standard (AES), which protects the hardware from cyber threats. They are also less susceptible to data flip which causes a soft error in the hardware while processing. This paper presents a survey on the role and significance of FPGA in Automotive systems. This survey aims to showcase the opportunities and challenges of FPGAs in next-generation automotive systems.  © 2022 IEEE.","2022","2026-05-02 11:49:15","2026-05-02 11:49:15","","51-56","","","","","","","","","","","Institute of Electrical and Electronics Engineers Inc.","","English","","","Scopus","","","","Journal Abbreviation: IEEE Int. Conf. Distrib. Comput., VLSI, Electr. Circuits Robot., DISCOVER - Proc.","<p>Export Date: 02 May 2026; Cited By: 11</p>","","","Microcontrollers; Real- time; Field programmable gate arrays (FPGA); Integrated circuit design; Performance; Cryptography; Controllers; Field programmables; Programmable gate array; Real time systems; Parallel processing systems; Error correction; System-on-chip; Data privacy; Programmable logic controllers; RISC-V; Radiation hardening; Open-source; Open systems; Automotive industry; Firmware; Program debugging; Automotive systems; Automotive Systems; GAP8; MAC; MACs; Open-Source; Performance cycle; Performance Cycles; PULP","","","","","","","","","","","","","","","","","","","","","","","","","","","","","","","","2022 IEEE International Conference on Distributed Computing, VLSI, Electrical Circuits and Robotics, DISCOVER 2022 - Proceedings","","","","","","","","","","","","","","",""
"5LTMQAL7","journalArticle","2022","Serrano, R.; Duran, C.; Sarmiento, M.; Dang, T.-K.; Hoang, T.-T.; Pham, C.-K.","A Unified PUF and Crypto Core Exploiting the Metastability in Latches","Future Internet","","19995903 (ISSN)","10.3390/fi14100298","https://www.scopus.com/pages/publications/85140582035?origin=resultslist","Hardware acceleration of cryptography algorithms represents an emerging approach to obtain benefits in terms of speed and side-channel resistance compared to software implementations. In addition, a hardware implementation can provide the possibility of unifying the functionality with some secure primitive, for example, a true random number generator (TRNG) or a physical unclonable function (PUF). This paper presents a unified PUF-ChaCha20 in a field-programmable gate-array (FPGA) implementation. The problems and solutions of the PUF implementation are described, exploiting the metastability in latches. The Xilinx Artix-7 XC7A100TCSG324-1 FPGA implementation occupies 2416 look-up tables (LUTs) and 1026 flips-flops (FFs), reporting a 3.11% area overhead. The PUF exhibits values of 49.15%, 47.52%, and 99.25% for the average uniformity, uniqueness, and reliability, respectively. Finally, ChaCha20 reports a speed of 0.343 cycles per bit with the unified implementation. © 2022 by the authors.","2022","2026-05-02 11:49:15","2026-05-02 11:49:15","","","","10","14","","Future Internet","","","","","","MDPI","","English","","","Scopus","","","","","<p>Export Date: 02 May 2026; Cited By: 6; Correspondence Address: R. Serrano; Department of Computer and Network Engineering, The University of Electro-Communications (UEC), Tokyo, 182-8585, Japan; email: ronaldo@vlsilab.ee.uec.ac.jp</p>","","","Hardware security; Side channel attack; Field programmable gate arrays (FPGA); Hardware acceleration; Hardware implementations; Side-channel; Number theory; Random number generation; Cryptography algorithms; Table lookup; Software implementation; RISC-V; Channel resistance; PUF; Flip flop circuits; Chacha20; ChaCha20; Field-programmable gate array implementations; Metastabilities","","","","","","","","","","","","","","","","","","","","","","","","","","","","","","","","","","","","","","","","","","","","","","",""
"9VVIMTKW","journalArticle","2026","Prabhunath G, C.; Shah, A.P.","Fredkin Gate-Based Feed-Forward Arbiter PUF for Secure Device Authentication","Journal of Circuits, Systems and Computers","","02181266 (ISSN)","10.1142/S0218126626450039","https://www.scopus.com/pages/publications/105035349069?origin=resultslist","Hardware security plays a crucial role in safeguarding sensitive information in IoT-enabled systems. Physically Unclonable Functions (PUFs) provide an effective solution for secure and reliable device authentication. This paper describes the design, implementation and evaluation of the Fredkin Gate (FRG)-based Feed-forward Arbiter Physically Unclonable Function (PUF). The proposed design is implemented and tested using a 28nm Artix-7 FPGA. The uniformity and uniqueness of the proposed design are 49.37% and 48.32%, respectively. This proposed design is compared against the conventional feed-forward Arbiter PUF. The comparison shows that there is an increase of 0.65% uniformity and 2.72% uniqueness in the proposed design. The reliability, BER and KER for the proposed design are 84.25%, 12.75% and 0.99665, respectively. The NIST tests were carried out using NIST SP 800-22 to evaluate the randomness. Finally, an ANN-based ML attack was carried out on the proposed design and the prediction accuracy is 60% as against 68% for the conventional design. © 2026 World Scientific Publishing Company.","2026","2026-05-02 11:49:15","2026-05-02 11:49:15","","","","","","","J. Circuits Syst. Comput.","","","","","","World Scientific","","English","","","Scopus","","","","","<p>Export Date: 02 May 2026; Cited By: 0; Correspondence Address: A.P. Shah; Department of Electrical Engineering, IC-ResQ Lab, Indian Institute of Technology Jammu, J&K, 181221, India; email: ambika.shah@iitjammu.ac.in; CODEN: JCSME</p>","","","Authentication; Hardware security; Field programmable gate arrays (FPGA); Integrated circuit design; Computer hardware; Cryptography; Field programmables; Programmable gate array; Field programmable gate array; Feed forward; entropy; Function evaluation; Field Programmable Gate Array (FPGA); Physically unclonable functions; Arbiter physical unclonable function; Arbiter PUF (APUF); Challenge response pair; Challenge Response Pairs (CRPs); Challenge-response pair; Design for testability; Feed-forward arbiter physically unclonable function; Feed-Forward Arbiter PUFs; Fredkin gate; Fredkin Gate (FRG); Linear feedback shift register; Linear Feedback Shift Register (LFSR); Linear feedback shift registers; ML attack; Physical unclonable function; Physical Unclonable Function (PUF)","","","","","","","","","","","","","","","","","","","","","","","","","","","","","","","","","","","","","","","","","","","","","","",""
"2BQPYQFK","journalArticle","2026","Rakheja, P.","Robust quantum optical encryption framework using chaotic umbrella maps and fractional transforms with holographic techniques","Optics Communications","","00304018 (ISSN)","10.1016/j.optcom.2026.132909","https://www.scopus.com/pages/publications/105027765921?origin=resultslist","The proposed quantum-based image encryption framework introduces an asymmetric mechanism for standard grayscale and iris biometric images by integrating quantum theory, unequal modulus decomposition, umbrella mapping, LU decomposition, fractional Fourier and Fresnel transforms. Biometric uniqueness is explicitly embedded within cryptographic operations; the scheme achieves high robustness and security while ensuring confidentiality and authentication. The numerical simulations demonstrate the superior performance of the proposed scheme, achieving average execution time of 0.1132 seconds, entropy of 7.9955 bits, and strong statistical metrics, including NPCR=99.6063,UACI=33.3283,CC=1, and MSE=0, confirming robust encryption and perfect image reconstruction fidelity. The system shows strong resistance to noise, brute force, special, differential, and traditional cryptographic attacks, supported by an extended key space. Despite generating a complex cipher and being vulnerable to occlusion attack, the designed scheme ensures reliability, scalability, and security. This makes the scheme suitable for real-life applications in multiple domains like healthcare, defense, and multimedia communication, with potential enhancements through hardware implementations. © 2026 Elsevier B.V.","2026","2026-05-02 11:49:15","2026-05-02 11:49:15","","","","","606","","Opt Commun","","","","","","Elsevier B.V.","","English","","","Scopus","","","","","<p>Export Date: 02 May 2026; Cited By: 0; Correspondence Address: P. Rakheja; Department of Computer Science & Engineering, The NorthCap University, Gurugram, Sector 23-A, Haryana, India; email: pankajrakheja@ncuindia.edu; CODEN: OPCOB</p>","","","Authentication; Network security; Quantum cryptography; Quantum optics; Chromium compounds; Optical encryption; Chaotics; Biometrics; Chaotic systems; Chaotic umbrella map; Computer generated holography; Computer-generated holography; Computer-generated holography (CGH); Electron holography; Fourier transforms; Fractional transform domain; Fractional transforms; Image reconstruction; Multimedia systems; Quantum-inspired optical encryption; Transform domain; Unequal modulus decomposition","","","","","","","","","","","","","","","","","","","","","","","","","","","","","","","","","","","","","","","","","","","","","","",""
"MBSAIJ5D","journalArticle","2023","","ASHES 2023 - Proceedings of the 2023 Workshop on Attacks and Solutions in Hardware Security","ASHES 2023 - Proceedings of the 2023 Workshop on Attacks and Solutions in Hardware Security","","979-840070262-4 (ISBN)","","https://www.scopus.com/pages/publications/85179804287?origin=resultslist","The proceedings contain 12 papers. The topics discussed include: FOBOS 3: an open-source platform for side-channel analysis and benchmarking; better side-channel attacks through measurements; a side-channel attack on a masked hardware implementation of CRYSTALS-Kyber; Cover Chirp Jaming: hybrid jamming-deception attack on FMCW radar and its countermeasure; enabling lattice-based post-quantum cryptography on the OpenTitan platform; BioLeak: exploiting cache timing to recover fingerprint minutiae coordinates; beyond the last layer: deep feature loss functions in side-channel analysis; netlist whisperer: AI and NLP fight circuit leakage!; remote fault injection attack against cryptographic modules via intentional electromagnetic interference from an antenna; and effective layout design for laser fault sensor on FPGA.","2023","2026-05-02 11:49:15","2026-05-02 11:49:15","","","","","","","ASHES - Proc. Workshop Attacks Solutions Hardw. Secur.","","","","","","Association for Computing Machinery, Inc","","English","","","Scopus","","","","","<p>Export Date: 02 May 2026; Cited By: 0</p>","","","","","","","","","","","","","","","","","","","","","","","","","","","","","","","","","","","","","","","","","","","","","","","","","",""
"ACKBTWKH","journalArticle","2023","Xu, Y.; Ke, T.; Nonmembers, W.C.; Member, Y.F.; Zhangqing, H.E.","Reliable and Efficient Chip-PCB Hybrid PUF and Lightweight Key Generator","IEICE Transactions on Electronics","","09168524 (ISSN)","10.1587/TRANSELE.2022ECP5050","https://www.scopus.com/pages/publications/85171279995?origin=resultslist","Physical Unclonable Function (PUF) is a promising lightweight hardware security primitive that can extract device fingerprints for encryption or authentication. However, extracting fingerprints from either the chip or the board individually has security flaws and cannot provide hardware system-level security. This paper proposes a new Chip-PCB hybrid PUF(CPR PUF) in which Weak PUF on PCB is combined with Strong PUF inside the chip to generate massive responses under the control of challenges of on-chip Strong PUF. This structure tightly couples the chip and PCB into an inseparable and unclonable unit thus can verify the authenticity of chip as well as the board. To improve the uniformity and reliability of Chip-PCB hybrid PUF, we propose a lightweight key generator based on a reliability self-test and debiasing algorithm to extract massive stable and secure keys from unreliable and biased PUF responses, which eliminates expensive error correction processes. The FPGA-based test results show that the PUF responses after robust extraction and debiasing achieve high uniqueness, reliability, uniformity and anti-counterfeiting features. Moreover, the key generator greatly reduces the execution cost and the bit error rate of the keys is less than 10−9, the overall security of the key is also improved by eliminating the entropy leakage of helper data. Copyright © 2023 The Institute of Electronics, Information and Communication Engineers.","2023","2026-05-02 11:49:15","2026-05-02 11:49:15","","432-441","","8","E106.C","","IEICE Trans Electron","","","","","","Institute of Electronics Information Communication Engineers","","English","","","Scopus","","","","","<p>Export Date: 02 May 2026; Cited By: 3; CODEN: IELEE</p>","","","Authentication; Hardware security; Cryptography; Error correction; Security primitives; Hardware system; Bit error rate; De-biasing; debiasing algorithm; Debiasing algorithm; Hybrid physical unclonable function; hybrid PUF; key generator; Key generator; Printed circuit boards; Reliability; reliability self-test; Reliability self-test; Security flaws; Self test; System levels","","","","","","","","","","","","","","","","","","","","","","","","","","","","","","","","","","","","","","","","","","","","","","",""
"NVLLZXVT","journalArticle","2024","Huang, L.; Ye, Y.; Ma, Y.; Li, C.; Xiang, J.; Dou, Z.","Image encryption based on 3D hyperchaotic mapping and its FPGA implementation","Experimental Technology and Management","","10024956 (ISSN)","10.16791/j.cnki.sjg.2024.04.003","https://www.scopus.com/pages/publications/105021963532?origin=resultslist","[Objective] As information technology continues to evolve, the importance of ensuring data security has become paramount. Images, being a prevalent multimedia tool, are often vulnerable to unauthorized access. To counter this, numerous encryption schemes have been proposed, but traditional encryption schemes often grapple with issues related to efficiency and security. The field of cryptography urgently requires an encryption algorithm that is both efficient and secure. The advent of chaos theory provides a promising direction for new encryption methods. Owing to its ergodicity, randomness, and sensitivity to initial values, chaos theory has immense potential for image encryption. Consequently, the derived chaotic image encryption algorithm exhibits excellent security and robust interference resistance. [Methods] Against this background, this paper introduces an image encryption algorithm based on three-dimensional hyperchaotic mapping. Initially, a new type of memristor is designed using a triangular wave function, which is then cascaded using sine and cosine functions to construct a new three-dimensional memristive chaotic system. Then, based on this system, the parameter-dependent Lyapunov exponent and bifurcation diagram are studied, and the randomness of the generated sequence is validated through the NIST test. The results show that the system possesses a wide parameter range and a considerable chaotic region. Compared with the traditional chaotic system, the one presented here exhibits better chaotic characteristics. The sequences it generates possess stronger randomness. Such features elevate the security and reliability of the encryption process, rendering it ideal for image encryption. Then, the image is scrambled and diffused on the basis of this system. The scrambling stage involves indexing and sorting the original image pixels by a chaotic sequence, effectively disrupting the image structure and pixel distribution and thereby increasing the decryption difficulty. During the diffusion stage, the processed chaotic sequence performs a hierarchical XOR on the pixel values of the scrambled image, enhancing the image complexity and randomness and thus bolstering the security of the encryption algorithm. [Results] The algorithm's effectiveness was validated through software simulations and performance analysis. Software simulations demonstrated that the algorithm could effectively hide the pixel information and restore the image. The performance analysis revealed that the algorithm possesses high security and robust interference resistance. In addition, the algorithm was applied to an FPGA hardware platform for image encryption, expanding the algorithm's application scope. [Conclusions] The algorithm, encompassing both software simulation and hardware implementation, can effectively enhance students' theoretical and practical skills. It enriches their understanding of nonlinear theory, rendering abstract theoretical teaching vivid and tangible. This approach offers new insights and methods for teaching nonlinear system theory, nonlinear circuit design, and other subjects. As technology continues to advance, the potential applications of this algorithm are expected to expand across diverse fields. It is poised to play a significant role in safeguarding people's privacy and enhancing information security with its effective protection measures. © 2024 Tsinghua University Press. All rights reserved.","2024","2026-05-02 11:49:15","2026-05-02 11:49:15","","15-24","","4","41","","Exp. Tech. Manag.","基于三维超混沌映射的图像加密及其 FPGA 实现","","","","","Tsinghua University Press","","Chinese","","","Scopus","","","","","<p>Export Date: 02 May 2026; Cited By: 0</p>","","","FPGA implementation; chaotic sequence; hyperchaotic mapping; image encryption","","","","","","","","","","","","","","","","","","","","","","","","","","","","","","","","","","","","","","","","","","","","","","",""
"U7B3DSRG","journalArticle","2025","Uhle, F.; Müller, N.; Moradi, A.","Fault Injection Evaluation with Statistical Analysis How to Deal with Nearly Fabricated Large Circuits","IACR Transactions on Cryptographic Hardware and Embedded Systems","","25692925 (ISSN)","10.46586/tches.v2025.i4.215-253","https://www.scopus.com/pages/publications/105016396710?origin=resultslist","A critical aspect of securing cryptographic hardware is their resistance to Fault Injection (FI) attacks, which involve the successful injection of faults into the system in operation. Specifically, a hardware design must be resilient to well-established fault injection techniques, including voltage or clock glitching, laser fault injections, and the more recently introduced Electromagnetic Fault Injection (EMFI). Ideally, the protection level must be verified before the chip is fabricated. Although initial efforts to verify the resistance of hardware designs against fault injection have been made, analyzing the security of practical designs with realistic gate counts under fault injections that affect multiple gates or the entire circuit state remains a significant challenge. This scenario, however, is considered more realistic than assessing resistance to a fixed, relatively small number of faults. In this work, we introduce FIESTA, a versatile automated framework for analyzing the resistance of hardware circuits under the general random fault model. By leveraging a non-exhaustive approach, FIESTA is capable of evaluating larger designs compared to state-of-the-art tools, while maintaining a reasonable level of confidence. FIESTA supports various adversary models, allowing customized resistance analysis against specific adversaries. In particular, we present a concrete procedure for evaluating more realistic precise adversaries, based on practical observations. Using FIESTA, we assessed the resistance of several (protected) Advanced Encryption Standard (AES) cores. © 2025, Ruhr-University of Bochum. All rights reserved.","2025","2026-05-02 11:49:15","2026-05-02 11:49:15","","215-253","","4","2025","","IACR Trans. Cryptogr. Hardw. Embed. Syst.","","","","","","Ruhr-University of Bochum","","English","","","Scopus","","","","","<p>Export Date: 02 May 2026; Cited By: 0</p>","","","Hardware security; Network security; Hardware; Computer hardware; Cryptography; Fault Injection techniques; Injection (oil wells); Fault injection; Fault injection attacks; Cryptographic hardware; Hardware design; Electric network analysis; Electric fault currents; Fault Injection; General random fault model; General Random Fault Model; Large circuits; Random fault model; Random Fault Model","","","","","","","","","","","","","","","","","","","","","","","","","","","","","","","","","","","","","","","","","","","","","","",""
"NCFCLICY","journalArticle","2026","Zhang, G.; Ji, H.; Fan, W.; Wang, Y.","A Configurable Four-State Hybrid PUF Against Machine Learning Attacks","IEEE Internet of Things Journal","","23274662 (ISSN)","10.1109/JIOT.2025.3630043","https://www.scopus.com/pages/publications/105020908950?origin=resultslist","Strong physical unclonable functions (PUFs) are considered the most promising circuits for lightweight Internet of Things (IoT) authentication. However, current white-box attacks on PUF circuits through reverse engineering compromise the effectiveness of many anti-modeling attack techniques. To address this challenge, we propose a configurable four-state hybrid PUF (CF PUF), which includes three strong PUFs and one weak PUF. The proposed structure uses the key stream generated in the weak PUF state to control the configuration state transition sequence of the CF PUF. This approach allows the PUF’s challenge-response mapping structure to be dynamically controlled by the unpredictable weak PUF, rather than relying on a fixed PUF structure, thereby providing enhanced resistance to white-box attacks through reverse engineering. To hide the weak PUF characteristics and prevent reverse analysis attackers from using divide-and-conquer methods to break the weak PUF, we employ LUT6_2 resources to embed the weak PUF structure into strong PUFs with minimal hardware overhead. The proposed CF PUF was implemented and evaluated on an Xilinx Artix-7 FPGA hardware platform. Experimental results demonstrate that the proposed solution achieves good prediction resistance, with the best modeling accuracy limited to 54.6% under 1M CRPs across logistic regression (LR), support vector machine (SVM), artificial neural network (ANN), and covariance matrix adaptation evolution strategy (CMA-ES) attacks. Moreover, it maintains good reliability, averaging 98.02% under temperature variations from - 20 °C to 80 °C. © 2014 IEEE.","2026","2026-05-02 11:49:15","2026-05-02 11:49:15","","2395-2407","","2","13","","IEEE Internet Things J.","","","","","","Institute of Electrical and Electronics Engineers Inc.","","English","","","Scopus","","","","","<p>Export Date: 02 May 2026; Cited By: 1; Correspondence Address: Y. Wang; School of Electrical and Information Engineering, Zhengzhou University, Zhengzhou, 450001, China; email: ieyaowang@zzu.edu.cn</p>","","","Hardware security; Network security; Learning systems; Computer hardware; 'current; Cryptography; Embedded systems; Machine-learning; Distributed computer systems; Machine learning; Reverse engineering; Physical unclonable function; Challenge response; Function circuit; Function structures; Logistic regression; Modeling attack; modeling attacks; physical unclonable function (PUF); State transitions; Transition sequences; White box","","","","","","","","","","","","","","","","","","","","","","","","","","","","","","","","","","","","","","","","","","","","","","",""
"9J37BYU7","journalArticle","2022","Anandakumar, N.N.; Hashmi, M.S.; Sanadhya, S.K.","Design and Analysis of FPGA-based PUFs with Enhanced Performance for Hardware-oriented Security","ACM Journal on Emerging Technologies in Computing Systems","","15504832 (ISSN)","10.1145/3517813","https://www.scopus.com/pages/publications/85143721507?origin=resultslist","This article presents a thorough analysis of two distinct Physically Unclonable Functions (PUF), namely RO-PUF (Ring oscillator-based PUF) and RS-LPUF (RS Latch-based PUF), prototyped on FPGA. It is shown that the implemented PUFs possess significantly enhanced performance when compared to the state of the art. It is also identified that the enhancements are achieved through the incorporation of Programmable Delay Lines of FPGA Lookup Tables, the Temporal Majority Voting (TMV) scheme, and placed macro techniques for routing and placements of PUF units. The prototypes developed on Xilinx Artix-7 FPGAs are used for validation over the rated temperature range of 0-85°C with ±5% variation in the supply voltage. The proposed schemes when evaluated experimentally also achieve good uniformity, bit-aliasing, uniqueness, and reliability. Finally, it is shown that the proposed designs outperform the existing conventional PUFs in the area and speed tradeoff.  © 2022 Association for Computing Machinery.","2022","2026-05-02 11:49:15","2026-05-02 11:49:15","","","","4","18","","ACM J. Emerg. Technologies Comput. Syst.","","","","","","Association for Computing Machinery","","English","","","Scopus","","","","","<p>Export Date: 02 May 2026; Cited By: 28</p>","","","Hardware security; Field programmable gate arrays (FPGA); FPGA; State of the art; Performance; Cryptography; Internet of things; Table lookup; internet of things (IoT); Internet of thing; Physically unclonable functions; Ring oscillator; Design and analysis; PUF; PDL; Ring oscillator-based PUF; RO-PUF; RS latch-based PUF; RS-LPUF; Temporal majority voting; TMV","","","","","","","","","","","","","","","","","","","","","","","","","","","","","","","","","","","","","","","","","","","","","","",""
"GQ9YKWRN","journalArticle","2025","Xie, X.; Chen, J.; Zhou, J.; Zhai, R.; Xia, X.","Multidimensional Fault Injection and Simulation Analysis for Random Number Generators","Electronics (Switzerland)","","20799292 (ISSN)","10.3390/electronics14183702","https://www.scopus.com/pages/publications/105017009288?origin=resultslist","Random number generators play a critical role in ensuring information security, supporting encrypted communications, and preventing data leakage. However, the random number generators widely used in hardware are faced with potential threats such as environmental disturbances and fault injection attacks. Especially in automotive-grade environments, chips encounter threat scenarios involving multidimensional fault injection, which may lead to functional failures or malicious exploitation, endangering the security of the entire system. This paper focuses on a Counter Mode Deterministic Random Bit Generator (CTR-DRBG) based on the AES-128 algorithm and implements a hardware prototype system compliant with the NIST SP 800-22 standard on an FPGA platform. Centering on typical fault modes such as temperature disturbances, voltage glitches, electromagnetic interference, and bit flips, single-dimensional and multidimensional fault injection and simulated fault injection experiments were designed and conducted. The impact characteristics and sensitivities of electromagnetic faults, voltage faults, and temperature faults regarding the output sequences of random numbers were systematically evaluated. The experimental results show that this type of random number generator exhibits modular-level differential vulnerability under physical disturbances, especially in the data transmission processes of encryption paths and critical registers, which demonstrate higher sensitivity to flip-type faults. This research provides a feasible analysis framework and practical basis for the security assessment and fault-tolerant design of random number generators, possessing certain engineering applicability and theoretical reference value. © 2025 by the authors.","2025","2026-05-02 11:49:15","2026-05-02 11:49:15","","","","18","14","","Electronics (Switzerland)","","","","","","Multidisciplinary Digital Publishing Institute (MDPI)","","English","","","Scopus","","","","","<p>Export Date: 02 May 2026; Cited By: 0; Correspondence Address: X. Xia; CATARC Technology Co., Ltd., Tianjin, 300399, China; email: xiaxianzhao@catarc.ac.cn</p>","","","Hardware security; Network security; Field programmable gate arrays (FPGA); FPGA; Integrated circuit design; Cryptography; Number theory; Random number generation; Data privacy; Deterministics; Information leakage; Fault injection; Fault tolerance; Fault tolerant computer systems; Random bit generators; Random number generators; Counter modes; Electromagnetic pulse; Electric fault currents; Counter mode deterministic random bit generator; CTR-DRBG; Electromagnetics; Electronics industry; Encrypted communication; fault injection; Fault's simulations; random number generator; Simulation analysis","","","","","","","","","","","","","","","","","","","","","","","","","","","","","","","","","","","","","","","","","","","","","","",""
"D7Q9U2CT","conferencePaper","2025","Raj, A.; Kakkar, D.; Upadhyay, R.; Yadav, L.","FPGA-Based Secure Automated Car Parking System Using FSM and VHDL","Proc. - IEEE DELCON: Int. Conf. Recent Smart Technol. Eng. Sustain. Dev.","979-833155864-2 (ISBN)","","10.1109/DELCON68055.2025.11400362","https://www.scopus.com/pages/publications/105036374494?origin=resultslist","Rapid urbanization and the increasing number of vehicles have amplified the demand for secure, efficient, and real-time parking management. Conventional manual or microcontroller-based systems often suffer from congestion, delays, and limited reliability. This paper proposes a fully automated and hardware-centric car parking system implemented on a Field-Programmable Gate Array (FPGA) using Finite State Machine (FSM) logic coded in VHDL. The design integrates dual infrared (IR) sensors for vehicle detection, a dual-password authentication mechanism for secure access, relaydriven gate operation, and dual 7 -segment displays for real-time slot availability. The system was modeled and verified in Vivado and implemented on the Xilinx Artix-7 (Mimas A7) FPGA board. Experimental validation demonstrated deterministic FSM transitions with an average system response time of 0.25 seconds, 98 % slot detection accuracy, and errorfree password authentication. Compared to microcontroller-based approaches, the FPGA design achieves higher speed, improved security, and modular scalability. Furthermore, the architecture provides a foundation for future enhancements such as IoTenabled reservations, cloud monitoring, and license plate recognition, making it highly suitable for deployment in next-generation smart parking infrastructures. © 2025 IEEE.","2025","2026-05-02 11:49:15","2026-05-02 11:49:15","","","","","","","","","","","","","Institute of Electrical and Electronics Engineers Inc.","","English","","","Scopus","","","","Journal Abbreviation: Proc. - IEEE DELCON: Int. Conf. Recent Smart Technol. Eng. Sustain. Dev.","<p>Export Date: 02 May 2026; Cited By: 0</p>","","","Authentication; Hardware security; Microcontrollers; Real time control; Field programmable gate arrays (FPGA); FPGA; Computer hardware; Cryptography; Computer control systems; Field programmables; Field-programmable gate array; Programmable gate array; Smart city; Computer architecture; Real-time control; Verification; Computer hardware description languages; Finite states machine; FSM; Garages (parking); Hardware authentication; Hardware Authentication; Infra-red sensor; Infrared detectors; Infrared sensor; IR Sensors; License plates (automobile); Parking; Parking management; Parking Management; Real-Time Control; Secure parking; Secure Parking; Smart Cities; Vehicle detection; VHDL","","","","","","","","","","","","","","","","","","","","","","","","","","","","","","","","Proceedings - 2025 IEEE DELCON: International Conference on Recent Smart Technologies in Engineering for Sustainable Development","","","","","","","","","","","","","","",""
"GN4GDLSC","conferencePaper","2025","Frank, F.; Püllen, D.; Kampmann, A.; Katzenbeisser, S.","Towards Deterministic DDS Communication for Secure Service-Oriented Software-Defined Vehicles","Lect. Notes Comput. Sci.","03029743 (ISSN); 978-303200623-3 (ISBN)","","10.1007/978-3-032-00624-0_9","https://www.scopus.com/pages/publications/105013739535?origin=resultslist","Software-defined vehicles, which rely on zonal architectures, run multiple applications on a small number of control units. This requires deploying several applications on a single platform, which introduces significant challenges in ensuring strict time boundaries for safety-critical operations due to shared physical resources and full-stack operating systems. To address these challenges, this paper proposes a time-aware scheduler implemented on an FPGA within an MPSoC for the widely adopted DDS standard, allowing time-critical data to bypass the slow and unpredictable OS-level networking layers. The scheduler enables prioritized processing of time-critical data within fixed and predictable time slots while preventing starvation of low-priority data. Moreover, we introduce a method to define QoS profiles, which allow forwarding time-critical traffic in guaranteed time slices to automotive applications running on the MPSoC’s CPUs. That way, we guarantee strict real-time requirements with minimal latency and an overall jitter below 2μs. Finally, we outsource DDS security operations to a hardware-implemented cryptographic algorithm and demonstrate a PUF-based key extraction method with 99.33% reliability. The approach enables highly deterministic processing of DDS traffic with integrated security by design. © The Author(s), under exclusive license to Springer Nature Switzerland AG 2025.","2025","2026-05-02 11:49:15","2026-05-02 11:49:15","","186-208","","","15992 LNCS","","","","","","","","Springer Science and Business Media Deutschland GmbH","","English","","","Scopus","","","","Journal Abbreviation: Lect. Notes Comput. Sci.","<p>Export Date: 02 May 2026; Cited By: 0; Correspondence Address: F. Frank; University of Passau, Passau, Germany; email: florian.frank@uni-passau.de</p>","","","Hardware security; Network security; Field programmable gate arrays (FPGA); FPGA; Vehicles; Cryptography; Program processors; Deterministics; Control unit; Critical data; DDS; Multiple applications; Multiprocessing systems; Physical Unclonable Functions; Secure services; Service-oriented softwares; Single platform; Software-defined vehicle; Software-Defined Vehicles; Time-critical","","Dalla Preda M.; Schrittwieser S.; Naessens V.; De Sutter B.","","","","","","","","","","","","","","","","","","","","","","","","","","","","","","Lecture Notes in Computer Science","","","","","","","","","","","","","","",""
"DFCIEMW3","journalArticle","2026","Casado-Galán, A.; Núñez, J.; Tena-Sánchez, E.; Potestad-Ordóñez, F.E.; Acosta, A.J.","Assessment of an FPGA Implementation of a Hybrid PUF Based on a Configurable Transient Effect Ring Oscillator and Ring Oscillator (TERORO-PUF) †","Electronics (Switzerland)","","20799292 (ISSN)","10.3390/electronics15030661","https://www.scopus.com/pages/publications/105030075267?origin=resultslist","In the current situation of the Internet of Things (IoT) with its billions of interconnected devices, security in this low-resource environment is paramount. A Physical Unclonable Function (PUF) is a very useful cryptographic primitive which allows us to extract unique information from a particular device in a non-reproducible way. This allows us to use a PUF in cryptography for authentication or secret-key generation. Ring Oscillators (ROs) and Transient Effect Ring Oscillators (TEROs) are oscillating structures used in both FPGAs and ASICs to build PUFs. In this paper we present an FPGA implementation of a PUF based on what we call the “TERORO” cell (TERO + RO), which is a hybrid structure that allows us to use the different functionalities of both RO and TERO in a single building block. We assess all the possible methods of extracting bits of information from the PUF based on TERORO cells. Finally, we tested the circuit and presented experimental results in terms of its uniqueness, uniformity, and reliability. In RO-counter mode, we obtain (Formula presented.) uniqueness, (Formula presented.) uniformity, and (Formula presented.) reliability across devices, while TERO-based XOR mixing achieves (Formula presented.) uniformity, (Formula presented.) uniqueness, and (Formula presented.) reliability. The FPGA footprint is 142 LUTs, 36 registers, and 82 slices. © 2026 by the authors.","2026","2026-05-02 11:49:15","2026-05-02 11:49:15","","","","3","15","","Electronics (Switzerland)","","","","","","Multidisciplinary Digital Publishing Institute (MDPI)","","English","","","Scopus","","","","","<p>Export Date: 02 May 2026; Cited By: 0; Correspondence Address: A. Casado-Galán; Instituto de Microelectrónica de Sevilla IMSE-CNM, Consejo Superior de Investigaciones Científicas, University of Seville, Seville, 41902, Spain; email: casado@imse-cnm.csic.es</p>","","","Hardware security; Network security; Field programmable gate arrays (FPGA); FPGA; Cryptography; FPGA implementations; Cryptographic primitives; hardware security; FPGAs implementation; Ring oscillator; Oscillators (electronic); Reliability; Current situation; physical unclonable function; Power quality; Resources environments; ring oscillator; Secret key generations; Transient effect; transient effect ring oscillator; Transient effect ring oscillator","","","","","","","","","","","","","","","","","","","","","","","","","","","","","","","","","","","","","","","","","","","","","","",""
"T9787WDJ","journalArticle","2025","Kumar, N.; Antil, A.; Kesarwani, H.; Kumar, D.; Kandpal, K.; Goswami, M.","A temperature-invariant and ML-resilient, RO PUF design with improved security and performance metrics","Microelectronics Reliability","","00262714 (ISSN)","10.1016/j.microrel.2025.115941","https://www.scopus.com/pages/publications/105022197365?origin=resultslist","Physically Unclonable Functions (PUFs) represent a modern hardware approach for achieving authentication and secure key generation. The PUF uses the intrinsic, numerous, unpredictable, and unavoidable variances in the semiconductor manufacturing process to enhance hardware and software security. The inherent process variations in semiconductor technology are exploited in PUF circuits to generate unique and unclonable device identifiers. In the proposed design, integrating a Current-Starved (CS) inverter, metastable circuit, and LFSR enhances reliability from 91.06% to 98.96%. The design achieves 49.24% uniqueness, 50.27% uniformity, and 49.87% bit aliasing across a wide temperature range (−40 °C to 120 °C). Power consumption is reduced by about 2.14× compared to a conventional RO PUF. Prelayout and postlayout simulations report delays of 1.11 ns and 2.3 ns, respectively, while NIST tests confirm randomness. FPGA implementation on a Basys-3 Artix-7 using Vivado requires minimal hardware and achieves an 80 Mb/s bit generation rate. Furthermore, the design resists ML-based modeling attacks, limiting prediction accuracy to 45%–65%. © 2025 Elsevier Ltd.","2025","2026-05-02 11:49:15","2026-05-02 11:49:15","","","","","175","","Microelectron. Reliab.","","","","","","Elsevier Ltd","","English","","","Scopus","","","","","<p>Export Date: 02 May 2026; Cited By: 1; Correspondence Address: M. Goswami; Indian Institute of Information Technology, Allahabad, Uttar Pradesh, 211012, India; email: manishgoswami@iiita.ac.in; CODEN: MCRLA</p>","","","Hardware security; Network security; Field programmable gate arrays (FPGA); Integrated circuit design; Learning systems; Cryptography; Field programmables; Programmable gate array; Field programmable gate array; Machine-learning; Machine learning; Ring oscillator; Oscillators (electronic); Semiconductor device manufacture; Physical unclonable function; Current-starved inverter; Current-starved inverter (CSI); Current-starved inverters; Field programmable gate array (FPGA); Machine learning (ML); Physical unclonable function (PUF); Ring oscillator (RO)","","","","","","","","","","","","","","","","","","","","","","","","","","","","","","","","","","","","","","","","","","","","","","",""
"9ZC5PAAE","conferencePaper","2025","Brahmaiah, V.P.; Kumar, E.N.; Akshith, B.S.; Pavan, A.D.","Revolutionizing Democracy: FPGA-Powered Voting Machine","IEEE Int. Conf. for Adv. Technol., ICONAT","979-833159573-9 (ISBN)","","10.1109/ICONAT66879.2025.11362822","https://www.scopus.com/pages/publications/105034021913?origin=resultslist","The integrity and dependability of voting systems are crucial for preserving democratic processes. Traditional voting machines, while practical, frequently confront issues with security, accuracy, and transparency. To overcome these issues, this work introduces a revolutionary voting machine architecture based on Field-Programmable Gate Arrays (FPGAs). Our FPGA-based voting machine design prioritizes better security, high reliability, and operational transparency. We use the FPGA's reconfigurability to provide strong encryption and authentication techniques, ensuring that vote data is secure and tamper-proof. The suggested system has a user-friendly interface for voters, various layers of error detection, and a secure data transmission protocol to prevent unwanted access. Our findings show that the FPGA-based voting machine outperforms previous systems, offering a more secure, reliable, and transparent alternative for modern elections. This article explains the system's design methodology, implementation details, and performance evaluation, emphasizing its potential to improve electoral processes around the globe. © 2025 IEEE.","2025","2026-05-02 11:49:15","2026-05-02 11:49:15","","","","","","","","","","","","","Institute of Electrical and Electronics Engineers Inc.","","English","","","Scopus","","","","Journal Abbreviation: IEEE Int. Conf. for Adv. Technol., ICONAT","<p>Export Date: 02 May 2026; Cited By: 0</p>","","","Authentication; Hardware security; Network security; Field programmable gate arrays (FPGA); Integrated circuit design; Machine design; Cryptography; Field programmables; Field-programmable gate array; Programmable gate array; High reliability; reliability; Reliability; Architecture-based; authentication; Democratic process; Electronic voting; encryption; EVM; EVMs; FPGAs; Industrial electronics; integrity; Integrity; Machine architectures; Transparency; Voting machines; Voting systems","","","","","","","","","","","","","","","","","","","","","","","","","","","","","","","","2025 IEEE 4th International Conference for Advancement in Technology, ICONAT 2025","","","","","","","","","","","","","","",""
"IDC47TAQ","journalArticle","2022","Torres-Alvarado, A.; Morales-Rosales, L.A.; Algredo-Badillo, I.; López-Huerta, F.; Lobato-Báez, M.; López-Pimentel, J.C.","An SHA-3 Hardware Architecture against Failures Based on Hamming Codes and Triple Modular Redundancy","Sensors","","14248220 (ISSN)","10.3390/s22082985","https://www.scopus.com/pages/publications/85128228616?origin=resultslist","Cryptography has become one of the vital disciplines for information technology such as IoT (Internet Of Things), IIoT (Industrial Internet Of Things), I4.0 (Industry 4.0), and automotive applications. Some fundamental characteristics required for these applications are confidentiality, authentication, integrity, and nonrepudiation, which can be achieved using hash functions. A cryptographic hash function that provides a higher level of security is SHA-3. However, in real and modern applications, hardware implementations based on FPGA for hash functions are prone to errors due to noise and radiation since a change in the state of a bit can trigger a completely different hash output than the expected one, due to the avalanche effect or diffusion, meaning that modifying a single bit changes most of the desired bits of the hash; thus, it is vital to detect and correct any error during the algorithm execution. Current hardware solutions mainly seek to detect errors but not correct them (e.g., using parity checking or scrambling). To the best of our knowledge, there are no solutions that detect and correct errors for SHA-3 hardware implementations. This article presents the design and a comparative analysis of four FPGA architectures: two without fault tolerance and two with fault tolerance, which employ Hamming Codes to detect and correct faults for SHA-3 using an Encoder and a Decoder at the step-mapping functions level. Results show that the two hardware architectures with fault tolerance can detect up to a maximum of 120 and 240 errors, respectively, for every run of KECCAK-p, which is considered the worst case. Additionally, the paper provides a comparative analysis of these architectures with other works in the literature in terms of experimental results such as frequency, resources, throughput, and efficiency. © 2022 by the authors. Licensee MDPI, Basel, Switzerland.","2022","2026-05-02 11:49:15","2026-05-02 11:49:15","","","","8","22","","Sensors","","","","","","MDPI","","English","","","Scopus","","","","","<p>Export Date: 02 May 2026; Cited By: 7; Correspondence Address: L.A. Morales-Rosales; Facultad de Ingeniería Civil, CONACYT-Universidad Michoacana de San Nicolás de Hidalgo, Michoacán, 58000, Mexico; email: lamorales@conacyt.mx; I. Algredo-Badillo; CONACYT-Instituto Nacional de Astrofísica, Óptica y Electrónica, Puebla, 72840, Mexico; email: algredobadillo@inaoep.mx</p>","","","Field programmable gate arrays (FPGA); Hardware implementations; Internet of things; Security; Hash functions; security; Errors; Hardware architecture; Comparative analyzes; Fault tolerance; FPGA architectures; SHA-3; fault tolerance; Triple modular redundancy; Hamming code; Block codes; Internet of things industries; VANET","","","","","","","","","","","","","","","","","","","","","","","","","","","","","","","","","","","","","","","","","","","","","","",""
"6GF3S8LZ","journalArticle","2024","Roy, A.; J, K.; N, R.; Begum, B.S.","OTK-based PUF CRP obfuscation for IoT device authentication","Microelectronics Journal","","09598324 (ISSN)","10.1016/j.mejo.2023.106070","https://www.scopus.com/pages/publications/85198420504?origin=resultslist","The use of a strong physical unclonable function (PUF) for device authentication in resource-limited settings is promising but susceptible to machine learning (ML) attacks. Several defenses have been suggested, but they often have drawbacks such as increased hardware requirements, compromised reliability, and limited effectiveness against sophisticated ML attacks. To overcome these challenges, a one-time key-based (OTK) obfuscation approach has been proposed aiming to bolster the security of robust PUFs when facing machine learning-based attacks. The main concept involves obtaining multiple stable responses from the PUF and selecting one as the initial key for challenge obfuscation. However, only the challenge input for the selected key is stored on the device side. The server stores all the stable challenge-response pairs and uses this selected key for the first authentication only. After every authentication, the input to the key is updated on both sides. For response obfuscation random number generated by the server is used. Our proposed method can effectively prevent ML attacks with minimal hardware requirements. Arbiter-PUF and Rely-PUF as case studies are analyzed. Experimental findings indicate that when applied to 64 × 64 Arbiter and Rely PUF, our method significantly reduces the effectiveness of various machine learning attacks, resulting in a prediction accuracy of approximately 50.6% and 50.96% respectively. This level of accuracy is comparable to random guessing. The 64-bit OTK-PUF boasts an impressively compact storage footprint, comprising merely 164 Look-Up Tables (LUTs), 276 flip-flops, and a 512-bit of read-only memory (ROM). The execution of the protocol on the Vitis platform takes a mere 0.02 s on the device side. © 2023 Elsevier Ltd","2024","2026-05-02 11:49:15","2026-05-02 11:49:15","","","","","144","","Microelectron J","","","","","","Elsevier Ltd","","English","","","Scopus","","","","","<p>Export Date: 02 May 2026; Cited By: 5; Correspondence Address: A. Roy; National Institute of Technology Tiruchirappalli, Tiruchirappalli, Tanjore Main Road, Tamil Nadu, 620015, India; email: aditiroy500@gmail.com; CODEN: MICEB</p>","","","Authentication; Hardware security; Field programmable gate arrays (FPGA); FPGA; Cryptography; Internet of things; Case-studies; Random number generation; Table lookup; Machine-learning; Random Numbers; IoT; Machine learning; PUF; Flip flop circuits; Challenge-response pair; Device authentications; IP; Machine learning attack; ML attacks; Obfuscation; Sophisticated machines","","","","","","","","","","","","","","","","","","","","","","","","","","","","","","","","","","","","","","","","","","","","","","",""
"RZW3DB39","journalArticle","2026","Huang, Z.; Du, X.; Su, C.; Bian, J.","NLFSR PUF: A lightweight and reliable strong PUF with modeling-attack resistance","Microelectronics Journal","","09598324 (ISSN)","10.1016/j.mejo.2026.107137","https://www.scopus.com/pages/publications/105031906351?origin=resultslist","The rapid growth of IoT devices raises critical security challenges, as limited resources hinder conventional cryptographic use. Physical Unclonable Functions (PUFs) offer a hardware-based solution by exploiting manufacturing variations for authentication and key generation. However, strong PUFs remain vulnerable to machine-learning attacks. To address this, we propose a lightweight obfuscation framework based on a nonlinear feedback shift register (NLFSR). By introducing strong nonlinearity and internal state into the challenge–response mapping, the framework disrupts linear delay models used in modeling attacks. FPGA experiments demonstrate that the proposed design reduces the prediction accuracy of advanced learning models to about 50%, equivalent to random guessing. Compared with existing lightweight PUFs, the NLFSR PUF lowers area overhead by nearly 33%, while achieving 96.47% reliability and 49.99% uniqueness. Reliability ranges from 91.66% to 96.47% across −10 °C to 60 °C, with 93.40% at 0.90 V, 96.47% at 1.00 V, and 88.79% at 1.10 V. Its randomness also passes the NIST SP800-22 test. © 2026 Elsevier Ltd","2026","2026-05-02 11:49:16","2026-05-02 11:49:16","","","","","173","","Microelectron J","","","","","","Elsevier Ltd","","English","","","Scopus","","","","","<p>Export Date: 02 May 2026; Cited By: 0; Correspondence Address: J. Bian; School of Integrated Circuits, Anhui Polytechnic University, Wuhu, 241000, China; email: jingchangbian@126.com; CODEN: MICEB</p>","","","Hardware security; Network security; Learning systems; Cryptography; CryptoGraphics; Machine-learning; Rapid growth; Key generation; Machine learning; Random processes; Security challenges; Challenge response; Physical Unclonable Functions; Internal state; Manufacturing Variation; Nonlinear feedback; Nonlinear feedback shift register; Nonlinear feedback shift registers; Strong nonlinearity","","","","","","","","","","","","","","","","","","","","","","","","","","","","","","","","","","","","","","","","","","","","","","",""
"R48I57TR","journalArticle","2025","Shao, C.; Li, W.; Li, H.; Liang, J.","Lattice-Based Fault Attack and Defensive Strategies Targeting the SM2 Signature Algorithm","Electronics Letters","","00135194 (ISSN)","10.1049/ell2.70195","https://www.scopus.com/pages/publications/105000948814?origin=resultslist","Fault attacks targeting signature nonce pose a critical threat to elliptic curve digital signatures, potentially exposing private keys through non-invasive methods. This letter presents an efficient and practical defence strategy against lattice-based fault injection attacks on ephemeral nonce in the SM2 digital signature algorithm (SM2-DSA). Our proposed countermeasure effectively protects against such sophisticated lattice-based fault attacks while maintaining minimal overhead in both time and hardware resources. Specifically, our countermeasure incurs only a 0.8% time overhead and the area overhead for secure design does not exceed 1%. Our research provides valuable insights for evaluating the security of hardware implementations of SM2-DSA. © 2025 The Author(s). Electronics Letters published by John Wiley & Sons Ltd on behalf of The Institution of Engineering and Technology.","2025","2026-05-02 11:49:16","2026-05-02 11:49:16","","","","1","61","","Electron. Lett.","","","","","","John Wiley and Sons Inc","","English","","","Scopus","","","","","<p>Export Date: 02 May 2026; Cited By: 0; Correspondence Address: C. Shao; Shenzhen University of Advanced Technology, Shenzhen, China; email: cuiping.shao@siat-sz.edu.cn; CODEN: ELLEA</p>","","","Authentication; Hardware security; Network security; Digital signature algorithms; Lattice-based; Field programmable gate arrays (FPGA); Public key cryptography; Image segmentation; Field programmables; Programmable gate array; Authentication Protocol; Field programmable gate array; Faults attacks; Signature algorithms; Elliptic curve digital signature; cryptography; Attack strategies; Defensive strategies; field programmable gate arrays; integrating circuits","","","","","","","","","","","","","","","","","","","","","","","","","","","","","","","","","","","","","","","","","","","","","","",""
"EX4XFLCT","journalArticle","2022","Agarwal, S.K.; Joshi, A.M.","Device authentication with FPGA based self correcting Physical Unclonable Function for Internet of Things","Microprocessors and Microsystems","","01419331 (ISSN)","10.1016/j.micpro.2022.104717","https://www.scopus.com/pages/publications/85141917881?origin=resultslist","The device authentication of IoT nodes is very important since they are mainly deployed in open unsecure environment. Physical Unclonable Function (PUF) is a fingerprint of chip and may be useful to solve the hardware security issues in IoT network. This fingerprint is based on the inevitable physical variations that occur during the manufacturing of the device and is useful for generating cryptographic keys. These variations are random in nature and extracted through Challenges–Response Pairs. However, the responses of the device are subjected to change in the environmental condition such as temperature variations, humidity alteration, aging effect and voltage variations. The paper presents reliable PUF solution using an efficient error correction scheme. The main contribution of the paper is to design a secure and effective self-error correctable PUF for tiny IoT nodes. The systematic Golay code and decoding algorithm are applied with PUF for improvement of the reliability in IoT applications. The hardware implementation of Golay code based error correction along with PUF is performed on FPGA board to validate the proof of concept as reliable hardware security solution. The proposed design has good performance with 45% uniqueness and 97% of reliability using efficient error correction mechanism. The hardware results show that our proposed self correcting PUF based solution would suited for small sensors in various IoT applications. © 2022 Elsevier B.V.","2022","2026-05-02 11:49:16","2026-05-02 11:49:16","","","","","95","","Microprocessors Microsyst","","","","","","Elsevier B.V.","","English","","","Scopus","","","","","<p>Export Date: 02 May 2026; Cited By: 8; Correspondence Address: A.M. Joshi; Malaviya National Institute of Technology, Department of Electronics and Communication, Jaipur, India; email: amjoshi.ece@mnit.ac.in; CODEN: MIMID</p>","","","Authentication; Hardware security; Field programmable gate arrays (FPGA); Integrated circuit design; Cryptography; Internet of things; Error correction; Challenge-response pair; Reliability; Device authentications; Challenge; Cryptographic key; Environmental conditions; Errors correction; Golay code; Randomness; Response; Security issues","","","","","","","","","","","","","","","","","","","","","","","","","","","","","","","","","","","","","","","","","","","","","","",""
"BRGPNBHV","conferencePaper","2023","Asha, A.K.; Patyal, A.; Chen, H.-M.","On Reliability Hardening of FPGA based RO-PUF by using Regression Methodologies","Int. VLSI Symp. Technol., Syst. Appl., VLSI-TSA/VLSI-DAT - Proc.","979-835033416-6 (ISBN)","","10.1109/VLSI-TSA/VLSI-DAT57221.2023.10134221","https://www.scopus.com/pages/publications/85163013322?origin=resultslist","Physical Unclonable Function (PUF) is a rapidly growing hardware security primitive. In reconfigurable systems, applications requiring high security generate the secret keys using PUFs. Due to the limited control over an FPGA fabric, it is challenging to design a PUF with 100% reliability. In this work, we propose a novel method of improving the reliability of an RO PUF under varying operating temperature. We first analyze the impact of temperature on the device characteristics that are responsible for variations in the RO frequency by using linear and non-linear regression methodologies. Later, we use this knowledge to correct the output response bit flips to improve reliability. Our proposed method is evaluated on a large dataset of 50 Xilinx 28nm Artix-7 XC7A35T FPGAs, each containing 6592 ROs at six different operating temperatures. Our experiments prove that we can correct the unreliable key back to a reliable one, thus achieving a higher reliability at different operating temperatures.  © 2023 IEEE.","2023","2026-05-02 11:49:16","2026-05-02 11:49:16","","","","","","","","","","","","","Institute of Electrical and Electronics Engineers Inc.","","English","","","Scopus","","","","Journal Abbreviation: Int. VLSI Symp. Technol., Syst. Appl., VLSI-TSA/VLSI-DAT - Proc.","<p>Export Date: 02 May 2026; Cited By: 0</p>","","","Hardware security; Field programmable gate arrays (FPGA); Cryptography; Secret key; Access control; Operating temperature; Temperature; High securities; Security primitives; Reliability; RO-PUF; FPGA fabric; Large dataset; Novel methods; Reconfigurable-systems; Regression; Regression analysis; RO-physical unclonable function; System applications","","","","","","","","","","","","","","","","","","","","","","","","","","","","","","","","2023 International VLSI Symposium on Technology, Systems and Applications, VLSI-TSA/VLSI-DAT 2023 - Proceedings","","","","","","","","","","","","","","",""
"6IZT9B6Z","conferencePaper","2023","Sun, G.; Jiang, M.; Khooi, X.Z.; Li, Y.; Li, J.","NeoBFT: Accelerating Byzantine Fault Tolerance Using Authenticated In-Network Ordering","SIGCOMM - Proc. ACM SIGCOMM Conf.","979-840070236-5 (ISBN)","","10.1145/3603269.3604874","https://www.scopus.com/pages/publications/85174050326?origin=resultslist","Mission critical systems deployed in data centers today are facing more sophisticated failures. Byzantine fault-tolerant (BFT) protocols are capable of masking these types of failures, but are rarely deployed due to their performance cost and complexity. In this work, we propose a new approach to designing high performance BFT protocols in data centers. By re-examining the ordering responsibility between the network and the BFT protocol, we advocate a new abstraction offered by the data center network infrastructure. Concretely, we design a new authenticated ordered multicast primitive (aom) that provides transferable authentication and non-equivocation guarantees. Feasibility of the design is demonstrated by two hardware implementations of aom- one using HMAC and the other using public key cryptography for authentication - on new-generation programmable switches. We then co-design a new BFT protocol, NeoBFT, that leverages the guarantees of aom to eliminate cross-replica coordination and authentication in the common case. Evaluation results show that NeoBFT outperforms state-of-the-art protocols on both latency and throughput metrics by a wide margin, demonstrating the benefit of our new network ordering abstraction for BFT systems. © 2023 Owner/Author(s).","2023","2026-05-02 11:49:16","2026-05-02 11:49:16","","239-254","","","","","","","","","","","Association for Computing Machinery, Inc","","English","","","Scopus","","","","Journal Abbreviation: SIGCOMM - Proc. ACM SIGCOMM Conf.","<p>Export Date: 02 May 2026; Cited By: 14</p>","","","Authentication; Public key cryptography; Internet protocols; Datacenter; Fault tolerance; Performance costs; Abstracting; Byzantine fault; Byzantine fault tolerance; byzantine-fault tolerance; Fault tolerant protocols; In networks; in-network ordering; In-network ordering; Mission critical systems; Programmable network; programmable networks; state machine replication; State machine replication","","","","","","","","","","","","","","","","","","","","","","","","","","","","","","","","SIGCOMM 2023 - Proceedings of the ACM SIGCOMM 2023 Conference","","","","","","","","","","","","","","",""
"BY3VC6UB","journalArticle","2025","Maheshwari, N.; Panchore, M.; Vishvakarma, S.K.","BRO PUF: A Bi-directional Ring Oscillator-Based PUF for IoT Security","IETE Journal of Research","","03772063 (ISSN)","10.1080/03772063.2025.2540042","https://www.scopus.com/pages/publications/105017049528?origin=resultslist","Protecting and securing a system for Internet of Things (loT) applications involve hardware-based security primitives. For the purpose of cryptographic key generation and authentication, Physically Unclonable Functions (PUFs) have emerged as the most widely used low-cost security primitives. This paper introduces the Bi-directional ring oscillator (BRO), featuring a configurable structure based on gated logic. Simulation results of the proposed BRO PUF, when compared to prior PUF designs, shows better uniqueness. Notably, the proposed PUF design generates twice as many CRP in comparison with the conventional ring oscillator (RO) PUF. The proposed BRO PUF design is implemented on 40-nm CMOS technology at a 1.1-V supply. To validate the functionality, the proposed design is implemented on a Basys-3 FPGA board for calculating various PUF parameters. The simulation result highlights that it possesses a uniqueness value of 0.498 and 0.492. We conducted a comparative study at different stages of BRO, focusing on delay and power. The number of stages in the proposed BRO PUF can be selected on the target application, enabling design flexibility while maintaining uniqueness and reliability. This work reports uniqueness 49.8% which is 1.01X, 1.004X, 1.02X compared to conventional RO and SRAM, RRAM, Static monostable-based PUF and bit alising 1.01X and recent state-o-art RO PUF designs, highlighting its enhanced performance. © 2025 IETE.","2025","2026-05-02 11:49:16","2026-05-02 11:49:16","","4153-4166","","12","71","","IETE J Res","","","","","","Taylor and Francis Ltd.","","English","","","Scopus","","","","","<p>Export Date: 02 May 2026; Cited By: 1</p>","","","Hardware security; Network security; Integrated circuit design; Cryptography; Internet of things; Security; Key generation; Logic design; Function designs; Physically unclonable functions; Ring oscillator; Security primitives; Oscillators (electronic); Challenge-response pair; Physical unclonable function; Cryptographic key; Bi-directional rings; Bromine compounds; Challenge–response pair; Uniqueness","","","","","","","","","","","","","","","","","","","","","","","","","","","","","","","","","","","","","","","","","","","","","","",""
"9KN8EYEC","conferencePaper","2023","Faruque, M.O.; Che, W.","Enlarging Reliable Pairs via Inter-Distance Offset for a PUF Entropy-Boosting Algorithm","Proc. - Int. Symp. Qual. Electron. Des., ISQED","19483287 (ISSN); 979-835033475-3 (ISBN)","","10.1109/ISQED57927.2023.10129308","https://www.scopus.com/pages/publications/85161579065?origin=resultslist","Physically Unclonable Functions (PUFs) are emerging hardware security primitives that leverage random variations during chip fabrication to generate unique secrets. The amount of random secrets that can be extracted from a limited number of physical PUF components can be measured by entropy bits. Existing strategies of pairing or grouping N RO-PUF elements have an entropy upper bound limited by log2(N!) or O(N•log2(N)). A recently proposed entropy boosting technique [9] improves the entropy bits to be quadratically large at N(N-1)/2 or O(N^2), significantly improved the RO-PUF hardware utilization efficiency in generating secrets. However, the improved amount of random secrets comes at the cost of discarding a large portion of unreliable bits. In this paper, we propose an ""Inter-Distance Offset (IDO)""technique that converts those unreliable pairs to be reliable by adjusting the pair inter-distance to an appropriate range. Theoretical analysis of the ratio of converted unreliable bits is provided along with experimental validations. Experimental evaluations on reliability, Entropy and reliability tradeoffs are given using real RO PUF datasets in [10]. Information leakage is analyzed and evaluated using PUF datasets to identify those offset ranges that leak no information. The proposed technique improves the portion of reliable (quadratically large) entropy bits by 20% and 100% respectively for different offset ranges. Hardware implementation on FPGAs demonstrates that the proposed technique is lightweight in implementation and runtime. © 2023 IEEE.","2023","2026-05-02 11:49:16","2026-05-02 11:49:16","","","","","2023-April","","","","","","","","IEEE Computer Society","","English","","","Scopus","","","","Journal Abbreviation: Proc. - Int. Symp. Qual. Electron. Des., ISQED","<p>Export Date: 02 May 2026; Cited By: 0; Correspondence Address: M.O. Faruque; New Mexico State University, Klipsch School of Electrical and Computer Engineering, Las Cruces, 88003, United States; email: faruque@nmsu.edu</p>","","","Hardware security; Cryptography; Physically unclonable functions; Security primitives; Entropy; Reliability; Boosting algorithm; Chip fabrication; Entropy boosting; Function components; Function element; Inter-distances; Physically Unclonable Functions; Random variation; Reliability enhancing; Reliability Enhancing","","","","","","","","","","","","","","","","","","","","","","","","","","","","","","","","Proceedings - International Symposium on Quality Electronic Design, ISQED","","","","","","","","","","","","","","",""
"Y9SWMPLZ","journalArticle","2023","Cicek, I.; Al Khas, A.","A new read–write collision-based SRAM PUF implemented on Xilinx FPGAs","Journal of Cryptographic Engineering","","21908508 (ISSN)","10.1007/s13389-021-00281-8","https://www.scopus.com/pages/publications/85123869777?origin=resultslist","Physically unclonable functions (PUFs) are device-specific digital fingerprints derived from physical properties. They are used in critical cryptographic applications, including unique ID generation, key generation, and challenge-response-based authentication. The advantages of low implementation cost and robust operation render PUF an indispensable component for secure embedded systems. In the last decade, SRAM-based PUFs have become very popular in the ASIC industry due to increasing security demand against cloning and counterfeiting. However, their use in the FPGA applications is limited, since it is almost impossible to power-cycle the SRAMs after the FPGA device is configured. Additionally, FPGA vendors usually clear the SRAM contents after power on which also makes it hard to implement an SRAM PUF. In this work, we propose a new approach for designing SRAM-based PUFs on Xilinx FPGAs. The proposed PUF is based on the idea of triggering a collision between reading and writing operations in a block-RAM to generate random responses induced by timing violation instead of power cycling. We have integrated the proposed PUF as an AXI peripheral with a synthesizable processor core for data acquisition. The design has been tested on 10 different Xilinx Artix-7 devices of the same type, and acquired data were tested for reliability, uniqueness, bit-aliasing, and uniformity properties. On the average, the proposed PUF achieved 93% reliability (at 55 ∘C), 37% uniqueness, 47% bit-aliasing, and 55% uniformity. © 2021, The Author(s), under exclusive licence to Springer-Verlag GmbH Germany, part of Springer Nature.","2023","2026-05-02 11:49:16","2026-05-02 11:49:16","","19-36","","1","13","","J. Cryptographic Eng.","","","","","","Springer Science and Business Media Deutschland GmbH","","English","","","Scopus","","","","","<p>Export Date: 02 May 2026; Cited By: 11; Correspondence Address: I. Cicek; Department of Electrical-Electronics Engineering, Istinye University, Istanbul, Turkey; email: ihsan.cicek@istinye.edu.tr</p>","","","Hardware security; Field programmable gate arrays (FPGA); FPGA; Integrated circuit design; Cryptography; Embedded systems; Data acquisition; Cryptographic applications; Cryptographic primitives; Physically unclonable functions; PUF; Physically unclonable function; Aliasing; Cryptographic primitive; Digital fingerprint; Read–write collision; SRAM physically unclonable function; SRAM PUF; Xilinx FPGA","","","","","","","","","","","","","","","","","","","","","","","","","","","","","","","","","","","","","","","","","","","","","","",""
"D4KQCSBF","conferencePaper","2023","Zhou, L.; Wang, J.; Huang, Z.; Fan, L.; Wang, Q.; Liu, J.; Wan, B.","A Logic Encryption-Enhanced PUF Architecture to Deceive Machine Learning-Based Modeling Attacks","Proc Asian Test Symp","10817735 (ISSN); 979-835030310-0 (ISBN)","","10.1109/ATS59501.2023.10318014","https://www.scopus.com/pages/publications/85179181738?origin=resultslist","As a low-cost hardware security primitive, physically unclonable function (PDF) has been widely utilized in secure key generation and identity authentication of physical devices due to the advantages of high reliability and randomness. However, hackers can model a PDF circuit by collecting a small number of challenge- response pairs (CRPs), making it potentially vulnerable to machine learning (ML) attacks. To effectively resist this risk, various ML-resistance methods have been proposed. However, most of them mainly enhance the anti-attack ability of PDFs by structure nonlinear and CRP obfuscation, reducing stability and reliability. Therefore, we present a logic encryption-enhanced PDF (LEE PDF) architecture to resist ML-based attacks without affecting PDF performance. A logic encryption unit is applied to protect the function of original PDF circuits, thus concealing the valid CRPs in a large number of useless ones. Since hackers can only obtain a sparse number of useful CRPs without knowing the correct key, making it impossible to model PDF using ML methods. We have implemented the proposed LEE PDF on FPGA micro-boards. The experimental results demonstrate that the LEE PDF with only 2-bit key can effectively resist various ML- based attacks, average prediction rate is close to 50 %. In addition, the PDF performance remains almost constant.  © 2023 IEEE.","2023","2026-05-02 11:49:16","2026-05-02 11:49:16","","","","","","","","","","","","","IEEE Computer Society","","English","","","Scopus","","","","Journal Abbreviation: Proc Asian Test Symp","<p>Export Date: 02 May 2026; Cited By: 1; Correspondence Address: Z. Huang; School of Computer Science and Technology, Xidian University, Xi'an, China; email: z_huang@xidian.edu.cn</p>","","","Hardware security; Network security; Performance; Cryptography; Internet of things; Machine-learning; Computer circuits; IoT; Machine learning; Challenge-response pair; Machine learning attack; Challenge- response pair hiding; CRP Hiding; Learning Based Models; Logic encryption; Logic Encryption; Low cost hardware; Machine Learning Attack; PDF; Personal computing","","","","","","","","","","","","","","","","","","","","","","","","","","","","","","","","Proceedings of the Asian Test Symposium","","","","","","","","","","","","","","",""
"XI2VPIKP","conferencePaper","2023","Sun, H.; Xu, J.; Yin, L.","Satellite-Borne Fault-Tolerant Hardware Encryption for TT&C Data Secure Communication","Int. Conf. Commun. Technol. Proc. ICCT","25767844 (ISSN); 979-835032595-9 (ISBN)","","10.1109/ICCT59356.2023.10419744","https://www.scopus.com/pages/publications/85186074353?origin=resultslist","Satellite-borne data encryption is one of the main methods to ensure the security of satellite tracking, telemetry and command (TT&C) data communication. However, during the on-orbit execution of the encryption algorithm, the single event upset (SEU) may cause bit flips in memory, and the single-bit errors will spread with the execution of the algorithm, resulting in a large number of errors in the output result. To achieve reliable on-orbit encryption of satellite TT&C data, this paper proposes an efficient and reliable satellite-borne hardware design of Zu Chongzhi (ZUC) stream cipher algorithm, which is implemented on an FPGA platform. Firstly, this paper proposes an alternating processing structure of ZUC stream cipher algorithm using pipeline and 2-slow retiming techniques. This structure mitigates the efficiency degradation of the algorithm caused by the fault-tolerant structure and enhances the execution efficiency in the initialization stage and throughput of the algorithm. Secondly, to solve the problem of algorithm execution errors caused by SEU, this paper uses a Hamming code to provide register-level fault tolerance, which can correct single-bit errors of registers in time and reduce the error probability of output results. The proposed structure not only enhances the reliability of output results, but also reduces the efficiency loss caused by the fault-tolerant structure, and provides the satellite with reliable on-orbit encryption capability for TT&C data secure communication. © 2023 IEEE.","2023","2026-05-02 11:49:16","2026-05-02 11:49:16","","50-55","","","","","","","","","","","Institute of Electrical and Electronics Engineers Inc.","","English","","","Scopus","","","","Journal Abbreviation: Int. Conf. Commun. Technol. Proc. ICCT","<p>Export Date: 02 May 2026; Cited By: 0; Correspondence Address: J. Xu; Beijing National Research Center for Information Science and Technology, Tsinghua University, Beijing, China; email: xujin59545@tsinghua.edu.cn</p>","","","Satellites; Cryptography; Orbits; Error correction; C (programming language); Efficiency; Radiation hardening; Single event upsets; Satellite communication systems; Fault tolerance; Computer hardware description languages; Fault-tolerant; Stream Ciphers; 2-slow retiming; Cipher algorithms; fault-tolerant code; Fault-tolerant code; Retiming; SEU; Telemetry and command; Tracking, telemetry and command data secure communication; TT&C data secure communication; Zu Chongzhi; Zu chongzhi stream cipher algorithm; ZUC stream cipher algorithm","","","","","","","","","","","","","","","","","","","","","","","","","","","","","","","","International Conference on Communication Technology Proceedings, ICCT","","","","","","","","","","","","","","",""
"AUI4GT3R","conferencePaper","2024","Lu, Z.; Chen, Q.; Xu, P.; Zhang, J.; Qu, G.","A Cryptographic Hardware Engineering Course based on FPGA and Security Analysis Equipment","Proc. ACM Great Lakes Symp. VLSI GLSVLSI","979-840070605-9 (ISBN)","","10.1145/3649476.3658755","https://www.scopus.com/pages/publications/85197875941?origin=resultslist","Cryptographic Hardware Engineering (CHE) is an emerging field that amalgamates cryptography principles with hardware design and implementation. It plays an increasingly important role as secure and trustworthy computing and communication is needed in all applications. In order to introduce CHE into undergraduate curriculum to prepare the next generation workforce, students must have a solid theoretical foundation in cryptography, be proficient in digital circuit design, and have access to commercial design tools and equipment. In this paper, we report our experience in developing and teaching a CHE course for junior students. The course consists of three components that are complementary to each other: digital circuits and FPGA design fundamentals, hardware implementation of cryptographic algorithms, and security analysis of cryptographic hardware. Through this course, students get a good comprehension of CHE principles and gain hands-on experience in secure cryptographic hardware design and analysis. © 2024 ACM.","2024","2026-05-02 11:49:16","2026-05-02 11:49:16","","706-711","","","","","","","","","","","Association for Computing Machinery","","English","","","Scopus","","","","Journal Abbreviation: Proc. ACM Great Lakes Symp. VLSI GLSVLSI","<p>Export Date: 02 May 2026; Cited By: 0</p>","","","Hardware security; Network security; Side channel attack; Side-channel attacks; Field programmable gate arrays (FPGA); Integrated circuit design; Students; Teaching; Field programmables; Programmable gate array; Field programmable gate array; Security systems; Curricula; Security analysis; Fault injection attacks; Cryptographic hardware; Cryptographic hardware engineering; Cryptographic Hardware Engineering; Digital circuits; Engineering course; Fault Injection Attack; Field Programmable Gate Array; Hardware engineering; Integrated circuit manufacture; Side-Channel Attack","","","","","","","","","","","","","","","","","","","","","","","","","","","","","","","","Proceedings of the ACM Great Lakes Symposium on VLSI, GLSVLSI","","","","","","","","","","","","","","",""
"4DENDULW","conferencePaper","2023","Fang, X.; Zhang, H.; Wang, X.; Cui, X.; Wang, Y.; Zhang, Y.","Algebraic Fault Analysis of GIFT_64_128 Block Cipher Based on Hardware Trojan","IEEE Int. Symp. Electromagn. Compat.","10774076 (ISSN); 979-835033310-7 (ISBN)","","10.1109/ISEMC58300.2023.10370129","https://www.scopus.com/pages/publications/85182743208?origin=resultslist","Based on the algebraic fault analysis method, a new hardware trojan is proposed to implement fault injection of cryptographic chip on FPGA. A random state value is used to realize the activation circuit and a single XOR-gate is used to realize the bit-flipping at a specific position. Set up a variety of random state sequences to achieve multiple single-bit fault injections. According to the algebraic properties of the GIFT_64_128 block cipher, using the algebraic fault analysis method, the key can be solved by at least 12 single-bit faults based on the fault ciphertexts and incorrect encryption information generated by the faults. The number of faults required is significantly reduced compared to existing methods.  © 2023 IEEE.","2023","2026-05-02 11:49:16","2026-05-02 11:49:16","","","","","","","","","","","","","Institute of Electrical and Electronics Engineers Inc.","","English","","","Scopus","","","","Journal Abbreviation: IEEE Int. Symp. Electromagn. Compat.","<p>Export Date: 02 May 2026; Cited By: 0; Correspondence Address: H. Zhang; School of Electronic Engineering, Beijing University of Posts and Telecommunications, Beijing, China; email: hongxinzhang@bupt.edu.en; CODEN: IISPD</p>","","","Hardware security; Cryptography; Software testing; Algebra; Fault injection; Block ciphers; hardware trojan; Fault analysis; fault injection; Algebraic fault analyse; algebraic fault analysis; Cryptographic chip; Fault analysis methods; Random state; Single-bit; Solv; solver; State values","","","","","","","","","","","","","","","","","","","","","","","","","","","","","","","","IEEE International Symposium on Electromagnetic Compatibility","","","","","","","","","","","","","","",""
"B52UIGDK","conferencePaper","2024","Yu, C.; Zhang, X.","Design and Implementation of User Authentication Mechanism for Vehicle-to-Everything Based on FPGA","Adv. Transdiscipl. Eng.","2352751X (ISSN); 978-164368524-3 (ISBN)","","10.3233/ATDE240515","https://www.scopus.com/pages/publications/85198549149?origin=resultslist","Aiming at the problem that the current vehicle communication authentication mechanism lacks hardware verification, this paper proposes a new Vehicle-to-Everything(V2X) user authentication mechanism based on FPGA (Field Programmable Gate Array), aiming at improving the safety and reliability of vehicle communication. The mechanism adopts One-Time Password (OTP), Elliptic curve cryptography (ECC) and Secure Hash Algorithm 2 (SHA-2) to realize a highly secure authentication process, and the above algorithms are implemented in FPGA. Compared with the security and resource cost of using a single cryptography mechanism, this paper is effective in authentication, collision resistance, replay attack, man-in-the-middle attack and identity forgery attack, and completes information encryption processing in microsecond level, which improves the performance and reduces the resource occupation, which proves the security and effectiveness of the proposed method in the case of vehicle-mounted equipment with limited resources. © 2024 The Authors.","2024","2026-05-02 11:49:16","2026-05-02 11:49:16","","689-702","","","57","","","","","","","","IOS Press BV","","English","","","Scopus","","","","Journal Abbreviation: Adv. Transdiscipl. Eng.","<p>Export Date: 02 May 2026; Cited By: 1; Correspondence Address: X. Zhang; School of Automation and Electrical Engineering, Dalian Jiaotong University, Dalian, 116052, China; email: zhangxuxiu@163.com</p>","","","Authentication; Network security; Field programmable gate arrays (FPGA); FPGA; Integrated circuit design; Vehicles; Public key cryptography; 'current; Field programmables; Programmable gate array; Field programmable gate array; Hash functions; Design and implementations; Vehicle to vehicle communications; Authentication mechanisms; Internet of vehicle; Hardware verification; Internet of vehicles; User authentication; Vehicle communication; Vehicle communications; Vehicle to Everything","","Trajkovic L.; Agaian S.S.; Zhang Y.-D.; Pelusi D.; Feng Q.; He J.","","","","","","","","","","","","","","","","","","","","","","","","","","","","","","Advances in Transdisciplinary Engineering","","","","","","","","","","","","","","",""
"A6HMWYZE","journalArticle","2023","Marimuthu, M.; Rajendran, S.; Radhakrishnan, R.; Rengarajan, K.; Khurram, S.; Ahmad, S.; Sayed, A.E.; Shafiq, M.","Implementation of VLSI on Signal Processing-Based Digital Architecture Using AES Algorithm","Computers, Materials and Continua","","15462218 (ISSN)","10.32604/cmc.2023.033020","https://www.scopus.com/pages/publications/85145250817?origin=resultslist","Continuous improvements in very-large-scale integration (VLSI) technology and design software have significantly broadened the scope of digital signal processing (DSP) applications. The use of application-specific integrated circuits (ASICs) and programmable digital signal processors for many DSP applications have changed, even though new system implementations based on reconfigurable computing are becoming more complex. Adaptable platforms that combine hardware and software programmability efficiency are rapidly maturing with discrete wavelet transformation (DWT) and sophisticated computerized design techniques, which are much needed in today's modern world. New research and commercial efforts to sustain power optimization, cost savings, and improved runtime effectiveness have been initiated as initial reconfigurable technologies have emerged. Hence, in this paper, it is proposed that theDWTmethod can be implemented on a fieldprogrammable gate array in a digital architecture (FPGA-DA).We examined the effects of quantization on DWTperformance in classification problems to demonstrate its reliability concerning fixed-point math implementations. The Advanced Encryption Standard (AES) algorithm for DWT learning used in this architecture is less responsive to resampling errors than the previously proposed solution in the literature using the artificial neural networks (ANN) method. By reducing hardware area by 57%, the proposed system has a higher throughput rate of 88.72%, reliability analysis of 95.5% compared to the other standard methods. © 2023 Tech Science Press. All rights reserved.","2023","2026-05-02 11:49:16","2026-05-02 11:49:16","","4729-4745","","3","74","","Comput. Mater. Continua","","","","","","Tech Science Press","","English","","","Scopus","","","","","<p>Export Date: 02 May 2026; Cited By: 6; Correspondence Address: M. Shafiq; Department of Information and Communication Engineering, Yeungnam University, Gyeongsan, 38541, South Korea; email: shafiq@ynu.ac.kr</p>","","","Integrated circuit design; Neural networks; Computer hardware; Cryptography; Application specific integrated circuits; Digital signal processors; Network architecture; Application programs; Data privacy; Digital architecture; VLSI circuits; Continuous improvements; Digital signal processing; signal processing; Advanced Encryption Standard; AES; VLSI; Verylarge-scale integrations (VLSI); Advanced Encryption Standard algorithms; discrete wavelet transformation; Discrete wavelet transforms; Discrete wavelets transformations; Integration design; Integration technologies; Reliability analysis; Signal processing applications; Signal reconstruction; Signal-processing","","","","","","","","","","","","","","","","","","","","","","","","","","","","","","","","","","","","","","","","","","","","","","",""
"TH34KAJS","journalArticle","2024","İnce, E.; Karakaya, B.; Türk, M.","Designing hardware for a robust high-speed cryptographic key generator based on multiple chaotic systems and its FPGA implementation for real-time video encryption","Multimedia Tools and Applications","","13807501 (ISSN)","10.1007/s11042-023-17972-5","https://www.scopus.com/pages/publications/85182462462?origin=resultslist","Recent advancements in communication technologies have highlighted the pivotal role of information security for all individuals and entities. In response, researchers are increasingly focusing on cryptographic solutions to ensure the reliability of confidential information. Recognizing the superiority of chaotic systems preference as entropy source of cryptographic systems, this paper proposes a novel true random number generator (TRNG) design by combining four different chaotic systems outputs, tailored for real-time video encryption application. These chaotic systems are continuous-time Lorenz and fractional-order Chen-Lee systems, as well as discrete-time Logistic and Tent maps. This study generates true random bit (TRB) sequences at a high bit rate (25 Mbps) through the hardware implementations of four distinct chaotic systems to have the best statistical randomness in the resulting output. Then, the cryptographic true random key bits (8-bit at 25 MHz frequency) are employed in the post-processing with real-time video data by using the XOR operation, a fundamental post-processing algorithm. The real-time video encryption application is executed on an experimental assembly, composed of a Field Programmable Gate Array (FPGA) development kit, an OV7670 camera module, a VGA monitor, and prototype circuit boards for the chaotic systems. To evaluate the effectiveness of the proposed encryption system, several security assessments are conducted. These include NIST SP 800 − 22 statistical tests, FIPS 140-1 standards, chi-square tests, histogram and correlation analysis, and NPCR and UACI differential attack resilience tests. Consequently, the findings suggest that the presented real-time embedded cryptosystem is robust and suitable for secure communications, particularly in the realm of video transmission. © The Author(s) 2024.","2024","2026-05-02 11:49:16","2026-05-02 11:49:16","","64499-64532","","24","83","","Multimedia Tools Appl","","","","","","Springer","","English","","","Scopus","","","","","<p>Export Date: 02 May 2026; Cited By: 8; Correspondence Address: B. Karakaya; Faculty of Engineering, Department of Electrical-Electronics Engineering, Fırat University, Elazığ, 23119, Turkey; email: bkarakaya@firat.edu.tr; CODEN: MTAPF</p>","","","Field programmable gate arrays (FPGA); Integrated circuit design; Cryptography; Real time systems; Number theory; Random number generation; Continuous time systems; CryptoGraphics; Random Numbers; Security of data; High Speed; Statistical tests; True randoms; Binary sequences; Chaotic systems; Chaotic map; Fractional order; Fractional-order; Image communication systems; Post-processor; Random number bit generator; Real time videos; Video encryption","","","","","","","","","","","","","","","","","","","","","","","","","","","","","","","","","","","","","","","","","","","","","","",""
"XARZZWV7","conferencePaper","2023","Mei, X.; Zhang, G.; Gu, C.; Wang, Y.","DDQ-APUF: A Highly Reliable Arbiter PUF Using Delay Difference Quantization","Proc. Asian Hardw. Oriented Secur. Trust Symp., AsianHOST","979-835034099-0 (ISBN)","","10.1109/AsianHOST59942.2023.10409352","https://www.scopus.com/pages/publications/85185008607?origin=resultslist","Arbiter PUF (APUF) is one of the most well-known physical unclonable functions (PUFs). However, its hardware implementation has poor reliability on field programmable gate arrays (FPGAs). This paper proposed a highly reliable APUF that uses a multi-bit response delay difference quantization strategy (DDQ-APUF). By adding multiple configurable delay units to the two symmetrical circuits of the conventional APUF, the delay difference between the two symmetrical paths of the APUF can be determined by collecting the output of the APUF with different delay configurations. Moreover, a threshold is used to accommodate the variations in delay differences due to environmental variations. This method greatly improves the reliability of the APUF while achieving a high efficiency. The DDQ-APUF was implemented on Xilinx Artix-7 FPGAs and the experimental results show that the reliability achieves 99.95%.  © 2023 IEEE.","2023","2026-05-02 11:49:16","2026-05-02 11:49:16","","","","","","","","","","","","","Institute of Electrical and Electronics Engineers Inc.","","English","","","Scopus","","","","Journal Abbreviation: Proc. Asian Hardw. Oriented Secur. Trust Symp., AsianHOST","<p>Export Date: 02 May 2026; Cited By: 2; Correspondence Address: Y. Wang; Zhengzhou University, School of Electrical and Information Engineering, Zhengzhou, China; email: ieyaowang@zzu.edu.cn</p>","","","Hardware security; Field programmable gate arrays (FPGA); FPGA; Hardware implementations; Cryptography; Field programmables; Programmable gate array; Field programmable gate array; Security; Quantisation; Reliability; DDQ-APUF; DDQ-arbiter PUF; Delay circuits; Identity authentication; Multi-bits; Response delays","","","","","","","","","","","","","","","","","","","","","","","","","","","","","","","","Proceedings of the 2023 Asian Hardware Oriented Security and Trust Symposium, AsianHOST 2023","","","","","","","","","","","","","","",""
"NKFRKKY8","journalArticle","2023","Yan, B.-Z.; Li, Q.; Mao, H.-K.; Xu, H.-W.; El-Latif, A.A.A.","Large-Scale and High-Speed FPGA-Based Privacy Amplification for Quantum Key Distribution","Journal of Lightwave Technology","","07338724 (ISSN)","10.1109/JLT.2022.3214440","https://www.scopus.com/pages/publications/85140714369?origin=resultslist","In this paper, a high-performance field-programmable gate array (FPGA) based privacy amplification (PA) scheme for both continuous variable and discrete variable - quantum key distribution (QKD) is presented, which can provide more than 1.5 Gbps throughput at the input block size close to $10^{8}$. Besides, the resource consumption is so economical that there is no need of any external storage. To the best of our knowledge, our scheme outperforms existing FPGA based PA schemes by over an order of magnitude in terms of throughput and input block size. To achieve this feature, we design a novel FPGA-based hybrid hash PA algorithm combining multilinear modular hash and modular arithmetic hash (MMH-MH) based on number theoretical transform (NTT). Based on the hybrid hash algorithm, many optimization strategies are designed in our FPGA based PA scheme, such as an NTT-based optimization unit, an NTT-reusable architecture, a memory-saving modular accumulation unit for multilinear modular hash and a pipelined binary modulo unit for modular arithmetic hash. Plentiful experiment results demonstrate the high performance and reliability of our scheme. It can be embedded in most standalone QKD devices conveniently. What's more, it is also a good candidate for a chip-based QKD system.  © 1983-2012 IEEE.","2023","2026-05-02 11:49:16","2026-05-02 11:49:16","","169-175","","1","41","","J Lightwave Technol","","","","","","Institute of Electrical and Electronics Engineers Inc.","","English","","","Scopus","","","","","<p>Export Date: 02 May 2026; Cited By: 7; Correspondence Address: Q. Li; Harbin Institute of Technology, Faculty of Computing, Harbin, Heilongjiang, 150000, China; email: qiongli@hit.edu.cn; CODEN: JLTED</p>","","","Quantum cryptography; Field programmable gate arrays (FPGA); FPGA; Field programmables; Field-programmable gate array; Programmable gate array; Throughput; Mathematical transformations; Field programmable gate array; Performances evaluation; Optimisations; Hash functions; Logic gates; Task analysis; Arithmetic; Modulars; multilinear modular hash; Multilinear modular hash; number theoretical transform; Number theoretical transform; privacy amplification; Privacy amplification; quantum key distribution","","","","","","","","","","","","","","","","","","","","","","","","","","","","","","","","","","","","","","","","","","","","","","",""
"9NXZV8TG","conferencePaper","2024","Chen, J.-J.; Sangalang, R.G.B.; Wu, H.-C.; Wang, C.-C.","A Highly Reliable XNOR-XOR-RO PUF Design for IoT Security Applications","IEEE Symp. Comput. Appl. Ind. Electron., ISCAIE","979-835034879-8 (ISBN)","","10.1109/ISCAIE61308.2024.10576561","https://www.scopus.com/pages/publications/85198905001?origin=resultslist","PUFs or Physical Unclonable Function is now an emerging trend for hardware and IoT (internet-of-things) security solutions. IoT solutions always have a poor security features and are vulnerable to external attacks. Hence, a highly reliable security solution is important for their implementation. This work presents a highly reliable physical unclonable function implemented in an FPGA for use in IoT security. The proposed PUF is implemented in Xilinx ZYNQ 7000 FPGA board and operates at 100 MHz. A novel XNX (XNOR-XOR) Ring Oscillator (RO) PUF with configurable frequency is presented in this report. A statistical measure is used to report the experiments done in the design. The proposed design gives a highly reliable output of 99.86%, uniqueness of 49.90%, and a uniformity of 67.30%. The proposed design offered the most reliable design compared to previous works.  © 2024 IEEE.","2024","2026-05-02 11:49:16","2026-05-02 11:49:16","","143-147","","","","","","","","","","","Institute of Electrical and Electronics Engineers Inc.","","English","","","Scopus","","","","Journal Abbreviation: IEEE Symp. Comput. Appl. Ind. Electron., ISCAIE","<p>Export Date: 02 May 2026; Cited By: 3; Correspondence Address: C.-C. Wang; National Sun Yat-Sen University, Dept. of Electrical Engineering, Kaohsiung, 80424, Taiwan; email: ccwang@ee.nsysu.edu.tw</p>","","","Hardware security; Field programmable gate arrays (FPGA); FPGA; Integrated circuit design; Cryptography; Internet of things; IoT security; reliability; Security solutions; Ring oscillator; Security application; Security features; Reliability; FPGA boards; Uniqueness; Emerging trends; Internet-of-thing security; physical unclonable functions; Statistical measures; uniqueness; XNOR gate","","","","","","","","","","","","","","","","","","","","","","","","","","","","","","","","14th IEEE Symposium on Computer Applications and Industrial Electronics, ISCAIE 2024","","","","","","","","","","","","","","",""
"S4NW8594","journalArticle","2024","Wang, Y.; Mei, X.; Chang, Z.; Fan, W.; Guo, B.; Quan, Z.; Jain, D.K.","A Lightweight Authentication Protocol Against Modeling Attacks Based on a Novel LFSR-APUF","IEEE Internet of Things Journal","","23274662 (ISSN)","10.1109/JIOT.2023.3314058","https://www.scopus.com/pages/publications/85171554021?origin=resultslist","Simple authentication protocols based on conventional physical unclonable functions (PUFs) are vulnerable to modeling attacks and other security threats. This article proposes an arbiter PUF based on a linear feedback shift register (LFSR-APUF). Different from the previously reported linear feedback shift register (LFSR) for challenge extension, the proposed scheme feeds the external random challenges into the LFSR module to obfuscate the linear mapping relationship between the challenge and response. It can prevent attackers from obtaining valid challenge-response pairs (CRPs), increasing its resistance to modeling attacks significantly. A 64-stage LFSR-APUF has been implemented on a field programmable gate array (FPGA) board. The experimental results reveal that the proposed design can effectively resist various modeling attacks, such as logistic regression (LR), evolutionary strategy (ES), artificial neuro network (ANN), and support vector machine (SVM) with a prediction rate of 51.79% and a slight effect on the randomness, reliability, and uniqueness. Further, a lightweight authentication protocol is established based on the proposed LFSR-APUF. The protocol incorporates a low-overhead, ultralightweight, novel private bit conversion Cover function that is uniquely bound to each device in the authentication network. The proposed authentication protocol not only resists spoofing attacks, physical attacks, and modeling attacks effectively but also ensures the security of the entire authentication network by transferring important information in encrypted form from the server to the database even when the attacker completely controls the server.  © 2023 IEEE.","2024","2026-05-02 11:49:16","2026-05-02 11:49:16","","283-295","","1","11","","IEEE Internet Things J.","","","","","","Institute of Electrical and Electronics Engineers Inc.","","English","","","Scopus","","","","","<p>Export Date: 02 May 2026; Cited By: 26; Correspondence Address: Y. Wang; School of Electrical and Information Engineering, Zhengzhou University, Zhengzhou, 450001, China; email: ieyaowang@zzu.edu.cn; Z. Quan; School of Electrical and Information Engineering, Zhengzhou University, Zhengzhou, 450001, China; email: iezquan@zzu.edu.cn</p>","","","Authentication; Hardware security; Network security; Simple++; Field programmable gate arrays (FPGA); Feedback; Cryptography; Internet of things; Internet protocols; Evolutionary algorithms; Authentication protocols; Lightweight authentication protocols; hardware security; Linear feedback shift registers; Modeling attack; physical unclonable function (PUF); Authentication protocol; Challenge and response; Delay; Linear mapping; Mapping relationships; modeling attack; Security threats; Shift registers","","","","","","","","","","","","","","","","","","","","","","","","","","","","","","","","","","","","","","","","","","","","","","",""
"22KW9TPT","journalArticle","2024","","Satellite Workshops held in parallel with the 22nd International Conference on Applied Cryptography and Network Security, ACNS 2024","Lecture Notes in Computer Science (including subseries Lecture Notes in Artificial Intelligence and Lecture Notes in Bioinformatics)","","03029743 (ISSN); 978-303161488-0 (ISBN)","","https://www.scopus.com/pages/publications/85199594218?origin=resultslist","The proceedings contain 22 papers. The special focus in this conference is on Applied Cryptography and Network Security. The topics include: Incorporating Cluster Analysis of Feature Vectors for Non-profiled Deep-learning-Based Side-Channel Attacks; FPGA Implementation of Physically Unclonable Functions Based on Multi-threshold Delay Time Measurement Method to Mitigate Modeling Attacks; acki Nacki: A Probabilistic Proof-of-Stake Consensus Protocol with Fast Finality and Parallelisation; easyLog: An Efficient Kernel Logging Service for Machine Learning; An End-to-End Secure Solution for IoMT Data Exchange; preface; diversity Algorithms for Laser Fault Injection; CNN Architecture Extraction on Edge GPU; LM-cAPI:A Lite Model Based on API Core Semantic Information for Malware Classification; A Command-Activated Hardware Trojan Detection Method Based on LUNAR Framework; one for All, All for Ascon: Ensemble-Based Deep Learning Side-Channel Analysis; automated Generation of Masked Nonlinear Components:; towards Discovering Quantum-Threats for Applications Using Open-Source Libraries; Fully Hybrid TLSv1.3 in WolfSSL on Cortex-M4; cross-Correlation Based Trace Segmentation for Clustering Power Analysis on Public Key Cryptosystems; Pushing AES-256-GCM to Limits: Design, Implementation and Real FPGA Tests; measuring Cyber Resilience of IoT-Enabled Critical National Infrastructures; Evaluation of Lightweight Machine Learning-Based NIDS Techniques for Industrial IoT; power Quality Forecasting of Microgrids Using Adaptive Privacy-Preserving Machine Learning; Device Fingerprinting in a Smart Grid CPS.","2024","2026-05-02 11:49:16","2026-05-03 10:10:40","","","","","14587 LNCS","","Lect. Notes Comput. Sci.","","","","","","Springer Science and Business Media Deutschland GmbH","","English","","","Scopus","","","","","<p>Export Date: 02 May 2026; Cited By: 0</p>; <p>Export Date: 02 May 2026; Cited By: 0</p>","","","","","Andreoni M.","","","","","","","","","","","","","","","","","","","","","","","","","","","","","","","","","","","","","","","","","","","","",""
"TXVILVZQ","conferencePaper","2025","Sri Yugenther, B.; Anila Glory, H.; Naresh Kumar, H.; Sivaraman, R.; Shankar Sriram, V.S.","Augmenting Security in Edge Devices: FPGA-Based Enhanced LEA Algorithm with S-Box and Chaotic Functions","Commun. Comput. Info. Sci.","18650929 (ISSN); 978-981979742-4 (ISBN)","","10.1007/978-981-97-9743-1_9","https://www.scopus.com/pages/publications/85209561421?origin=resultslist","Edge data security became the crucial concern of the network connected framework. It demands for the lightweight solutions where the traditional algorithms have not been suitable for the resource constrained devices. Hence, the development of lightweight crypto-solutions has attained the visibility. This proposed leverages the traditional Lightweight Encryption Algorithm (LEA) on reconfigurable hardware such as Field Programmable Gate Array (FPGA) by addressing its potential pitfalls namely vulnerable to differential cryptanalysis. To overcome this, 5-bit Substitution box (S-box) blended with chaos approach has been adopted on the traditional LEA schema. Which also ensures the lightweightness. The substitution and chaotic diffusion processes improves the strength of the LEA to meet out the statistical requirements which was confirmed by conducting the NIST SP 800 – 22 batteries of test by attaining the pass rate of 99.9%with the level of significance as 0.01. Further, Hamming distance and Shannon entropy were estimated to determine the switching activity and uniformity of the generated randomness. On the other hand, the modified LEA occupies only less than 5% of the total hardware footprint of the Intel Cyclone IV E FPGA chip which dissipates 131.62 mW of power for encryption and 132.27 mW of power for decryption respectively. The obtained results were compared with the traditional LEA design and it evidences that the modified LEA with S-box and chaos has significantly increased the performance. © The Author(s), under exclusive license to Springer Nature Singapore Pte Ltd. 2025.","2025","2026-05-02 11:49:16","2026-05-02 11:49:16","","119-131","","","2306 CCIS","","","","","","","","Springer Science and Business Media Deutschland GmbH","","English","","","Scopus","","","","Journal Abbreviation: Commun. Comput. Info. Sci.","<p>Export Date: 02 May 2026; Cited By: 1; Correspondence Address: R. Sivaraman; School of Computing, SASTRA Deemed University, Thanjavur, India; email: sivaraman@cse.sastra.edu</p>","","","Network security; FPGA; Integrated circuit design; Cryptography; Field programmables; Programmable gate array; Reconfigurable hardware; Field programmable gate array; Encryption algorithms; Light-weight cryptography; Digital storage; statistical analysis; Hamming distance; lightweight cryptography; Lightweight encryption; Chaos theory; and reliability; And reliability; chaotic functions; Chaotic functions; Edge device; Edge devices; LEA; Lightweight encryption algorithm; Substitution box; substitution boxes","","Shankar Sriram V.S.; H. A.G.; Li G.; Pokhrel S.R.","","","","","","","","","","","","","","","","","","","","","","","","","","","","","","Communications in Computer and Information Science","","","","","","","","","","","","","","",""
"ZNU82GZE","conferencePaper","2023","Claure, R.E.M.; Cambou, B.; Heynssens, J.B.","Fingerprinting Enrollment using Differential Sensor Amplifier Circuitry for Cyber-Physical Systems","Proc SPIE Int Soc Opt Eng","0277786X (ISSN); 978-151066196-7 (ISBN)","","10.1117/12.2662848","https://www.scopus.com/pages/publications/85170644252?origin=resultslist","Physically Unclonable Functions (PUFs) are a crucial part of enhancing the security of Internet of Things (IoT) devices and Cyber-Physical Systems (CPS). These devices play a significant role in numerous infrastructure systems including healthcare, business, industry, etc. Such devices typically have the least amount of storage, processing and energy; which causes them to be the weakest component in the security of the system. The CPS is an innovative paradigm that aims to bring together the physical and digital worlds that comprise today's environment. We propose methods to use pairs of vital sensors and differential amplifier circuitry to derive fingerprints in real time for a CPS. A custom Printed Circuit Board (PCB) used as an Arduino shield, a stepper motor and 3D designs for the test fixture are key components in collecting data from the analog samples that are being used for the enrollment of the sensor based-fingerprint. The output of the differential amplifier circuitry at the various sensors' orientations will be stored by a server and used as an authentication of the CPS and in determining the health of the sensor in the CPS. We examine the data obtained from two different sensor-pairs and evaluate its reliability and uniqueness using Hamming distance. © 2023 SPIE. All rights reserved.","2023","2026-05-02 11:49:16","2026-05-02 11:49:16","","","","","12540","","","","","","","","SPIE","","English","","","Scopus","","","","Journal Abbreviation: Proc SPIE Int Soc Opt Eng","<p>Export Date: 02 May 2026; Cited By: 1; Correspondence Address: R.E.M. Claure; Northern Arizona University, School of Informatics Computing and Cybersecurity, Flagstaff, 1295 Knoles Dr, 86001, United States; email: rm2297@nau.edu; CODEN: PSISD</p>","","","Authentication; Hardware security; Field programmable gate arrays (FPGA); Cryptography; Embedded systems; Timing circuits; Security; Digital storage; security; Cybe-physical systems; Cyber-physical systems; Physically unclonable functions; Hamming distance; Printed circuit boards; authentication; Amplifier circuitry; CPS; Differential amplifiers; Differential sensors; enrollment; Enrollment; fingerprint; Fingerprint; Iots; IoTs; PUFs; Sensor amplifiers; sensors","","Dudzik M.C.; Jameson S.M.; Axenson T.J.","","","","","","","","","","","","","","","","","","","","","","","","","","","","","","Proceedings of SPIE - The International Society for Optical Engineering","","","","","","","","","","","","","","",""
"FYZB2MSK","conferencePaper","2023","Li, C.; Chen, J.; Wang, L.; Shu, Y.","Design of ZUC-256 Stream Cipher Coprocessor for 5G Communication Security","Int. Symp. Comput. Technol. Inf. Sci., ISCTIS","979-835032538-6 (ISBN)","","10.1109/ISCTIS58954.2023.10213094","https://www.scopus.com/pages/publications/85170269373?origin=resultslist","With the rapid development of 5G communication technology, network security has become a major concern. In the context of 5G, the security of encryption and authentication algorithms is of utmost importance. This research focuses on 5G communication security and presents the design of a cryptographic coprocessor for the ZUC-256 cipher algorithm. ZUC-256 is a byte-oriented stream cipher algorithm that provides 256-bit security and is widely used for encryption and authentication in 5G communication. However, there is limited research on hardware implementations of the ZUC-256 algorithm, especially for resource-constrained devices. This paper leverages the RISC-V architecture processor, known for its simplicity and scalability, to design the ZUC-256 stream cipher coprocessor. To enhance the efficiency of keystream generation, targeted design and optimization techniques are applied to the hardware implementation of the ZUC-256 algorithm. Through the synergy of software and hardware for encryption and decryption, efficient and secure 5G communication applications are achieved. Experimental results demonstrate that the designed ZUC-256 cryptographic coprocessor exhibits excellent performance and reliability in 5G communication security. Its high throughput and low power consumption make it suitable for resource-constrained devices.  © 2023 IEEE.","2023","2026-05-02 11:49:16","2026-05-02 11:49:16","","1122-1127","","","","","","","","","","","Institute of Electrical and Electronics Engineers Inc.","","English","","","Scopus","","","","Journal Abbreviation: Int. Symp. Comput. Technol. Inf. Sci., ISCTIS","<p>Export Date: 02 May 2026; Cited By: 5; Correspondence Address: L. Wang; Zhongyuan University of Technology, The Frontier Information Technology Research Institute, Zhengzhou, China; email: w11167@163.com</p>","","","Authentication; Hardware security; Mobile security; Network security; Hardware implementations; Integrated circuit design; Cryptography; Application programs; RISC-V; Co-processors; Coprocessor; Resourceconstrained devices; 5G mobile communication systems; Computer hardware description languages; Stream Ciphers; Cipher algorithms; 5g communication; 5G communication; Communications security; coprocessor; Cryptographic coprocessors; ZUC-256","","","","","","","","","","","","","","","","","","","","","","","","","","","","","","","","2023 3rd International Symposium on Computer Technology and Information Science, ISCTIS 2023","","","","","","","","","","","","","","",""
"89M9NBN6","journalArticle","2023","Lokhande, P.S.; Nakhate, S.","Comparative Analysis of Delay-Based and Memory-Based Physical Unclonable Functions","IETE Technical Review (Institution of Electronics and Telecommunication Engineers, India)","","02564602 (ISSN)","10.1080/02564602.2022.2148762","https://www.scopus.com/pages/publications/85143048124?origin=resultslist","Physical Unclonable Function (PUF) is a promising hardware security primitive that uses physical characteristics to provide a unique identifier for the device. PUFs are finding applications in device authentication, identification, secret key generation,key storage and also as random number generators. In this paper the main focus is to give a comparative analysis between the Delay-based and Memory-based PUFs. Several Delay-based and Memory-based PUF architectures have been proposed in the literature. The idea here is to compare these architectures in terms of performance metrics of PUF which include Uniqueness, Reliability and also in terms of conventional VLSI metrics which include area, power and delay. The results after comparison show that Memory-based PUF architectures give better performance in terms of uniqueness which is ≈ 50% (ideal 50%) but reduced reliability as compared to Delay-based PUF. Also, area overhead is less in Memory-based PUF as compared to Delay-based PUF as it avoids the need of adding extra circuitry. © 2023 IETE.","2023","2026-05-02 11:49:16","2026-05-02 11:49:16","","641-652","","5","40","","IETE Tech Rev","","","","","","Taylor and Francis Ltd.","","English","","","Scopus","","","","","<p>Export Date: 02 May 2026; Cited By: 0; Correspondence Address: P.S. Lokhande; Department of Electronics and Communication Engineering, Maulana Azad National Institute of Technology, Bhopal, India; email: pritilokhande38@gmail.com; CODEN: ITREE</p>","","","Hardware security; Field programmable gate arrays (FPGA); Cryptography; Field programmables; Programmable gate array; Fast Fourier transforms; Number theory; Application specific integrated circuits; Memory architecture; Random number generation; Field programmable gate array; Timing circuits; VLSI circuits; Application-specific integrated circuits; Hardware Security; Challenge response pair; Challenge-response pair; Physical unclonable function; Delay circuits; Application-specific integrated circuit; ASIC (Application-Specific Integrated Circuits); CRPs (Challenge Response Pairs); FPGA (Field Programmable Gate Arrays); PUF (Physical Unclonable Function); Very large scale integrated circuit; Very large-scale integrated circuit; VLSI (Very Large-Scale Integrated Circuits)","","","","","","","","","","","","","","","","","","","","","","","","","","","","","","","","","","","","","","","","","","","","","","",""
"A6XN3BWR","journalArticle","2024","Huang, Z.; Bian, J.; Lin, Y.; Liang, H.; Ni, T.","Design Guidelines and Feedback Structure of Ring Oscillator PUF for Performance Improvement","IEEE Transactions on Computer-Aided Design of Integrated Circuits and Systems","","02780070 (ISSN)","10.1109/TCAD.2023.3301386","https://www.scopus.com/pages/publications/85166771227?origin=resultslist","The physical unclonable function (PUF) is a hardware security primitive that is used to generate secret keys or identity authentication for chips using random manufacturing process variation (MPV). The PUF based on ring oscillator (RO PUF) has been extensively studied in recent years because of its high robustness and ease of design. Although the performance has been optimized in previous studies, several uniqueness, reliability, and theoretical foundation concerns still remain. This article presents a transistor-level parameters-based quantitative theoretical model, which clearly reveals several design guidelines for improving the reliability of RO PUF. Furthermore, a PUF based on a feedback ring oscillator (RO) structure is proposed, which combined the RO topology and the drafting effect of XOR gates to enhance the uniqueness and reliability. The correctness of the theoretical model was verified by the SPICE simulation experiment result. And in the FPGA experiment result, the uniqueness and the reliability of feedback RO PUF using the same hardware resources on the same chip was superior to that of RO PUF. The theoretical research method of RO PUF used can be widely applied to other PUFs using ring topology and feedback RO PUF is a great substitute for RO PUF.  © 1982-2012 IEEE.","2024","2026-05-02 11:49:16","2026-05-02 11:49:16","","71-84","","1","43","","IEEE Trans Comput Aided Des Integr Circuits Syst","","","","","","Institute of Electrical and Electronics Engineers Inc.","","English","","","Scopus","","","","","<p>Export Date: 02 May 2026; Cited By: 27; Correspondence Address: T. Ni; Anhui Polytechnic University, School of Integrated Circuits, Wuhu, 241000, China; email: timmyni126@126.com; CODEN: ITCSD</p>","","","Hardware security; Integrated circuit design; Structural design; Feedback; Topology; Performance; Cryptography; Timing circuits; Integrated circuits; Electric inverters; Inverter; Ring oscillator; Physical unclonable function; physical unclonable function (PUF); Feedback rings; Integrated circuit reliability; Manufacturing process variation; manufacturing process variation (MPV); Manufacturing process variations; Reliability theory; Resistance; ring oscillator (RO); SPICE","","","","","","","","","","","","","","","","","","","","","","","","","","","","","","","","","","","","","","","","","","","","","","",""
"62AI9EB3","conferencePaper","2025","Grossi, M.; Omana, M.; Metra, C.; Acquaviva, A.","FPGA Implemented RO-Based PUFs for User Authentication in the Metaverse","Proc. - IEEE Int. Symp. Emerg. Metaverse, ISEMV","979-833154890-2 (ISBN)","","10.1109/ISEMV67326.2025.00029","https://www.scopus.com/pages/publications/105033523148?origin=resultslist","Protecting resources/services in the metaverse from unauthorized access, corruption, and misuse is of primary importance. A widely adopted strategy for users' authentication is to generate a user's signature by a physical unclonable function (PUF) based approach. For metaverse applications, the implementation of PUFs using Field Programmable Gate Arrays (FPGAs) is considered promising, mainly due to FPGAs' low cost and flexibility. When implemented on FPGAs, PUFs are typically of the Ring Oscillators (ROs)-based kind. FPGA implemented RO-based PUFs proposed so far in the literature have been designed using either manual place-And-route, or manual placement (with no provided details on the adopted routing strategy). However, manual place-And-route, as well as manual placement only, may significantly decrease the cost and flexibility benefits of FPGA implementations. In this paper, we investigate the adoption of automatic place-And-route to design FPGA implemented RO-based PUFs, considering a different number of ROs' inverting stages. Moreover, as a term of comparison, we design FPGA implemented RO-based PUFs also using manual placement and automatic routing. Uniqueness, uniformity, steadiness and reliability of our designed PUFs are evaluated by means of experimental measurements. We compare our PUF designed using automatic place-And-route with alternate PUFs proposed so far in the literature, and with our PUF designed using manual placement and automatic routing, from the point of view of the provided uniqueness, uniformity, steadiness and reliability. We show that our PUF designed using automatic place-And-route constitutes an acceptable, low cost alternative to PUFs designed using manual place and route, or manual placement and automatic routing, thus being promising especially for metaverse applications, for which cost and flexibility may play a relevant role.  © 2025 IEEE.","2025","2026-05-02 11:49:16","2026-05-02 11:49:16","","121-128","","","","","","","","","","","Institute of Electrical and Electronics Engineers Inc.","","English","","","Scopus","","","","Journal Abbreviation: Proc. - IEEE Int. Symp. Emerg. Metaverse, ISEMV","<p>Export Date: 02 May 2026; Cited By: 0; Correspondence Address: M. Grossi; U. of Bologna, DEI, Bologna, Italy; email: marco.grossi8@unibo.it</p>","","","Authentication; Network security; Field programmable gate arrays (FPGA); FPGA; Integrated circuit design; Costs; Cryptography; Embedded systems; Field programmables; Programmable gate array; Field programmable gate array; Security; Systems analysis; Low-costs; Ring oscillator; Oscillators (electronic); User authentication; Automatic routing; Metaverse; Metaverses; Physical Unclonable Function; Place and route; Ring Oscillator; User Authentication","","","","","","","","","","","","","","","","","","","","","","","","","","","","","","","","Proceedings - 2025 IEEE International Symposium on Emerging Metaverse, ISEMV 2025","","","","","","","","","","","","","","",""
"XQFIFHCE","conferencePaper","2022","Zakharov, L.; Isakov, D.","Microcontroller architecture for industrial cyber-physical systems","AIP Conf. Proc.","0094243X (ISSN); 978-073544164-4 (ISBN)","","10.1063/5.0074750","https://www.scopus.com/pages/publications/85124067899?origin=resultslist","The article discusses trends and approaches to the development of industrial cyber-physical systems, highlighted the requirements for such systems. The main methods of increasing the computational performance of processors in embedded systems and the latest approaches used in computing, such as heterogeneous computing and increasing the number of processor cores for parallel execution of operations, are considered. The issue of security of cyber-physical systems in the post-quantum era and methods of hardware implementation of quantum-resistant encryption algorithms based on lattice theory that meet performance and security requirements are considered separately. Methods for improving the reliability of embedded systems and expanding functionality using field programmable gate arrays are also described. The advantages of the RISC-V (reduced instruction set computer) core architecture for embedded systems are considered. Based on the requirements, a microcontroller architecture based on RISC-V is proposed, which uses the principle of heterogeneous computing to increase performance, meeting the requirements of modern equipment for industrial cyber-physical systems.  © 2022 Author(s).","2022","2026-05-02 11:49:16","2026-05-02 11:49:16","","","","","2456","","","","","","","","American Institute of Physics Inc.","","English","","","Scopus","","","","Journal Abbreviation: AIP Conf. Proc.","<p>Export Date: 02 May 2026; Cited By: 0; Correspondence Address: L. Zakharov; Ural Federal University Named after the First President of Russia B. N. Yeltsin, Ekaterinburg, 19 Mira street, 620002, Russian Federation; email: leonidzakharov92@gmail.com</p>","","","","","Goman V.; Mironova M.","","","","","","","","","","","","","","","","","","","","","","","","","","","","","","AIP Conference Proceedings","","","","","","","","","","","","","","",""
"LRD9YWBY","journalArticle","2022","Zufeng, L.; Guoshun, Y.","LDCPUF: A novel FPGA-based physical unclonable function with ultra-low hardware cost","IEICE Electronics Express","","13492543 (ISSN)","10.1587/elex.19.20220246","https://www.scopus.com/pages/publications/85142923366?origin=resultslist","The physical unclonable function based on ring oscillator (RO PUF) is a traditional design suitable for FPGA implementation, but such designs have the disadvantage of low hardware efficiency. This article proposes a new FPGA-based ring oscillator PUF, called loop delay configurable (LDC) PUF. The construction of LDC PUF relies on configurable delay units (CDUs). An LDC PUF configured with n CDUs can generate 2n−1(2n −1) response bits. Additionally, we apply the programmable delay lines technology to enhance the reliability of LDC PUF. Compared with the traditional RO PUFs, the LDC PUF has good uniqueness (48.52%) and reliability (96.91%), and most importantly, it has ultra-low hardware cost. Copyright © 2022 The Institute of Electronics, Information and Communication Engineers.","2022","2026-05-02 11:49:16","2026-05-02 11:49:16","","","","16","19","","IEICE Electron. Express","","","","","","Institute of Electronics Information Communication Engineers","","English","","","Scopus","","","","","<p>Export Date: 02 May 2026; Cited By: 2</p>","","","Hardware security; Field programmable gate arrays (FPGA); FPGA; Costs; Cryptography; FPGA implementations; FPGAs implementation; Hardware efficiency; Ring oscillator; PDL; Delay units; hardware cost; Hardware cost; Loop delay; Low hardware costs; RO PUF","","","","","","","","","","","","","","","","","","","","","","","","","","","","","","","","","","","","","","","","","","","","","","",""
"IEK99488","conferencePaper","2025","Fritzsch, C.; Schulz, W.; Rosenkranz, T.; Ahr, P.; Saavedra, A.; Renkes, L.; Lipps, C.; Hoffmann, J.","SRAM-based PUF Implementation and Bias Patterns on AMD Xilinx UltraScale+ FPGAs","HASP - Proc. Int. Workshop Hardw. Archit. Support Secur. Priv.","979-840072198-4 (ISBN)","","10.1145/3768725.3768731","https://www.scopus.com/pages/publications/105022201236?origin=resultslist","Physically Unclonable Functions (PUFs) based on common Static Random Access Memory (SRAM) are a well researched, cost-effective foundation for hardware-based authentication and key derivation. AMD Xilinx UltraScale+ Field Programmable Gate Arrays (FPGAs) zero out the provided SRAM during start-up thus hiding the start-up values necessary for SRAM-based PUFs. This work implements a circumvention approach proposed for an older FPGA family on the UltraScale+ family and documents the necessary steps in detail. The adapted approach is used to successfully measure the start-up values of four UltraScale+ devices. Bit-aliasing, uniformity, uniqueness, reliability, and the number of stable bits are used to evaluate the retrieved start-up values. This analysis demonstrates a stripe-like bias pattern in the start-up values that affect their suitability for secure SRAM-based PUFs. Furthermore, the influences of the temperature on the bias pattern and on the start-up values in general is investigated. Finally, Photon Emission Microscopy is used to discover the physical layout of the investigated SRAM and link it to the bias pattern. © 2025 Copyright held by the owner/author(s).","2025","2026-05-02 11:49:16","2026-05-02 11:49:16","","82-90","","","","","","","","","","","Association for Computing Machinery, Inc","","English","","","Scopus","","","","Journal Abbreviation: HASP - Proc. Int. Workshop Hardw. Archit. Support Secur. Priv.","<p>Export Date: 02 May 2026; Cited By: 0; Correspondence Address: C. Fritzsch; Institute for Applied Informatics (InfAI), Leipzig University, Leipzig, Germany; email: fritzsch@informatik.uni-leipzig.de</p>","","","Authentication; Hardware security; Network security; Field programmable gate arrays (FPGA); FPGA; Cost effectiveness; Cryptography; Field programmables; Programmable gate array; Field programmable gate array; Static random access storage; Cost effective; Physically unclonable functions; Hardware Security; PUF; Key derivations; Old-field; Physically Unclonable Function; Static random access memory; Xilinx ultrascale+; Xilinx UltraScale+","","","","","","","","","","","","","","","","","","","","","","","","","","","","","","","","HASP 2025 - Proceedings of the 14th International Workshop on Hardware and Architectural Support for Security and Privacy","","","","","","","","","","","","","","",""
"38I3KMMH","journalArticle","2026","Meschkov, S.; Meyers, V.; Tahoori, M.","PWNN: Power-Wasting Neural Network As Remote Fault Injector","IACR Transactions on Cryptographic Hardware and Embedded Systems","","25692925 (ISSN)","10.46586/tches.v2026.i1.448-471","https://www.scopus.com/pages/publications/105028893866?origin=resultslist","The explosive growth of AI-driven services has led to cloud-based Field Programmable Gate Array (FPGA) accelerators as key enablers of high-performance training and inference in modern data centers. Since 2024, the demand for deploying large AI workloads, especially Large Language Model (LLM), in the cloud has increased dramatically, intensifying competition among cloud providers and increasing pressure on shared FPGA infrastructures. This increasing reliance highlights the need for robust hardware security measures for cloud FPGAs. A particularly serious threat is fault injection attacks, which exploit dynamic voltage fluctuations to induce timing faults, potentially compromising functional integrity and bypassing cryptographic protections. However, existing verification procedures and structural Design Rule Check (DRC) remain blind to attacks embedded in benign-looking circuits. In this paper, we present Power-Wasting Neural Network (PWNN), a novel adversarial technique that leverages the inherent switching behavior of neural network operations to act as a power-waster circuit under adversarial input patterns. We systematically explore network architectures, and input patterns to craft configurations that induce voltage fluctuations capable of triggering timing faults for successful Differential Fault Analysis (DFA). Our PWNN implementation uses a standard open-source tool chain and passes all pre-implementation verification checks, while covertly inducing faults at runtime. We demonstrate on both the AMD ZCU104 and PYNQ-Z2 that PWNN can reliably cause timing faults on the critical path of a co-located AES-128 block cipher, enabling the rapid collection of correct/faulty ciphertext pairs needed for DFA-based key recovery. These results show that functionally correct, DRC compliant accelerators can serve as powerful, adaptive fault injectors that invalidate assumptions about bitstream security and hardware isolation. © 2026, Ruhr-University of Bochum. All rights reserved.","2026","2026-05-02 11:49:16","2026-05-02 11:49:16","","448-471","","1","2026","","IACR Trans. Cryptogr. Hardw. Embed. Syst.","","","","","","Ruhr-University of Bochum","","English","","","Scopus","","","","","<p>Export Date: 02 May 2026; Cited By: 0</p>","","","Hardware security; Network security; Field programmable gate arrays (FPGA); Public key cryptography; Computer hardware; Field programmables; Neural-networks; Programmable gate array; Power; Key recovery; Particle accelerators; Open systems; Fault injection attacks; Computer system recovery; Electric network analysis; Binary sequences; Cloud fields; AES key recovery; Cloud field programmable gate array; Cloud FPGA; Computer crime; Fault injection attack; Neural network; Timing fault","","","","","","","","","","","","","","","","","","","","","","","","","","","","","","","","","","","","","","","","","","","","","","",""
"X3B7IZYE","conferencePaper","2025","Gutierrez, S.V.; Di Natale, G.; Vatajelu, E.-I.","Physical Unclonable Functions (PUFs): Foundations, Evaluation, and Testing for Secure Hardware Systems","Proc. European Test Workshop","15301877 (ISSN); 979-833159450-3 (ISBN)","","10.1109/ETS63895.2025.11049629","https://www.scopus.com/pages/publications/105011079001?origin=resultslist","Physical Unclonable Functions (PUFs) leverage inherent physical variations in semiconductor devices to generate unique, unpredictable, and unclonable responses, offering promising solutions for secure authentication, key generation, and hardware security. This tutorial provides an in-depth exploration of PUFs, covering their definitions, designs on ASIC and FPGA platforms, and critical evaluation metrics such as uniqueness, reliability, and entropy. Additionally, we address the tradeoffs between reliability and entropy, a fundamental challenge in PUF design, and practical PUF testing methodologies. The content is tailored to the needs of the European Test Symposium (ETS) community, with a focus on testing challenges, and secure deployment in modern applications. Attendees will gain a comprehensive understanding of PUFs potential in advancing hardware security and test technologies. © 2025 IEEE.","2025","2026-05-02 11:49:16","2026-05-02 11:49:16","","","","","","","","","","","","","Institute of Electrical and Electronics Engineers Inc.","","English","","","Scopus","","","","Journal Abbreviation: Proc. European Test Workshop","<p>Export Date: 02 May 2026; Cited By: 1; Correspondence Address: S.V. Gutierrez; Univ Grenoble Alpes, CNRS, Grenoble INP, TIMA, Grenoble, 38000, France; email: sergiovinagrero.gutierrez@univ-grenoble-alpes.fr</p>","","","Hardware security; Integrated circuit design; Cryptography; Key generation; entropy; Function evaluation; reliability; Secure authentications; Function designs; Ring oscillator; Hardware system; Entropy; Oscillators (electronic); Reliability; ring oscillator; Critical evaluation; device fingerprinting; Device fingerprinting; Evaluation metrics; Modern applications; Semiconductor devices; Testing methodology","","","","","","","","","","","","","","","","","","","","","","","","","","","","","","","","Proceedings of the European Test Workshop","","","","","","","","","","","","","","",""
"3MK7ELBC","conferencePaper","2025","Nopel, J.; Music, T.; Stein, N.; Frisch, C.; Pehl, M.","Quantization Schemes for PUFs: The Entropy-Area Trade-Off","Proc. IEEE Int. Symp. Hardw. Oriented Secur. Trust, HOST","28355709 (ISSN); 979-833151056-5 (ISBN)","","10.1109/HOST64725.2025.11050043","https://www.scopus.com/pages/publications/105013343890?origin=resultslist","Physical Unclonable Functions (PUFs) exploit manufacturing variations to derive chip-specific secrets that can be processed to cryptographic keys. For lots of PUFs, the actual PUF output can be understood as a sample drawn from a normal distribution that is then quantized to bits. This paper compares the most popular quantization methods for PUFs: The common sign-based, the two-metric helper data scheme, equiprobable quantization and the Lehmer-Gray encoding are evaluated regarding their implementation cost on ASIC and FPGA, the extracted entropy, and their reliability. This work also discusses the succeeding error correction necessitated by the respective quantization method. The results show the benefits of sign-based quantization in high-noise environments, of the twometric helper data scheme when mid-range errors coincide with large PUF area, and of equiprobable quantization in cases with very low noise. Additionally, the results reveal significant deficits in the Lehmer-Gray encoding regarding statistical properties and potential vulnerabilities. © 2025 IEEE.","2025","2026-05-02 11:49:16","2026-05-02 11:49:16","","289-299","","2025","","","","","","","","","Institute of Electrical and Electronics Engineers Inc.","","English","","","Scopus","","","","Journal Abbreviation: Proc. IEEE Int. Symp. Hardw. Oriented Secur. Trust, HOST","<p>Export Date: 02 May 2026; Cited By: 0; Correspondence Address: J. Nopel; Technical University of Munich, TUM School of Computation, Information and Technology, Munich, Germany; email: jens.noepel@tum.de</p>","","","Hardware security; Network security; Public key cryptography; Embedded systems; Error correction; Economic and social effects; Signal encoding; Encoding (symbols); Implementation; Trade off; Ciphertext; Quantisation; Normal distribution; Systems analysis; Entropy; Physical Unclonable Functions; Manufacturing Variation; Cryptographic key; Errors correction; Error Correction; Gray encoding; High noise environments; Implementation cost; Quantization; Quantization schemes","","","","","","","","","","","","","","","","","","","","","","","","","","","","","","","","Proceedings of the IEEE International Symposium on Hardware Oriented Security and Trust, HOST","","","","","","","","","","","","","","",""
"S8I2FHWY","journalArticle","2023","Abed, S.; Jaffal, R.; Mohd, B.J.","A Review on Blockchain and IoT Integration from Energy, Security and Hardware Perspectives","Wireless Personal Communications","","09296212 (ISSN)","10.1007/s11277-023-10226-5","https://www.scopus.com/pages/publications/85149239373?origin=resultslist","Blockchain is one of the promising technologies nowadays due to its unique characteristics like security, privacy, data integrity, decentralization, immutability, and traceability. Originally used to implement cryptocurrencies, recently numerous applications have employed blockchain in their architectures including applications targeted for the internet of things (IoT) environments. It is expected that by 2025 more than 21 billion IoT devices will be used especially with use of cloud, fog and edge computing architectures. Integrating blockchain in the IoT architecture provides many advantages such as enhancing security and privacy, better speed and costs, traceability and reliability, and elimination of single point of failure. On the other hand, many issues and challenges have arisen and should be addressed. Typically, IoT system consists of lightweight devices with limited hardware resources and constraints. Hence, the energy efficiency is a fundamental challenge in such devices. The main motivation of this paper is to survey designing a secure and energy efficient blockchain-based IoT implementation using a suitable hardware design. The paper classifies, presents and analyzes existing solutions to better implement IoT environment combined with blockchain technology. Our investigation demonstrations that most of lightweight solutions handle either the energy or security issue separately. Moreover, many works are theoretical-based analysis and solutions without considering the real blockchain-based IoT validation design. Energy evaluation for IoT hardware devices is not given the adequate research bandwidth. Additionally, limited works evaluated their techniques from hardware constrained device perspective. It is recommended that the performance of any proposed solution should be validated using real designs. The hardware perspective evaluation should be in mind for efficient blockchain-based IoT hardware implementation. The proposed lightweight solutions should focus more on efficient energy implementation while considering the lightweight security mechanisms. © 2023, The Author(s), under exclusive licence to Springer Science+Business Media, LLC, part of Springer Nature.","2023","2026-05-02 11:49:16","2026-05-02 11:49:16","","2079-2122","","3","129","","Wireless Pers Commun","","","","","","Springer","","English","","","Scopus","","","","","<p>Export Date: 02 May 2026; Cited By: 52; Correspondence Address: S. Abed; Computer Engineering Department, College of Engineering and Petroleum, Kuwait University, Kuwait, Safat, PO Box 5969, 13060, Kuwait; email: s.abed@ku.edu.kw; CODEN: WPCOF</p>","","","Cryptography; Energy efficiency; Internet of things; Energy; Computer architecture; Security; Block-chain; Blockchain; Green computing; Cloud-computing; Edge computing; Resourceconstrained devices; Internet of thing; Data integrity; Decentralisation; Internet of things (IoT); Resource-constrained devices; Security/privacy","","","","","","","","","","","","","","","","","","","","","","","","","","","","","","","","","","","","","","","","","","","","","","",""
"4BVJRBUT","conferencePaper","2025","Douadi, A.; Vatajelu, E.-I.; Maistri, P.; Dutertre, J.-M.; Hély, D.; Beroulle, V.; Di Natale, G.","Laser Fault Injection on RO-Based PUFs Implemented on FPGA","Proc. IEEE Int. Symp. Defect Fault Toler. VLSI Nanotechnol. Syst., DFT","25761501 (ISSN); 979-833151489-1 (ISBN)","","10.1109/DFT66274.2025.11257479","https://www.scopus.com/pages/publications/105029669419?origin=resultslist","Physical Unclonable Functions (PUFs) offer an attractive alternative for cryptographic key generation by leveraging intrinsic manufacturing variations, thus eliminating the need for permanent key storage. Among them, RO-PUFs - based on ring oscillators - are widely studied due to their simplicity and efficiency. While the sensitivity of individual ROs to laser fault injection has been previously explored, this paper presents, to the best of our knowledge, the first experimental demonstration of a successful laser attack directly impacting the global output of an RO-PUF system implemented on an Artix-7 FPGA. We show that a localized laser injection can selectively alter the frequencies of targeted ROs, leading to deterministic changes in the PUF response. Our results reveal a significant physical vulnerability of RO-PUFs to this type of attack, highlighting the need to develop appropriate countermeasures.  © 2025 IEEE.","2025","2026-05-02 11:49:16","2026-05-02 11:49:16","","","","","","","","","","","","","Institute of Electrical and Electronics Engineers Inc.","","English","","","Scopus","","","","Journal Abbreviation: Proc. IEEE Int. Symp. Defect Fault Toler. VLSI Nanotechnol. Syst., DFT","<p>Export Date: 02 May 2026; Cited By: 0; Correspondence Address: ; ; ;</p>","","","Hardware security; Field programmable gate arrays (FPGA); Cryptography; Key generation; Ciphertext; Ring oscillator; Manufacturing Variation; Cryptographic key; Experimental demonstrations; Function systems; Key storage; Laser fault injections; Laser injection; Localised","","","","","","","","","","","","","","","","","","","","","","","","","","","","","","","","Proceedings - IEEE International Symposium on Defect and Fault Tolerance in VLSI and Nanotechnology Systems, DFT","","","","","","","","","","","","","","",""
"9WAJL2KI","conferencePaper","2025","Srushty, S.M.; Shukla, S.; Prateek, P.; Singh, V.","A Lightweight Blockchain-Integrated VANET Prototype with Path Planning and Optimized Hardware for Secure V2V Networks in Challenging Environments","Conf. Proc. - IEEE Silchar Subsect. Conf., IEEE SILCON","979-833157727-8 (ISBN)","","10.1109/SILCON67893.2025.11327434","https://www.scopus.com/pages/publications/105035000143?origin=resultslist","This paper proposes a lightweight, blockchain enabled VANET architecture that uses low-cost hardware such as embedded microcontrollers, FPGA-based cryptographic acceleration, and a single-board computer to provide secure and efficient vehicle-to-vehicle (V2V) communication in challenging environments like hilly and foggy roads. By integrating blockchain with a PBFT consensus algorithm and FPGA-accelerated SHA-256 hashing, the design aims to achieve real-time messaging, robust data integrity, and strong protection against cyberattacks, all within strict automotive power and cost budgets. All reported performance, reliability, and power consumption metrics in this work are based on analytical modeling, simulation, and component datasheet values. Experimental validation with physical hardware is planned for future work.  © 2025 IEEE.","2025","2026-05-02 11:49:17","2026-05-02 11:49:17","","","","","","","","","","","","","Institute of Electrical and Electronics Engineers Inc.","","English","","","Scopus","","","","Journal Abbreviation: Conf. Proc. - IEEE Silchar Subsect. Conf., IEEE SILCON","<p>Export Date: 02 May 2026; Cited By: 0; Correspondence Address: S.M. Srushty; Dayananda Sagar Academy of Technology and Management(DSATM), Dept. of Electronics and Communication Engineering, Bangalore, India; email: srushtymathpati@gmail.com</p>","","","Hardware security; Network security; Field programmable gate arrays (FPGA); Integrated circuit design; Costs; Computer hardware; Cryptography; Power; Embedded microcontroller; Block-chain; Blockchain; Budget control; Motion planning; Green computing; Secure communication; VANET; Low cost hardware; Delegated PBFT; FPGA acceleration; FPGA Acceleration; Intelligent vehicle highway systems; Path Planning; Secure V2V communication; Secure V2V Communication; SHA-256; V2V communications","","","","","","","","","","","","","","","","","","","","","","","","","","","","","","","","Conference Proceedings - 2025 IEEE Silchar Subsection Conference, IEEE SILCON 2025","","","","","","","","","","","","","","",""
"7WIWUD8L","journalArticle","2024","Abdelli, A.; El Hadj Youssef, W.; Khriji, L.; Machhout, M.","Enhanced lightweight encryption algorithm based on chaotic systems","Physica Scripta","","00318949 (ISSN)","10.1088/1402-4896/ad75c5","https://www.scopus.com/pages/publications/85203837400?origin=resultslist","In order to improve security and efficiency, this study presents a novel lightweight encryption technique that makes use of chaotic systems. Our method creatively combines the new chaotic KLEIN_64 algorithm with the Keccak-256 hash function, offering a solid basis for producing initial values essential for causing chaotic maps during the encryption process. After a deep validation with rigorous NIST testing, our chaotic pseudo random generator, LAC, exhibits excellent reliability and cryptographic robustness. Furthermore, the complexity of the cryptographic round function is improved by incorporating a second chaotic pseudo random generator that combines chaotic LFSR and Skew Tent Maps, thereby fortifying security measures.Designed with resource-limited applications in mind, our approach ensures that the cryptosystem remains both lightweight and efficient, meeting the stringent constraints typical of such environments. The practical feasibility and performance of our approach are extensively evaluated through FPGA implementation on the Zybo 7Z010 platform. Our implementation achieves a remarkable throughput of 2.820 Gbps while maintaining optimal resource utilization and efficiency. Extensive experimental results confirm the superior security of our cryptosystem, with correlation tests, entropy measurement, and histogram analysis showcasing robustness against statistical attacks. Moreover, the cryptosystem shows little fluctuation in the Unified Average Changing Intensity (UACI) and Non-Linear Pixel Change Rate (NPCR), confirming its resistance to differential attacks. Overall, our technique advances lightweight cryptography by providing a robust and efficient solution to modern cybersecurity challenges. In particular, our approach is well-suited for applications with limited resources, ensuring that security is maintained without compromising on performance or efficiency, thus fulfilling the needs of modern, constrained environments. © 2024 The Author(s). Published by IOP Publishing Ltd.","2024","2026-05-02 11:49:17","2026-05-02 11:49:17","","","","10","99","","Phys Scr","","","","","","Institute of Physics","","English","","","Scopus","","","","","<p>Export Date: 02 May 2026; Cited By: 12; CODEN: PHSTB</p>","","","Performance; Cryptography; security analysis; CryptoGraphics; Encryption algorithms; Light-weight cryptography; Security analysis; lightweight cryptography; Lightweight encryption; Chaotics; Adaptive boosting; chaotic systems; key stream; Key stream; Lightweight hash function; lightweight hash functions; Pseudorandom generators","","","","","","","","","","","","","","","","","","","","","","","","","","","","","","","","","","","","","","","","","","","","","","",""
"F7G3YSL9","conferencePaper","2022","Charlot, N.; Gauthier, D.J.; Canaday, D.; Pomerance, A.","Mathematical Model of Strong Physically Unclonable Functions Based on Hybrid Boolean Networks","Proc. IEEE Int. Symp. Hardw. Oriented Secur. Trust, HOST","978-166548532-6 (ISBN)","","10.1109/HOST54066.2022.9840173","https://www.scopus.com/pages/publications/85136408779?origin=resultslist","We introduce a mathematical framework for sim-ulating Hybrid Boolean Network (HBN) Physically Unclonable Functions (PUFs, HBN-PUFs). We verify that the model is able to reproduce the experimentally observed PUF statistics for uniqueness μinter and reliability μintra obtained from ex-periments of HBN-PUFs on Cyclone V FPGAs. Our results suggest that the HBN-PUF is a true 'strong' PUF in the sense that its security properties depend exponentially on both the manufacturing variation and the challenge-response space. Our Python simulation methods are open-source and available at https://github.com/Noeloikeau/networkm.  © 2022 IEEE.","2022","2026-05-02 11:49:17","2026-05-02 11:49:17","","129-132","","","","","","","","","","","Institute of Electrical and Electronics Engineers Inc.","","English","","","Scopus","","","","Journal Abbreviation: Proc. IEEE Int. Symp. Hardw. Oriented Secur. Trust, HOST","<p>Export Date: 02 May 2026; Cited By: 0</p>","","","Field programmable gate arrays (FPGA); Computer software; Cryptography; Field programmables; Programmable gate array; Field programmable gate array; Storms; Boolean functions; Field Programmable Gate Array (FPGA); Physically unclonable functions; Physically unclonable function; Manufacturing Variation; Boolean Networks; Hybrid boolean network; Hybrid Boolean Network (HBN); Mathematical frameworks; Physically Unclonable Function (PUF); Security properties","","","","","","","","","","","","","","","","","","","","","","","","","","","","","","","","Proceedings of the 2022 IEEE International Symposium on Hardware Oriented Security and Trust, HOST 2022","","","","","","","","","","","","","","",""
"3WA97TBW","journalArticle","2025","Maatallah, N.; Mestiri, H.; Mohamed, A.A.; Machhout, M.","Enhancing IoT Security for Sustainable Development: A Parity Checking Approach for Fault Detection in PRESENT Block Cipher","Engineering, Technology and Applied Science Research","","22414487 (ISSN)","10.48084/etasr.10109","https://www.scopus.com/pages/publications/105003161972?origin=resultslist","The PRESENT lightweight block cipher designed for resource-constrained environments exhibits vulnerabilities to fault injection attacks. By deliberately introducing errors during the computation, attackers can potentially recover secret keys or bypass security measures. Various fault models, including single-and multi-bit faults targeting different stages of the cipher, have been explored, demonstrating the feasibility of such attacks. Consequently, robust countermeasures, such as error detection codes, parity checks, and hardware redundancy, are essential to enhance the fault resistance of PRESENT implementations and maintain security in real-world deployments. This paper presents an enhanced fault detection scheme for the PRESENT lightweight block cipher, designed to provide a high level of protection against a wide range of fault injection attacks. The proposed scheme focuses on detecting both simple and multiple fault attacks, addressing scenarios that target one or more bytes. A comprehensive analysis of the detection capabilities is performed, considering various fault multiplicities and injection methods. This innovative approach contributes to the advancement of secure and reliable systems, in line with the focus of SGD 9 on fostering innovation. The proposed scheme is extensively evaluated through simulations, demonstrating its ability to detect a significant percentage of injected faults. A hardware implementation on a Xilinx Virtex5-XC5VFX70T FPGA platform is explored, analyzing the trade-off between security, area, and performance. The results show that the proposed scheme achieves high fault coverage while maintaining reasonable resource utilization without impacting operating frequency. A comparison with existing techniques highlights the advantages of the proposed approach. © by the authors.","2025","2026-05-02 11:49:17","2026-05-02 11:49:17","","21982-21988","","2","15","","Eng. Technol. Appl. Sci. Res.","","","","","","Dr D. Pylarinos","","English","","","Scopus","","","","","<p>Export Date: 02 May 2026; Cited By: 3; Correspondence Address: H. Mestiri; Department of Computer Engineering, College of Computer Engineering and Sciences, Prince Sattam bin Abdulaziz University, Al-Kharj, 11942, Saudi Arabia; email: h.mestiri@psau.edu.sa</p>","","","security; cryptography; encryption algorithm; fault attacks; lightweight algorithm; PRESENT block cipher; secure communication","","","","","","","","","","","","","","","","","","","","","","","","","","","","","","","","","","","","","","","","","","","","","","",""
"UXP57NN2","journalArticle","2022","Yao, L.; Liang, H.; Han, Q.; Zhang, H.; Huang, Z.; Jiang, C.; Yi, M.; Lu, Y.","M-RO PUF: A portable pure digital RO PUF based on MUX unit","Microelectronics Journal","","00262692 (ISSN)","10.1016/j.mejo.2021.105314","https://www.scopus.com/pages/publications/85119615895?origin=resultslist","Electronic equipment changes with each passing day, and lightweight electronic devices are becoming ever more popular. Physical Unclonable Function (PUF) is an authentication circuit designed using the process characteristics of the integrated chip itself. Nowadays, numerous studies have failed to reduce the complexity of the circuit while pursuing the superior reliability and uniqueness of the PUF, so as to obtain the chip authentication circuit designed with a singular unit. A novel M-RO PUF based on the RO ring constructed by the multiplexer is proposed. Compared with the latest PUF, the proposed M-RO PUF occupies pure hardware resource and is not difficult to implement in Xilinx FPGA. The proposed M-RO PUF is implemented on Xilinx Spartan-6, Virtex-6, Kintex-7 development boards. Experimental results show that the PUF can work stably in the wide range of environmental changes (temperature: 0–80 °C; voltage: 0.8–1.2v), with a better uniqueness of 49.85%, which can be used as a new strategy for chip identification. © 2021 Elsevier Ltd","2022","2026-05-02 11:49:17","2026-05-02 11:49:17","","","","","119","","Microelectron J","","","","","","Elsevier Ltd","","English","","","Scopus","","","","","<p>Export Date: 02 May 2026; Cited By: 17; Correspondence Address: Y. Lu; School of Microelectronics, Hefei University of Technology, Hefei, 230009, China; email: luyingchun@hfut.edu.cn; CODEN: MICEB</p>","","","Authentication; Hardware security; Cryptography; Electric network analysis; Hardware resources; Oscillators (electronic); Physical unclonable function; Xilinx FPGA; Chip authentications; Environmental change; Integrated chips; Multiplexer; Multiplexing equipment; Process characteristics; Simplification; Singular unit; Spartan-6; Stability","","","","","","","","","","","","","","","","","","","","","","","","","","","","","","","","","","","","","","","","","","","","","","",""
"8KHK7GWB","conferencePaper","2025","Gousselot, T.; Dutertre, J.-M.; Potin, O.; Rigaud, J.-B.","Code Encryption for Confidentiality and Execution Integrity Down to Control Signals","Proc. IEEE Int. Symp. Hardw. Oriented Secur. Trust, HOST","28355709 (ISSN); 979-833151056-5 (ISBN)","","10.1109/HOST64725.2025.11050061","https://www.scopus.com/pages/publications/105013315567?origin=resultslist","Embedded devices face software and physical fault injections to either extract or tamper with code in memory. The code execution and code intellectual property are threatened. Some existing countermeasures provide Control Flow Integrity (CFI) with the confidentiality and integrity of the instructions by chaining all of them through a cryptographic encryption primitive. While tampering with instructions in memory is prevented, fault injection attacks can still target the microarchitecture. In this work, we introduce a new scheme by chaining the instructions through an encryption with associated control signals. This provides additional authenticity and integrity properties down to the control signals of the microarchitecture's pipeline. The instructions are stored encrypted in memory. At runtime, prior to being executed, the fetched instructions are decrypted depending on the control signals in the pipeline and all the previously decrypted instructions. In case of fault injections, targeting either instructions or control signals, the decryption process fails and generates random instructions, instead of the original ones. This quickly leads to an invalid instruction exception: the fault attack is thwarted. Our scheme was implemented on FPGA, into the 4-stage pipeline of the RISC-V CV32E40P core, using Ascon for encryption/decryption. When running and validating Embench program executions, we observed at least: a LUT overhead of 28.9 %, a reduction of the maximum core frequency of about -29.6%. While patches have to be stored, there is neither clock cycle overhead nor instructions inserted in the code. © 2025 IEEE.","2025","2026-05-02 11:49:17","2026-05-02 11:49:17","","403-414","","2025","","","","","","","","","Institute of Electrical and Electronics Engineers Inc.","","English","","","Scopus","","","","Journal Abbreviation: Proc. IEEE Int. Symp. Hardw. Oriented Secur. Trust, HOST","<p>Export Date: 02 May 2026; Cited By: 2</p>","","","Hardware security; Network security; Cryptography; Embedded systems; Data privacy; Reduced instruction set computing; RISC-V; Fault injection; Fault injection attacks; Countermeasure; Flow control; hardware security; Pipelines; fault injection attacks; Asca; Ascon; Control-flow integrities; countermeasures; chained instruction encryption; Chained instruction encryption; control flow integrity; Control signal; control signal integrity; Control signal integrity; Signal Integrity","","","","","","","","","","","","","","","","","","","","","","","","","","","","","","","","Proceedings of the IEEE International Symposium on Hardware Oriented Security and Trust, HOST","","","","","","","","","","","","","","",""
"PRC4GEVZ","conferencePaper","2023","Dik, D.; Oliveira, R.D.; Arabul, E.; Berger, M.S.; Nejabati, R.; Simeonidou, D.","QKD-based MACsec Control Plane for the Open-RAN Fronthaul","IET. Conf. Proc.","27324494 (ISSN); 978-183953926-8 (ISBN)","","10.1049/icp.2023.2361","https://www.scopus.com/pages/publications/85203432601?origin=resultslist","We demonstrate an FPGA-based architecture integrating QKD with MACsec Key Agreement protocol to quantum-secure the Open-RAN Fronthaul. This includes a protocol for key synchronization in the MACsec control plane. A key rate of 1 key/sec was achieved providing high reliability for critical applications. © The Institution of Engineering & Technology 2023.","2023","2026-05-02 11:49:17","2026-05-02 11:49:17","","874-877","","34","2023","","","","","","","","Institution of Engineering and Technology","","English","","","Scopus","","","","Journal Abbreviation: IET. Conf. Proc.","<p>Export Date: 02 May 2026; Cited By: 2</p>","","","Quantum cryptography; Network architecture; High reliability; Control planes; Critical applications; FPGA-based architectures; Key agreement protocol","","","","","","","","","","","","","","","","","","","","","","","","","","","","","","","","IET Conference Proceedings","","","","","","","","","","","","","","",""
"FFDILM9C","journalArticle","2025","Chen, T.; Tan, Y.-A.; Li, W.; Ci, Z.; Shi, N.","Toward secure program execution in multi-tenant cloud FPGA environments","Journal of Supercomputing","","09208542 (ISSN)","10.1007/s11227-025-07340-5","https://www.scopus.com/pages/publications/105005585156?origin=resultslist","Field-programmable gate arrays (FPGAs) are increasingly utilized in cloud computing due to their reconfigurability and ability to accelerate tasks such as machine learning and cryptography. However, multi-tenancy, where multiple users share FPGA resources, introduces significant security challenges. This paper analyzes both traditional and FPGA-specific attacks, including side-channel, covert-channel, and fault injection attacks, which exploit shared resources to compromise confidentiality, integrity, and availability. Countermeasures, encompassing preventive and runtime approaches, are reviewed to address these threats, emphasizing the need for a multi-layered security strategy. Although multi-tenancy in FPGA cloud servers has yet to be widely adopted, this paper provides critical insights into securing future multi-tenant FPGA infrastructures, ensuring the safe and efficient use of FPGA resources in cloud environments. © The Author(s), under exclusive licence to Springer Science+Business Media, LLC, part of Springer Nature 2025.","2025","2026-05-02 11:49:17","2026-05-02 11:49:17","","","","8","81","","J Supercomput","","","","","","Springer","","English","","","Scopus","","","","","<p>Export Date: 02 May 2026; Cited By: 3; Correspondence Address: N. Shi; Hebei Key Laboratory of IoT Blockchain Integration, Shijiazhuang University, Shijiazhuang, No.288 Zhufeng street, 050035, China; email: shining@sjzc.edu.cn; CODEN: JOSUE</p>","","","Field programmables; Programmable gate array; Security; Attack; Cloud-computing; Countermeasure; Countermeasures; Multi tenants; Cloud fields; Attacks; Multi tenancies; Multi-tenancy; Program execution","","","","","","","","","","","","","","","","","","","","","","","","","","","","","","","","","","","","","","","","","","","","","","",""
"X6ADFCAE","journalArticle","2025","Yan, D.; Jiang, Q.; Cao, Z.; Yuan, Y.; Wang, L.; Duan, S.","A simple method for constructing a class of discrete conservative chaotic maps","Physica Scripta","","00318949 (ISSN)","10.1088/1402-4896/ae0ecf","https://www.scopus.com/pages/publications/105020665946?origin=resultslist","Conservative systems play a critical role in high-reliability chaotic encryption due to their phase-space conservation and stable dynamic behavior during long-term evolution. However, research on discrete chaotic mappings with conservative properties remains scarce. To address this gap, this paper proposes a class of 2D discrete-time conservative chaotic systems via nonlinear reconstruction of the generalized Gumowski-Mira mappings. Specifically, their conservative nature is rigorously verified through Liouville’s theorem, demonstrating phase-conservation properties and symmetric Lyapunov exponents. For deeper analysis, we select a representative model (2D-DTC) from this class, which transitions from a stable fixed point to multiple unstable states through parameter variations. The system’s rich dynamic behavior is illustrated using bifurcation diagrams, symmetric Lyapunov exponential spectra, and parameter-space chaos diagrams. Notably, heterogeneous coexisting chaotic orbits emerge under initial value perturbations, while complexity quantification using spectral entropy (SE) and permutation entropy (PE) validates their nonlinear characteristics. For practical implementation, an FPGA-based platform is designed for chaotic sequence generation and image encryption that integrates diffusion and permutation. Experimental results demonstrate superior encryption performance and effectiveness. © 2025 IOP Publishing Ltd. All rights, including for text and data mining, AI training, and similar technologies, are reserved.","2025","2026-05-02 11:49:17","2026-05-02 11:49:17","","","","10","100","","Phys Scr","","","","","","Institute of Physics","","English","","","Scopus","","","","","<p>Export Date: 02 May 2026; Cited By: 0; Correspondence Address: Z. Cao; College of Computer and Information Science, Chongqing Normal University, Chongqing, 401331, China; email: zhrcao@cqnu.edu.cn; CODEN: PHSTB</p>","","","Field programmable gate arrays (FPGA); Cryptography; Dynamics; High reliability; Photomapping; Symmetrics; Entropy; Lyapunov methods; Chaotic systems; Chaotic map; Bifurcation (mathematics); complexity analysis; Complexity analysis; Conservative systems; Discrete conservative system; discrete conservative systems; Dynamic behaviors; FPGA encryption; Heterogeneous coexisting orbit; heterogeneous coexisting orbits; Long Term Evolution (LTE); Lyapunov functions; SIMPLE method","","","","","","","","","","","","","","","","","","","","","","","","","","","","","","","","","","","","","","","","","","","","","","",""
"8JU5ZHG6","conferencePaper","2023","Xu, K.","Research on Uniformity Enhancement of Arbiter PUF","Proc SPIE Int Soc Opt Eng","0277786X (ISSN); 978-151066479-1 (ISBN)","","10.1117/12.2679064","https://www.scopus.com/pages/publications/85160518940?origin=resultslist","In recent years, physical unclonable function (PUF) based hardware encryption has raised its significance in information security. Generally, a PUF is evaluated by three metrics: reliability, uniqueness, and uniformity. It is crucial for a PUF to have a good uniformity if it is used to generate cryptographic key. This paper focuses mainly on the Arbiter PUF and proposes a uniformity adjustment scheme for it. The main idea of this scheme is to add an adjustment module to the original circuit and construct an algorithm to automatically set the adjustment signals according to the responses. In the end, we use FPGA to test the uniformity, reliability and uniqueness of the adjusted PUF. © 2023 SPIE.","2023","2026-05-02 11:49:17","2026-05-02 11:49:17","","","","","12635","","","","","","","","SPIE","","English","","","Scopus","","","","Journal Abbreviation: Proc SPIE Int Soc Opt Eng","<p>Export Date: 02 May 2026; Cited By: 0; Correspondence Address: K. Xu; Soochow University, China; email: Raveyxu@gmail.com; CODEN: PSISD</p>","","","Hardware security; Field programmable gate arrays (FPGA); FPGA; Cryptography; physical unclonable function; Cryptographic key; hardware encryption; Hardware encryption","","Subramaniam K.; Muthuramalingam A.P.","","","","","","","","","","","","","","","","","","","","","","","","","","","","","","Proceedings of SPIE - The International Society for Optical Engineering","","","","","","","","","","","","","","",""
"2TYSZ5LQ","journalArticle","2025","Li, Z.; Jin, J.; Zhang, D.; Chen, C.","Design and realization of pulse-controlled multi-memristor Hopfield neural networks and their applications in information encryption","Multimedia Systems","","09424962 (ISSN)","10.1007/s00530-025-02012-z","https://www.scopus.com/pages/publications/105018669718?origin=resultslist","The unique nonlinear and memory characteristics of memristors make them ideal devices for mimicking biological neural synapses, providing a critical foundation for the bio-inspired design of artificial neural networks. In this work, a single-memristor Hopfield neural network (SM-HNN) and two multi-memristor Hopfield neural network (MM-HNN) models with different numbers of memristors are proposed, and in-depth investigations of their dynamical behaviors and engineering applications are also conducted. All of the proposed SM-HNN and MM-HNN models employ a parsimonious three-neuron architecture, enabling flexible regulation of the direction and quantity of double-scroll attractors through the application of external excitatory currents of the memristors. Firstly, the study establishes a single-memristor coupled synaptic HNN model, which generates unidirectional double-scroll attractors controlled by memristor parameters. Based on nonlinear dynamics theory, the equilibrium point distribution of the model is systematically analyzed, and other methods such as phase portraits, bifurcation diagrams, and Lyapunov exponent spectra are also used to reveal the characteristics of its numerically controllable double-scroll chaotic attractors. Building on the above single-memristor model, two types of multi-memristor coupled synaptic HNN models are further designed. By tuning the memristor parameters, these new models can generate grid-like and spatial double-scroll attractors with fully controllable quantities. To validate the theoretical analysis, experiments are conducted using a field-programmable gate array (FPGA)-based digital hardware platform, confirming the consistency of the experiments with simulation results. Moreover, the proposed MM-HNN model is successfully applied to the field of information encryption, and it provides a novel technological pathway for information encryption by using its complex chaotic dynamical characteristics, effectively enhancing the security and reliability of encryption systems. © The Author(s), under exclusive licence to Springer-Verlag GmbH Germany, part of Springer Nature 2025.","2025","2026-05-02 11:49:17","2026-05-02 11:49:17","","","","6","31","","Multimedia Syst","","","","","","Springer Science and Business Media Deutschland GmbH","","English","","","Scopus","","","","","<p>Export Date: 02 May 2026; Cited By: 8; Correspondence Address: J. Jin; School of Information Engineering, Changsha Medical University, Changsha, Hunan, 410219, China; email: jj67123@hnust.edu.cn; CODEN: MUSYE</p>","","","Field programmable gate arrays (FPGA); Integrated circuit design; Cryptography; Field programmables; Field-programmable gate array; Neural-networks; Programmable gate array; Simulation platform; Memory architecture; Dynamics; Field-programmable gate array (FPGA); Logic gates; Biomimetics; Neural network model; Lyapunov methods; Chaotic systems; Lyapunov functions; Double-scroll attractors; Hopfield neural network; Hopfield neural networks; Information encryption; Memristor; Memristors; Multi-scroll attractors; Scroll compressors; Spatial multi-scroll attractor","","","","","","","","","","","","","","","","","","","","","","","","","","","","","","","","","","","","","","","","","","","","","","",""
"TQEYLXL7","journalArticle","2024","Upadhyaya, D.; Gay, M.; Polian, I.","Locking-Enabled Security Analysis of Cryptographic Circuits †","Cryptography","","2410387X (ISSN)","10.3390/cryptography8010002","https://www.scopus.com/pages/publications/85188724612?origin=resultslist","Hardware implementations of cryptographic primitives require protection against physical attacks and supply chain threats. This raises the question of secure composability of different attack countermeasures, i.e., whether protecting a circuit against one threat can make it more vulnerable against a different threat. In this article, we study the consequences of applying logic locking, a popular design-for-trust solution against intellectual property piracy and overproduction, to cryptographic circuits. We show that the ability to unlock the circuit incorrectly gives the adversary new powerful attack options. We introduce LEDFA (locking-enabled differential fault analysis) and demonstrate for several ciphers and families of locking schemes that fault attacks become possible (or consistently easier) for incorrectly unlocked circuits. In several cases, logic locking has made circuit implementations prone to classical algebraic attacks with no fault injection needed altogether. We refer to this “zero-fault” version of LEDFA by the term LEDA, investigate its success factors in-depth and propose a countermeasure to protect the logic-locked implementations against LEDA. We also perform test vector leakage assessment (TVLA) of incorrectly unlocked AES implementations to show the effects of logic locking regarding side-channel leakage. Our results indicate that logic locking is not safe to use in cryptographic circuits, making them less rather than more secure. © 2024 by the authors.","2024","2026-05-02 11:49:17","2026-05-02 11:49:17","","","","1","8","","Cryptogr.","","","","","","Multidisciplinary Digital Publishing Institute (MDPI)","","English","","","Scopus","","","","","<p>Export Date: 02 May 2026; Cited By: 1; Correspondence Address: D. Upadhyaya; Institut für Technische Informatik, Universität Stuttgart, Stuttgart, Pfaffenwaldring 47, 70569, Germany; email: devanshi.upadhyaya@iti.uni-stuttgart.de</p>","","","cryptography; fault attacks; logic locking; side channel analysis","","","","","","","","","","","","","","","","","","","","","","","","","","","","","","","","","","","","","","","","","","","","","","",""
"ZV6FWCJE","conferencePaper","2022","Pakkiraiah, C.; Satyanarayana, R.V.S.","Design and FPGA Realization of an Energy Efficient Artificial Neural Modular Exponentiation Architecture","Commun. Comput. Info. Sci.","18650929 (ISSN); 978-303121749-4 (ISBN)","","10.1007/978-3-031-21750-0_10","https://www.scopus.com/pages/publications/85147843860?origin=resultslist","Modular arithmetic computations are used widely in various data security and reliability techniques. Information security systems certainly benefit from the design of energy-efficient modular exponentiation architectures. The use of low-power logic adders to realize modular exponentiation operations is very essential in prospective cryptography contexts. In this paper, various full adder circuit designs are presented which are used in developing an energy efficient modular exponentiation architecture. Here, the full adder is designed using Register Transfer Level (RTL), Standard Logic Cell (SLC), Reversible Logic Gate (RLG), and Artificial Neural Network (ANN) logic methods. All full adder designs are imposed on modular exponentiation circuit to analyze performance metrics in terms of dynamic power dissipation, Figure of Merit, and Energy Delay Product. The Modular Exponentiation architecture is designed based on the above full adders and is simulated and synthesized using Xilinx Vivado Zynq-7000 family configurable device. From the synthesis results, the dynamic power dissipation, Figure of Merit (FOM), and Energy Delay Product (EDP) of the ANN Modular Exponentiation circuit shows an improvement compared to other designs. The total power consumption, dynamic power dissipation, FOM, and EDP of ANN Full Adder and Modular Exponentiation circuit can achieve (8%, 16%), (23.5%, 20.7%), (14.7%, 14%), and (28.5%, 16%) compared to RLG Full adder and Modular Exponentiation circuit. © 2022, The Author(s), under exclusive license to Springer Nature Switzerland AG.","2022","2026-05-02 11:49:17","2026-05-02 11:49:17","","115-126","","","1729 CCIS","","","","","","","","Springer Science and Business Media Deutschland GmbH","","English","","","Scopus","","","","Journal Abbreviation: Commun. Comput. Info. Sci.","<p>Export Date: 02 May 2026; Cited By: 1; Correspondence Address: C. Pakkiraiah; S.V.University, Tirupati, India; email: pakkiraiahrssvu19@gmail.com</p>","","","Field programmable gate arrays (FPGA); Integrated circuit design; Neural networks; Energy efficiency; Energy efficient; Network architecture; Computer circuits; Logic gates; Security of data; Adders; Modular multipliers; Modular Exponentiation; Full adders; Integrated circuit manufacture; Delay circuits; Dynamic power dissipation; Electric losses; Feynman gate; Mlperceptron; MLPerceptron; Modular multiplier; PDP; Switching activities; Switching activity; Toffoli gate; Toffoli gates","","Panda S.K.; Rout R.R.; Sadam R.C.; Rayanoothala B.V.; Li K.; Buyya R.","","","","","","","","","","","","","","","","","","","","","","","","","","","","","","Communications in Computer and Information Science","","","","","","","","","","","","","","",""
"43FF5NS6","journalArticle","2022","","Proceedings - 2022 25th International Symposium on Design and Diagnostics of Electronic Circuits and Systems, DDECS 2022","Proceedings - 2022 25th International Symposium on Design and Diagnostics of Electronic Circuits and Systems, DDECS 2022","","978-166549431-1 (ISBN)","","https://www.scopus.com/pages/publications/85130496095?origin=resultslist","The proceedings contain 30 papers. The topics discussed include: towards polynomial formal verification of complex arithmetic circuits; dependability of alternative computing paradigms for machine learning: hype or hope?; virtual prototype driven design, implementation and evaluation of RISC-V instruction set extensions; processor extensions for hardware instruction replay against fault injection attacks; a design space exploration framework for memristor-based crossbar architecture; hexapod robotic system for indoor neutron and gamma radiation mapping and inspection; exploiting PUF variation to detect fault injection attacks; versatile hardware framework for elliptic curve cryptography; functional verification of arithmetic circuits: survey of formal methods; on SAT-based model checking of speed-independent circuits; and synaptic control for hardware implementation of spike timing dependent plasticity.","2022","2026-05-02 11:49:17","2026-05-02 11:49:17","","","","","","","Proc. - Int. Symp. Des. Diagn. Electron. Circuits Syst., DDECS","","","","","","Institute of Electrical and Electronics Engineers Inc.","","English","","","Scopus","","","","","<p>Export Date: 02 May 2026; Cited By: 0</p>","","","","","Kubatova H.; Steininger A.; Jenihhin M.; Garbolino T.; Fiser P.; Belohoubek J.; Borecky J.","","","","","","","","","","","","","","","","","","","","","","","","","","","","","","","","","","","","","","","","","","","","",""
"WT7LVIEL","journalArticle","2023","Jiang, Y.; Hu, Y.; Wang, W.","A Design Strategy to Improve Machine Learning Resiliency for Ring Oscillator Physically Unclonable Function","IEEE Access","","21693536 (ISSN)","10.1109/ACCESS.2023.3260841","https://www.scopus.com/pages/publications/85151569729?origin=resultslist","Physically unclonable functions (PUFs) are hardware security primitives that utilize non-reproducible manufacturing variations to provide device-specific challenge-response pairs (CRPs). Such primitives are desirable for applications such as communication and intellectual property protection. PUFs have been gaining considerable interest from both the academic and industrial communities because of their simplicity and stability. However, many recent studies have exposed PUFs to machine-learning (ML) modeling attacks. To improve the resilience of a system to general ML attacks instead of a specific ML technique, a common solution is to improve the complexity of the system. Structures, such as XOR-PUFs, can significantly increase the nonlinearity of PUFs to provide resilience against ML attacks. However, an increase in complexity often results in an increase in area and/or a decrease in reliability. This study proposes a lightweight ring oscillator (RO)-based PUFs using an additional modulus process to improve ML resiliency. The idea was to increase the complexity of the RO-PUF without significant hardware overhead by applying a modulus process to the outcomes from the RO frequency counter. We also present a thorough investigation of the design space to balance ML resiliency and other performance metrics such as reliability, uniqueness, and uniformity. © 2023 IEEE.","2023","2026-05-02 11:49:17","2026-05-02 11:49:17","","34104-34118","","","11","","IEEE Access","","","","","","Institute of Electrical and Electronics Engineers Inc.","","English","","","Scopus","","","","","<p>Export Date: 02 May 2026; Cited By: 5; Correspondence Address: W. Wang; University of Wisconsin - Milwaukee, Department of Electrical Engineering and Computer Science, Milwaukee, 53211, United States; email: wwang@uwm.edu</p>","","","Authentication; Hardware security; Field programmable gate arrays (FPGA); Integrated circuit design; Artificial intelligence; Learning systems; Hardware; Machine learning models; Cryptography; Field programmables; Programmable gate array; Field programmable gate array; Machine-learning; Security; Modeling; Logic gates; hardware security; physical unclonable function; Identification and authentication; identification and authentications; machine learning modeling","","","","","","","","","","","","","","","","","","","","","","","","","","","","","","","","","","","","","","","","","","","","","","",""
"N8YM4IBH","journalArticle","2025","Fernández-Aragón, J.; Diez-Señorans, G.; Garcia-Bosque, M.; Aparicio-Téllez, R.; López-Pinar, G.; Celma, S.","Improving Physically Unclonable Functions’ Performance Using Second-Order Compensated Measurement","Information (Switzerland)","","20782489 (ISSN)","10.3390/info16030166","https://www.scopus.com/pages/publications/105000869336?origin=resultslist","In this paper, we study the performance of second-order compensated measurement to generate a multi-bit response in physically unclonable functions (PUFs). The proposed technique is based on a novel second-order compensated measurement generating multiple bits instead of a single bit provided by the conventional compensated measurement. A PUF based on this technique has been proposed and implemented in 40 Artix-7 FPGAs, and its uniqueness and reproducibility have been compared to those of another PUF using the compensated measurement technique. In addition, we demonstrate that the best trade-off between identifiability and computation time performance is obtained when using only two bits. At the same time, the good performance of the technique has been demonstrated, improving the identifiability of a ring oscillator PUF (RO-PUF) between 70 and 90% compared to a RO-PUF that uses conventional compensated measurement. In particular, equal error rates (EER) of the order of EER∼ (Formula presented.) can be achieved by combining the sign bit with another bit extracted using the proposed technique; and up to EER∼ (Formula presented.) by using one more extra bit. In addition, the high reliability of the responses generated by this technique against possible temperature and voltage variations has been proved. These results show how this new technique improves the performance of the PUF in terms of identifiability, so it can be effectively used for device identification purposes. © 2025 by the authors.","2025","2026-05-02 11:49:17","2026-05-02 11:49:17","","","","3","16","","Information","","","","","","Multidisciplinary Digital Publishing Institute (MDPI)","","English","","","Scopus","","","","","<p>Export Date: 02 May 2026; Cited By: 0; Correspondence Address: S. Celma; Group of Electronic Design (GDE), Aragón Institute of Engineering Research (I3A), University of Zaragoza, Zaragoza, 50009, Spain; email: scelma@unizar.es</p>","","","Hardware security; FPGA; Performance; Cryptography; Radiation hardening; Cryptographic primitives; hardware security; Physically unclonable functions; Ring oscillator; Second orders; Oscillators (electronic); ring oscillator; A-RINGS; compensated measurement; Compensated measurement; cryptographic primitive; Equal error rate; Identifiability; physically unclonable functions; second-order compensated measurement; Second-order compensated measurement; Strain measurement","","","","","","","","","","","","","","","","","","","","","","","","","","","","","","","","","","","","","","","","","","","","","","",""
"E6WZ52PS","conferencePaper","2025","El Amraoui, S.; Douadi, A.; Leveugle, R.; Maistri, P.","Pulsed Electromagnetic Fault Injection Attack on Ring Oscillator-based PUFs in FPGAs","Proc. European Test Workshop","15301877 (ISSN); 979-833159450-3 (ISBN)","","10.1109/ETS63895.2025.11049607","https://www.scopus.com/pages/publications/105011028366?origin=resultslist","Physical Unclonable Functions (PUFs) have emerged as a promising solution to overcome the limitations of conventional secure key storage and random key generation techniques on Integrated Circuits (ICs). Among the various PUF architectures, Ring Oscillator-based PUFs can be employed in FPGAs to generate unique responses due to their cost-effective and efficient implementation. However, their robustness against fault injection attacks remains a real concern. In this paper, we present a novel scenario whereby pulsed Electromagnetic Fault Injection (EMFI) can alter the PUF's response and significantly threaten its robustness. By exploiting the harmonic locking susceptibility of a RO under pulsed EMFI, we demonstrated how different parameters of the EM pulse and the PUF implementation can influence the severity of the attack. Based on our findings, some general guidelines are derived to harden RO-based PUFs against pulsed EMFI. © 2025 IEEE.","2025","2026-05-02 11:49:17","2026-05-02 11:49:17","","","","","","","","","","","","","Institute of Electrical and Electronics Engineers Inc.","","English","","","Scopus","","","","Journal Abbreviation: Proc. European Test Workshop","<p>Export Date: 02 May 2026; Cited By: 2</p>","","","Hardware security; Network security; Field programmable gate arrays (FPGA); Cost effectiveness; Cryptography; Embedded systems; Fault injection; Fault injection attacks; Locks (fasteners); Integrated circuits; Electromagnetic Fault injections; Ring oscillator; Oscillators (electronic); FPGA security; Electromagnetic pulse; Electric fault currents; Physical Unclonable Function; Key storage; Electromagnetic compatibility; Harmonic locking; Harmonic-locking; Pulsed EM fault injection; Pulsed EM Fault Injection; Random keys; Storage keys","","","","","","","","","","","","","","","","","","","","","","","","","","","","","","","","Proceedings of the European Test Workshop","","","","","","","","","","","","","","",""
"C8ZJ29ZM","conferencePaper","2023","Rezaei Shahmirzadi, A.; Moos, T.; Moradi, A.","Energy Consumption of Protected Cryptographic Hardware Cores: An Experimental Study","Lect. Notes Comput. Sci.","03029743 (ISSN); 978-303129496-9 (ISBN)","","10.1007/978-3-031-29497-6_10","https://www.scopus.com/pages/publications/85152586046?origin=resultslist","The rapid deployment of the Internet of Things (IoT) brought some interesting topics into the spotlight, one of which is low-power design. IoT devices are usually deployed in environments where access to an electricity network is not feasible and therefore have to be supplied by a battery. Despite the limited energy budget in this setting, many relevant applications require long device runtimes. Additionally, in order to establish secure connections to other IoT devices, cryptographic primitives are required to safely transmit data. Since the devices are physically accessible, enabling adversaries to mount all sorts of physical attacks, physically secure implementations are inevitable. In this study, we evaluate the energy consumption of cryptographic primitives on a custom 65 nm ASIC with different design architectures ranging from unrolled to serialized implementation. In each design architecture, we compare the consumed energy of different crypto cores. We also examine the energy consumption of different masking schemes up to third-order secure realizations of various block ciphers. Further, in our practical investigations, we explore the energy consumption overhead of countermeasures against fault-injection attacks under different adversary models providing the first practical results on real silicon for protected implementations. © 2023, The Author(s), under exclusive license to Springer Nature Switzerland AG.","2023","2026-05-02 11:49:17","2026-05-02 11:49:17","","195-220","","","13979 LNCS","","","","","","","","Springer Science and Business Media Deutschland GmbH","","English","","","Scopus","","","","Journal Abbreviation: Lect. Notes Comput. Sci.","<p>Export Date: 02 May 2026; Cited By: 2; Correspondence Address: A. Rezaei Shahmirzadi; Horst Görtz Institute for IT Security, Ruhr University Bochum, Bochum, Germany; email: aein.rezaeishahmirzadi@rub.de</p>","","","Network security; Energy utilization; Cryptography; Internet of things; Application specific integrated circuits; ASIC; Network architecture; Energy-consumption; Budget control; Energy consumption; Cryptographic hardware; Countermeasure; Masking; Countermeasures; Cryptographic primitives; Cryptographic implementation; Electric power supplies to apparatus; Low-power design; Design architecture; Electricity networks; Rapid deployments","","Kavun E.B.; Pehl M.","","","","","","","","","","","","","","","","","","","","","","","","","","","","","","Lecture Notes in Computer Science (including subseries Lecture Notes in Artificial Intelligence and Lecture Notes in Bioinformatics)","","","","","","","","","","","","","","",""
"AQDLUGYU","journalArticle","2023","Li, H.; Cao, W.; Wang, C.; Zhu, X.; Liao, G.; He, Z.","FOM-CDS PUF: A Novel Configurable Dual State Strong PUF Based on Feedback Obfuscation Mechanism against Modeling Attacks","IEICE Transactions on Fundamentals of Electronics, Communications and Computer Sciences","","09168508 (ISSN)","10.1587/transfun.2022EAP1151","https://www.scopus.com/pages/publications/85173586624?origin=resultslist","The configurable Ring oscillator Physical unclonable function (CRO PUF) is the newly proposed strong PUF based on classic RO PUF, which can generate exponential Challenge-Response Pairs (CRPs) and has good uniqueness and reliability. However, existing proposals have low hardware utilization and vulnerability to modeling attacks. In this paper, we propose a Novel Configurable Dual State (CDS) PUF with lower overhead and higher resistance to modeling attacks. This structure can be flexibly transformed into RO PUF and TERO PUF in the same topology according to the parity of the HammingWeight (HW) of the challenge, which can achieve 100% utilization of the inverters and improve the efficiency of hardware utilization. A feedback obfuscation mechanism (FOM) is also proposed, which uses the stable count value of the ring oscillator in the PUF as the updated mask to confuse and hide the original challenge, significantly improving the effect of resisting modeling attacks. The proposed FOM-CDS PUF is analyzed by building a mathematical model and finally implemented on Xilinx Artix-7 FPGA, the test results show that the FOMCDS PUF can effectively resist several popular modeling attack methods and the prediction accuracy is below 60%. Meanwhile it shows that the FOM-CDS PUF has good performance with uniformity, Bit Error Rate at different temperatures, Bit Error Rate at different voltages and uniqueness of 53.68%, 7.91%, 5.64% and 50.33% respectively. © 2023 Institute of Electronics, Information and Communication, Engineers, IEICE. All rights reserved.","2023","2026-05-02 11:49:17","2026-05-02 11:49:17","","1311-1321","","10","E106.A","","IEICE Trans Fund Electron Commun Comput Sci","","","","","","Institute of Electronics Information Communication Engineers","","English","","","Scopus","","","","","<p>Export Date: 02 May 2026; Cited By: 5; Correspondence Address: Z. He; Laboratory of Solar Energy Efficient Utilization and Energy Storage Operation Control, Wuhan, 430068, China; email: ivan_hee@126.com; CODEN: IFESE</p>","","","Hardware security; Cryptography; Low-high; Exponentials; Ring oscillator; Challenge-response pair; Bit error rate; Modeling attack; Bit-error rate; modeling attack; configurable dual state PUF; Configurable dual state PUF; feedback obfuscation mechanism; Feedback obfuscation mechanism; Hardware utilization; Low overhead; lower overhead","","","","","","","","","","","","","","","","","","","","","","","","","","","","","","","","","","","","","","","","","","","","","","",""
"56W4QUN3","journalArticle","2022","Kumar, A.; Chandra, V.; Bhattacharya, S.; Kumar, P.; Sharma, A.; Singh, A.; Sehgal, D.; Jatana, H.S.; Chatterjee, S.; Ganguly, U.; Suri, M.","PUF Implementation Using Competing OTPM Devices in Novel 5T-2OTPM Differential Configuration","IEEE Transactions on Electron Devices","","00189383 (ISSN)","10.1109/TED.2021.3126696","https://www.scopus.com/pages/publications/85120086616?origin=resultslist","Physical unclonable function (PUF) is an important circuit component for realizing cyber-physical security of data and electronic systems. In this work, we present a low-cost PUF implementation using metal-insulator-metal (MIM)-type PECVD SiO2-based one-time programmable memory (OTPM) devices. We present a custom Verilog-A compact model of OTPM devices for complete PUF hardware implementation in the 180-nm CMOS technology. The implementation of PUF scheme based on a novel differential bit cell using OTPM devices shows strong performance in terms of uniqueness, reliability, and uniformity without additional overheads in terms of bit error correction and postprocessing.  © 1963-2012 IEEE.","2022","2026-05-02 11:49:17","2026-05-02 11:49:17","","96-102","","1","69","","IEEE Trans. Electron Devices","","","","","","Institute of Electrical and Electronics Engineers Inc.","","English","","","Scopus","","","","","<p>Export Date: 02 May 2026; Cited By: 1; Correspondence Address: M. Suri; Department of Electrical Engineering, Indian Institute of Technology Delhi, New Delhi, 110016, India; email: manansuri@ee.iitd.ac.in; CODEN: IETDA</p>","","","Hardware security; Computer hardware; Cryptography; Memory architecture; Error correction; Security of data; Low-costs; One-time programmable memory; Physical unclonable function (PUF); Circuit components; Cyber-Physical securities; Data systems; Differential configuration; Electric breakdown; Electronics system; Mathematical programming; Metal insulator boundaries; One-time programmable memory (OTPM); Physical unclonable function .; Programming","","","","","","","","","","","","","","","","","","","","","","","","","","","","","","","","","","","","","","","","","","","","","","",""
"RVPJQJ7G","journalArticle","2023","He, Z.; Xu, X.; Zhang, Y.; Wan, M.","Key generator design based on bits self-testing SR-Latch PUF with debiasing algorithm","Huazhong Keji Daxue Xuebao (Ziran Kexue Ban)/Journal of Huazhong University of Science and Technology (Natural Science Edition)","","16714512 (ISSN)","10.13245/j.hust.238195","https://www.scopus.com/pages/publications/85193631611?origin=resultslist","A dynamic self-checking SR-Latch physically unclonable function (PUF) structure was first proposed,which introduced a PDL additional delay line in the SR-Latch PUF to detect the magnitude of signal deviation inside the SR-Latch PUF cell,so as to detect and mark the reliable PUF cells.Secondly,a de-biasing algorithm based on reliability confidence information was proposed to introduce unreliable PUF units into the de-biasing process of the classical von Neumann algorithm,which improved the bias characteristics of PUF responses and enhances the utilization of PUFs. Finally,a key generation circuit was designed using a combination of the reliable dynamic self-test SR-Latch PUF and the debiasing algorithm.FPGA verification results show that the error rate of key generation in this scheme can reach 1×10-9 and the hardware overhead is reduced by about 30% compared with the existing techniques. The proposed debiasing algorithm improves the PUF utilization by 32% over the existing algorithms and enhances the overall security of the key by eliminating the entropy leakage of the auxiliary data. © 2023 Huazhong University of Science and Technology. All rights reserved.","2023","2026-05-02 11:49:17","2026-05-02 11:49:17","","167-172","","9","51","","Huazhong Ligong Daxue Xuebao","基于比特自检 SR-Latch PUF 与纠偏算法的密钥生成","","","","","Huazhong University of Science and Technology","","Chinese","","","Scopus","","","","","<p>Export Date: 02 May 2026; Cited By: 0</p>","","","Cryptography; Key generation; Physically unclonable functions; Physically unclonable function; De-biasing; key generator; Key generator; physically unclonable function (PUF); debiasing technique; Debiasing technique; Generator design; programmable delay line; Programmable delay lines; reliability enhancement; Reliability enhancement; SR-latch; SR-Latch","","","","","","","","","","","","","","","","","","","","","","","","","","","","","","","","","","","","","","","","","","","","","","",""
"PWJJ78M7","journalArticle","2022","Anandakumar, N.N.; Hashmi, M.S.; Chaudhary, M.A.","Implementation of Efficient XOR Arbiter PUF on FPGA With Enhanced Uniqueness and Security","IEEE Access","","21693536 (ISSN)","10.1109/ACCESS.2022.3228635","https://www.scopus.com/pages/publications/85144746044?origin=resultslist","Physically unclonable functions (PUFs) are recently utilized as a promising security solution for authentication and identification of internet of things (IoT) devices. In this article, we present an efficient implementation of XOR Arbiter PUF (XOR APUF) on field-programmable gate arrays (FPGAs). In our work, we incorporated concept of discrete programmable delays logic (PDL) configurations, the obfuscated challenges and temporal majority voting (TMV) before the XOR operation concurrently to enhance uniqueness and security. The derived design has been verified on 25 Xilinx Artix-7 FPGAs and the results are promising with uniqueness of 48.69%, uniformity 50.73% and reliability 99.41%, which significantly improves over previous work into XOR APUF designs. In addition, we also investigate modeling attack resistance of the proposed design against various modelling attacks and the security analysis show that the proposed PUF has lower prediction rate (<65%) when compared to the previous XOR APUF designs.  © 2013 IEEE.","2022","2026-05-02 11:49:17","2026-05-02 11:49:17","","129832-129842","","","10","","IEEE Access","","","","","","Institute of Electrical and Electronics Engineers Inc.","","English","","","Scopus","","","","","<p>Export Date: 02 May 2026; Cited By: 40; Correspondence Address: M.S. Hashmi; Nazarbayev University, School of Engineering and Digital Sciences, Astana, 010000, Kazakhstan; email: mohammad.hashmi@nu.edu.kz</p>","","","Authentication; Hardware security; Field programmable gate arrays (FPGA); FPGA; Integrated circuit design; Cryptography; Field programmables; Field-programmable gate array; Programmable gate array; Internet of things; Signal receivers; Table lookup; Field programmable gate array; Security; Logic gates; Internet of thing; Internet of Things (IoT); Physical unclonable function; Delay; Programmable delay lines; Physical unclonable functions (PUFs); Programmable delay line; programmable delays line (PDL); XOR arbiter physical unclonable function; XOR arbiter PUF (XOR APUF)","","","","","","","","","","","","","","","","","","","","","","","","","","","","","","","","","","","","","","","","","","","","","","",""
"HCIGG8EH","conferencePaper","2022","Shariffuddin, S.; Sivamangai, N.M.; Napolean, A.; Naveenkumar, R.; Kamalnath, S.; Saranya, G.","Review on Arbiter Physical Unclonable Function and its Implementation in FPGA for IoT Security Applications","ICDCS - Int. Conf. Devices, Circuits Syst.","978-166548094-9 (ISBN)","","10.1109/ICDCS54290.2022.9780766","https://www.scopus.com/pages/publications/85132256333?origin=resultslist","Security is one of the most difficult aspects of advancing the Internet of Things (IoT) in our daily lives and future industrial systems. IoT systems have a variety a slew of issues, including a scarcity of resources, reduced power usage, and the necessity to secure devices from cyber-attacks. Unfortunately, the approaches are limited by power consumption and a lack of computer capabilities; also, the typical usage of non-volatile memory to store secret keys is open to several assaults such as reverse engineering and side channeling. PUFs (Physical Unclonable Functions) are a type of method that is used to increase the security of physical devices and solve problems connected with existing cryptographic algorithms. PUFs are one-way lightweight functions that extort a distinct personality for each terminal based on unpredictable and impossible to reproduce physical variables imposed during production. Memory-based PUF's (e.g., SRAM and SR-latch PUF's), delay-based PUF's (e.g., Arbiter PUF (APUF), digital PUF's, operating frequency-based PUF's (ring oscillator PUF (ROPUF)), and other PUF's have been achieved in ASIC and, FPGA in particular. In this article, we examine a wide range of PUFs found in the literature. Many observations are based on the comparison of the surveyed schemes. The review concentrates on different types of arbiter PUF architectures and the quality of the designed arbiter PUFs in terms of three parameters: reliability, uniqueness and uniformity. This study examines the latest Arbiter PUF innovations and the necessary security requirements and promising security solutions for IoT applications.  © 2022 IEEE.","2022","2026-05-02 11:49:17","2026-05-02 11:49:17","","369-374","","","","","","","","","","","Institute of Electrical and Electronics Engineers Inc.","","English","","","Scopus","","","","Journal Abbreviation: ICDCS - Int. Conf. Devices, Circuits Syst.","<p>Export Date: 02 May 2026; Cited By: 7</p>","","","Hardware security; Network security; Field programmable gate arrays (FPGA); FPGA; Cryptography; Internet of things; Cybersecurity; Secret key; Security; Cyber-attacks; IoT; Static random access storage; Security application; Arbiter physical unclonable function; Reliability; Arbiter PUF; Daily lives; Industrial systems; Non-volatile memory; Power usage; Secure devices","","","","","","","","","","","","","","","","","","","","","","","","","","","","","","","","ICDCS 2022 - 2022 6th International Conference on Devices, Circuits and Systems","","","","","","","","","","","","","","",""
"FSAX4VIQ","journalArticle","2026","Yan, X.; Zhang, C.; Wu, H.; Zhang, Y.","Reliable and Modeling-Attack-Resistant Feed-Forward Crossbar Matrix Arbiter PUF for Anti-Counterfeiting Authentication","Electronics (Switzerland)","","20799292 (ISSN)","10.3390/electronics15071375","https://www.scopus.com/pages/publications/105035557546?origin=resultslist","Physical Unclonable Functions (PUFs) represent a highly promising hardware security primitive, yet they face constraints of insufficient reliability and threats from modeling attacks. This paper designs a novel Feed-Forward Crossbar Matrix Arbiter PUF (FC-MA PUF). It incorporates an inter-stage crossbar structure, a feed-forward control system, and a mechanism for selecting reliable challenge-response pairs. These features significantly enhance the structural non-linearity and stability, substantially improving security and adaptability to a wider range of operating environments. It provides a high-strength authentication solution with low resource overhead for lightweight security-demanding devices such as IoT devices. The proposed FC-MA PUF has been successfully implemented on a Field-Programmable Gate Array (FPGA) platform. Experimental results for the selected 4-stage FC-MA PUF configuration show a bias, inter-chip uniqueness, and bit error rate (BER) of 49.88%, 49.68%, and 0.018%, respectively. Furthermore, the structure allows for flexible configuration of the number of feed-forward modules based on practical application requirements: a greater number of feed-forward modules enhances security but also leads to an increased BER and a decreased proportion of stable challenge-response pairs. Experimental results based on a training set of 1,000,000 challenge-response pairs demonstrate that: with two feed-forward units, the stable (Challenge Response Pair)CRP ratio is 39.72% and the Covariance Matrix Adaptation Evolutionary Strategies (CMA-ES) attack prediction success rate is 58.20%; with three units, the ratio decreases to 29.12% and the prediction rate drops to 54.91%; with four units, these values further decline to 20.18% and 52.33% respectively. These results confirm that the proposed FC-MA PUF effectively resists multiple modeling attacks, including Logistic Regression (LR), Support Vector Machine (SVM), and CMA-ES. © 2026 by the authors.","2026","2026-05-02 11:49:17","2026-05-02 11:49:17","","","","7","15","","Electronics (Switzerland)","","","","","","Multidisciplinary Digital Publishing Institute (MDPI)","","English","","","Scopus","","","","","<p>Export Date: 02 May 2026; Cited By: 0; Correspondence Address: Y. Zhang; Hubei Collaborative Innovation Center for High-Efficiency Utilization of Solar Energy, Hubei University of Technology, Wuhan, 430068, China; email: zhangyin@hbut.edu.cn</p>","","","Authentication; Hardware security; Network security; Cryptography; Matrix algebra; Evolutionary algorithms; Feed forward; Physically unclonable functions; Attack resistants; Challenge-response pair; Bit error rate; Logistic regression; Bit-error rate; physically unclonable functions; reliability enhancement; Reliability enhancement; Covariance matrix adaptation; Error statistics; Evolutionary strategies; matrix; modeling-attack-resistant; Modeling-attack-resistant; Support vector regression","","","","","","","","","","","","","","","","","","","","","","","","","","","","","","","","","","","","","","","","","","","","","","",""
"8ARNCQ65","journalArticle","2023","Li, H.; Chen, H.; Han, X.; Cao, W.; Zhu, X.; Jiang, H.; Wang, J.","Easily Overlooked Vulnerability in Implementation: Practical Fault Attack on ECDSA Round Counter","IEEE Transactions on Computer-Aided Design of Integrated Circuits and Systems","","02780070 (ISSN)","10.1109/TCAD.2022.3231814","https://www.scopus.com/pages/publications/85146223155?origin=resultslist","Elliptic curve cryptographic is a widely used public-key cryptosystem. Though it has good theoretical security, it is still vulnerable to some physical attacks due to the implementation weakness. To resist the attacks, a number of physical countermeasures have been proposed. However, there are still some implementation vulnerabilities that may be overlooked, leading to more practical and effective attacks. In this article, we construct a new fault attack on round counter which is a component of scalar multiplications in ECDSA. The attack is divided into two parts. In the first part, the partial bits of nonce in each signature can be recovered by the fault injection on round counter. In the second part, an efficient lattice attack can be constructed to recover the private key by combining the recovered bits. Compared with other lattice-based fault attacks, our attack has the advantage of practicability and effectiveness. Especially, it has less requirement of moment precision and wide applicability of scalar multiplications, which is the critical factors for practicability and effectiveness. To verify the strength of our attack, we carry on the laser injection experiments, respectively, on an AVR MCU (ATmega163L) and a Kintex-7 FPGA (XC7K325T). The experimental results verify the practicability and effectiveness of the attack in both software and hardware platforms. Finally, we also propose two directions for efficient countermeasures against our attack.  © 1982-2012 IEEE.","2023","2026-05-02 11:49:17","2026-05-02 11:49:17","","2461-2474","","8","42","","IEEE Trans Comput Aided Des Integr Circuits Syst","","","","","","Institute of Electrical and Electronics Engineers Inc.","","English","","","Scopus","","","","","<p>Export Date: 02 May 2026; Cited By: 3; Correspondence Address: H. Chen; Institute of Software, Chinese Academy of Sciences, Trusted Computing and Information Assurance Laboratory, Beijing, 100190, China; email: chenhua@iscas.ac.cn; CODEN: ITCSD</p>","","","Lattice; Side channel attack; Field programmable gate arrays (FPGA); Public key cryptography; Software; Software testing; lattice; Timing circuits; Faults attacks; Security; Fault detection; Circuit faults; Elliptic curve; ECDSA; Laser injection; fault attack; laser injection; round counter; Round counter; Semiconductor lasers","","","","","","","","","","","","","","","","","","","","","","","","","","","","","","","","","","","","","","","","","","","","","","",""
"5NELVM5Q","journalArticle","2025","Kchaou, A.; Saad, S.; Garrab, H.","Workload-Dependent Vulnerability of SDRAM Multi-Bit Upsets in a LEON3 Soft-Core Processor","Electronics (Switzerland)","","20799292 (ISSN)","10.3390/electronics14244852","https://www.scopus.com/pages/publications/105025782910?origin=resultslist","Multi-bit upsets (MBUs) are a growing reliability threat in high-density SDRAM, particularly in radiation-prone embedded systems. This paper presents a large-scale FPGA-based fault injection (FI) study targeting external SDRAM in a cache-enabled LEON3 SPARC V8 processor, with over 300,000 dual-bit MBUs injected across three diverse workloads: Fast Fourier transform (FFT), matrix multiplication (MulMatrix), and advanced encryption standard (AES). Our results reveal a profound dependence of MBU manifestation on application semantics: memory-intensive benchmarks (FFT, MulMatrix) exhibit high fault detectability through data store and access exceptions, while the AES workload demonstrates exceptional intrinsic masking, with the vast majority of MBUs producing no observable effect. These results demonstrate that processor vulnerability to MBUs is not uniform but fundamentally shaped by workload characteristics, including memory access patterns, control flow regularity, and algorithmic redundancy. The study provides a hardware-validated foundation for designing workload-aware fault tolerance strategies in space-grade and safety-critical embedded platforms. © 2025 by the authors.","2025","2026-05-02 11:49:17","2026-05-02 11:49:17","","","","24","14","","Electronics (Switzerland)","","","","","","Multidisciplinary Digital Publishing Institute (MDPI)","","English","","","Scopus","","","","","<p>Export Date: 02 May 2026; Cited By: 1; Correspondence Address: A. Kchaou; GEII Department, IUT Bordeaux, Gradignan, 15 Street of Naudet, 33170, France; email: kchaouafef@gmail.com</p>","","","Hardware security; Fast fourier; Field programmable gate arrays (FPGA); Cryptography; Benchmarking; Computer control systems; Embedded systems; Fast Fourier transforms; Space platforms; Fault injection; Fault tolerance; Fault tolerant computer systems; Safety engineering; Advanced Encryption Standard; Dynamic random access storage; fault injection; FPGA emulation; LEON3 processor; Multi-bit upset; multi-bit upset (MBU); SDRAM reliability; space computing; Space computing; workload-dependent vulnerability; Workload-dependent vulnerability","","","","","","","","","","","","","","","","","","","","","","","","","","","","","","","","","","","","","","","","","","","","","","",""
"SK7WAAYH","journalArticle","2023","Wang, J.; Dai, Z.; Liu, Y.","A Configurable Butterfly Strong Physical Unclonable Function Design Approach Based on the Delay Chain of FPGA","Dianzi Yu Xinxi Xuebao/Journal of Electronics and Information Technology","","10095896 (ISSN)","10.11999/JEIT230805","https://www.scopus.com/pages/publications/85183315431?origin=resultslist","As the secure core of chips and systems, Physical Unclonable Function(PUF) is widely applied to key management, device authentication, and fingerprint identification fields. Among all the existing security solutions, PUF is one of the most effective methods to solve the information security problems of chips and systems. Combined with the characteristics of PUF and FPGA, a Configurable Butterfly Strong PUF (CBS-PUF) based on a delay chain is proposed in this paper. An asymmetric delay chain is constructed by using three basic elements of FPGA and a reconfigurable butterfly strong PUF is established with the cross-couped symmetric delay chain. Further, an FPGA-based PUF test platform is built and a response acquisition tool is designed to acquire the PUF challenge-response pair. Finally, the reliability, uniformity, and randomness of CBS-PUF are analyzed, and the anti-modeling attack scheme is given. The experimental results show that the randomness, reliability, and uniqueness of the proposed PUF are close to the ideal value (51.02%, 98.38%, and 47.2% respectively), and the proposed PUF presents an appealing option for the security fields of chips and systems. © 2023 Science Press. All rights reserved.","2023","2026-05-02 11:49:17","2026-05-02 11:49:17","","3955-3964","","11","45","","Dianzi Yu Xinxi Xuebao","基于可配置延迟链的蝶形强物理不可克隆函数设计技术研究","","","","","Science Press","","Chinese","","","Scopus","","","","","<p>Export Date: 02 May 2026; Cited By: 1; Correspondence Address: Y. Liu; School of Cryptographic Engineering, Strategic Support Force Information Engineering University, Zhengzhou, 450000, China; email: liuyj_1013@126.com; CODEN: DKXUE</p>","","","Hardware security; Field programmable gate arrays (FPGA); FPGA; Cryptography; Reconfigurable; Security solutions; Random processes; Function designs; Device authentications; Basic-elements; Delay chain; Delay chains; Design approaches; Electric circuit breakers; Fingerprint identification; Information security; Key-management; Physical Unclonable Function(PUF); Security problems","","","","","","","","","","","","","","","","","","","","","","","","","","","","","","","","","","","","","","","","","","","","","","",""
"LNY2XEHT","journalArticle","2023","Lian, J.; Wang, P.; Li, G.","A greedy algorithm based Compensation Circuit for Optimizing the Output Statistics of APUF","Microelectronics Journal","","00262692 (ISSN)","10.1016/j.mejo.2022.105636","https://www.scopus.com/pages/publications/85142161456?origin=resultslist","Physical unclonable function (PUF) can reduce the risk of password leakage of smart connected devices, and has broad application prospects in the field of information security. However, in actual implementation, the designed PUF often deviates greatly due to a lack of experience in using the FPGA platform. Therefore, this paper proposes an APUF adaptive compensation method based on a greedy algorithm. This method can modify the delay by changing the internal transmission path, thereby reducing the skew between APUF paths. First, to enhance the randomness of the APUF output, a compensation circuit with equal delay on the symmetric path of APUF is constructed in a differential manner. Then, the local solution is used to construct the global solution by using the greedy algorithm, which further improves the circuit regulation speed. Finally, the proposed method is implemented on FPGA, and the effectiveness of the method is verified by analyzing the statistical characteristics of the output. The experimental results show that the randomness (49.56%), uniqueness (49.08%), and reliability (95.78%) of APUF are close to the ideal values after using the adaptive compensation method. In addition, when implemented on different FPGA platforms and different chip locations, the average randomness of the PUF circuit is 49.46%. Therefore, the method is highly applicable and can be applied to all the same types of FPGA platforms without subsequent adjustments. © 2022","2023","2026-05-02 11:49:17","2026-05-02 11:49:17","","","","","131","","Microelectron J","","","","","","Elsevier Ltd","","English","","","Scopus","","","","","<p>Export Date: 02 May 2026; Cited By: 2; Correspondence Address: P. Wang; College of Electrical and Electronic Engineering, Wenzhou University; email: wangpengjun@wzu.edu.cn; CODEN: MICEB</p>","","","Hardware security; Field programmable gate arrays (FPGA); Cryptography; Field programmables; Field-programmable gate array; Programmable gate array; Timing circuits; Compensation method; Random processes; Physical unclonable function; Delay circuits; Adaptive compensation; Application prospect; Broad application; Compensation circuits; Differential compensation; Greedy algorithm; Greedy algorithms","","","","","","","","","","","","","","","","","","","","","","","","","","","","","","","","","","","","","","","","","","","","","","",""
"QS4K4ANX","journalArticle","2022","Xiong, L.; Yang, F.; Mou, J.; An, X.; Zhang, X.","A memristive system and its applications in red–blue 3D glasses and image encryption algorithm with DNA variation","Nonlinear Dynamics","","0924090X (ISSN)","10.1007/s11071-021-07131-6","https://www.scopus.com/pages/publications/85123931948?origin=resultslist","In this paper, a memristive circuit system is proposed and its dynamical characteristics are analyzed by two-parameters bifurcation diagrams, Lyapunov exponent spectrum, SE complexity and C0 complexity. The numerical analysis results illustrate that the chaotic state of the memristive system is distributed in a large range of parameters, which is especially suitable for image encryption application. Then, in view of the fact that the traditional method of observing three-dimensional chaotic attractors can not give full play to the essence of human eyes cooperating with brain information processing, a new method to obtain the brain information of complete three-dimensional chaotic attractors by using red–blue 3D glasses is proposed. The results show that compared with the traditional method based on the memristive system, the visual effect of chaotic attractors observed by red–blue 3D glasses is shocking. In addition, an image encryption algorithm is designed to verify the image encryption application of the memristive system based on DNA variation. A series of security performance analysis experiments are performed to verify the effectiveness and reliability of the designed algorithm such as the secret key space analysis, histogram distribution analysis, information entropy analysis, correlation analysis and key sensitivity analysis. Finally, the hardware circuit based on the memristive system is implemented with some common electronic devices, which has the advantages of simple structure and low cost. © 2021, The Author(s), under exclusive licence to Springer Nature B.V.","2022","2026-05-02 11:49:17","2026-05-02 11:49:17","","2911-2933","","3","107","","Nonlinear Dyn","","","","","","Springer Science and Business Media B.V.","","English","","","Scopus","","","","","<p>Export Date: 02 May 2026; Cited By: 61; Correspondence Address: L. Xiong; School of Physics and Electromechanical Engineering, Hexi University, Zhangye, 734000, China; email: xl-427814@163.com; CODEN: NODYE</p>","","","Hardware implementations; ITS applications; Cryptography; Glass; Image processing; Hardware implementation; Lyapunov methods; System applications; Reliability analysis; Memristors; Bioinformatics; Chaotic attractors; Circuit systems; DNA; DNA variation; DNA variations; Image encryption algorithm; Images encryptions; Memristive system; Memristive systems; Red–blue 3d glass; Red–blue 3D glasses; Sensitivity analysis","","","","","","","","","","","","","","","","","","","","","","","","","","","","","","","","","","","","","","","","","","","","","","",""
"EXUQTQJI","conferencePaper","2024","Saravanan, P.; Parthasarathy, R.; Sona, B.; Fathima A, N.A.","Formal Verification of ASCON Cipher using JasperGold","Int. Conf. Smart Electron. Commun. Syst., ISENSE","979-833152812-6 (ISBN)","","10.1109/ISENSE63713.2024.10871962","https://www.scopus.com/pages/publications/86000004873?origin=resultslist","ASCON, a finalist in the CAESAR competition for authenticated encryption, is optimized for resource-constrained environments such as IoT devices. Ensuring its security and correctness is critical for its adoption in these applications. In this work, the hardware design of the ASCON cryptographic algorithm is verified using formal methods in the Cadence JasperGold Formal Property Verification app. The tool is utilized to verify the properties and correctness of the implemented ASCON design. It offers a mathematical approach to confirm that the implementation adheres to its specification without the need for generating input combinations manually, effectively identifying corner cases and vulnerabilities. A comprehensive set of properties and assertions for ASCON 128 and 128a, including functional correctness, control path and data path correctness, and state transitions, is defined for verification in the System Verilog language for both encryption and decryption. The Jasper-Gold FPV tool systematically analyzes these properties across all possible input scenarios. The verification results indicate that the hardware implementation of ASCON satisfies all defined properties, demonstrating its robustness and reliability. © 2024 IEEE.","2024","2026-05-02 11:49:18","2026-05-02 11:49:18","","","","","","","","","","","","","Institute of Electrical and Electronics Engineers Inc.","","English","","","Scopus","","","","Journal Abbreviation: Int. Conf. Smart Electron. Commun. Syst., ISENSE","<p>Export Date: 02 May 2026; Cited By: 2</p>","","","Integrated circuit design; Cryptography; Cryptographic algorithms; Problem oriented languages; Digital storage; Authenticated encryption; Property; Hardware design; Formal verification; ASCON; Cadence jaspe gold; Cadence Jasper Gold; Formal property verification; Formal Property Verification; Mathematical approach; System verilog; System verilog assertion; System Verilog Assertions","","","","","","","","","","","","","","","","","","","","","","","","","","","","","","","","2024 International Conference on Smart Electronics and Communication Systems, ISENSE 2024","","","","","","","","","","","","","","",""
"BRB49MRS","journalArticle","2024","Shumran, A.; Al-Hussein, A.-B.A.","Study of Chaotic-based Audio Encryption Algorithms: A Review","Iraqi Journal for Electrical and Electronic Engineering","","18145892 (ISSN)","10.37917/ijeee.20.2.8","https://www.scopus.com/pages/publications/85209932649?origin=resultslist","Nowadays, multimedia communication has become very widespread and this requires it to be protected from attackers and transmitted securely for reliability. Encryption and decryption techniques are useful in providing effective security for speech signals to ensure that these signals are transmitted with secure data and prevent third parties or the public from reading private messages. Due to the rapid improvement in digital communications over the recent period up to the present, the security of voice data transmitted over various networks has been classified as a favored field of study in earlier years. The contributions to audio encryption are discussed in this review. This Comprehensive review mainly focuses on presenting several kinds of methods for audio encryption and decryption the analysis of these methods with their advantages and disadvantages have been investigated thoroughly. It will be classified into encryption based on traditional methods and encryption based on advanced chaotic systems. They are divided into two types, continuous-time system, and discrete-time system, and also classified based on the synchronization method and the implementation method. In the fields of information and communications security, system designers face many challenges in both cost, performance, and architecture design, Field Programmable gate arrays (FPGAs) provide an excellent balance between computational power and processing flexibility. In addition, encryption methods will be classified based on Chaos-based Pseudo Random Bit Generator, Fractional-order systems, and hybrid chaotic generator systems, which is an advantageous point for this review compared with previous ones. Audio algorithms are presented, discussed, and compared, highlighting important advantages and disadvantages. Audio signals have a large volume and a strong correlation between data samples. Therefore, if traditional cryptography systems are used to encrypt such huge data, they gain significant overhead. Standard symmetric encryption systems also have a small key-space, which makes them vulnerable to attacks. On the other hand, encryption by asymmetric algorithms is not ideal due to low processing speed and complexity. Therefore, great importance has been given to using chaotic theory to encode audio files. Therefore, when proposing an appropriate encryption method to ensure a high degree of security, the key space, which is the critical part of every encryption system, and the key sensitivity must be taken into account. The key sensitivity is related to the initial values and control variables of the chaotic system chosen as the audio encryption algorithm. In addition, the proposed algorithm should eliminate the problems of periodic windows, such as limited chaotic range and non-uniform distribution, and the quality of the recovered audio signal remains good, which confirms the convenience, reliability, and high security. © 2024 The Authors.","2024","2026-05-02 11:49:18","2026-05-02 11:49:18","","85-103","","2","20","","Iraqi. J. Electr. Electron. Eng.","","","","","","College of Engineering, University of Basrah","","English","","","Scopus","","","","","<p>Export Date: 02 May 2026; Cited By: 2; Correspondence Address: A. Shumran; Electrical Engineering Department, University of Basrah, Basrah, Iraq; email: pgs.alaash@uobasrah.edu.iq</p>","","","FPGA; Synchronization; chaotic systems; and Fractional-order Systems; Audio encryption","","","","","","","","","","","","","","","","","","","","","","","","","","","","","","","","","","","","","","","","","","","","","","",""
"BYHJDJRJ","journalArticle","2022","Rajashree, R.; Peroumal, V.; Kishore, L.; Venkata Diwakar Reddy, K.; Reddy, S.; Jagannath, M.","Implementation of high speed and lightweight symmetric key encryption algorithm-based authentication protocol for resource constrained devices","International Journal of Electronic Security and Digital Forensics","","1751911X (ISSN)","10.1504/IJESDF.2022.122578","https://www.scopus.com/pages/publications/85130237838?origin=resultslist","Encryption and decryption is accomplished by means of software or hardware, and has been in continuous usage since the 2000s for data encryption using any communication medium. A modern authentication algorithm is introduced based on the AES algorithmic program and SHA algorithms to encrypt information for encrypted communication with improved security features. SHA shall be applied at the same time as the AES mechanism for secrecy, reliability and honesty checks. The core concept of algorithmic application is to achieve a high degree of data protection by integrating SHA and AES algorithmic programs in software and hardware. Both transmitter and receiver sections are included in the proposed model to safely send and receive data. It has been developed using Xilinx ISE 14.2, so that the parameters of the proposed algorithmic program can be compared with various different FPGAs and then further comparison of parameters along with DES algorithm may lead to satisfactory results. Copyright © 2022 Inderscience Enterprises Ltd.","2022","2026-05-02 11:49:18","2026-05-02 11:49:18","","238-263","","3","14","","Int. J. Electron. Secur. Digit. Forensics","","","","","","Inderscience Publishers","","English","","","Scopus","","","","","<p>Export Date: 02 May 2026; Cited By: 2; Correspondence Address: V. Peroumal; School of Electronics Engineering, Vellore Institute of Technology, Chennai, India; email: vijaya.kumar@vit.ac.in</p>","","","Authentication; Field programmable gate arrays (FPGA); FPGA; Application programs; Data privacy; Hash functions; High Speed; Advanced Encryption Standard; AES; Block ciphers; authentication; advanced encryption standard; Algorithmic programs; block ciphers; data encryption standard; Data encryption standard; DES; field programmable gate array; secure hash algorithm; Secure Hash Algorithm (); symmetric key cryptography; Symmetric key cryptography; Symmetric key encryption algorithm","","","","","","","","","","","","","","","","","","","","","","","","","","","","","","","","","","","","","","","","","","","","","","",""
"EH563AIV","journalArticle","2022","Türk, Ö.","FPGA simulation of chaotic tent map-based S-Box design","International Journal of Circuit Theory and Applications","","00989886 (ISSN)","10.1002/cta.3242","https://www.scopus.com/pages/publications/85124504655?origin=resultslist","The chaotic system has a characteristically random behavior by nature, and these systems have their own characteristics in a completely deterministic structure. This feature of a chaotic system makes it difficult to predict encryptions designed based on such a system. Thanks to this unpredictable and strong feature, maps produced from chaotic systems are an important alternative in the field of encryption. One of the structures obtained by employing chaotic maps is the substitution box. S-Box, which provides the confusion principle used in block ciphers, is the main block that dynamically replaces unencrypted data with confidential data and makes a significant contribution to ensuring high security in the encryption system. Therefore, S-Boxes hold a critical role in block ciphers. Speed and reliability are important parameters in the creation of this main block. Especially, applications performed on hardware are more reliable and high performance. Therefore, in this study, an S-Box was designed using field-programmable gate arrays (FPGA) simulation from a chaotic tent map to create a fast and reliable S-Box because FPGAs offer solutions that may be important in this field considering their fast and customizable architecture. In the proposed method, the S-Box was created in 0.16 s. In addition, the dynamic properties of the chaotic tent map were analyzed with Lyapunov exponents, and the NIST SP 800-22 test was applied for the information encryption suitability of the proposed chaotic system. Also, to test the reliability of the produced S-Box structures, SAC, non-linearity, bit independence criteria, and input/output XOR distribution table metrics were implemented. The results showed that the proposed chaotic map was dynamic and passed the reliability tests successfully. © 2022 John Wiley & Sons, Ltd.","2022","2026-05-02 11:49:18","2026-05-02 11:49:18","","1589-1603","","5","50","","Int J Circuit Theory Appl","","","","","","John Wiley and Sons Ltd","","English","","","Scopus","","","","","<p>Export Date: 02 May 2026; Cited By: 10; Correspondence Address: Ö. Türk; Department of Computer Programming, Vocational School, Mardin Artuklu University, Mardin, Turkey; email: omerturk@artuklu.edu.tr; CODEN: ICTAC</p>","","","Field programmable gate arrays (FPGA); FPGA; Integrated circuit design; Cryptography; Functions; Block ciphers; S-Box; S-boxes; Chaotics; Lyapunov methods; Chaotic systems; Reliability; Chaotic map; Array simulations; chaos; chaotic tend map; Chaotic tend map; Chaotic tent map; Random behavior; S-box design; S-boxes design","","","","","","","","","","","","","","","","","","","","","","","","","","","","","","","","","","","","","","","","","","","","","","",""
"BIF8F9D7","journalArticle","2023","Arif, M.; Sonbul, O.S.; Rashid, M.; Murad, M.; Sinky, M.H.","A Unified Point Multiplication Architecture of Weierstrass, Edward and Huff Elliptic Curves on FPGA","Applied Sciences (Switzerland)","","20763417 (ISSN)","10.3390/app13074194","https://www.scopus.com/pages/publications/85152688637?origin=resultslist","This article presents an area-aware unified hardware accelerator of Weierstrass, Edward, and Huff curves over (Formula presented.) for the point multiplication step in elliptic curve cryptography (ECC). The target implementation platform is a field-programmable gate array (FPGA). In order to explore the design space between processing time and various protection levels, this work employs two different point multiplication algorithms. The first is the Montgomery point multiplication algorithm for the Weierstrass and Edward curves. The second is the Double and Add algorithm for the Binary Huff curve. The area complexity is reduced by efficiently replacing storage elements that result in a 1.93 times decrease in the size of the memory needed. An efficient Karatsuba modular multiplier hardware accelerator is implemented to compute polynomial multiplications. We utilized the square arithmetic unit after the Karatsuba multiplier to execute the quad-block variant of a modular inversion, which preserves lower hardware resources and also reduces clock cycles. Finally, to support three different curves, an efficient controller is implemented. Our unified architecture can operate at a maximum of 294 MHz and utilizes 7423 slices on Virtex-7 FPGA. It takes less computation time than most recent state-of-the-art implementations. Thus, combining different security curves (Weierstrass, Edward, and Huff) in a single design is practical for applications that demand different reliability/security levels. © 2023 by the authors.","2023","2026-05-02 11:49:18","2026-05-02 11:49:18","","","","7","13","","Appl. Sci.","","","","","","MDPI","","English","","","Scopus","","","","","<p>Export Date: 02 May 2026; Cited By: 3; Correspondence Address: M. Arif; Computer Science Department, Umm Al Qura University, Makkah, 21955, Saudi Arabia; email: mahamid@uqu.edu.sa; M. Rashid; Computer Engineering Department, Umm Al Qura University, Makkah, 21955, Saudi Arabia; email: mfelahi@uqu.edu.sa</p>","","","design; FPGA; hardware accelerator; ECC; Edward; Huff; Weierstrass","","","","","","","","","","","","","","","","","","","","","","","","","","","","","","","","","","","","","","","","","","","","","","",""
"UEQXNC9B","journalArticle","2025","Li, G.; Zhuang, Y.","Security, Stability and Overhead: Configuration Design Study and Experimental Validation of XOR-ed Physical Unclonable Functions","IEEE Transactions on Computer-Aided Design of Integrated Circuits and Systems","","02780070 (ISSN)","10.1109/TCAD.2025.3631595","https://www.scopus.com/pages/publications/105021503374?origin=resultslist","The rapid growth of resource-constrained Internet of Things (IoT) and edge devices necessitates lightweight, robust security solutions. Delay-based Physical Unclonable Functions (PUFs), particularly XOR arbiter PUFs (XOR APUFs), have emerged as promising alternatives due to their low hardware requirements and intrinsic security. However, traditional XOR APUFs face significant challenges in balancing reliability, security against modeling attacks, and hardware overhead. In this study, we explore new configurations of Component-Differential Challenged XOR APUFs, a group of existing but underexplored PUFs which, we have found, hold promise for high performances in security, reliability, and overhead. Our study is focused on PUFs deployed on FPGAs, which are commonly used for re-configurable computing/communication devices. Our FPGA-based experimental evaluations validate that our proposed PUFs achieve remarkable improvements in reliability and security, with minimal hardware overhead. Moreover, we outline the practical applicability of CDC-XOR PUFs in critical contemporary scenarios, including secure authentication for edge AI devices, secure client enrollment in federated learning setups, and robust device management within industrial IoT environments. By effectively addressing the critical security-performance trade-off, our proposed approach provides a compelling and scalable authentication solution well-suited for broad integration in modern IoT and edge computing ecosystems. © 1982-2012 IEEE.","2025","2026-05-02 11:49:18","2026-05-02 11:49:18","","","","","","","IEEE Trans Comput Aided Des Integr Circuits Syst","","","","","","Institute of Electrical and Electronics Engineers Inc.","","English","","","Scopus","","","","","<p>Export Date: 02 May 2026; Cited By: 0; Correspondence Address: G. Li; Texas Tech University, Department of Computer Science, Lubbock, 79409, United States; email: gaoli@ttu.edu; CODEN: ITCSD</p>","","","Authentication; Hardware security; Network security; Field programmable gate arrays (FPGA); Learning systems; Computer hardware; Cryptography; Embedded systems; Internet of things; Economic and social effects; Machine-learning; Security systems; IoT security; Internet of thing security; Experimental validations; Reliability; Physical Unclonable Function; Configuration designs; Design studies; Hardware overheads; Reliability-based; reliability-based machine learning attack; Reliability-based machine learning attack; Security overheads; Security stabilities","","","","","","","","","","","","","","","","","","","","","","","","","","","","","","","","","","","","","","","","","","","","","","",""
"V5W2FCMZ","conferencePaper","2024","Tseng, Y.-H.; Yang, S.-H.; Liu, T.-T.","Highly Reliable PUF Circuits Using Efficient Post-Processing Stabilization Technique","Proc IEEE Int Symp Circuits Syst","02714310 (ISSN); 979-835033099-1 (ISBN)","","10.1109/ISCAS58744.2024.10558347","https://www.scopus.com/pages/publications/85198546263?origin=resultslist","A Physically Unclonable Function (PUF) circuit is purposefully engineered to leverage the inherent variations in manufacturing processes to generate distinct identities. However, the efficacy of PUFs can be compromised due to the influence of external factors such as noise and environmental variations, which can lead to instability of identities. In this paper, a novel post-processing stabilization technique is introduced, utilizing a mismatch recombination algorithm and resulting in a 31× reduction of the Bit Error Rate (BER) to 0.19%. Through the application of this stabilization technique in conjunction with a modified self-compared Ring Oscillator (RO) architecture, the proposed PUF achieves a uniqueness of 49.96%. Moreover, the proposed PUF exhibits substantial resilience against temperature variations, maintaining a BER of under 2% across the temperature range from 0°C to 45°C. The proposed PUF was implemented and verified on a Xilinx Artix-7 FPGA.  © 2024 IEEE.","2024","2026-05-02 11:49:18","2026-05-02 11:49:18","","","","","","","","","","","","","Institute of Electrical and Electronics Engineers Inc.","","English","","","Scopus","","","","Journal Abbreviation: Proc IEEE Int Symp Circuits Syst","<p>Export Date: 02 May 2026; Cited By: 5; CODEN: PICSD</p>","","","Field programmable gate arrays (FPGA); FPGA; Cryptography; Timing circuits; Physically unclonable functions; Ring oscillator; Oscillators (electronic); Bit error rate; Reliability; Function circuit; Bit-error rate; Ring Oscillator; External factors; Manufacturing process; Noise variations; Post-processing; Stabilization; Stabilization techniques; Weak physically unclonable function; Weak PUF","","","","","","","","","","","","","","","","","","","","","","","","","","","","","","","","Proceedings - IEEE International Symposium on Circuits and Systems","","","","","","","","","","","","","","",""
"23LP7F4U","conferencePaper","2025","Della Sala, R.; Scotti, G.","Exploiting the Latched Ring Oscillator Cell as a Compact PUF Architecture on FPGA","Lect. Notes Electr. Eng.","18761100 (ISSN); 978-303171517-4 (ISBN)","","10.1007/978-3-031-71518-1_4","https://www.scopus.com/pages/publications/85215942591?origin=resultslist","In this study, the latched ring oscillator, previously employed as an entropy source in a True Random Number Generator, is exploited as Physical Unclonable Functions to derive keys. The LRO cell aims to minimize hardware usage on FPGA, particularly with respect to those architecture which exploits ring oscillators. An LRO-based PUF is implemented on an Artix-7 FPGA, occupying only 0.25 Slice/bit, representing cutting-edge efficiency. Evaluation on 16 Artix-7 FPGAs confirms the approach’s effectiveness, achieving a Uniqueness of 48.63%, nominal Reliability of 95.11%, and 0–1 bias of 46.82%. © The Author(s), under exclusive license to Springer Nature Switzerland AG 2025.","2025","2026-05-02 11:49:18","2026-05-02 11:49:18","","29-34","","","1263 LNEE","","","","","","","","Springer Science and Business Media Deutschland GmbH","","English","","","Scopus","","","","Journal Abbreviation: Lect. Notes Electr. Eng.","<p>Export Date: 02 May 2026; Cited By: 0; Correspondence Address: R. Della Sala; Sapienza, University of Rome, Rome, RM, 00184, Italy; email: riccardo.dellasala@uniroma1.it</p>","","","Hardware security; Network security; Cryptography; Random number generation; Key generation; Key Generation; Random number generators; Ring oscillator; True randoms; Hardware Security; Entropy sources; Physical Unclonable Functions; Cutting edges","","Valle M.; Gastaldo P.; Limiti E.","","","","","","","","","","","","","","","","","","","","","","","","","","","","","","Lecture Notes in Electrical Engineering","","","","","","","","","","","","","","",""
"L5T3NHTH","journalArticle","2023","Mishra, N.; Pratihar, K.; Mandal, S.; Chakraborty, A.; Rührmair, U.; Mukhopadhyay, D.","CalyPSO: An Enhanced Search Optimization based Framework to Model Delay-based PUFs","IACR Transactions on Cryptographic Hardware and Embedded Systems","","25692925 (ISSN)","10.46586/tches.v2024.i1.501-526","https://www.scopus.com/pages/publications/85178884285?origin=resultslist","Delay-based Physically Unclonable Functions (PUFs) are a popular choice for “keyless” cryptography in low-power devices. However, they have been subjected to modeling attacks using Machine Learning (ML) approaches, leading to improved PUF designs that resist ML-based attacks. On the contrary, evolutionary search (ES) based modeling approaches have garnered little attention compared to their ML counterparts due to their limited success. In this work, we revisit the problem of modeling delaybased PUFs using ES algorithms and identify drawbacks in present state-of-the-art genetic algorithms (GA) when applied to PUFs. This leads to the design of a new ES-based algorithm called CalyPSO, inspired by Particle Swarm Optimization (PSO) techniques, which is fundamentally different from classic genetic algorithm design rationale. This allows CalyPSO to avoid the pitfalls of textbook GA and mount successful modeling attacks on a variety of delay-based PUFs, including k-XOR APUF variants. Empirically, we show attacks for the parameter choices of k as high as 20, for which there are no reported ML or ES-based attacks without exploiting additional information like reliability or power/timing side-channels. We further show that CalyPSO can invade PUF designs like interpose-PUFs (i-PUFs) and (previously unattacked) LP-PUFs, which attempt to enhance ML robustness by obfuscating the input challenge. Furthermore, we evolve CalyPSO to CalyPSO++ by observing that the PUF compositions do not alter the input challenge dimensions, allowing the attacker to investigate cross-architecture modeling. This allows us to model a k-XOR APUF using a (k−1)-XOR APUF as well as perform cross-architectural modeling of BRPUF and i-PUF using k-XOR APUF variants. CalyPSO++ provides the first modeling attack on 4 LP-PUF by reducing it to a 4-XOR APUF. Finally, we demonstrate the potency of CalyPSO and CalyPSO++ by successfully modeling various PUF architectures on noisy simulations as well as real-world hardware implementations. © 2023, Ruhr-University of Bochum. All rights reserved.","2023","2026-05-02 11:49:18","2026-05-02 11:49:18","","501-526","","1","2024","","IACR Trans. Cryptogr. Hardw. Embed. Syst.","","","","","","Ruhr-University of Bochum","","English","","","Scopus","","","","","<p>Export Date: 02 May 2026; Cited By: 8</p>","","","Hardware security; Side channel attack; Particle swarm optimization (PSO); Machine-learning; Genetic algorithms; Function designs; Physically unclonable functions; Modeling attack; Physically Unclonable Functions; Evolutionary Algorithms; Evolutionary search; Modeling Attacks; Particle swarm; Particle swarm optimization; Particle Swarm Optimization; Search optimization; Search-based; Swarm optimization","","","","","","","","","","","","","","","","","","","","","","","","","","","","","","","","","","","","","","","","","","","","","","",""
"LIG9LHNL","conferencePaper","2023","Radoi, I.; Dobrescu, L.; Rusea, C.","Random number generation in hardware reconfigurable wireless sensor nodes","Int. Symp. Adv. Top. Electr. Eng., ATEE","979-835033193-6 (ISBN)","","10.1109/ATEE58038.2023.10108373","https://www.scopus.com/pages/publications/85159135547?origin=resultslist","In order to achieve a greater reliability, sensor nodes working with limited resources has some drawbacks when it comes to ensure secure communication between sensor nodes. Because in theory there is no need to hide the algorithm as long as the cryptographic keys are safe, the more random a key is the harder for an attacker is to find it. Although hardware reprogrammable platforms consume more energy than microcontrollers, they prove to have considerable advantages when implementing RNG's regarding the speed and the possibility of using bitwise operations, thus being more versatile. In this paper, a Filed Programmable Gate Array (FPGA) design who use data collected from different on board sensors to generate cryptographic keys. Randomness analysis of the generated data is then performed using National Institute of Standards and Technology (NIST) methodology in order to validate the proposed design.  © 2023 IEEE.","2023","2026-05-02 11:49:18","2026-05-02 11:49:18","","","","","","","","","","","","","Institute of Electrical and Electronics Engineers Inc.","","English","","","Scopus","","","","Journal Abbreviation: Int. Symp. Adv. Top. Electr. Eng., ATEE","<p>Export Date: 02 May 2026; Cited By: 0; Correspondence Address: I. Radoi; University ""politehnica"" of Bucharest(UPB), Romania; email: iradoi1978@gmail.com</p>","","","Hardware security; Field programmable gate arrays (FPGA); FPGA; Integrated circuit design; Public key cryptography; Programmable gate array; Energy; Random number generation; Reconfigurable hardware; Random Numbers; Sensor nodes; entropy; Random-number generation; Cryptographic key; Array design; Bitwise operations; Filed programmable gate array; random number; Reprogrammable; wireless sensor node; Wireless sensor node","","","","","","","","","","","","","","","","","","","","","","","","","","","","","","","","13th International Symposium on Advanced Topics in Electrical Engineering, ATEE 2023","","","","","","","","","","","","","","",""
"B5GX87C5","journalArticle","2023","Rabiei, H.; Kaveh, M.; Mosavi, M.R.; Martín, D.","MCRO-PUF: A Novel Modified Crossover RO-PUF with an Ultra-Expanded CRP Space","Computers, Materials and Continua","","15462218 (ISSN)","10.32604/cmc.2023.034981","https://www.scopus.com/pages/publications/85145259597?origin=resultslist","With the expanding use of the Internet of Things (IoT) devices and the connection of humans and devices to the Internet, the need to provide security in this field is constantly growing. The conventional cryptographic solutions need the IoT device to store secret keys in its non-volatile memory (NVM) leading the system to be vulnerable to physical attacks. In addition, they are not appropriate for IoT applications due to their complex calculations. Thus, physically unclonable functions (PUFs) have been introduced to simultaneously address these issues. PUFs are lightweight and easy-toaccess hardware security primitives which employ the unique characteristics of integrated circuits (ICs) to generate secret keys. Among all proposed PUFs, ring oscillator PUF (RO-PUF) has had amore suitable structure for hardware implementation because of its high reliability and easier providing of circuital symmetry. However, RO-PUF has not been so attractive for authentication purposes due to its limited supported challenge-response pairs (CRPs). A few efforts have been made in recent years that could successfully improve the RO-PUF CRP space, such as configurable RO-PUF (CRO-PUF). In this paper, by considerably improving the CRO-PUF structure and adding spare paths, we propose a novel strong RO-PUF structure that exponentially grows the CRP space and dramatically reduces the hardware cost. We implement our design on a simple and low-cost FPGA chip named XC6SLX9-2tqg144, stating that the proposed design can be used in IoT applications. In addition, to improve the CRP space, our design creates a suitable improvement in different security/performance terms of the generated responses, and dramatically outperforms the state-of-the-art. The average reliability, uniqueness, and uniformity of the responses generated are 99.55%, 48.49%, and 50.99%, respectively. © 2023 Tech Science Press. All rights reserved.","2023","2026-05-02 11:49:18","2026-05-02 11:49:18","","4831-4845","","3","74","","Comput. Mater. Continua","","","","","","Tech Science Press","","English","","","Scopus","","","","","<p>Export Date: 02 May 2026; Cited By: 8; Correspondence Address: D. Martín; ETSI de Telecomunicacion, Universidad Politecnica de Madrid, Madrid, Av. Complutense 30, 28040, Spain; email: diego.martin.de.andres@upm.es</p>","","","Hardware security; Integrated circuit design; Physical attacks; Costs; Structural design; Cryptography; Internet of things; CryptoGraphics; Secret key; Digital storage; Access control; Integrated circuits; Physically unclonable functions; Ring oscillator; Oscillators (electronic); Challenge-response pair; RO-PUF; Ring oscillator PUF; Non-volatile memory; Challenge-response pair space; configurable design; Configurable design; CRP space","","","","","","","","","","","","","","","","","","","","","","","","","","","","","","","","","","","","","","","","","","","","","","",""
"3KA84Y4F","journalArticle","2025","Roy, S.; Cannon, A.; de la Mata, L.; Yu Acharya, R.; Farheen, T.; Tajik, S.; Forte, D.","Sense and React: Self-Destructive Polymorphic Mechanism Against Voltage Tampered Active Physical Attacks","IEEE Transactions on Very Large Scale Integration (VLSI) Systems","","10638210 (ISSN)","10.1109/TVLSI.2025.3550431","https://www.scopus.com/pages/publications/105004205566?origin=resultslist","Secrets such as cryptographic keys and obfuscation keys are used in modern computing systems to protect the sensitive and private information as well as intellectual property (IP). During typical operations, they are stored in volatile memories, e.g., registers and SRAMs, which are vulnerable to active physical attacks whereby environmental parameters such as temperature, system clock, and supply voltage, are manipulated to extract information. A common way to protect assets against such attacks are sensors that detect active physical attacks and trigger the destruction of secrets. Often, this requires several thousand clock cycles to accomplish. On top of that, the detection and destruction mechanisms are implemented as separate circuitry, which can be identified and disabled by an attacker. In this article, active physical attacks based on supply voltage manipulation are considered. Storage elements, specifically latches and registers, are designed to change their behavior with supply voltage manipulation and automatically destroy their stored data in an integrated sense and response countermeasure. The ability of an electronic circuit to change its behavior under different environmental conditions is known as polymorphism and such circuits are called polymorphic circuits. In the proposed designs, a genetic algorithm (GA) is used to optimize polymorphic gates designed using two separate approaches, namely, multithreshold null convention logic (MTNCL) and voltage-controlled polymorphism termed in this article as Non-MTNCL. These polymorphic gates are used to design polymorphic latches and registers and both approaches are compared using power, performance, area overhead, reliability criteria, and application in cryptographic benchmarks. It is observed that while the GA-optimized MTNCL-based implementation has 75% less area overhead, the GA-optimized Non-MTNCL implementation is 14% more reliable according to simulation results. Apart from the simulations, proof-of-concept is further provided with an FPGA implementation. © 1993-2012 IEEE.","2025","2026-05-02 11:49:18","2026-05-02 11:49:18","","1729-1742","","6","33","","IEEE Trans Very Large Scale Integr VLSI Syst","","","","","","Institute of Electrical and Electronics Engineers Inc.","","English","","","Scopus","","","","","<p>Export Date: 02 May 2026; Cited By: 0; Correspondence Address: S. Roy; University of Florida, Department of Electrical and Computer Engineering, Gainesville, 32611, United States; email: sourav.roy@ufl.edu; CODEN: IEVSE</p>","","","Hardware security; Physical attacks; Public key cryptography; Static random access storage; hardware security; Area overhead; Supply voltages; Sensitive data; Cryptographic key; Active physical attack; Associative storage; Genetic algorithm; genetic algorithm (GA); Multithreshold; Multithreshold null convention logic  polymorphic circuit; multithreshold null convention logic (MTNCL) polymorphic circuits; polymorphic latch; Polymorphic latch; Polymorphic register; polymorphic registers; polymorphism","","","","","","","","","","","","","","","","","","","","","","","","","","","","","","","","","","","","","","","","","","","","","","",""
"S232RW6I","journalArticle","2022","Naveenkumar, R.; Sivamangai, N.M.; Napolean, A.; Priya, S.S.S.","Design and Evaluation of XOR Arbiter Physical Unclonable Function and its Implementation on FPGA in Hardware Security Applications","Journal of Electronic Testing: Theory and Applications (JETTA)","","09238174 (ISSN)","10.1007/s10836-022-06034-7","https://www.scopus.com/pages/publications/85144131207?origin=resultslist","Hardware security has become most prevalent challenging concept of improving the Internet of Things (IoT) in human routine as well as in future engineering processes. IoT systems face a wide range of problems, including a dearth of resources, a requirement for equipment protection from cyber-attacks, and lower power consumption. Especially, the methods are constrained by power consumption and an insufficient of computing capacity. Moreover, the customary method of keeping secret keys in non-volatile memory is susceptible to assaults like side-channelling and reverse engineering. Physical Unclonable Functions (PUFs) are a technique for improving security of physical device and resolving difficulties with current cryptographic algorithms. PUFs are simple operations that force each terminal to have a unique personality based on physical characteristics imposed during production that are unpredictable and impossible to replicate. The focus of this work is on XOR arbiter PUF (XORAPUF) architecture with the three factors: reliability, uniqueness, and uniformity. Experiments show that the proposed XORAPUF implemented on field programmable gate array (FPGA) achieves inter-chip hamming distance (HD) closer to 50% with excellent uniqueness and uniformity of 49.88% and 48.74%, respectively. The reliability of the designed PUF is also optimized to 99.20%. On comparing the designed PUF metrics results with conventional PUF, the XORAPUF circuit generated better results. © 2022, The Author(s), under exclusive licence to Springer Science+Business Media, LLC, part of Springer Nature.","2022","2026-05-02 11:49:18","2026-05-02 11:49:18","","653-666","","6","38","","J Electron Test Theory Appl JETTA","","","","","","Springer","","English","","","Scopus","","","","","<p>Export Date: 02 May 2026; Cited By: 18; Correspondence Address: R. Naveenkumar; Research Scholar, Dept. of ECE, Karunya Institute of Technology and Sciences, Coimbatore, Tamilnadu, 641114, India; email: naveentamil256@gmail.com; CODEN: JTTAE</p>","","","Hardware security; Network security; Field programmable gate arrays (FPGA); Integrated circuit design; Cryptography; Field programmables; Programmable gate array; Internet of things; Cybersecurity; Computing power; Field programmable gate array; Digital storage; Logic gates; Equipment protection; Internet of thing; Reverse engineering; Security application; Hamming distance; Electric power utilization; Physical unclonable function; Field programmable gate array (FPGA); Internet of things (IoT); XOR arbiter physical unclonable function; Design and evaluations; Engineering process; Physical Unclonable Functions (PUFs); XOR arbiter PUF (XORAPUF)","","","","","","","","","","","","","","","","","","","","","","","","","","","","","","","","","","","","","","","","","","","","","","",""
"V7Y8PM9X","conferencePaper","2023","Wang, H.; Liu, K.; Liu, Y.; Wang, J.; Sun, M.; Tang, K.; Ren, G.; Zhao, X.; Liu, Y.","FPGA-implemented Memristor-based Transient Chaotic Neural Network for AES Edge Encryption","ACM Int. Conf. Proc. Ser.","979-840070762-9 (ISBN)","","10.1145/3637494.3638747","https://www.scopus.com/pages/publications/85185532173?origin=resultslist","In response to the escalating demand for edge encryption in the big data era, we introduce the implementation of the Memristor-based Transient Chaotic Neural Network (MTCNN) on FPGA. This innovative approach aims to elevate the security of key generation for the Advanced Encryption Standard (AES) algorithm. Through meticulous mapping and optimization of MTCNN-AES encryption algorithm on FPGA, we achieve efficient edge encryption. Notably, the FPGA-implemented MTCNN-AES features a key space 22 orders of magnitude larger than traditional AES, underscoring its substantial resilience against brute-force attacks. The proposed approach aligns with federal information processing standards, emphasizing its reliability, robustness and randomness.  © 2023 ACM.","2023","2026-05-02 11:49:18","2026-05-02 11:49:18","","241-244","","","","","","","","","","","Association for Computing Machinery","","English","","","Scopus","","","","Journal Abbreviation: ACM Int. Conf. Proc. Ser.","<p>Export Date: 02 May 2026; Cited By: 0</p>","","","Field programmable gate arrays (FPGA); FPGA; Neural networks; Cryptography; Data privacy; Encryption algorithms; Optimisations; Key generation; Advanced Encryption Standard; Orders of magnitude; encryption; Advanced Encryption Standard algorithms; Memristor; Memristors; Brute-force attack; chaotic neural network; Chaotic neural network; Innovative approaches; memristor","","","","","","","","","","","","","","","","","","","","","","","","","","","","","","","","ACM International Conference Proceeding Series","","","","","","","","","","","","","","",""
"5NUJ5WJP","journalArticle","2023","","10th International Workshop on Code-Based Cryptography, CBCrypto 2022","Lecture Notes in Computer Science (including subseries Lecture Notes in Artificial Intelligence and Lecture Notes in Bioinformatics)","","03029743 (ISSN); 978-303129688-8 (ISBN)","","https://www.scopus.com/pages/publications/85152583406?origin=resultslist","The proceedings contain 8 papers. The special focus in this conference is on Code-Based Cryptography. The topics include: Key-Recovery Fault Injection Attack on the Classic McEliece KEM; Towards Automating Cryptographic Hardware Implementations: A Case Study of HQC; Software Implementation of a Code-Based Key Encapsulation Mechanism from Binary QD Generalized Srivastava Codes; on Decoding High-Order Interleaved Sum-Rank-Metric Codes; information Set Decoding for Lee-Metric Codes Using Restricted Balls; cryptanalysis of Ivanov–Krouk–Zyablov Cryptosystem.","2023","2026-05-02 11:49:18","2026-05-02 11:49:18","","","","","13839 LNCS","","Lect. Notes Comput. Sci.","","","","","","Springer Science and Business Media Deutschland GmbH","","English","","","Scopus","","","","","<p>Export Date: 02 May 2026; Cited By: 0</p>","","","","","Deneuville J.-C.","","","","","","","","","","","","","","","","","","","","","","","","","","","","","","","","","","","","","","","","","","","","",""
"GC4QXSAZ","conferencePaper","2023","Sun, W.-Y.; Hu, H.-X.","Design and Verification of AES Encryption Algorithm Based on Hardware Agile Development","Proc SPIE Int Soc Opt Eng","0277786X (ISSN); 978-151066854-6 (ISBN)","","10.1117/12.3004130","https://www.scopus.com/pages/publications/85175974116?origin=resultslist","The AES encryption algorithm is widely used in various fields, such as network data security, database encryption and file data transmission, due to its high reliability, real-time performance, and flexibility. However, existing hardware implementation methods, such as FPGA and dedicated encryption chips, have the disadvantages of low development efficiency and poor flexibility. To solve this problem, this article proposes a hardware agile development approach combined with the Chisel language to implement the AES encryption algorithm for typical cryptographic applications. The algorithm's interface, including row shifting, key expansion, and key round adding, is designed using the Chisel language. Functional modules and corresponding module test codes are implemented.V erilog code is generated using the Chisel language and successfully deployed on hardware. This agile design and verification approach reduced the code development workload by 55% while ensuring that the encryption effect and hardware resource utilization are basically consistent. The AES encryption algorithm has been successfully implemented. © 2023 SPIE.","2023","2026-05-02 11:49:18","2026-05-02 11:49:18","","","","","12800","","","","","","","","SPIE","","English","","","Scopus","","","","Journal Abbreviation: Proc SPIE Int Soc Opt Eng","<p>Export Date: 02 May 2026; Cited By: 0; Correspondence Address: W.-Y. Sun; Department of North China Institute of Computing Technology, Beijing, 10083, China; email: 2301137466@qq.com; CODEN: PSISD</p>","","","Network security; Codes (symbols); Cryptography; Encryption algorithms; High reliability; Data-transmission; Real time performance; AES encryption; AES encryption algorithm; Agile development; chisel; Chisel; Database encryption; Network data","","Dong H.; Jia S.","","","","","","","","","","","","","","","","","","","","","","","","","","","","","","Proceedings of SPIE - The International Society for Optical Engineering","","","","","","","","","","","","","","",""
"GESPYRPA","journalArticle","2025","Yu, G.; Fan, C.","Research on multi-scroll chaotic systems based on rotational control and their applications in complex pattern generation and communication","Physica Scripta","","00318949 (ISSN)","10.1088/1402-4896/adeafd","https://www.scopus.com/pages/publications/105011615935?origin=resultslist","This study conducts an in-depth exploration of the structural regulation and complex behaviors of multi-scroll attractors, overcoming the limitations of traditional chaotic systems in geometric morphology and functional applications. Based on the classical Chua’s circuit, we construct a multi-scroll system using step function sequences and innovatively introduce a parametric rotational control mechanism. This key design not only successfully generates highly complex grid-like multi-scroll attractors but also achieves, for the first time, the generation of customized Chinese character patterns beyond regular geometric forms, significantly expanding the capabilities of chaotic systems in the field of complex dynamic pattern synthesis. Furthermore, we systematically evaluate the core value of the rotation-transformed chaotic system in communication applications. Under additive white Gaussian noise (AWGN) channel conditions, tests were conducted using the Reference-Shifted Differential Chaos Shift Keying (RS-DCSK) modulation technique. Experimental results demonstrate that, under specific parameter configurations, the rotational control system exhibits exceptional anti-interference performance, significantly reducing the bit error rate (BER) of the communication system and substantially enhancing communication reliability. This research not only provides new experimental evidence and design paradigms for multi-scroll attractor theory but also opens up novel application scenarios for chaotic systems: On one hand, it demonstrates immense potential in complex pattern generation (such as artistic design and information encryption carriers); on the other hand, it provides crucial technical support for developing highly robust chaotic secure communication systems. Finally, the successful hardware implementation based on a field-programmable gate array (FPGA) verifies the practical feasibility of the proposed methodology. © 2025 IOP Publishing Ltd. All rights, including for text and data mining, AI training, and similar technologies, are reserved.","2025","2026-05-02 11:49:18","2026-05-02 11:49:18","","","","7","100","","Phys Scr","","","","","","Institute of Physics","","English","","","Scopus","","","","","<p>Export Date: 02 May 2026; Cited By: 3; Correspondence Address: C. Fan; Electrical Engineering College, Heilongjiang University, Harbin, 150080, China; email: 2231855@s.hlju.edu.cn; CODEN: PHSTB</p>","","","Field programmable gate arrays (FPGA); FPGA; Cryptography; Field programmables; Field-programmable gate array; Programmable gate array; Control system synthesis; Gaussian noise (electronic); Chaotics; Chaotic systems; Bit error rate; Data communication systems; Scroll compressors; Error statistics; Complex pattern; complex pattern generation; Complex pattern generation; Differential chaos shift keying; multi-scroll chaotic system; Multi-scroll chaotic system; Multi-scrolls; noise resistance; Noise resistance; Pattern Generation; Reference-shifted differential chaos shift keying; Rotation; rotation control; Rotation control; RS-DCSK; White noise","","","","","","","","","","","","","","","","","","","","","","","","","","","","","","","","","","","","","","","","","","","","","","",""
"LMZP6IBM","journalArticle","2026","Gupta, A.; Das, B.P.; Manhas, S.; Sadhukhan, R.","Weak PUF-Based Variable Latency Obfuscation Technique for ML-Attack Resilient Arbiter PUFs","IEEE Embedded Systems Letters","","19430663 (ISSN)","10.1109/LES.2025.3592298","https://www.scopus.com/pages/publications/105011831870?origin=resultslist","The conventional linear feedback shift register (LFSR)-based arbiter physical unclonable function (APUF) suffers from machine learning (ML) attacks, which is a challenge for employment in real-world authentication scenarios. To mitigate this vulnerability, this article presents a weak PUF-assisted and challenge-dependent dynamic and nonlinear feedback shift register (DNLFSR)-based APUF. The proposed technique introduces dynamic and variable iteration-based LFSR to make the generated challenge-response pair (CRP) space more nonlinear, which effectively prevents attackers from modeling the APUF. The proposed DNLFSR-based APUF achieves ≈ 50% prediction accuracy (similar to random guessing) against various ML attacks carried out through exhaustive testing over 1 million CRPs. Additionally, the proposed technique reduces latency by ≈ n/2 clock cycles for an n-stage LFSR compared to stateof- the-art techniques. Extensive performance evaluation of the proposed DNLFSR-based APUF on both Python simulation and FPGA hardware implementation shows near-ideal uniformity, uniqueness, and reliability for 64-bit and 128-bit DNLFSRbased APUF. Moreover, the proposed design consumes low hardware overhead, showing a minimum 43.2% reduction in LUT usage compared to the state-of-the-art techniques, making it a lightweight solution for IoT applications.  © 2025 IEEE.","2026","2026-05-02 11:49:18","2026-05-02 11:49:18","","140-143","","2","18","","IEEE Emded. Syst. Lett.","","","","","","Institute of Electrical and Electronics Engineers Inc.","","English","","","Scopus","","","","","<p>Export Date: 02 May 2026; Cited By: 1; Correspondence Address: B.P. Das; Indian Institute of Technology Roorkee, Department of Electronics and Communication Engineering, Roorkee, 247667, India; email: bishnu.das@ece.iitr.ac.in</p>","","","Authentication; Hardware security; Network security; Learning systems; Feedback; Computer hardware; Cryptography; Non linear; Machine-learning; Machine learning; Job analysis; hardware security; Linear feedback shift registers; Machine learning attack; Arbiter PUF; Weak PUF; Arbiter physical unclonable function (APUF); Dynamic feedback; Dynamic linear; machine learning (ML) attacks; Non-linear feedback shift register; nonlinear feedback shift register; State-of-the-art techniques; weak PUF","","","","","","","","","","","","","","","","","","","","","","","","","","","","","","","","","","","","","","","","","","","","","","",""
"3C8QDQZB","journalArticle","2025","Randrianantenaina, J.L.; Baran, A.Y.; Korkmaz, N.; Kiliç, R.","Design and FPAA simulation of multi-scroll attractors in a memristor-based Hopfield neural network","Chaos, Solitons and Fractals","","09600779 (ISSN)","10.1016/j.chaos.2025.117386","https://www.scopus.com/pages/publications/105023177452?origin=resultslist","This paper presents a memristor-based Hopfield neural network (MHNN) designed to generate multi-scroll chaotic attractors. By employing a novel flux-controlled memristor model, the system exhibits complex nonlinear dynamics, including bifurcations, variations in Lyapunov exponents, and multi-scroll chaotic behavior. To evaluate the randomness and cryptographic suitability of the generated sequences, statistical tests from the NIST SP 800-22 suite are applied, confirming their high unpredictability. Additionally, the proposed MHNN system is implemented using both discrete analog electronic circuitry and a Field Programmable Analog Array (FPAA) platform, thereby validating the theoretical findings through hardware realization. This hardware facilitates the evaluation of system feasibility and reliability while enabling the rapid prototyping of analog and mixed signal-circuits. These results demonstrate the potential of the MHNN for secure communications, neuromorphic applications, and hardware-based chaos generation. © 2025 Elsevier Ltd.","2025","2026-05-02 11:49:18","2026-05-02 11:49:18","","","","","201","","Chaos Solitons Fractals","","","","","","Elsevier Ltd","","English","","","Scopus","","","","","<p>Export Date: 02 May 2026; Cited By: 3; Correspondence Address: A.Y. Baran; Department of Electrical and Electronics Engineering, Erciyes University, Melikgazi, Kayseri, 38039, Turkey; email: abaran@erciyes.edu.tr; CODEN: CSFOE</p>","","","Field programmable gate arrays (FPGA); Cryptography; Neural-networks; Signal processing; Dynamics; Dynamical systems; Lyapunov methods; Chaos theory; Lyapunov functions; Hopfield neural networks; Memristor; Memristors; Multi-scroll attractors; Scroll compressors; Array simulations; Chaos; Field Programmable Analog Array; Field Programmable Analog Array (FPAA); Flux-controlled; Hopfield Neural Network; Multi double-scroll; Multiscroll chaotic attractor; NIST test suite","","","","","","","","","","","","","","","","","","","","","","","","","","","","","","","","","","","","","","","","","","","","","","",""
"SDI36QA9","conferencePaper","2026","Jaafa, A.A.; Fallahhusein, M.","Intelligent Bitstream Reconfiguration in FPGA-Based Hardware for Adaptive Cyber-Physical Systems","Lect. Notes Electr. Eng.","18761100 (ISSN); 978-981955830-8 (ISBN)","","10.1007/978-981-95-5831-5_58","https://www.scopus.com/pages/publications/105031486486?origin=resultslist","Typically, real-time Cyber-Physical Systems (CPS) are increasingly requiring real-time responsive hardware that is flexible and adaptable to the ever-changing environment and operational needs. In FPGA traditional configurations, despite their ability to allow reconfigurability, these designs tend to be very slow, consume large amounts of power, and are not very flexible due to the requirement for full-bitstream reconfigurability or manual triggering. Such constraints are a drawback to CPS applications, such as autonomous vehicles, industrial automation, and smart grids, where hardware adaptation is crucial for performance, reliability, and fault tolerance in real-world conditions that are unpredictable. To overcome these difficulties, this paper presents an Intelligent Bitstream Reconfiguration Framework that utilises the partial reconfiguration features of FPGAs in conjunction with an artificial intelligence-based decision engine. The system constantly monitors sensor data and performance metrics, using machine learning models to predict workload fluctuations and potential faults. When the framework identifies suboptimal conditions, it triggers specific partial bitstream updates, which minimise downtime and power overhead. To enhance security and integrity, the method incorporates cryptographic validation to verify the integrity of the bitstream before deployment, thereby preventing malicious modification. The simulation outcome shows that the proposed solution decreases reconfiguration latency by up to 65%, power consumption by 30%, and fault recovery time by 40% compared to conventional methods. Additionally, the decision engine accurately predicts the optimal reconfiguration points, demonstrating its capability to reduce redundant updates and conserve resources in the system, with an accuracy rate of more than 90%. This is an intelligent, context-aware mechanism that enables CPS hardware to be self-adapted effectively and safely in real-time, thereby significantly improving system resilience and operational efficiency. The model preconditions stronger and more sustainable CPS implementations that will be able to endure the strict requirements of contemporary dynamic settings. © The Author(s), under exclusive license to Springer Nature Singapore Pte Ltd. 2026.","2026","2026-05-02 11:49:18","2026-05-02 11:49:18","","575-584","","","1528 LNEE","","","","","","","","Springer Science and Business Media Deutschland GmbH","","English","","","Scopus","","","","Journal Abbreviation: Lect. Notes Electr. Eng.","<p>Export Date: 02 May 2026; Cited By: 0; Correspondence Address: A.A. Jaafa; Ministry of Higher Education and Scientific Research, Baghdad, Iraq; email: ahmed.anwer93@mohesr.edu.iq</p>","","","Hardware security; Field programmable gate arrays (FPGA); Learning systems; Cryptography; Embedded systems; Energy efficiency; Energy efficient; Reconfigurable hardware; Engines; Machine-learning; Cyber Physical System; Behavioral research; Cybe-physical systems; Cyber-physical systems; Machine learning; Computer system recovery; Fault tolerance; Fault tolerant computer systems; Binary sequences; Fault Tolerance; Bitstreams; Cyber-Physical Systems; Energy-efficient hardware; Energy-Efficient Hardware; FPGA partial reconfiguration; FPGA Partial Reconfiguration; Intelligent bitstream; Intelligent Bitstream; Machine learning prediction; Machine Learning Prediction; Real-time adaptation; Real-Time Adaptation","","Kumar A.; Gunjan V.K.; Senatore S.; Hu Y.-C.","","","","","","","","","","","","","","","","","","","","","","","","","","","","","","Lecture Notes in Electrical Engineering","","","","","","","","","","","","","","",""
"9GHEGPLT","conferencePaper","2025","Ananya, M.S.; Aparna, G.; Manitha, P.V.","FPGA-based Real-Time Fault Suppression and Secure Smart Grid for Smart City Emulation","Proc. Int. Conf. Soft Comput. Secur. Appl., ICSCSA","979-833159491-6 (ISBN)","","10.1109/ICSCSA66339.2025.11171384","https://www.scopus.com/pages/publications/105018457746?origin=resultslist","As the world progresses towards cleaner and more intelligent energy systems, developing a secure and dependable smart grid becomes essential. A smart grid merges with advanced communication, control, and automation technologies to manage the generation, distribution, and consumption of electricity in an effective way. However, the speed of integration speeds up by making the systems face a high risk of faults, cyber threats, and scalability challenges. This study mainly introduces a fault current suppression method that uses a city-wide emulation platform designed to improve the security and reliability of the smart grid. In case it is not managed properly, the fault current can cause damage to electrical components and threaten human safety. Moreover, this project focuses on a smart city simulation platform that models, such as residential loads, electric vehicles, distributed energy resources, and smart meters within a secure and scalable framework. This feature allows for emulation and assessment of grid performance under realistic scenarios, by promoting the development of more resilient urban energy management approaches. To safeguard grid communications, the system integrates embedded cryptographic algorithms, namely AES, ChaCha20, and Blowfish, that provide secure and efficient data encryption and decryption. All these implementations enable robust cybersecurity across communication channels. By combining the simulation-based systems with intelligent, scalable smart grid modeling, this project mainly addresses key challenges in fault tolerance, cyber-physical security, and energy efficiency at a city scale, paving the way for future resilient smart cities by providing a novel holistic framework that can be uniquely integrated with a real-time encryption and scalable urban testbed simulation. © 2025 IEEE.","2025","2026-05-02 11:49:18","2026-05-02 11:49:18","","723-728","","","","","","","","","","","Institute of Electrical and Electronics Engineers Inc.","","English","","","Scopus","","","","Journal Abbreviation: Proc. Int. Conf. Soft Comput. Secur. Appl., ICSCSA","<p>Export Date: 02 May 2026; Cited By: 0; Correspondence Address: M.S. Ananya; Amrita Vishwa Vidyapeetham, Amrita School of Engineering, Dept. Electrical and Electronics Engineering, Bengaluru, India; email: bl.en.u4eee22030@bl.students.amrita.edu</p>","","","Hardware security; Network security; Real- time; 'current; Cryptography; Embedded systems; Energy efficiency; Real time systems; Simulation platform; Smart city; Communication; Cyber security; Cybersecurity; Data privacy; Smart grid; Smart power grids; Fault tolerance; Fault tolerant computer systems; AES; Chacha20; ChaCha20; Electric fault currents; Blowfish; Communication control; Electric Vehicle; Electric vehicles; Energy systems; Intelligent energies; Smart Grids","","","","","","","","","","","","","","","","","","","","","","","","","","","","","","","","Proceedings of 5th International Conference on Soft Computing for Security Applications, ICSCSA 2025","","","","","","","","","","","","","","",""
"7Y9ZVLDH","conferencePaper","2022","Luo, Y.; Zhang, Y.; Duan, S.; Xu, X.","A Cautionary Note on Building Multi-tenant Cloud-FPGA as a Secure Infrastructure","FPT - Int. Conf. Field-Program. Technol., Proc.","978-166545336-3 (ISBN)","","10.1109/ICFPT56656.2022.9974230","https://www.scopus.com/pages/publications/85145555420?origin=resultslist","Security concerns have been raised for multi-tenant cloud-FPGA in many recent works. While these existing works focused on studying the security of diverse cloud-FPGA applications, such as Advanced Encryption Standard (AES), the vulnerabilities associated with the inherent FPGA components are so far under-explored. For the first time, we investigate the robustness of a commonly used communication protocol for data exchange, Advanced eXtensible Interface (AXI), against fault injection attacks in a multi-tenant cloud-FPGA environment. We build an experimental setup with a commodity FPGA development kit and launch fault injection attacks on the shared power distribution network (PDN). To study the in-depth effects of such attacks, we characterize the voltage glitches of different attack patterns in a non-invasive manner, i.e., using electron magnetic measurement. We also mimic the real-world data transmissions using two crafted datasets with different statistical characteristics. The experimental results demonstrate the unique security vulnerabilities of the current AXI protocol in the context of a multi-tenant cloud-FPGA. Last, we discuss potential defense strategies against these vulnerabilities.  © 2022 IEEE.","2022","2026-05-02 11:49:18","2026-05-02 11:49:18","","","","","","","","","","","","","Institute of Electrical and Electronics Engineers Inc.","","English","","","Scopus","","","","Journal Abbreviation: FPT - Int. Conf. Field-Program. Technol., Proc.","<p>Export Date: 02 May 2026; Cited By: 1</p>","","","Network security; Field programmable gate arrays (FPGA); Cryptography; Software testing; Data privacy; Security; Fault injection; Fault injection attacks; Electric power transmission; Electronic data interchange; Advanced Encryption Standard; Multi tenants; Fault Injection; Cloud-FPGA; Communication Protocol; Communications protocols; Depth effects; Electric power distribution; FPGA applications; Memory; Power distribution network","","","","","","","","","","","","","","","","","","","","","","","","","","","","","","","","FPT 2022 - 21st International Conference on Field-Programmable Technology, Proceedings","","","","","","","","","","","","","","",""
"WLXG7VS4","conferencePaper","2023","Cook, H.; Tripp, Z.; Hutchings, B.; Goeders, J.","Improving the Reliability of FPGA CRO PUFs","Proc. - Int. Conf. Field-Program. Log. Appl., FPL","979-835034151-5 (ISBN)","","10.1109/FPL60245.2023.00053","https://www.scopus.com/pages/publications/85178506240?origin=resultslist","This paper presents a novel technique that greatly improves the reliability of FPGA-based CRO PUFs. We improve upon existing CRO implementations and increase the number of configurations per CLB tile from 16 384 to 1.1 × 1012• To maximize reliability, each CRO pair must be configured to maximize its frequency difference. This requires using a novel technique that reduces the configuration search space from 1.1 × 1012 to 256. Our CRO PUF achieves 100% reliability within the FPGA's maximum rated voltages. We believe that this is the first FPGA PUF that can achieve this level of reliability without the use of post-processing. We also show that in some cases, our CRO may be reliable enough to omit the ECC that is usually required in PUF-based key generation circuits. This allows our CRO PUF to provide the reliability required for key generation while reducing the latency, complexity, and area overhead of ECC algorithms.  © 2023 IEEE.","2023","2026-05-02 11:49:18","2026-05-02 11:49:18","","311-316","","","","","","","","","","","Institute of Electrical and Electronics Engineers Inc.","","English","","","Scopus","","","","Journal Abbreviation: Proc. - Int. Conf. Field-Program. Log. Appl., FPL","<p>Export Date: 02 May 2026; Cited By: 4</p>","","","Hardware security; Field programmable gate arrays (FPGA); FPGA; Cryptography; Key generation; Chromium compounds; Novel techniques; Area overhead; Reliability; Physical Unclonable Function; RO PUF; Post-processing; Configurable RO PUF; CRO PUF; Frequency differences; key generation; Rated voltages; Search spaces","","Mentens N.; Mentens N.; Sousa L.; Trancoso P.; Papadopoulou N.; Sourdis I.","","","","","","","","","","","","","","","","","","","","","","","","","","","","","","Proceedings - 2023 33rd International Conference on Field-Programmable Logic and Applications, FPL 2023","","","","","","","","","","","","","","",""
"LMD6NEK2","conferencePaper","2023","Rajput, S.; Dofe, J.; Sood, K.","Exploring Efficient Implementation of Delay-based PUF Design on FPGA","Int. Conf. Intell. Comput., Commun., Netw. Serv., ICCNS","979-835033929-1 (ISBN)","","10.1109/ICCNS58795.2023.10193305","https://www.scopus.com/pages/publications/85168356698?origin=resultslist","The Internet of Things (IoT) presents unique challenges for security due to resource limitations. Physically unclonable function (PUF) technology offers a promising solution for cost-effective hardware identification and authentication. PUFs leverage process variations in integrated circuits to produce unique and unreplicable responses. They generate a significant number of challenge-response pairs (CRPs) for authentication. In IoT applications, Arbiter PUF (APUF) and its variants are considered the most appropriate lightweight security primitives. However, implementing a high-quality version of APUF on Field Programmable Gate Arrays (FPGA) has been challenging. This work proposes a practical implementation of APUF and XOR PUF on FPGA, improving flexibility and simplifying implementation. Our experimental analysis shows that APUF and XOR PUF demonstrate a remarkable reliability rate of 98%. Additionally, the distribution of 1s and 0s in the response bit is almost uniform, indicating a randomness of 46.81%. Furthermore, we conduct machine learning modeling attacks to assess the efficacy of the APUF and XOR PUF implementation. © 2023 IEEE.","2023","2026-05-02 11:49:18","2026-05-02 11:49:18","","154-159","","","","","","","","","","","Institute of Electrical and Electronics Engineers Inc.","","English","","","Scopus","","","","Journal Abbreviation: Int. Conf. Intell. Comput., Commun., Netw. Serv., ICCNS","<p>Export Date: 02 May 2026; Cited By: 5</p>","","","Authentication; Hardware security; Network security; Field programmable gate arrays (FPGA); Neural networks; Cost effectiveness; Cryptography; Field programmables; Programmable gate array; Internet of Things; Internet of things; Machine-learning; Efficient implementation; Machine learning; Machine Learning; Function designs; Physically unclonable functions; Hardware Security; Physical unclonable function; Machine learning attack; Reliability analysis; Artificial Neural Networks; Machine Learning Attacks; Physical Unclonable Functions (PUF); Resource limitations","","Quwaider M.; Lloret J.; Angelides M.C.; Jararweh Y.","","","","","","","","","","","","","","","","","","","","","","","","","","","","","","2023 International Conference on Intelligent Computing, Communication, Networking and Services, ICCNS 2023","","","","","","","","","","","","","","",""
"HU8JJNA5","conferencePaper","2025","Afreen, M.; Javed, M.A.; Ahmad, M.F.; Sharma, R.","Promoting Sustainable Security by Implementing AES Algorithm for Enhanced Confidentiality in UART Serial Communication","Commun. Comput. Info. Sci.","18650929 (ISSN); 978-303171728-4 (ISBN)","","10.1007/978-3-031-71729-1_21","https://www.scopus.com/pages/publications/85205979254?origin=resultslist","Securing transmissions is crucial for ensuring the confidentiality, integrity, and validity of information as it moves from one point to another. Thus, a secure cryptographic system is essential to protect the data. This paper proposes the design and implementation of a secure serial communication utilizing symmetric cryptography to achieve the objectives of security, maintainability, and reliability. The Advanced Encryption Standard (AES) algorithm is used to encrypt the 128-bit plain text with a fixed key, and decryption is carried out via UART. The ciphertext is stored in hexadecimal format to offer further protection against brute force attacks and illegal data access. When compared to the current security-based application system's conventional UART serial connection, using AES as an application would be a viable option for significant improve in security. Implementation of AES algorithm on VIVADO 2020.2 and presentation of the final display on TERA TERM tool are described. BASYS 3 FPGA device is used for hardware evaluation with Verilog HDL programming. The simulation results verify the effective-ness of the algorithm. © The Author(s), under exclusive license to Springer Nature Switzerland AG 2025.","2025","2026-05-02 11:49:18","2026-05-02 11:49:18","","232-243","","","2196 CCIS","","","","","","","","Springer Science and Business Media Deutschland GmbH","","English","","","Scopus","","","","Journal Abbreviation: Commun. Comput. Info. Sci.","<p>Export Date: 02 May 2026; Cited By: 0; Correspondence Address: Kinshuk; Department of Electronics and Communication, Bhagwan Parshuram Institute of Technology, New Delhi, Rohini, India; email: spkinshuk0905@gmail.com</p>","","","FPGA; Simulation; Cryptography; Cryptographic systems; Design and implementations; Ciphertexts; Advanced Encryption Standard; AES; Advanced Encryption Standard algorithms; Plain text; Serial communications; Symmetric cryptography; UART","","Whig P.; Silva N.; Elngar A.A.; Aneja N.; Sharma P.","","","","","","","","","","","","","","","","","","","","","","","","","","","","","","Communications in Computer and Information Science","","","","","","","","","","","","","","",""
"SZWKIIQC","journalArticle","2025","Dobrovolskis, A.; Kazanavičius, E.","The Application of Explainable Artificial Intelligence to Low-Power Internet of Things Devices with Secure Communication Using Chaos-Based Cryptography","Electronics (Switzerland)","","20799292 (ISSN)","10.3390/electronics14071255","https://www.scopus.com/pages/publications/105002350439?origin=resultslist","This paper investigates the feasibility of employing expert knowledge-based Explainable Artificial Intelligence (XAI) for smart house control through low-power Internet of Things (IoT) devices that possess limited computational capabilities. By integrating Explainable AI, we seek to enhance the transparency of the model’s decision-making process, thereby increasing its reliability for the end user. The Arduino Uno board was selected for IoT development because of its extensive popularity and affordability. A model of heating control has been developed using temperature sensors based on the presence of residents in the room. The operational prototype was evaluated by measuring the time taken between data input and decision-making, accompanied by an explanation, to identify any potential bottlenecks that may hinder the performance of the microcontroller. To enhance communication security, we developed a pseudo-random number generation function using chaos-based cryptography with hardware implementation, thus improving communication security without incurring additional computational costs. The method has demonstrated a time efficiency improvement of up to 67% for novice users, 58% for intermediate users, and 50% for expert users. © 2025 by the authors.","2025","2026-05-02 11:49:18","2026-05-02 11:49:18","","","","7","14","","Electronics (Switzerland)","","","","","","Multidisciplinary Digital Publishing Institute (MDPI)","","English","","","Scopus","","","","","<p>Export Date: 02 May 2026; Cited By: 0; Correspondence Address: A. Dobrovolskis; Faculty of Informatics, Kaunas University of Technology, Kaunas, 44249, Lithuania; email: algdobr@ktu.lt</p>","","","Internet of Things; embedded systems; chaos-based cryptography; expert knowledge; explainable AI","","","","","","","","","","","","","","","","","","","","","","","","","","","","","","","","","","","","","","","","","","","","","","",""
"TVQBMLTC","journalArticle","2023","Cui, Y.; Li, J.; Chen, Y.; Wang, C.; Gu, C.; O'Neill, M.; Liu, W.","An Efficient Ring Oscillator PUF Using Programmable Delay Units on FPGA","ACM Transactions on Design Automation of Electronic Systems","","10844309 (ISSN)","10.1145/3593807","https://www.scopus.com/pages/publications/85182595220?origin=resultslist","The ring oscillator (RO) PUF can be implemented on different FPGA platforms with high uniqueness and reliability. To decrease the hardware cost of conventional RO PUFs, a new design using the programmable delay units is proposed, namely, PRO PUF. The programmable interconnect points (PIPs) of programmable delay units are used to enhance the configurability. The PUF cell of the proposed design has the ability to be efficiently programmed to an RO PUF at any stage by adjusting the propagation paths of the delay units. A significant number of responses can be generated by the proposed PRO PUF while consuming fewer hardware resources. To verify the performance, the proposed design has been implemented on Xilinx FPGAs and also simulated using a standard 40nm technology. The experimental results have shown that the proposed design achieves high uniqueness, reliability, and hardware efficiency. Moreover, the PRO PUF has been evaluated using a machine learning attack, the CMA-ES attack. The results have shown that the proposed structure is more resistant to common modeling attacks when compared to conventional RO-related PUF designs.  © 2023 Copyright held by the owner/author(s). Publication rights licensed to ACM.","2023","2026-05-02 11:49:18","2026-05-02 11:49:18","","","","1","29","","ACM Trans. Design Autom. Electron. Syst.","","","","","","Association for Computing Machinery","","English","","","Scopus","","","","","<p>Export Date: 02 May 2026; Cited By: 24</p>","","","Hardware security; Field programmable gate arrays (FPGA); Integrated circuit design; Cryptography; Propagation paths; Configurability; hardware security; Key words; Ring oscillator; Hardware resources; ring oscillator; FPGAs; Delay units; Hardware cost; Additional key word and phrasespuf; Additional Key Words and PhrasesPUF; programmable delay units; Programmable delay units; Programmable interconnect points","","","","","","","","","","","","","","","","","","","","","","","","","","","","","","","","","","","","","","","","","","","","","","",""
"NJYMAGHI","journalArticle","2025","Dahiphale, V.; Raut, H.; Bansod, G.; Dahiphale, D.","Securing IoT devices with fast and energy efficient implementation of PRIDE and PRESENT ciphers","Cyber Security and Applications","","27729184 (ISSN)","10.1016/j.csa.2024.100055","https://www.scopus.com/pages/publications/85191240117?origin=resultslist","The rise of low-power, cost-efficient internet-connected devices has led to a need for lightweight cryptography. The lightweight block cipher PRIDE, designed by Martin R. Albrecht, is one of the most efficient ciphers designed for IoT-constrained environments. It is useful for connected devices, requires fewer resources to implement, and has high performance. PRIDE is a software-oriented lightweight cipher optimized for microcontrollers. This paper focuses on the FPGA implementation of the PRIDE cipher by keeping throughput, energy, and power consumption metrics focused. The paper also presents a novel and simpler diagrammatical view of a Matrix Layer implementation of the PRIDE cipher. We also implemented the PRESENT cipher using the same metrics. We analyzed different design metrics on Field Programmable Gate Arrays (FPGAs) and compared the metrics of the PRIDE implementation with the well-known cipher PRESENT. This gives us an insight into the efficiency and reliability of PRIDE in IoT-constrained environments. We also proposed different architectures of the PRIDE cipher for 16-bit and 32-bit datapaths. © 2024","2025","2026-05-02 11:49:18","2026-05-02 11:49:18","","","","","3","","Cyber. Secur. Appl.","","","","","","KeAi Communications Co.","","English","","","Scopus","","","","","<p>Export Date: 02 May 2026; Cited By: 10; Correspondence Address: V. Dahiphale; Binghamton University, Binghamton, United States; email: vdahiphale@binghamton.edu</p>","","","Internet of Things; IoT Security; FPGA Implementation; Encryption Algorithm; Lightweight Cipher; PRESENT Cipher; PRIDE Cipher","","","","","","","","","","","","","","","","","","","","","","","","","","","","","","","","","","","","","","","","","","","","","","",""
"JELDFZ8X","journalArticle","2022","Wang, Y.; Liang, H.; Wang, Y.; Yao, L.; Yi, M.; Huang, Z.; Lu, Y.","A reconfigurable PUF structure with dual working modes based on entropy separation model","Microelectronics Journal","","00262692 (ISSN)","10.1016/j.mejo.2022.105445","https://www.scopus.com/pages/publications/85129238045?origin=resultslist","Privacy Protection Mutual Authentication (PPMA) in the Internet of Things uses physical unclonable functions (PUFs) and true random number generators (TRNGs) as security primitives, providing a lightweight solution for key generation and protection. At present, the designs for achieving PUF and TRNG simultaneously on field programmable gate array (FPGA) lack theoretical support, and have poor randomness and stability. Therefore, this paper provides a separation model of PUF entropy (manufacturing delay) and TRNG entropy (jitter delay) based on ring oscillators (ROs). Based on this model, a reconfigurable PUF structure is proposed, which can be reconstructed to a TRNG by changing the working mode. The proposed structure not only improves the area utilization, but also realizes the low-power consumption. Experiments on Xilinx Spartan-6 FPGAs and Xilinx Virtex-6 FPGAs show that the proposed structure has wonderful performance. The PUF has excellent uniqueness (average resolution is 50.21%) and reliability (the average repeatability rate is 96.98%). TRNG's output sequences have high randomness and pass all National Institute of Standards and Technology (NIST) tests (average pass rate is 99%). © 2022 Elsevier Ltd","2022","2026-05-02 11:49:18","2026-05-02 11:49:18","","","","","124","","Microelectron J","","","","","","Elsevier Ltd","","English","","","Scopus","","","","","<p>Export Date: 02 May 2026; Cited By: 13; Correspondence Address: Y. Lu; School of Microelectronics, Hefei University of Technology, Hefei, 230601, China; email: luyingchun@hfut.edu.cn; CODEN: MICEB</p>","","","Hardware security; Field programmable gate arrays (FPGA); FPGA; Cryptography; Number theory; Random number generation; Reconfigurable; Separation; Mutual authentication; Privacy protection; Random number generators; Random processes; True randoms; True random number generator; Entropy; Physical unclonable function; Physical unclonable function (PUF); Electric equipment protection; Mode-based; Separation model; True random number generator (TRNG); Working mode","","","","","","","","","","","","","","","","","","","","","","","","","","","","","","","","","","","","","","","","","","","","","","",""
"P3VJ2ITW","conferencePaper","2025","Thajte, A.; El Amraoui, S.; Maistri, P.; Leveugle, R.; Di Natale, G.; Fesquet, L.","Pulsed ElectroMagnetic Fault Injection Attack on a Time Measurement-based Arbiter-PUF","Proc. - Euromicro Conf. Digit. Syst. Des., DSD","979-833158499-3 (ISBN)","","10.1109/DSD67783.2025.00060","https://www.scopus.com/pages/publications/105030543715?origin=resultslist","Physically Unclonable Functions (PUFs) have emerged as a promising hardware-based solution that leverages inherent process variations during IC manufacturing for secure key generation and device authentication, by generating unique and irreproducible challenge-response pairs (CRPs). Among various PUF designs, arbiter PUFs are particularly attractive due to their simplicity, scalability, and compatibility with lightweight cryptographic systems. However, their resistance to fault injection attacks remains an underexplored area. In this work, we investigate the impact of pulsed ElectroMagnetic (EM) fault injection (FI) on a novel Time Measurement-based Arbiter-PUF (TMAPUF) implemented on an FPGA. Experimental results reveal that a single precisely tuned EM pulse can consistently alter the PUF's output, exposing a critical security weakness. This finding highlight the need for improved fault resilience in PUF architectures and suggest that the studied PUF variant could serve as a foundation for developing inherent countermeasures against EMFI and similar fault-based attacks.  © 2025 IEEE.","2025","2026-05-02 11:49:18","2026-05-02 11:49:18","","385-393","","","","","","","","","","","Institute of Electrical and Electronics Engineers Inc.","","English","","","Scopus","","","","Journal Abbreviation: Proc. - Euromicro Conf. Digit. Syst. Des., DSD","<p>Export Date: 02 May 2026; Cited By: 1; Correspondence Address: A. Thajte; Univ. Grenoble Alpes, CNRS, Grenoble INP, Institute of Engineering Univ. Grenoble Alpes, TIMA, Grenoble, 38000, France; email: azzadine.thajte@univ-grenoble-alpes.fr</p>","","","Hardware security; Network security; Field programmable gate arrays (FPGA); Cryptography; Embedded systems; Key generation; Fault injection attacks; Electromagnetic Fault injections; Physically unclonable functions; FPGA security; Electromagnetic pulse; Physical Unclonable Functions; Electromagnetic compatibility; Pulsed EM fault injection; Arbiter-physically unclonable function; Arbiter-PUF; IC manufacturing; Measurement-based; Process Variation; Pulsed electromagnetic fault injection; Time measurement","","Casini D.; Cazorla F.J.","","","","","","","","","","","","","","","","","","","","","","","","","","","","","","Proceedings - 2025 28th Euromicro Conference on Digital System Design, DSD 2025","","","","","","","","","","","","","","",""
"2Q2JAD47","conferencePaper","2025","Vaidyanathan, S.; Akgül, A.; Emin, B.; Alaca, Y.; Tlelo-Cuautle, E.; Rodriguez-Munoz, J.D.; Mohamed, M.A.; Sambas, A.","FPGA Design and Random Number Generator Using a 4-D Highly Chaotic System with a Hyperbola of Equilibrium Points","Mech. Mach. Sci.","22110984 (ISSN); 978-303184448-5 (ISBN)","","10.1007/978-3-031-84449-2_14","https://www.scopus.com/pages/publications/105014495643?origin=resultslist","Recently, Vaidyanathan et al. (Complex Systems and Their Applications, Springer, New York, USA, 2024 [16]) introduced a new 4-D highly chaotic system with a hyperbola of equilibrium points. In this work,we carry out a FPGA implementation of the Vaidyanathan chaotic system, which will be very useful for practical implementations. The FPGA implementation of the Vaidyanathan chaotic system is performed herein by applying the fourth-order Adams-Bashforth method. After observing the simulation of the chaotic system, the amplitudes of the state variables and can be processed by doing a computer arithmetic with 40-bit distributed in fixed-point format. The connection of a digital-to-analog (DAC) converter to the FPGA, leads us to observe experimental attractors on a Teledyne Lecroy oscilloscope, which are in good agreement with simulation results. Also, a new random number generator (RNG) based on a hyperchaotic system is designed on the Nvidia Jetson Nano development board. The generated random numbers have successfully passed the NIST 800-22, FIPS 140-1, and ENT statistical tests, demonstrating their suitability for use in the field of encryption. Additionally, an image encryption application based on these random numbers is successfully implemented on the Nvidia Jetson Nano platform. Finally, the reliability of the encryption process is convincingly demonstrated through histogram, correlation, NPCR-UACI, and entropy analyses. This study shows that the hyperchaotic system-based random number generator can be effectively and securely utilized in the field of encryption. © The Author(s), under exclusive license to Springer Nature Switzerland AG 2025.","2025","2026-05-02 11:49:18","2026-05-02 11:49:18","","215-243","","","142 MMS","","","","","","","","Springer Science and Business Media B.V.","","English","","","Scopus","","","","Journal Abbreviation: Mech. Mach. Sci.","<p>Export Date: 02 May 2026; Cited By: 0; Correspondence Address: S. Vaidyanathan; Centre for Control Systems, Vel Tech University, Chennai, Tamil Nadu, India; email: sundar@veltech.edu.in</p>","","","Field programmable gate arrays (FPGA); Integrated circuit design; Cryptography; Number theory; Random number generation; Random Numbers; FPGA implementations; Large scale systems; FPGAs implementation; FPGA design; Random number generators; Chaotics; Chaotic systems; Chaos; Adams-Bashforth methods; Cathode ray oscilloscopes; Equilibrium point; Fourth-order; Hyper-chaotic systems; Random number generator","","Balthazar J.M.; Tusset A.M.; Balthazar J.M.; Balthazar J.M.; Gonçalves P.B.; Litak G.; Simonovic J.","","","","","","","","","","","","","","","","","","","","","","","","","","","","","","Mechanisms and Machine Science","","","","","","","","","","","","","","",""
"Z56K5SMA","conferencePaper","2022","Samra, S.S.; Sreehari, K.N.; Bhakthavatchalu, R.","PUF Based Cryptographic Key Generation","Asian Conf. Innov. Technol., ASIANCON","978-166546851-0 (ISBN)","","10.1109/ASIANCON55314.2022.9908649","https://www.scopus.com/pages/publications/85141597947?origin=resultslist","For data storage and protection, encryption is an important standard. A secret key is required in order to encrypt or decrypt data. This key is typically located in memory, where it can potentially be stolen. In order to avoid this, new methods of generating secret keys have been developed. To safeguard the generation of the secret key, one of these techniques is to utilise a Physically Unclonable Function (PUF). In order to generate secret keys or simple authentication protocols, secrets can be extracted from the physical structure of the device. A stable PUF output is essential for generating cryptographic keys with greater uniqueness, randomness, and uniformity. The goal is to offer device identification methods that are inexpensive, efficient, and safe, as well as secure cryptographic key creation using PUFs. This paper propose a design that combines ring oscillator puf (ROPUF), Arbiter puf (APUF) and Exclusive OR gate. Verilog simulation is performed using VIVADO software. AES algorithm is implemented for encryption and decryption for cryptographic key generation. The experimental results shows the uniqueness, reliability, uniformity and aliasing has improved. © 2022 IEEE.","2022","2026-05-02 11:49:19","2026-05-02 11:49:19","","","","","","","","","","","","","Institute of Electrical and Electronics Engineers Inc.","","English","","","Scopus","","","","Journal Abbreviation: Asian Conf. Innov. Technol., ASIANCON","<p>Export Date: 02 May 2026; Cited By: 6</p>","","","Field programmable gate arrays (FPGA); FPGA; Public key cryptography; Computer software; Secret key; Digital storage; Access control; Key generation; Physically unclonable functions; Ring oscillator; PUF; Cryptographic key; APUF; Arbiter puf; cryptographic key generation; Cryptographic key generation; Data storage; Ring oscillator puf; ROPUF; secret key; Xilinx vivado; Xilinx Vivado","","","","","","","","","","","","","","","","","","","","","","","","","","","","","","","","2022 2nd Asian Conference on Innovation in Technology, ASIANCON 2022","","","","","","","","","","","","","","",""
"6XHPVWUV","journalArticle","2022","Benkouider, K.; Vaidyanathan, S.; Sambas, A.; Tlelo-Cuautle, E.; El-Latif, A.A.A.; Abd-El-Atty, B.; Bermudez-Marquez, C.F.; Sulaiman, I.M.; Awwal, A.M.; Kumam, P.","A New 5-D Multistable Hyperchaotic System With Three Positive Lyapunov Exponents: Bifurcation Analysis, Circuit Design, FPGA Realization and Image Encryption","IEEE Access","","21693536 (ISSN)","10.1109/ACCESS.2022.3197790","https://www.scopus.com/pages/publications/85137602801?origin=resultslist","In this work, we describe the model of a new 5-D hyperchaotic system with three positive Lyapunov exponents. Since the maximum positive Lyapunov exponent of the proposed hyperchaotic system is larger than twelve, the new hyperchaotic system is highly hyperchaotic. We also show that the new 5-D hyperchaotic system exhibits multistability with coexisting attractors. Using Multisim, we design an electronic circuit for the new 5-D hyperchaotic system. The hardware implementation of the new 5-D hyperchaotic system is done by applying two numerical methods. From the experimental results of the FPGA-based implementation, we show that the attractors observed in a Lecroy oscilloscope are in good agreement with numerical simulations. To prove the reliability of the proposed system for cybersecurity purposes, we present a new image cryptosystem using our hyperchaotic system. Experimental outcomes show the efficiency and the reliability of our cryptosystem based on the proposed hyperchaotic system.  © 2013 IEEE.","2022","2026-05-02 11:49:19","2026-05-02 11:49:19","","90111-90132","","","10","","IEEE Access","","","","","","Institute of Electrical and Electronics Engineers Inc.","","English","","","Scopus","","","","","<p>Export Date: 02 May 2026; Cited By: 64; Correspondence Address: P. Kumam; Kmutt Fixed Point Research Laboratory, 802 Fixed Point Laboratory, Science Laboratory Building, Center of Excellence in Theoretical and Computational Science (TaCS-CoE), Departments of Mathematics, Faculty of Science, King Mongkut's University of Technology Thonburi (KMUTT), Bangkok, Thung Khru, 10140, Thailand; email: poom.kum@kmutt.ac.th</p>","","","Field programmable gate arrays (FPGA); FPGA; Integrated circuit design; Cryptography; Timing circuits; Numerical methods; Circuit designs; Lyapunov methods; Chaotic systems; Integrated circuit manufacture; Bifurcation (mathematics); Lyapunov functions; Hyper-chaotic systems; Attractor; attractors; Bifurcation; Bifurcation analysis; bifurcations; circuit design; data security; Differential equations; Hyperchaos; hyperchaotic systems; image cryptosystem; Image cryptosystem; Lyapunov exponent; Lyapunov exponents; multi-stability; Multistability; Multistable; numerical methods","","","","","","","","","","","","","","","","","","","","","","","","","","","","","","","","","","","","","","","","","","","","","","",""
"YBAX9NBT","conferencePaper","2025","Waser, M.; Schrammel, D.; Schilling, R.; Mangard, S.","FAULTLESS: Flexible and Transparent Fault Protection for Superscalar RISC-V Processors","Lect. Notes Comput. Sci.","03029743 (ISSN); 978-303197622-3 (ISBN)","","10.1007/978-3-031-97623-0_18","https://www.scopus.com/pages/publications/105030173458?origin=resultslist","Fault injection (FI) attacks pose a significant threat to the reliability and security of devices. They can cause data or control-flow corruption, leading to system failure or allowing malicious attackers to steal secret data or leak cryptographic keys. To protect against faults, many vendors extend their processors with lockstep capabilities, which require either dedicated hardware duplication or a reconfigurable second core that can act as a shadow core. The former causes a large hardware overhead while the latter requires an inflexible configuration during boot time with additional implications for software design. Software-based fault protection requires recompilation of existing code with custom compilers, which introduces compatibility issues. This paper presents Faultless: A fault protection mechanism that transparently performs hardware-based instruction duplication and utilizes the existing redundancy in superscalar processors. Contrary to lockstep approaches, our design facilitates a flexible protection approach with marginal hardware overhead that allows developers to toggle the fault protection during runtime, providing a choice between security and performance. The design is fully transparent and compatible with preexisting binaries. We implement our prototype based on the VeeR EH1 RISC-V processor and show that, when active, our fault protection generates an average performance overhead between 32% and 79%, depending on the hardware configuration. Non-critical applications can deactivate the feature and run without any overheads. On an Artix-7 FPGA, our hardware modifications incur a minimal overhead of 3.5% for LUTs and 2.8% for flip-flops. © The Author(s), under exclusive license to Springer Nature Switzerland AG 2025.","2025","2026-05-02 11:49:19","2026-05-02 11:49:19","","297-315","","","15748 LNCS","","","","","","","","Springer Science and Business Media Deutschland GmbH","","English","","","Scopus","","","","Journal Abbreviation: Lect. Notes Comput. Sci.","<p>Export Date: 02 May 2026; Cited By: 0; Correspondence Address: M. Waser; Graz University of Technology, Graz, Austria; email: moritz.waser@tugraz.at</p>","","","Hardware security; Network security; Integrated circuit design; Cryptography; Software design; Reconfigurable hardware; Program compilers; Reduced instruction set computing; RISC-V; Fault injection attacks; Locks (fasteners); Systems analysis; Control-flow; Hardware overheads; Dataflow; Fault protection; Fault-Protection; Secret data; Superscalar; Superscalar CPU; System failures","","Egele M.; Gruss D.; Moonsamy V.; Carminati M.","","","","","","","","","","","","","","","","","","","","","","","","","","","","","","Lecture Notes in Computer Science","","","","","","","","","","","","","","",""
"YF4CX3R3","conferencePaper","2024","Yavuz, S.; Naroska, E.; Daniel, K.","Implementation of a Symmetric Double Arbiter Physical Unclonable Function and Evaluation the Impact of Temperature Influences using PYNQ-Z1 Board","Int. Wirel. Commun. Mob. Comput. Conf., IWCMC","979-835036126-1 (ISBN)","","10.1109/IWCMC61514.2024.10592410","https://www.scopus.com/pages/publications/85200002444?origin=resultslist","Deployment of delay-based Physical Unclonable Functions (PUF) on FPGAs for Internet-of-Things (IoT) network security is becoming increasingly important in research due to their lightweight structure and good statistical properties. PUFs can generate high reliable and device-unique keys that can be used in security applications such as authentication protocols or for IP protection to avoid cloning attacks. This can be achieved by exploiting the delay-time of the individual components of a PUF, which vary due to the fluctuation in the manufacturing process. However, a important challenge in the implementation of delay-based PUFs in order to achieve high reliability and uniqueness is a well-balanced and symmetric design layout. Unwanted offset delays can occur due to the unsymmetric wire routing, which may in turn have negative impacts on the quality metrics. In addition, physical fluctuations can also affect the behavioral of the PUF. This paper presents the implementation and evaluation of a lightweight 32-bit DAPUF (Double Arbiter-PUF) using PYNQZ1 board. For performance analysis, the design is implemented on three different PYNQ-Z1 boards and quality metrics such as reliability, uniqueness, randomness and bias are analyzed considering different ambient temperatures in a range of 0-50°C. In addition, an extended version of the proposed DAPUF (XORDAPUF) is simulated and also investigated. Our results show that the DAPUF is more sensitive to temperature fluctuations than XOR-DAPUF. In addition, our results clearly show that uniqueness, randomness as well as bias are improved compared to the results of the implemented DAPUF, which is close to the ideal value.  © 2024 IEEE.","2024","2026-05-02 11:49:19","2026-05-02 11:49:19","","138-143","","","","","","","","","","","Institute of Electrical and Electronics Engineers Inc.","","English","","","Scopus","","","","Journal Abbreviation: Int. Wirel. Commun. Mob. Comput. Conf., IWCMC","<p>Export Date: 02 May 2026; Cited By: 5; Correspondence Address: S. Yavuz; University Of Siegen, Siegen, Germany; email: Sinan.Yavuz@uni-siegen.de</p>","","","Hardware security; Network security; Field programmable gate arrays (FPGA); FPGA; Integrated circuit design; Cryptography; Internet of things; Networks security; Quality control; Internet protocols; Function evaluation; Symmetrics; Random processes; Hardware Security; Reliability analysis; Double APUF; High reliable; Impact of temperatures; Lightweight structures; Physical unclonable function quality metric; PUF Quality Metrics; Quality metrices; Statistical properties; Temperature influence; Temperature Influence","","","","","","","","","","","","","","","","","","","","","","","","","","","","","","","","20th International Wireless Communications and Mobile Computing Conference, IWCMC 2024","","","","","","","","","","","","","","",""
"CVPTZQJU","conferencePaper","2023","Hamza, M.A.; Issa, H.H.; Eisa, S.","FPGA-Based Modified Ring Oscillator Physical Unclonable Function for Internet of Vehicles","Nat Radio Sci Conf NRSC Proc","979-835031144-0 (ISBN)","","10.1109/NRSC58893.2023.10153063","https://www.scopus.com/pages/publications/85164271403?origin=resultslist","The Internet of Things (IoT) has opened up a world of opportunities for improving our daily lives. One offshoot of the IoT is the Internet of Vehicles (IoV), which aims to enhance traffic safety and provide low route information. However, the security of information exchanged between moving vehicles and wireless mediums is crucial. Physical Unclonable Function (PUF) is an effective security technology that creates a hardware fingerprint based on the unique characteristics of a device. The Ring Oscillator (RO) PUF is the most commonly used PUF. This study proposes an enhanced RO PUF design that generates a 64-bit secret key well-suited for IoV applications. The proposed design demonstrates significant improvements in PUF performance, with a uniqueness, reliability, and uniformity of 49.83%, 99.93%, and 49.75%, respectively. These findings suggest that the enhanced RO PUF design provides effective and reliable solutions for securing IoT devices through PUF-based authentication. © 2023 IEEE.","2023","2026-05-02 11:49:19","2026-05-02 11:49:19","","208-216","","","2023-May","","","","","","","","Institute of Electrical and Electronics Engineers Inc.","","English","","","Scopus","","","","Journal Abbreviation: Nat Radio Sci Conf NRSC Proc","<p>Export Date: 02 May 2026; Cited By: 1</p>","","","Hardware security; Field programmable gate arrays (FPGA); Integrated circuit design; Performance; Cryptography; Internet of things; Vehicle performance; Function designs; Ring oscillator; Hardware Security; Physical Unclonable Function; Ring Oscillator; Daily lives; IOV; Moving vehicles; Physical unclonable function performance; PUF Performance; Route information; Traffic safety; Wireless media","","","","","","","","","","","","","","","","","","","","","","","","","","","","","","","","National Radio Science Conference, NRSC, Proceedings","","","","","","","","","","","","","","",""
"RLG4KXT4","journalArticle","2023","Kanda, G.; Ryoo, K.","Shrink Generator-based Strong PUF Architecture with Improved Uniqueness and Reliability on an FPGA","Journal of Semiconductor Technology and Science","","15981657 (ISSN)","10.5573/JSTS.2023.23.1.26","https://www.scopus.com/pages/publications/85150354565?origin=resultslist","Silicon-based Physically Unclonable Functions (PUFs) are a source of physical security primitive that is either implemented on ASICs or FPGAs. A class of these security primitives that provide an exponentially large set of Challenge-Response Pairs (CRPs) is termed Strong PUF. That notwithstanding, the Arbiter and Feedforward Arbiter PUFs which are traditionally Strong PUFs, are not suitable for FPGA implementation. In this paper, a newly proposed PUF architecture that improves on the existing Configurable Ring Oscillator (CRO) PUF by increasing its dynamic configurability and its level of entropy is presented. To maintain the exponentially large set of CRPs, the Shrink Generator is applied to the traditionally Weak CRO-PUF. The proposed design is implemented and tested on a spartan-6 FPGA board using the Xilinx ISE tool. The proposed architecture demonstrates a uniqueness of 50.01% and is 96.43% reliable. © 2023, Institute of Electronics Engineers of Korea. All rights reserved.","2023","2026-05-02 11:49:19","2026-05-02 11:49:19","","26-38","","1","23","","J. Semicond. Technol. Sci.","","","","","","Institute of Electronics Engineers of Korea","","English","","","Scopus","","","","","<p>Export Date: 02 May 2026; Cited By: 0; Correspondence Address: K. Ryoo; Department of Information & Communication Engineering, Hanbat National University, Daejeon, 125 Dongseodaero, 34158, South Korea; email: kkryoo@gmail.com</p>","","","Hardware security; Field programmable gate arrays (FPGA); Cryptography; Architecture; Physically unclonable functions; Ring oscillator; Security primitives; PUF; Challenge-response pair; Challenge-response-pair; challenge-response-pair (CRP); Configurable ring oscillator  physically unclonable function; configurable ring oscillator (CRO) PUF; shrink generator; Shrink generator; Strong physically unclonable function; strong PUF","","","","","","","","","","","","","","","","","","","","","","","","","","","","","","","","","","","","","","","","","","","","","","",""
"UEQPSB3Q","conferencePaper","2023","Wang, B.; Cui, Y.; Gu, C.; Wang, C.; Liu, W.","Novel Intrinsic Physical Unclonable Function Design for Post-quantum Cryptography","Proc IEEE Int Symp Circuits Syst","02714310 (ISSN); 978-166545109-3 (ISBN)","","10.1109/ISCAS46773.2023.10182054","https://www.scopus.com/pages/publications/85167691573?origin=resultslist","The hardware implementations of post-quantum cryptography (PQC) algorithms are vulnerable to fault injection attacks. As a hardware security primitive, the intrinsic physical unclonable function (PUF) is a possible countermeasure for these attacks with low resource overheads. In this work, a novel intrinsic PUF, frequency adjustable software PUF (FAS-PUF), is proposed to provide a device identification for PQC chips. The FAS-PUF is based on an inherent timing logic in the ring-learning with error (R-LWE) decryption circuit of PQC chips. The FAS-PUF uses a 256∗13∗3-bit input ciphertext of the decryption circuit as a challenge, and uses a 256-bit decryption output as a response with an adjustable overclocking. Since the entropy of the FAS-PUF utilises the manifested timing errors caused by the overclocking, the FAS-PUF does not need to modify the existing hardware circuits, i.e. preserves the original circuit functions, which significantly reduces hardware resource consumption and power overhead. Meanwhile, to mitigate the affection of circuits' metastablities to PUF's stability under overclocking, a dynamic clock frequency selection method is used to determine the optimal frequency point for generating PUF responses. The proposed FAS-PUF is also a Strong PUF design with a significant number of Challenge/Response Pairs (CRPs) provided. The proposed design is implemented on Xilinx Basys3 FPGAs. The experimental results show that the FAS-PUF has a good uniqueness, uniformity and stability compared with other intrinsic PUFs. © 2023 IEEE.","2023","2026-05-02 11:49:19","2026-05-02 11:49:19","","","","","2023-May","","","","","","","","Institute of Electrical and Electronics Engineers Inc.","","English","","","Scopus","","","","Journal Abbreviation: Proc IEEE Int Symp Circuits Syst","<p>Export Date: 02 May 2026; Cited By: 4; CODEN: PICSD</p>","","","Hardware security; Network security; Post quantum cryptography; Quantum cryptography; Post-quantum cryptography; Side channel attack; Hardware implementations; Cryptography algorithms; Timing circuits; Function designs; Adjustable softwares; Decryption circuit; Frequency adjustable method; Intrinsic physical unclonable function; Intrinsic PUF; Overclocking; Strong physical unclonable function; Strong PUF","","","","","","","","","","","","","","","","","","","","","","","","","","","","","","","","Proceedings - IEEE International Symposium on Circuits and Systems","","","","","","","","","","","","","","",""
"RME27G2I","journalArticle","2026","Anvesha, S.; Singh, J.; Kumar, V.; Gupta, V.","Design and Implementation of 16-bit FPGA-Based True Random Number Generator Using Self-Timed Ring for Aerospace Applications","Journal of Aeronautics, Astronautics and Aviation","","19907710 (ISSN)","10.6125/JoAAA.202602_58(2S).10","https://www.scopus.com/pages/publications/105035695078?origin=resultslist","This paper presents a 16-bit True Random Number Generator (TRNG) based on a Self-Timed Ring (STR) oscillator architecture implemented on an FPGA. The proposed TRNG exploits intrinsic timing jitter and metastability effects of an asynchronous STR to generate high-quality entropy without reliance on an external clock. A three-stage ring oscillator serves as the primary entropy source, while D flip-flops (DFFs) are employed for entropy extraction and stabilization. To further suppress statistical bias and improve output balance, a Von Neumann corrector is incorporated as a lightweight post-processing stage. The design is implemented in Verilog and synthesized using Vivado, demonstrating low power consumption of 0.068 W. Python-based statistical tests confirm excellent randomness characteristics, achieving entropy values close to the ideal limit (0.9998). Although The entropy values remain nearly unchanged, the Von Neumann corrector primarily enhances statistical balance and reliability rather than significantly increasing entropy, which is critical for cryptographic robustness. Owing to its clock-independent operation, low power footprint, and resilience to environmental variations, the proposed TRNG is well suited for aerospace systems and AI/ML-enabled embedded platforms. © 2026, The Aeronautical and Astronautical Society of the Republic of China. All Rights Reserved.","2026","2026-05-02 11:49:19","2026-05-02 11:49:19","","255-263","","2","58","","J. Aero. Astron. Aviat.","","","","","","The Aeronautical and Astronautical Society of the Republic of China","","English","","","Scopus","","","","","<p>Export Date: 02 May 2026; Cited By: 0; Correspondence Address: V. Kumar; Department of Electrical and Electronics Engineering, NIT Sikkim, India; email: vivekkumar@nitsikkim.ac.in</p>","","","Hardware security; Field programmable gate arrays (FPGA); FPGA; Integrated circuit design; Cryptography; Embedded systems; Number theory; Random number generation; Clocks; Design and implementations; Random number generators; Random processes; True randoms; True random number generator; Entropy; Oscillators (electronic); Design for testability; Aerospace applications; D flip flops; DFF; Entropy value; Neumann; RO; Self-timed; Self-timed ring; STR; True Random Number Generator","","","","","","","","","","","","","","","","","","","","","","","","","","","","","","","","","","","","","","","","","","","","","","",""
"55BA9UAN","conferencePaper","2026","Aghapour, S.; Ahmadi, K.; Mozaffari Kermani, M.; Azarderakhsh, R.","Lightweight Fault Detection Architecture for Modular Exponentiation in Cryptography on ARM and FPGA","Lect. Notes Comput. Sci.","03029743 (ISSN); 978-303215540-5 (ISBN)","","10.1007/978-3-032-15541-2_14","https://www.scopus.com/pages/publications/105029344179?origin=resultslist","Whether stemming from malicious intent or natural occurrences, faults and errors can significantly undermine the reliability of lightweight architectures. In response to this challenge, fault detection plays a pivotal role in ensuring the secure deployment of cryptosystems. Even when a cryptosystem boasts mathematical security, its practical implementation may remain susceptible to exploitation through side-channel attacks. In this paper, we propose a lightweight fault detection architecture tailored for modular exponentiation, a building block of numerous cryptographic applications spanning from classical cryptography to post-quantum cryptography (PQC). Based on our simulations on ARM Cortex-A72 processor, our approach achieves an error detection ratio close to 100%, all while introducing a modest computational overhead of approximately 14%. Moreover, implementing our design on AMD/Xilinx Artix Ultrascale+ FPGA reported a minimal area and modest delay overhead compared to the unprotected design. © The Author(s), under exclusive license to Springer Nature Switzerland AG 2026.","2026","2026-05-02 11:49:19","2026-05-02 11:49:19","","244-260","","","16216 LNCS","","","","","","","","Springer Science and Business Media Deutschland GmbH","","English","","","Scopus","","","","Journal Abbreviation: Lect. Notes Comput. Sci.","<p>Export Date: 02 May 2026; Cited By: 0; Correspondence Address: M. Mozaffari Kermani; College of AI, Cybersecurity, and Computing, University of South Florida, Tampa, 33620, United States; email: mehran2@usf.edu</p>","","","Hardware security; Network security; Post quantum cryptography; Quantum cryptography; Side channel attack; Side-channel attacks; FPGA; Integrated circuit design; Cryptography; Architecture; Computer architecture; Fault detection; Cortexes; Error detection; Computation theory; ARM processors; Building blockes; Cryptographic applications; Modular Exponentiation; Faults detection; ARM processor; Computational overheads; Lightweight architecture; Minimal area; Modular exponentiation","","Savas E.; Moradi A.; Leander G.","","","","","","","","","","","","","","","","","","","","","","","","","","","","","","Lecture Notes in Computer Science","","","","","","","","","","","","","","",""
"3TK5CC7P","conferencePaper","2024","Bakyt, M.; Spada, L.L.; Moldamurat, K.; Kadirbek, Z.; Yermekov, F.","Review of Data Security Methods using Low-Earth Orbiters for High-Speed Encryption","Proc. Int. Conf. Ubiquitous Comput. Intell. Inf. Syst., ICUIS","979-833152963-5 (ISBN)","","10.1109/ICUIS64676.2024.10867245","https://www.scopus.com/pages/publications/86000230612?origin=resultslist","This paper presents an overview of state-of-the-art data security techniques using low-orbit satellites (LOS) such as CubeSats for high-speed encryption. The paper compares various encryption techniques including quantum key distribution (QKD), chaotic mapping-based encryption algorithms, and genetic algorithm and random feature methods. Particular attention is paid to both the advantages and limitations of each approach and their potential applicability to LEO. The key challenges associated with the development and implementation of high-speed encryption on LEO are identified, such as limited resources, power requirements, and the need to ensure reliability in the space environment. Finally, future research directions are suggested, including the development of specialized encryption algorithms, optimization of hardware implementation, and integration of different techniques to achieve maximum efficiency and security. © 2024 IEEE.","2024","2026-05-02 11:49:19","2026-05-02 11:49:19","","1366-1375","","","","","","","","","","","Institute of Electrical and Electronics Engineers Inc.","","English","","","Scopus","","","","Journal Abbreviation: Proc. Int. Conf. Ubiquitous Comput. Intell. Inf. Syst., ICUIS","<p>Export Date: 02 May 2026; Cited By: 5</p>","","","Quantum cryptography; Encryption algorithms; Cubesat; Earth orbits; CubeSat; High Speed; Key distribution; Quantum key; Quantum key distribution; encryption; data security; high-speed encryption; High-speed encryption; low earth orbit; Low earth orbit; quantum key distribution (QKD); Security methods","","","","","","","","","","","","","","","","","","","","","","","","","","","","","","","","Proceedings of the 4th International Conference on Ubiquitous Computing and Intelligent Information Systems, ICUIS 2024","","","","","","","","","","","","","","",""
"MMRWMHML","journalArticle","2025","Li, H.; Min, F.","Cross-Hemispheric Memristive Neural Network With Discrete Corsage Memristor for Telemedicine Encryption Application","IEEE Internet of Things Journal","","23274662 (ISSN)","10.1109/JIOT.2025.3568229","https://www.scopus.com/pages/publications/105004893589?origin=resultslist","The dynamics of memristive neural networks have incurred significant concern. However, existing research predominantly concentrates on networks with single or multiple neurons, ignoring the large-scale and high-dimensional characteristics inherent to brain networks. To this end, this article first innovatively introduces a family of discrete corsage memristor (DCM) models and scrutinizes their attributes, including nonvolatility, local activity, and edge of chaos. Subsequently, a cross-hemispheric memristive neural network (CMNN) model with dual ring-star structure is proposed, enabling intrahemispheric information exchange via bidirectional electrical synapses and interhemispheric communication through shared memristor synapses. Furthermore, the spatio-temporal dynamics of the CMNN are numerically investigated with the aid of quantitative metrics and visualization techniques, exhibiting phase chimera and complete interlayer synchronization. In particular, the synchronization condition is theoretically estimated utilizing the Lyapunov stability theorem. Moreover, we develop a microcontroller unit (MCU)-based hardware experiment platform to implement the CMNN. Finally, a telemedicine encryption scheme is developed for safeguarding medical images in the Internet of Medical Things (IoMT), with experimental results validating its reliability and security performance. © 2014 IEEE.","2025","2026-05-02 11:49:19","2026-05-02 11:49:19","","29018-29031","","14","12","","IEEE Internet Things J.","","","","","","Institute of Electrical and Electronics Engineers Inc.","","English","","","Scopus","","","","","<p>Export Date: 02 May 2026; Cited By: 15; Correspondence Address: F. Min; Nanjing Normal University, School of Electrical and Automation Engineering, School of Computer and Electronic Information, School of Artificial Intelligence, Nanjing, 210023, China; email: minfuhong@njnu.edu.cn</p>","","","Hardware implementations; Medical computing; Cryptography; Neural-networks; hardware implementation; Large-scales; image encryption; Lyapunov functions; Memristor; Images encryptions; Discrete corsage memristor; Discrete corsage memristor (DCM); local activity; Local activity; memristive neural network; Memristive neural network; Multiple neurons; Neuroimaging; Single neuron; synchronization","","","","","","","","","","","","","","","","","","","","","","","","","","","","","","","","","","","","","","","","","","","","","","",""
"5NBRZA5K","journalArticle","2026","","8th International Conference on Electronics, Communications and Control Engineering, ICECC 2025","Lecture Notes in Electrical Engineering","","18761100 (ISSN); 978-981952819-6 (ISBN)","","https://www.scopus.com/pages/publications/105030874505?origin=resultslist","The proceedings contain 34 papers. The special focus in this conference is on Electronics, Communications and Control Engineering. The topics include: Design and Synthesis of Capacitance Multiplier Using LT1228s and a Grounded Capacitor; a Reliability and Performance Study of Neural Networks on Resource-Constrained Platforms; binary Splitting Test Generation for a Pattern Matching Accelerator with In-Memory-Processing Architecture; 650 V Multiple Floating P Oxide-Trenches High-Conductivity Insulated Gate Bipolar Transistor Design; A Low-Power and Small-Area Squarer for Wearable ECG Devices Utilizing Pan-Tompkins Algorithm; reliability Calculation for Paper Robots, Case Study: Assistive Robot with Human; analysis and Experiment of a Three-Phase Hybrid Fibonacci-Type Marx Generator; low-Cost Smartphone-Controlled Exercise Machine for Arm and Leg Muscles; assessing the Impact of Oil Type on Transformer Performance and Mass; a New Design Methodology for Aircraft Data Logger Adopting Pulse-Mode Circuit Approach; impact of Altitude on the Design and Performance of Dry-Type Transformers; ioT System for Access and Control with Integrated Lighting: Case Study and Reliability; optimizing Power Efficiency in Cloud Environments for Carrier-Grade Applications; a Review of Machine Learning-Based Security Algorithms for the Internet of Things; Potential of TinyML and Federated Reinforcement Learning-Based Trajectory Optimization in Space-Air-Ground Integrated Network; water Quality Monitoring and Control System for Tilapia Fingerling Rearing; Implementation of the 5G Software Defined Radio via FPGA; Reliability of IoT Ambient Lighting Based on NodeMCU and RGB Color Sensors; enhanced Lightweight Cryptography Security Algorithm for the Internet of Things; application of LoRa Technology in a Hydroponic System to Improve Lettuce Cultivation in Urban Areas.","2026","2026-05-02 11:49:19","2026-05-02 11:49:19","","","","","1490 LNEE","","Lect. Notes Electr. Eng.","","","","","","Springer Science and Business Media Deutschland GmbH","","English","","","Scopus","","","","","<p>Export Date: 02 May 2026; Cited By: 0</p>","","","","","Yamauchi H.; Wang K.; Song I.","","","","","","","","","","","","","","","","","","","","","","","","","","","","","","","","","","","","","","","","","","","","",""
"VDG5WJ2R","conferencePaper","2023","Engels, S.; Ender, M.; Paar, C.","Targeted Bitstream Fault Fuzzing Accelerating BiFI on Large Designs","Proc. IEEE Int. Symp. Hardw. Oriented Secur. Trust, HOST","979-835030062-8 (ISBN)","","10.1109/HOST55118.2023.10133494","https://www.scopus.com/pages/publications/85161826557?origin=resultslist","Fault injection attacks are a powerful instrument in an attacker's toolbox to extract secret keys from cryptographic primitives. Generally, detailed information about the implementation and platform is needed to conduct such an attack in a meaningful fashion. With Bitstream Fault Injection (BiFI), Swierczynski et al. demonstrated that even without any prior knowledge, an adversary could use bitstream faults to disclose the secret key of cryptographic implementations on FPGAs. With a brute-force strategy, an extensive set of faulty bitstreams is generated by manipulating the FPGA's LUTs, some of which enable the adversary to attack the design successfully. The drawback of BiFI is that its runtime scales with the design size because of aforementioned brute-force approach. Hence, it can be prohibitively slow, e.g., months, for large state-of-the-art FPGAs.In this work, we present Targeted Bitstream Fault Fuzzing (TBFF), which accelerates BiFI by identifying candidates of vulnerable LUTs using automated netlist reverse-engineering algorithms. Hence, the goal of TBFF is to combine the best of both worlds: TBFF automatically identifies small but crucial structures that are part of most cryptographic primitives, such as counters, done signals, or SBoxes. Introducing faults in these structures often instantly results in faulty behavior that can be exploited to recover the secret key. As a result, instead of brute-forcing, only a few targeted bitstream manipulations are needed to recover the secret key with the marginal overhead of identifying the relevant areas. Extrapolating this result for large-scale designs, TBFF can be conducted in minutes compared to months using the previous brute-force approach. In various case studies, we demonstrate the efficacy of our attack by attacking several AES designs.  © 2023 IEEE.","2023","2026-05-02 11:49:19","2026-05-02 11:49:19","","13-23","","","","","","","","","","","Institute of Electrical and Electronics Engineers Inc.","","English","","","Scopus","","","","Journal Abbreviation: Proc. IEEE Int. Symp. Hardw. Oriented Secur. Trust, HOST","<p>Export Date: 02 May 2026; Cited By: 4; Correspondence Address: S. Engels; Max Planck Institute for Security and Privacy, Germany; email: susanne.engels@mpi-sp.org</p>","","","Hardware security; Network security; Field programmable gate arrays (FPGA); Integrated circuit design; Cryptography; Software testing; Secret key; Access control; Fault injection; Fault injection attacks; Cryptographic primitives; Reverse engineering; Binary sequences; FPGA security; Prior-knowledge; fault injection; Bitstreams; Brute-force approach; hardware reverse-engineering; Hardware reverse-engineering; Large designs","","Cammarota R.; Mooney V.; Farahmandi F.; Wei S.; Kermani M.M.","","","","","","","","","","","","","","","","","","","","","","","","","","","","","","Proceedings of the 2023 IEEE International Symposium on Hardware Oriented Security and Trust, HOST 2023","","","","","","","","","","","","","","",""
"QTKRQ8RK","journalArticle","2024","Rui, Z.; Mei, Y.; Chen, Z.; Wu, J.; Ling, X.; Luo, T.; Wu, Y.","SeChain: Design and Implementation of RISC-V Secure Boot Mechanism Based on Domestic Cryptographic Algorithms","Jisuanji Yanjiu yu Fazhan/Computer Research and Development","","10001239 (ISSN)","10.7544/issn1000-1239.202440088","https://www.scopus.com/pages/publications/85199335921?origin=resultslist","The open-source RISC-V instruction set architecture (ISA) provides a significant opportunity for China to establish an independent and controllable IoT ecosystem. However, IoT devices often lack hardware protections and are vulnerable to physical-level firmware tampering attacks. Therefore, ensuring firmware integrity to improve device security is crucial. Previous researches have focused on secure boot techniques, but several challenges remain: 1) The traditional software-level trusted root can be physically tampered, making it difficult to ensure the reliability of the trusted root; 2) Mainstream hardware-level secure boot technology is controlled by international chip manufacturers, the specific implementation method is not publicly available, and does not support domestic cryptographic algorithms, making it impossible to ensure security independence and controllability for China; 3) Existing research on secure boot mechanisms based on RISC-V CPUs can verify the credibility of executable code but lacks a mechanism for verifying the integrity of upper-level firmware. To solve these challenges, we design and implement SeChain, a RISC-V secure boot mechanism based on the Chinese domestic cryptographic algorithm SM9. Specifically: 1) A signature calculation unit (SCU) is added inside the RISC-V SoC to generate key pairs and signatures; 2) A key verification unit (KVU) is added to perform on-chip execution of verification algorithms and firmware integrity verification; 3) A multilevel secure boot process based on verification boot is designed and implemented, starting from an immutable hardware trust root, completing the integrity verification of the next-stage boot program step by step, and achieving secure boot. Based on this design, SeChain realizes the security and trustworthiness of the trust root in the startup phase and constructs a trusted secure boot chain based on the domestic cryptographic algorithm SM9, providing reliable protection for device secure boot and trusted execution. To verify the effectiveness, efficiency, and security against trust root attacks of SeChain, we complete SeChain simulation verification experiments based on VexRiscv CPU on FPGA hardware platform. The experimental results show that SeChain can resist various firmware tampering attacks, as well as resist trust root attacks, which has an average additional time overhead of no more than 6.47 seconds. SeChain is suitable for resource constrained IoT devices, while meeting secure and trusted boot requirements, it can provide strong protection for domestic RISC-V ecosystem security independence and controllability. © 2024 Science Press. All rights reserved.","2024","2026-05-02 11:49:19","2026-05-02 11:49:19","","1458-1475","","6","61","","Jisuanji Yanjiu yu Fazhan","SeChain: 基于国密算法的 RISC-V 安全启动机制设计与实现","","","","","Science Press","","Chinese","","","Scopus","","","","","<p>Export Date: 02 May 2026; Cited By: 1; Correspondence Address: J. Wu; Intelligent Software Research Center, Institute of Software, Chinese Academy of Sciences, Beijing, 100190, China; email: jingzheng08@iscas.ac.cn; CODEN: JYYFE</p>","","","Hardware security; Network security; Integrated circuit design; Cryptography; Simulation platform; Cryptographic algorithms; Internet of things; System-on-chip; Computer architecture; Program processors; Verification; Programmable logic controllers; RISC-V; Design and implementations; Open systems; IoT security; Secure boots; Open source software; Firmware; Mechanism-based; Trusted computing; Tampering attacks; secure boot; Software reliability; Integrity verifications; SM9 cryptographic algorithm; trusted computing; Trusted root","","","","","","","","","","","","","","","","","","","","","","","","","","","","","","","","","","","","","","","","","","","","","","",""
"IHETNHPU","journalArticle","2023","Anik, M.T.H.; Danger, J.-L.; Diankha, O.; Ebrahimabadi, M.; Frisch, C.; Guilley, S.; Karimi, N.; Pehl, M.; Takarabt, S.","Testing and reliability enhancement of security primitives: Methodology and experimental validation","Microelectronics Reliability","","00262714 (ISSN)","10.1016/j.microrel.2023.115055","https://www.scopus.com/pages/publications/85163160769?origin=resultslist","The test of security primitives is particularly strategic as any bias coming from the implementation or environment can wreak havoc on the security it is intended to provide. This paper presents how some security properties are tested on hardware security primitives including True Random Number Generation (TRNG), Physically Unclonable Function (PUF), and cryptographic modules. Moreover, we discuss how the sensors embedded to protect cryptographic modules against fault injection attacks should be calibrated over time to fulfill the requirement it was designed for. The testing we discuss in this paper is different from the conventional testing where we consider a fault model and generate test patterns via an ATPG to detect such faults. The test of TRNG and PUF to ensure a high level of security is mainly about the entropy assessment, which requires specific statistical tests. The security against side-channel analysis (SCA) of cryptographic primitives, like the substitution box in symmetric cryptography, is generally ensured by masking. However, the hardware implementation of masking can be damaged by glitches, which create leakages on sensitive variables. Accordingly, a test method is to search for nets of the cryptographic netlist, which are vulnerable to glitches. Finally, the Digital Sensor (DS) is an efficient primitive to detect disturbances and raise alarms in the case of fault injection attack (FIA). The dimensioning of this primitive requires a precise test to take into account the environmental variations including aging. This paper extends on a conference paper presented at DFTS’21 by the same co-authors, where the test methodology for three critical security primitives is presented. In addition, in this paper, we add experimental validation to show how such testing methodology is applied in practice. © 2023 Elsevier Ltd","2023","2026-05-02 11:49:19","2026-05-02 11:49:19","","","","","147","","Microelectron. Reliab.","","","","","","Elsevier Ltd","","English","","","Scopus","","","","","<p>Export Date: 02 May 2026; Cited By: 2; Correspondence Address: M.T.H. Anik; University of Maryland Baltimore County, United States; email: toufiqhanik@umbc.edu; CODEN: MCRLA</p>","","","Hardware security; Network security; Side channel attack; Side-channel analysis; Random number generation; Software testing; TRNG; Fault detection; Fault injection attacks; High-order; Higher-order; Random-number generation; Physically unclonable functions; True randoms; SCA; PUF; Automatic test pattern generation; Automatic Test Pattern Generation (ATPG); Automatic test-pattern generations; Digital sensors; DS; FIA; High order alphabet; High order Alphabet (HoA); Test; True random number generation","","","","","","","","","","","","","","","","","","","","","","","","","","","","","","","","","","","","","","","","","","","","","","",""
"6PJYGNUF","journalArticle","2023","Xu, C.; Zhang, J.; Law, M.-K.; Zhao, X.; Martins, R.P.","Transfer-Path-Based Hardware-Reuse Strong PUF Achieving Modeling Attack Resilience With >200 Million Training CRPs","IEEE Transactions on Information Forensics and Security","","15566013 (ISSN)","10.1109/TIFS.2023.3263621","https://www.scopus.com/pages/publications/85153390062?origin=resultslist","This paper presents a hardware-reuse strong physical unclonable function (PUF) based on the intrinsic transfer paths (TPs) of a conventional digital multiplier to achieve a strong modeling attack resilience. With the multiplier input employed as the PUF challenge and the path delay as the entropy source, all the possible valid propagation paths from distinct input/output pairs can serve as PUF primitives. We can quantize the path delay using a time-to-digital converter (TDC), and select the suitable TDC output bits as the PUF response. We further propose a lightweight dynamic obfuscation algorithm (DOA) and a secure mutual authentication protocol to counteract modeling attacks. The proposed strong PUF using a 32 × 32 multiplier as implemented in the Xilinx ZYNQ-7000 SoC features a total of 2048 intrinsic PUF primitives, while achieving a response stream (RS) with an average of 1024 responses per TDC output bit per challenge. With Bit(5) and Bit(6) of the TDC output selected for PUF response generation, they demonstrate a measured reliability and uniqueness of up to 98.31% and 49.34%, respectively, with their excellent randomness performance as validated by the NIST SP800-22 tests. Under machine learning (ML)-based modeling attack with artificial neural network (ANN), the measured prediction accuracy of both Bit(5) and Bit(6) can still be maintained at 50% with a total of >200 million CRPs as the training set.  © 2005-2012 IEEE.","2023","2026-05-02 11:49:19","2026-05-02 11:49:19","","2188-2203","","","18","","IEEE Trans. Inf. Forensics Secur.","","","","","","Institute of Electrical and Electronics Engineers Inc.","","English","","","Scopus","","","","","<p>Export Date: 02 May 2026; Cited By: 14; Correspondence Address: M.-K. Law; Institute of Microelectronics, Faculty of Science and Technology - ECE, University of Macau, State Key Laboratory of Analog and Mixed-Signal VLSI, Macau, 999078, Macao; email: mklaw@um.edu.mo</p>","","","Hardware security; Field programmable gate arrays (FPGA); Neural networks; Cryptography; Field programmables; Field-programmable gate array; Programmable gate array; Signal processing; System-on-chip; Machine-learning; Security; Logic gates; field-programmable gate array (FPGA); Hardware reuse; Frequency converters; Physical unclonable function; Physical unclonable function (PUF); Delay; hardware reuse; Machine learning  attack; machine learning (ML) attack; multiplier; Multiplier; Response stream; response stream (RS); Transfer path; transfer path (TP); Transfer paths","","","","","","","","","","","","","","","","","","","","","","","","","","","","","","","","","","","","","","","","","","","","","","",""
"6623WYED","journalArticle","2023","Xu, C.; Zhang, L.; Law, M.-K.; Zhao, X.; Mak, P.-I.; Martins, R.P.","Modeling-Attack-Resistant Strong PUF Exploiting Stagewise Obfuscated Interconnections With Improved Reliability","IEEE Internet of Things Journal","","23274662 (ISSN)","10.1109/JIOT.2023.3267657","https://www.scopus.com/pages/publications/85153534466?origin=resultslist","This article presents an obfuscated-interconnection physical unclonable function (OIPUF) to resist modeling attacks. By introducing nonlinear operations through exploiting the random interconnections of delay stages, the proposed OIPUF can theoretically improve the physical unclonable function (PUF) security while consuming the same hardware resources as the conventional XOR arbiter PUF (XOR APUF). We further propose the metastability-detection (MD) arbiter to effectively improve the PUF reliability. Implemented on Xilinx Artix-7 field-programmable gate array, both the proposed (64,4)- and (64,8)-OIPUF demonstrate a good reliability and uniformity, with the proposed (64,8)-OIPUF showing a better uniqueness and strict avalanche criterion (SAC) performance. Measurement results also show that the proposed MD arbiter can reduce the bit error rate (BER) of the (64,4)- and (64,8)-OIPUF by ≥q 68 × and ≥q 48 × at up to 100 °C, respectively. Evaluated using the logistic regression (LR), artificial neural network (ANN), and covariance matrix adaptation-evolution strategy (CMA-ES) machine learning (ML) algorithms, the proposed (64,4)- and (64,8)-OIPUF can achieve a worst case prediction accuracy of 61.47% and 50.59% with up to 10M challenge-response pairs as training set, respectively, demonstrating a significant improvement over similar prior arts. © 2014 IEEE.","2023","2026-05-02 11:49:19","2026-05-02 11:49:19","","16300-16315","","18","10","","IEEE Internet Things J.","","","","","","Institute of Electrical and Electronics Engineers Inc.","","English","","","Scopus","","","","","<p>Export Date: 02 May 2026; Cited By: 40; Correspondence Address: M.-K. Law; Institute of Microelectronics, Fst, Ece, University of Macao, State Key Laboratory of Analog and Mixed-Signal Vlsi, Macao; email: mklaw@um.edu.mo</p>","","","Hardware security; Field programmable gate arrays (FPGA); Neural networks; Learning systems; Machine learning models; Cryptography; Field programmables; Field-programmable gate array; Programmable gate array; Field programmable gate array; Security; Field-programmable gate array (FPGA); Logic gates; Physical unclonable function; Bit error rate; Reliability; physical unclonable function (PUF); Delay; Resistance; Integrated circuit interconnects; machine learning (ML) modeling attack; Machine learning modeling attack; Obfuscated interconnection; obfuscated interconnection (OI)","","","","","","","","","","","","","","","","","","","","","","","","","","","","","","","","","","","","","","","","","","","","","","",""
"G7TRLFBN","journalArticle","2025","Li, Z.; Jin, J.; Zhang, D.; Chen, C.","An attractor-controllable memristive Hopfield neural network and its application on voice encryption","Integration","","01679260 (ISSN)","10.1016/j.vlsi.2025.102500","https://www.scopus.com/pages/publications/105012374335?origin=resultslist","Due to the unpredictability, sensitivity, and complexity of chaotic sequences, they have become special tools in various security applications. Previous studies have primarily focused on general multi-scroll attractor chaotic systems, while research on symmetric attractor-controllable multi-scroll chaotic systems remains relatively limited. Symmetric attractor-controllable multi-scroll chaotic systems typically exhibit more flexible and diverse evolutionary characteristics and higher stability, potentially leading to more stable system responses. Therefore, an attractor-controllable memristive Hopfield neural network (AMHNN) model is proposed in this work. By implementing multilevel logic pulse modulation of memristor synaptic coupling, the proposed AMHNN model enables the controllable generation of symmetric vortex-like double-scroll attractors. Dynamic analysis demonstrates that the AMHNN model can produce 1 to 18 symmetric double-scroll attractors under parameter modulation, with their quantity determined by memristor parameters and pulse stages. When the coupling strength k1>0.7, the system continuously transitions between chaotic and periodic behaviors through bifurcation, and the maximum Lyapunov exponent remains positive, verifying the stability of chaotic characteristics. Hardware implementation based on Xilinx ZYNQ-7000 series FPGA shows that the oscilloscope-measured phase diagrams highly align with the simulation results, confirming the reliability of theoretical analyses. This research provides a solution for chaotic encryption that balances dynamical complexity and engineering feasibility, and its controllable attractor characteristics demonstrate application potential in scenarios such as voice encryption. © 2025 Elsevier B.V.","2025","2026-05-02 11:49:19","2026-05-02 11:49:19","","","","","105","","Integr VLSI J","","","","","","Elsevier B.V.","","English","","","Scopus","","","","","<p>Export Date: 02 May 2026; Cited By: 22; Correspondence Address: J. Jin; School of Information Engineering, Changsha Medical University, Changsha, 410219, China; email: jj67123@hnust.edu.cn; CODEN: IVJOD</p>","","","Field programmable gate arrays (FPGA); Complex networks; Cryptography; Neural-networks; FPGA implementations; Vortex flow; Symmetrics; FPGAs implementation; FPGA implementation; Lyapunov methods; Chaotic systems; Double-scroll attractors; Hopfield neural networks; Memristor; Memristors; Scroll compressors; Cathode ray oscilloscopes; Memristive hopfield neural network; Memristive Hopfield neural network (MHNN); Nonlinear dynamics; Pulse controled memristor; Pulse controlled memristor; Symmetric double-scroll attractor; Voice encryption","","","","","","","","","","","","","","","","","","","","","","","","","","","","","","","","","","","","","","","","","","","","","","",""
"9YSBU8BL","conferencePaper","2022","Kareem, H.; Dunaev, D.","Xilinx FPGA-based Ring Oscillator PUFs: Design Challenges and Solutions","Mediterr. Conf. Embed. Comput., MECO","978-166546828-2 (ISBN)","","10.1109/MECO55406.2022.9797077","https://www.scopus.com/pages/publications/85133966289?origin=resultslist","The configurability and programmability features of the FPGA boards make it a preferred platform to implement vast IoT and embedded systems applications. However, FPGAs are vulnerable to different security issues such as unauthorized cloning, counterfeiting, or overbuilding the original systems. Therefore, there is an increasing demand for security solutions for FPGA-based systems, which may be used in device authentication and secret key generation. Physical unclonable functions (PUFs) have emerged as a low-cost, reliable countermeasure against different hardware security threats. Ring oscillator PUFs are well suited to be implemented on FPGA boards. Consequently, ring oscillator PUFs are widely used as security measures with FPGA-based IoT and embedded systems. Nevertheless, some challenges face the design of FPGA-based ring oscillator PUFs. Hence, this paper presents possible challenges that may face the design of an FPGA-based ring oscillator PUFs and the possible solution for each challenge. In addition, this study further discusses ways to improve the main performance metrics for the FPGA-based ring oscillator PUF, which are uniqueness, uniformity, and reliability. © 2022 IEEE.","2022","2026-05-02 11:49:19","2026-05-02 11:49:19","","","","","","","","","","","","","Institute of Electrical and Electronics Engineers Inc.","","English","","","Scopus","","","","Journal Abbreviation: Mediterr. Conf. Embed. Comput., MECO","<p>Export Date: 02 May 2026; Cited By: 18</p>","","","Authentication; Hardware security; Field programmable gate arrays (FPGA); FPGA; Integrated circuit design; Programmability; Cryptography; Embedded systems; Internet of things; device authentication; Configurability; hardware security; Function designs; Physically unclonable functions; Ring oscillator; PUF; ring oscillator; FPGA boards; Device authentications; Xilinx FPGA; physically unclonable functions; Design challenges; Design solutions","","","","","","","","","","","","","","","","","","","","","","","","","","","","","","","","2022 11th Mediterranean Conference on Embedded Computing, MECO 2022","","","","","","","","","","","","","","",""
"GKP265NB","journalArticle","2025","Ji, X.; Dong, J.; Huang, J.; Yuan, Z.; Dai, W.; Xiao, F.; Lin, J.","ECO-CRYSTALS: Efficient Cryptography CRYSTALS on Standard RISC-V ISA","IEEE Transactions on Computers","","00189340 (ISSN)","10.1109/TC.2024.3483631","https://www.scopus.com/pages/publications/85207394881?origin=resultslist","The field of post-quantum cryptography (PQC) is continuously evolving. Many researchers are exploring efficient PQC implementation on various platforms, including x86, ARM, FPGA, GPU, etc. In this paper, we present an Efficient CryptOgraphy CRYSTALS (ECO-CRYSTALS) implementation on standard 64-bit RISC-V Instruction Set Architecture (ISA). The target schemes are two winners of the National Institute of Standards and Technology (NIST) PQC competition: CRYSTALS-Kyber and CRYSTALS-Dilithium, where the two most time-consuming operations are Keccak and polynomial multiplication. Notably, this paper is the first highly-optimized assembly software implementation to deploy Kyber and Dilithium on the 64-bit RISC-V ISA. Firstly, we propose a better scheduling strategy for Keccak, which is specifically tailored for the 64-bit dual-issue RISC-V architecture. Our 24-round Keccak permutation (Keccak-p[1600,24]) achieves a 59.18% speed-up compared to the reference implementation. Secondly, we apply two modular arithmetic (Montgomery arithmetic and Plantard arithmetic) in the polynomial multiplication of Kyber and Dilithium to get a better lazy reduction. Then, we propose a flexible dual-instruction-issue scheme of Number Theoretic Transform (NTT). As for the matrix-vector multiplication, we introduce a row-to-column processing methodology to minimize the expensive memory access operations. Compared to the reference implementation, we obtain a speedup of 53.85%∼85.57% for NTT, matrix-vector multiplication, and INTT in our ECO-CRYSTALS. Finally, the ECO-CRYSTALS implementation for key generation, encapsulation, and decapsulation in Kyber achieves 399k, 448k, and 479k cycles respectively, achieving speedups of 60.82%, 63.93%, and 65.56% compared to the NIST reference implementation. Similarly, the ECO-CRYSTALS implementation for key generation, sign, and verify in Dilithium reaches 1 364k, 3 191k, and 1 369k cycles, showcasing speedups of 54.84%, 64.98%, and 57.20%, respectively. © 1968-2012 IEEE.","2025","2026-05-02 11:49:19","2026-05-02 11:49:19","","401-413","","2","74","","IEEE Trans Comput","","","","","","IEEE Computer Society","","English","","","Scopus","","","","","<p>Export Date: 02 May 2026; Cited By: 5; Correspondence Address: J. Dong; The School of Computer Science, Nanjing University of Posts and Telecommunications, Nanjing, 210023, China; email: djiankuo@njupt.edu.cn; CODEN: ITCOB</p>","","","Dilithium; Kyber; Post quantum cryptography; National Institute of Standards and Technology; Costs; PQC; Frequency bands; Polynomial multiplication; Reference implementation; Graphics processing unit; RISC-V; Vectors; Information management; Matrix algebra; Keccak; Instruction set architecture; Polynomial approximation; Strategic planning; Nanocrystallization; Product development; Reliability; Customer satisfaction; Electronics packaging; Enterprise resource management; Enterprise resource planning; Financial markets; Industrial relations; Investments; Matrix vector multiplication; matrix-vector multiplication; Total quality management","","","","","","","","","","","","","","","","","","","","","","","","","","","","","","","","","","","","","","","","","","","","","","",""
"73AZCWV3","conferencePaper","2024","Liu, Z.; Li, W.; Li, S.; Wang, W.","A ring oscillator based physical unclonable function for hardware security on FPGA platform","Proc SPIE Int Soc Opt Eng","0277786X (ISSN); 978-151067503-2 (ISBN)","","10.1117/12.3025809","https://www.scopus.com/pages/publications/85191319536?origin=resultslist","Physically Unclonable Functions have gained significant attention in recent years for their ability to address hardware security concerns. This work presents a method to implement ring oscillator-based PUF on the FPGA platform. Specifically, an 11-order oscillation ring is configured by cascading inverters, exploiting the little variations in the FPGA manufacturing process to generate unpredictable, random output. To evaluate the proposed structure, experiments were conducted using the Xilinx Kintex-7 FPGA chip. The experimental results demonstrate that the designed RO-PUF exhibits a uniformity of 47.30%, uniqueness of 47.46%, and reliability of 97.07%. It possesses several advantages, including ease of implementation, minimal resource utilization, and the elimination of manual layout and routing requirements. © 2024 SPIE.","2024","2026-05-02 11:49:19","2026-05-02 11:49:19","","","","","13090","","","","","","","","SPIE","","English","","","Scopus","","","","Journal Abbreviation: Proc SPIE Int Soc Opt Eng","<p>Export Date: 02 May 2026; Cited By: 2; Correspondence Address: W. Wang; College of Electronic and Information Engineering, Shandong University of Science and Technology, Qingdao, Shandong, 266590, China; email: wangweike@sdust.edu.cn; CODEN: PSISD</p>","","","Hardware security; Field programmable gate arrays (FPGA); FPGA; Cryptography; Routings; hardware security; Physically unclonable functions; Ring oscillator; Resources utilizations; FPGA chips; ring oscillator; Manufacturing process; Physical unclonable functions; Structure experiment","","Lin J.C.-W.; Shao H.","","","","","","","","","","","","","","","","","","","","","","","","","","","","","","Proceedings of SPIE - The International Society for Optical Engineering","","","","","","","","","","","","","","",""
"J9ESIRDN","journalArticle","2023","Bedoui, M.; Bouallegue, B.; Ahmed, A.M.; Hamdi, B.; Machhout, M.; Khattab, M.","A Secure Hardware Implementation for Elliptic Curve Digital Signature Algorithm","Computer Systems Science and Engineering","","02676192 (ISSN)","10.32604/csse.2023.026516","https://www.scopus.com/pages/publications/85135878949?origin=resultslist","Since the end of the 1990s, cryptosystems implemented on smart cards have had to deal with two main categories of attacks: side-channel attacks and fault injection attacks. Countermeasures have been developed and validated against these two types of attacks, taking into account a well-defined attacker model. This work focuses on small vulnerabilities and countermeasures related to the Elliptic Curve Digital Signature Algorithm (ECDSA) algorithm. The work done in this paper focuses on protecting the ECDSA algorithm against fault-injection attacks. More precisely, we are interested in the countermeasures of scalar multiplication in the body of the elliptic curves to protect against attacks concerning only a few bits of secret may be sufficient to recover the private key. ECDSA can be implemented in different ways, in software or via dedicated hardware or a mix of both. Many different architectures are therefore possible to implement an ECDSA-based system. For this reason, this work focuses mainly on the hardware implementation of the digital signature ECDSA. In addition, the proposed ECDSA architecture with and without fault detection for the scalar multiplication have been implemented on Xilinx field programmable gate arrays (FPGA) platform (Virtex-5). Our implementation results have been compared and discussed. Our area, frequency, area overhead and frequency degradation have been compared and it is shown that the proposed architecture of ECDSA with fault detection for the scalar multiplication allows a trade-off between the hardware overhead and the security of the ECDSA. © 2023 CRL Publishing. All rights reserved.","2023","2026-05-02 11:49:19","2026-05-02 11:49:19","","2177-2193","","3","44","","Comput Syst Sci Eng","","","","","","Tech Science Press","","English","","","Scopus","","","","","<p>Export Date: 02 May 2026; Cited By: 11; Correspondence Address: M. Bedoui; Electronics and Micro-Electronics Laboratory (E. μ. E. L), Faculty of Sciences of Monastir, University of Monastir, Monastir, Tunisia; email: mouna.bedoui1991@gmail.com; CODEN: CSSEE</p>","","","Authentication; Hardware security; Network security; Electronic document identification systems; Side channel attack; Field programmable gate arrays (FPGA); FPGA; Public key cryptography; Geometry; digital signature; Field programmables; Programmable gate array; Software testing; Field programmable gate array; Economic and social effects; Fault detection; Elliptic curve cryptography; Fault injection attacks; Detection methods; Elliptic curve; Curve cryptography; ECDSA; Elliptic curve digital signature algorithm; Smart cards; Faults detection; Montgomery; Montgomery ladder; Elliptic curve cryptography (ECC); fault detection method; Fault detection method; fault injection attack","","","","","","","","","","","","","","","","","","","","","","","","","","","","","","","","","","","","","","","","","","","","","","",""
"YJ7RMT8G","journalArticle","2022","Fischer, R.F.H.; Muelich, S.","A New Helper Data Scheme for Soft-Decision Decoding of Binary Physical Unclonable Functions","IEEE Access","","21693536 (ISSN)","10.1109/ACCESS.2022.3146989","https://www.scopus.com/pages/publications/85124090464?origin=resultslist","Physical unclonable functions (PUFs) exploit randomness in the hardware for the derivation of cryptographic keys. In the literature, usually the readout is two-level quantized and hard-decision channel decoding is used to stabilize the extracted key. In this paper, we assess soft-decision decoding of binary PUFs. It is well known in the literature on channel coding that soft-decision decoding provides significant gains over hard-decision decoding since reliability information about the symbols is utilized. The PUF readout process is interpreted as digital transmission over a noisy channel, the respective capacity is calculated, and the optimum decoding metric is derived. In addition, we propose an augmented helper data scheme which is suited for soft-decision decoding. This scheme utilizes the fact that operations on the analog readout values are possible, opposed to operations on hard-decided binary symbols in classical PUFs. The security of the new scheme is proven and a possible realization is discussed. The performance is covered by numerical simulations and by applying the scheme to measurement data from FPGA implementations of ring oscillator PUFs.  © 2013 IEEE.","2022","2026-05-02 11:49:19","2026-05-02 11:49:19","","12644-12653","","","10","","IEEE Access","","","","","","Institute of Electrical and Electronics Engineers Inc.","","English","","","Scopus","","","","","<p>Export Date: 02 May 2026; Cited By: 6; Correspondence Address: R.F.H. Fischer; Institute of Communications Engineering, Ulm University, Ulm, 89081, Germany; email: robert.fischer@uni-ulm.de</p>","","","Hardware security; Hardware; Cryptography; Decoding; Ring oscillator; Physical unclonable function; Cryptographic key; Physical unclonable functions; channel capacity; Channel capacity; Channel decoding; Channel's capacity; Hard decision decoding; Hard decisions; helper data scheme; Helper data scheme; Phase shift; Phase shift keying; Probability density function; Soft decision decoding","","","","","","","","","","","","","","","","","","","","","","","","","","","","","","","","","","","","","","","","","","","","","","",""
"LI4D9ZTI","conferencePaper","2023","Tynymbayev, S.; Gnatyuk, S.; Berdibayev, R.; Makulov, K.; Okhrimenko, T.","Modular Matrix Multiplication for Cryptographic Conversions","CEUR Workshop Proc.","16130073 (ISSN)","","","https://www.scopus.com/pages/publications/85175689134?origin=resultslist","Today, three types of encryptors are most widely used for data encryption: hardware, software/ hardware, and software. Their main difference is not only in the way encryption is implemented and the degree of data protection reliability but also in the price, which often becomes a determining factor for users. While the price of hardware encryptors is much higher than that of software encryptors, the price difference is not comparable to a significant increase in the quality of information security. Hardware encryption has several strong advantages over software encryption, one of which is faster performance. Hardware implementation guarantees the integrity of the encryption process. At the same time, the generation and storage of keys, as well as encryption, is carried out in the encryption board itself, and not in the computer's operating memory. In this regard, the development of high-performance hardware processor operating units for asymmetric encryption, despite their high cost, is an urgent scientific and applied task. This paper analyzes modern approaches to modular multiplication, highlighting their strengths and weaknesses. An algorithm for multiplication with stepwise formation of partial and intermediate remainders is investigated, which, in turn, does not require preliminary calculations, and all calculations do not exceed the range of the module's bit grid. As a result, a synchronous matrix multiplier containing n blocks of AND circuits, n - 1 FPRs, and a single FIR with an intermediate remainder register has been developed, which will be useful for cryptographic transformations in systems with increased requirements for performance and information security (for example, in critical information infrastructure). © 2023 CEUR-WS. All rights reserved.","2023","2026-05-02 11:49:19","2026-05-02 11:49:19","","57-62","","","3504","","","","","","","","CEUR-WS","","English","","","Scopus","","","","Journal Abbreviation: CEUR Workshop Proc.","<p>Export Date: 02 May 2026; Cited By: 0</p>","","","Public key cryptography; Performance; Cryptographic algorithms; CryptoGraphics; Data encryption; Digital storage; Matrix algebra; Public key cryptosystems; Security of data; cryptography; cryptographic algorithm; information security; encryption; Modulars; hardware encryption; Hardware encryption; Multiplier; Encryptors; Linear transformations; MAtrix multiplication; public key cryptosystem","","Sokolov V.; Ustimenko V.; Nazarkevych M.","","","","","","","","","","","","","","","","","","","","","","","","","","","","","","CEUR Workshop Proceedings","","","","","","","","","","","","","","",""
"6ABECVTF","journalArticle","2026","Kumar, N.; Nehal, A.; Singh, A.V.; Kandpal, K.; Goswami, M.","Efficient, reliable, and secure PUF architecture with temperature invariance and ML attack resilience","Integration","","01679260 (ISSN)","10.1016/j.vlsi.2025.102538","https://www.scopus.com/pages/publications/105015614432?origin=resultslist","Physically Unclonable Functions (PUFs) provide an advanced hardware solution for secure authentication and key generation. They utilize the inherent, unpredictable, and unavoidable differences created during semiconductor manufacturing. These unique characteristics, specific to each chip, are harnessed in PUF circuits to produce distinct and unclonable identifiers for devices. By taking advantage of these random variations present in modern semiconductor processes, PUFs strengthen both hardware and software security, offering a dependable and effective way to protect digital systems from potential threats. In this proposed paper, the use of efficient circuit design for Current starved, aging resilient inverter, and linear feedback shift register (LFSR) have resulted in the increase of reliability from 80.06% to 98.06%. The uniqueness, uniformity, and bit-aliasing achieved are of 49.21%, 50.08% and 50.08%, respectively, for a wide temperature range spanning from -40°C to 120°C and reduction of power dissipation to approximately 1.57 times less than the conventional Arbiter PUF. The pre-layout and post-layout Simulation results showed a delay of 1.08 ns and 1.95 ns respectively. The NIST test also revealed that the proposed design had randomness in the response. The proposed designs are also experimentally verified using Xilinx Vivado and implemented on Digilent Basys 3 Artix-7 FPGA, with minimum hardware resources, with a bit generation rate of 95 Mb/sec. Additionally, the proposed design exhibits resilience against machine learning (ML) attacks, with a prediction accuracy of approximately 55% to 79.3% for the PUF responses. © 2025","2026","2026-05-02 11:49:19","2026-05-02 11:49:19","","","","","106","","Integr VLSI J","","","","","","Elsevier B.V.","","English","","","Scopus","","","","","<p>Export Date: 02 May 2026; Cited By: 2; Correspondence Address: M. Goswami; Indian Institute of Information Technology, Allahabad, Uttar Pradesh, 211012, India; email: manishgoswami@iiita.ac.in; CODEN: IVJOD</p>","","","Authentication; Hardware security; Network security; Field programmable gate arrays (FPGA); FPGA; Learning systems; Feedback; Hardware solutions; Computer hardware; Cryptography; Machine-learning; Machine learning; Physically unclonable functions; Semiconductor device manufacture; Challenge-response pair; Linear feedback shift registers; Physical unclonable function; Machine learning (ML); Physical unclonable function (PUF); Challenge–response pair; Integrated circuit manufacture; Attack resiliences; Challenge–response pair (CRP); Integrated circuit layout; Invariance learning; Linear feedback shift register(LFSR)","","","","","","","","","","","","","","","","","","","","","","","","","","","","","","","","","","","","","","","","","","","","","","",""
"TT4NMD38","conferencePaper","2023","Sayadi, N.; Eshghi, M.","Switchable Chain Configurable RO PUF for Enhancing Hardware Security of IoT Devices","Int. Conf. Electr. Eng., ICEE","979-835031256-0 (ISBN)","","10.1109/ICEE59167.2023.10334758","https://www.scopus.com/pages/publications/85181541564?origin=resultslist","Physical Unclonable Function (PUF) is a hardware security primitive that acts like a fingerprint of a device and extracts the intrinsic characteristics of a chip. The PUF provides a secure approach for key generation and authentication. One of the efficient categories of silicon PUFs is Ring Oscillator PUFs. The field-programmable gate arrays (FPGAs) are proper platforms for implementing flexible PUF designs such as config-urable ring oscillators. In this work, we present a flexible and compact ring oscillator as SCCRO (Switchable Chain Config-urable Ring Oscillator), which could generate a high number of CRPs (Challenge Response Pairs) compared to its occupied area. The resistance of our proposed PUF is evaluated using logistic regression (LR) as a powerful machine learning attack technique. The experimental results are gained using Xilinx Spartan-6 FPGA boards and show satisfactory uniformity, uniqueness, and reliability for the SCCRO PUF. © 2023 IEEE.","2023","2026-05-02 11:49:19","2026-05-02 11:49:19","","550-556","","","","","","","","","","","Institute of Electrical and Electronics Engineers Inc.","","English","","","Scopus","","","","Journal Abbreviation: Int. Conf. Electr. Eng., ICEE","<p>Export Date: 02 May 2026; Cited By: 5</p>","","","Hardware security; Field programmable gate arrays (FPGA); Cryptography; Field programmables; Programmable gate array; Internet of things; Key generation; Ring oscillator; Security primitives; Hardware Security; Field-programmable gate array implementations; FPGA Implementation; Physical Unclonable Function; Configurable ring oscillator; Configurable Ring Oscillator; Intrinsic characteristics; Key authentication; Switchable","","","","","","","","","","","","","","","","","","","","","","","","","","","","","","","","2023 31st International Conference on Electrical Engineering, ICEE 2023","","","","","","","","","","","","","","",""
"JURNKFDU","journalArticle","2024","Han, J.; Shin, C.","An Extensive PUF of Bistable Rings Feed-forward Chains with Lightweight Secure Architecture for Enhanced ML Attack Resistance","Journal of Semiconductor Technology and Science","","15981657 (ISSN)","10.5573/JSTS.2024.24.2.76","https://www.scopus.com/pages/publications/85193279222?origin=resultslist","This article presents a physical unclonable function (PUF) exploiting nonlinear behaviors of bistable rings (BRs), feed-forward path, and lightweight secure architecture. To evaluate the resistance against modeling attacks based on contemporary machine learning (ML) techniques, the proposed PUF has been implemented on a 28 nm low-cost field programmable gate array (FPGA) device. One PUF with 64-bit challenge and 32-bit response only requires 2,144 look-up tables (LUTs) of hardware resource. Much bigger and more secure PUFs can also be easily built thanks to the lightweight and scalable characteristics. Experimental data shows that the proposed extensive PUF has enhanced ML attack resistance significantly better than individual BR, feed-forward, or XOR PUFs. It is infeasible for a support vector machine (SVM) to predict responses from the proposed PUF, which makes it one of the most promising candidates for extensive PUFs. Statistical analysis also delivers 48.31% of uniqueness and 98.15% of reliability, respectively. © 2024, Institute of Electronics Engineers of Korea. All rights reserved.","2024","2026-05-02 11:49:19","2026-05-02 11:49:19","","76-83","","2","24","","J. Semicond. Technol. Sci.","","","","","","Institute of Electronics Engineers of Korea","","English","","","Scopus","","","","","<p>Export Date: 02 May 2026; Cited By: 2; Correspondence Address: C. Shin; Department of Smart Information and Communications Engineering, Sun Moon University, Asan, 70, Sunmoon-ro 221 beon-gil, Tangjeong-myeon, Chungnam, 31460, South Korea; email: cyshin@sunmoon.ac.kr</p>","","","Hardware security; Field programmable gate arrays (FPGA); Learning systems; Cryptography; Table lookup; Machine-learning; machine learning; Feed forward; Low-costs; Physical unclonable function; Modeling attack; Reliability analysis; modeling attack; Machine learning techniques; bistable ring; Bistable ring; Bistables; Nonlinear behaviours; nonlinear operation; Nonlinear operation; Secure architectures; Support vector machines","","","","","","","","","","","","","","","","","","","","","","","","","","","","","","","","","","","","","","","","","","","","","","",""
"CZ9BMYB3","conferencePaper","2025","Mehdiya, R.; Saadi Karima, A.; Mohamed, D.","Vulnerabilities and Countermeasures in Biometric Authentication","Int. Conf. Adv. Electron., Control Commun. Syst., ICAECCS","979-833156889-4 (ISBN)","","10.1109/ICAECCS68240.2025.11384772","https://www.scopus.com/pages/publications/105034711193?origin=resultslist","Biometric authentication has become a central component of modern security systems. Despite its promise of convenience and enhanced security, biometric systems remain vulnerable to various attacks, including spoofing, replay, adversarial, and synthetic identity attacks, as well as data leakage. This paper presents a comprehensive survey of the latest techniques for attack detection and classification of the main vulnerabilities in biometric authentication systems. It analyzes their impact on system reliability and security and discusses mitigation strategies, including AI-generated spoofing detection, frequency-domain analysis for GAN-based attacks, template protection techniques, and explainable AI (XAI) for enhancing trust. Additionally, hardware-accelerated solutions using Field Programmable Gate Arrays (FPGAs) are examined, enabling secure, real-time, and energy-efficient biometric recognition across multiple modalities. The survey also highlights emerging trends in multimodal biometrics, blockchain integration, and physical unclonable functions (PUFs) for strengthening privacy and robustness.  © 2025 IEEE.","2025","2026-05-02 11:49:19","2026-05-02 11:49:19","","","","","","","","","","","","","Institute of Electrical and Electronics Engineers Inc.","","English","","","Scopus","","","","Journal Abbreviation: Int. Conf. Adv. Electron., Control Commun. Syst., ICAECCS","<p>Export Date: 02 May 2026; Cited By: 0</p>","","","Authentication; Hardware security; Network security; Field programmable gate arrays (FPGA); FPGA; Cryptography; Field programmables; Programmable gate array; Field programmable gate array; Block-chain; blockchain; Security systems; Big data; Biometric authentication; Biometrics; PUFs; adversarial attacks; deepfake; Deepfake; fingerprint recognition; Fingerprint Recognition; Multi-modal biometrics; multimodal biometrics; Palmprint recognition; template protection; Template protection; XAI","","","","","","","","","","","","","","","","","","","","","","","","","","","","","","","","2025 2nd International Conference on Advances in Electronics, Control and Communication Systems, ICAECCS 2025","","","","","","","","","","","","","","",""
"RWMWV4YT","journalArticle","2022","Plusquellic, J.; Owen, D.E.; Mannos, T.J.; Dziki, B.","Information Leakage Analysis Using a Co-Design-Based Fault Injection Technique on a RISC-V Microprocessor","IEEE Transactions on Computer-Aided Design of Integrated Circuits and Systems","","02780070 (ISSN)","10.1109/TCAD.2021.3065915","https://www.scopus.com/pages/publications/85103167531?origin=resultslist","The RISC-V instruction set architecture open licensing policy has spawned a hive of development activity, making a range of implementations publicly available. The environments in which RISC-V operates have expanded correspondingly, driving the need for a generalized approach to evaluating the reliability of RISC-V implementations under adverse operating conditions or after normal wear-out periods. Fault injection (FI) refers to the process of changing the state of registers or wires, either permanently or momentarily, and then observing execution behavior. The analysis provides insight into the development of countermeasures that protect against the leakage or corruption of sensitive information, which might occur because of unexpected execution behavior. In this article, we develop a hardware-software co-design architecture that enables fast, configurable fault emulation and utilize it for information leakage and data corruption analysis. Modern system-on-chip FPGAs enable building an evaluation platform, where control elements run on a processor(s) (PS) simultaneously with the target design running in the programmable logic (PL). Software components of the FI system introduce faults and report execution behavior. A pair of RISC-V FI-instrumented implementations are created and configured to execute the Advanced Encryption Standard and Twister algorithms. Key and plaintext information leakage and degraded pseudorandom sequences are both observed in the output for a subset of the emulated faults. © 1982-2012 IEEE.","2022","2026-05-02 11:49:19","2026-05-02 11:49:19","","438-451","","3","41","","IEEE Trans Comput Aided Des Integr Circuits Syst","","","","","","Institute of Electrical and Electronics Engineers Inc.","","English","","","Scopus","","","","","<p>Export Date: 02 May 2026; Cited By: 8; Correspondence Address: J. Plusquellic; Department of Electrical and Computer Engineering, University of New Mexico, Albuquerque, United States; email: jimp@ece.unm.edu; CODEN: ITCSD</p>","","","FPGA; Integrated circuit design; Development activity; Cryptography; Fault Injection techniques; Hardware-software codesign; System-on-chip; Software testing; Data privacy; Crime; RISC-V; Instruction set architecture; Sensitive informations; Advanced Encryption Standard; Fault analysis; Pseudorandom sequences; Evaluation platforms; fault emulation (FE); Operating condition","","","","","","","","","","","","","","","","","","","","","","","","","","","","","","","","","","","","","","","","","","","","","","",""
"6FE2WTVH","journalArticle","2025","Venkatachalam, K.; Balamanikandan, A.; Rahamtula, S.; Karthikayen, A.; Saikumar, P.J.; Venkatesan, M.","VLSI-Optimized Post-Quantum Cryptographic Architecture for Secure IoT and Blockchain Applications","Journal of VLSI Circuits and Systems","","25821458 (ISSN)","10.31838/jvcs/07.01.14","https://www.scopus.com/pages/publications/105011084894?origin=resultslist","With the rapidly evolving background of cryptography, it is crucial to remain one step ahead of potential threats and employ the newest technologies. This research presents an enhanced LUT–CLA–QTL implementation with the addition of quantum-resistant algorithms for the prevention of quantum computer advancement. The approach employs lattice-based encryption to provide robust security with the addition of state-of-the-art semiconductor nodes like 7nm technology for area, power, and delay reduction. The solution employs hybrid FPGA-ASIC designs with flexibility-performing balance. Additionally, side-channel attack resistance and fault tolerance are integrated for end-to-end security. Dynamic voltage and frequency scaling (DVFS) enhances power efficiency, and parallel processing enhances throughput and lowers latency. The novel solution addresses the need for effective, secure cryptographic devices in limited environments, including IoT devices, blockchain, and secure data communication protocols. In comparison to conventional methods, experimental outcomes reflect outstanding improvements in ASIC performance metrics such as area, power dissipation, delay, APP, and ADP. The quantum-resistant LUT–CLA–QTL structure possesses high quantum attack resilience, which makes it a forward-looking contender for today’s cryptographic applications. Future work includes optimization and verification of the structure using additional real-world usage to maintain its applicability and performance in different technological environments. © 2025, Society for Communication and Computer Technologies. All rights reserved.","2025","2026-05-02 11:49:19","2026-05-02 11:49:19","","118-130","","1","7","","J. VLSI Circuits Syst.","","","","","","Society for Communication and Computer Technologies","","English","","","Scopus","","","","","<p>Export Date: 02 May 2026; Cited By: 1; Correspondence Address: A. Balamanikandan; Electronics and Communication Engineering, Mohan Babu University (Erstwhile SreeVidyanikethan Engineering College), Tirupati, India; email: balamanieee83@gmail.com</p>","","","Quantum-Resistant Cryptography; ASIC-FPGA Integration; Lattice-Based Encryption; Secure IoT Frameworks; VLSI Optimisation","","","","","","","","","","","","","","","","","","","","","","","","","","","","","","","","","","","","","","","","","","","","","","",""
"E7RV2KPY","conferencePaper","2022","Dang, T.-K.; Serrano, R.; Hoang, T.-T.; Pham, C.-K.","A Novel Ring Oscillator PUF for FPGA Based on Feedforward Ring Oscillators","Proc. - Int. SoC Des. Conf. , ISOCC","978-166545971-6 (ISBN)","","10.1109/ISOCC56007.2022.10031300","https://www.scopus.com/pages/publications/85148455739?origin=resultslist","A Physical Unclonable Function (PUF) exploits uncontrollable variations in manufacturing to characterize an integrated circuit. There have been many PUF designs proposed which apply different strategies to extract process variation on Field Programmable Gate Arrays (FPGAs). Ring Oscillator PUF (RO PUF) is one of the FPGA-friendly designs taking advantage of the difference in hardware delay to generate an unpredictable output of a silicon device. This paper proposes a novel variation of RO PUF on FPGA based on feedforward ring oscillators (FRO). The experiment results of FRO PUF are conducted on Xilinx Artix-7 FPGA and illustrate satisfactory results in uniqueness, uniformity, and reliability with 50.23%, 52.64%, and 95.92%, respectively.  © 2022 IEEE.","2022","2026-05-02 11:49:19","2026-05-02 11:49:19","","87-88","","","","","","","","","","","Institute of Electrical and Electronics Engineers Inc.","","English","","","Scopus","","","","Journal Abbreviation: Proc. - Int. SoC Des. Conf. , ISOCC","<p>Export Date: 02 May 2026; Cited By: 9</p>","","","Hardware security; Field programmable gate arrays (FPGA); Cryptography; Field programmables; Programmable gate array; Feed forward; Function designs; Ring oscillator; Oscillators (electronic); Process Variation; ―physical unclonable function; ―Physical Unclonable Function; Feed-forward ring oscillator; Feed-forward Ring Oscillator; Silicon devices","","","","","","","","","","","","","","","","","","","","","","","","","","","","","","","","Proceedings - International SoC Design Conference 2022, ISOCC 2022","","","","","","","","","","","","","","",""