"Key","Item Type","Publication Year","Author","Title","Publication Title","ISBN","ISSN","DOI","Url","Abstract Note","Date","Date Added","Date Modified","Access Date","Pages","Num Pages","Issue","Volume","Number Of Volumes","Journal Abbreviation","Short Title","Series","Series Number","Series Text","Series Title","Publisher","Place","Language","Rights","Type","Archive","Archive Location","Library Catalog","Call Number","Extra","Notes","File Attachments","Link Attachments","Manual Tags","Automatic Tags","Editor","Series Editor","Translator","Contributor","Attorney Agent","Book Author","Cast Member","Commenter","Composer","Cosponsor","Counsel","Interviewer","Producer","Recipient","Reviewed Author","Scriptwriter","Words By","Guest","Number","Edition","Running Time","Scale","Medium","Artwork Size","Filing Date","Application Number","Assignee","Issuing Authority","Country","Meeting Name","Conference Name","Court","References","Reporter","Legal Status","Priority Numbers","Programming Language","Version","System","Code","Code Number","Section","Session","Committee","History","Legislative Body"
"YMP22BZ6","conferencePaper","2025","Ortega, Alexandre; Bossuet, Lilian; Colombier, Brice","Low-Latency FFT/iFFT RTL Implementation for the FALCON Post-Quantum Signature Algorithm","2025 IEEE 33rd Annual International Symposium on Field-Programmable Custom Computing Machines (FCCM)","","2576-2621","10.1109/FCCM62733.2025.00067","https://ieeexplore.ieee.org/document/11008987","FALCON is one of the three post-quantum digital signature schemes that have been recently standardized by NIST due to the future threat that quantum computers pose to classical cryptographic schemes. Despite this, there is currently no full hardware register-transfer level (RTL) implementation of FALCON. One possible explanation is the rather unusual requirement for a double-precision floating-point Fast Fourier Transform (FFT), which is used in FALCON to speed up polynomial multiplication. In this article, we describe a full RTL implementation of the FFT and its inverse, on FPGA, tailored for the specific context of FALCON. Fitting in this specific cryptographic context, the implementation is also constant-time. The proposed hardware implementation achieves the best latency of the literature. This work paves the way for the first complete fine-tuned RTL implementation of FALCON as well as the security evaluation of such implementations against physical attacks.","2025-05","2026-04-09 11:49:03","2026-05-03 10:22:50","2026-04-09 11:49:03","288-288","","","","","","","","","","","","","","","","","","IEEE Xplore","","ISSN: 2576-2621","<p>Export Date: 02 May 2026; Cited By: 0</p>; <p>Export Date: 02 May 2026; Cited By: 0</p>","/Users/mac/Zotero/storage/PGHYXPYB/Ortega et al. - 2025 - Low-Latency FFTiFFT RTL Implementation for the FALCON Post-Quantum Signature Algorithm.pdf; /Users/mac/Zotero/storage/QX6CJECQ/Ortega et al. - 2025 - Low-Latency FFTiFFT RTL Implementation for the FALCON Post-Quantum Signature Algorithm.pdf; /Users/mac/Zotero/storage/QQV8ABR4/Ortega et al. - 2025 - Low-Latency FFTiFFT RTL Implementation for the FALCON Post-Quantum Signature Algorithm.pdf; /Users/mac/Zotero/storage/NL3FKZXW/11008987.html","","Authentication; Falcon; Hardware security; Network security; Post quantum cryptography; post-quantum cryptography; Quantum computers; Quantum cryptography; Quantum theory; Fast fourier; Post quantum; Quantum signature; falcon; Field programmable gate arrays (FPGA); Digital arithmetic; Hardware; Computer hardware; Fast Fourier transforms; Low latency; Implementation; Register-transfer level; fast fourier transform; fpga; Fpgum; hardware; implementation","","","","","","","","","","","","","","","","","","","","","","","","","","","","","","","","2025 IEEE 33rd Annual International Symposium on Field-Programmable Custom Computing Machines (FCCM)","","","","","","","","","","","","","","",""
"2745LWGG","conferencePaper","2024","Karabulut, Emre; Aysu, Aydin","A Hardware-Software Co-Design for the Discrete Gaussian Sampling of FALCON Digital Signature","2024 IEEE International Symposium on Hardware Oriented Security and Trust (HOST)","","2765-8406","10.1109/HOST55342.2024.10545399","https://ieeexplore.ieee.org/document/10545399/","Sampling random values from a discrete Gaussian distribution with high precision is a major and computationally-intensive operation of emerging and existing cryptographic standards. FALCON is one such algorithm that the National Institute of Standards and Technology chose to standardize as a next-generation, quantum-secure digital signature algorithm. The discrete Gaussian sampling of FALCON has both flexibility and efficiency needs–it constitutes 72% of total signature generation in reference software and requires sampling from a variable mean and standard deviation. Unfortunately, there are no prior works on accelerating this complete sampling procedure. In this paper, we propose a hardware-software co-design for accelerating FALCON's discrete Gaussian sampling subroutine. The proposed solution handles the flexible computations for setting the variable parameters in software and executes core operations with low latency, parameterized, and custom hardware. The hardware parameterization allows trading off area vs. performance. On a Xilinx SoC FPGA Architecture, the results show that compared to the reference software, our solution can accelerate the sampling up to 56.05× and the full signature scheme by 1.67×. Moreover, we quantified that our optimized multiplier circuits can improve the throughput over a straightforward implementation by 2.87×.","2024-05","2026-04-09 11:56:23","2026-05-03 09:34:25","2026-04-09 11:56:21","90-100","","","","","","","","","","","","","","","","","","IEEE Xplore","","ISSN: 2765-8406","<p>Export Date: 02 May 2026; Cited By: 13</p>; <p>Export Date: 02 May 2026; Cited By: 13</p>","/Users/mac/Zotero/storage/SWQE6JJP/Karabulut and Aysu - 2024 - A Hardware-Software Co-Design for the Discrete Gaussian Sampling of FALCON Digital Signature.pdf","","Authentication; Hardware security; Post quantum cryptography; post-quantum cryptography; Quantum cryptography; Field programmable gate arrays (FPGA); FPGA; Hardware/software codesign; Integrated circuit design; National Institute of Standards and Technology; Gaussians; Hardware-software codesign; System-on-chip; Software design; Gaussian distribution; Secure digital; Discrete gaussian sampling; CryptoGraphics; discrete Gaussian sampling; digital signatures; hardware-software co-design; High-precision; Random values; Reference software","","","","","","","","","","","","","","","","","","","","","","","","","","","","","","","","2024 IEEE International Symposium on Hardware Oriented Security and Trust (HOST)","","","","","","","","","","","","","","",""
"HNILMURI","conferencePaper","2025","He, Long; Hu, Hongran; Cao, Zihuan","A Low-Latency Key Generation Accelerator Based on the Falcon Algorithm","2025 4th International Conference on Electronic Information Technology (EIT)","","","10.1109/EIT67313.2025.11231850","https://ieeexplore.ieee.org/document/11231850/","The rapid advancement of quantum computing critically threatens traditional public-key cryptosystems, urgently requiring practical deployment of Post-Quantum Cryptography (PQC). This work addresses the latency challenge in key generation for the National Institute of Standards and Technology (NIST)-standardized Falcon algorithm by proposing a pure hardware-based accelerator architecture. The architecture optimizes three components: double-precision floating-point FFT/IFFT, and discrete Gaussian sampling. Through pipelined parallelism and reconfigurable butterfly units, 1024-point FFT/IFFT transformations are completed in 780 cycles (23.2% latency reduction). A parallel padding strategy and rapid screening mechanism minimize redundant Gaussian sampling computations. On the Xilinx XC7VX485T platform, the FFT/IFFT core consumes 166,947 LUTs, 133,091 FFs, and 324 DSPs, with the full architecture achieving 6 μs latency at 130 MHz. This provides an efficient hardware foundation for low-latency post-quantum cryptography in IoT and edge devices","2025-08","2026-04-09 11:56:23","2026-05-03 09:34:41","2026-04-09 11:56:23","126-130","","","","","","","","","","","","","","","","","","IEEE Xplore","","","<p>Export Date: 02 May 2026; Cited By: 0</p>; <p>Export Date: 02 May 2026; Cited By: 0; Correspondence Address: L. He; Hefei University of Technology, School of Microelectronics, Hefei, China; email: helong01142022@163.com</p>","/Users/mac/Zotero/storage/FS2QL2VA/He et al. - 2025 - A Low-Latency Key Generation Accelerator Based on the Falcon Algorithm.pdf","","Post quantum cryptography; Quantum computers; Quantum Computing; Quantum cryptography; Hardware implementations; Digital arithmetic; Public key cryptography; Double precision; Precision floating point; Computer hardware; PQC; Particle accelerators; Signal processing; Gaussian distribution; Computer architecture; FFT/IFFT; Low latency; Public key cryptosystems; Key generation; Double-precision floating-point; Double-Precision Floating-Point; Hardware Implementation; Key Generation; Low Latency; Security of data","","","","","","","","","","","","","","","","","","","","","","","","","","","","","","","","2025 4th International Conference on Electronic Information Technology (EIT)","","","","","","","","","","","","","","",""
"9ILL3443","journalArticle","2024","Lee, Yongseok; Youn, Jonghee; Nam, Kevin; Jung, Heon Hui; Cho, Myunghyun; Na, Jimyung; Park, Jong-Yeon; Jeon, Seungsu; Kang, Bo Gyeong; Oh, Hyunyoung; Paek, Yunheung","An Efficient Hardware/Software Co-Design for FALCON on Low-End Embedded Systems","IEEE Access","","2169-3536","10.1109/ACCESS.2024.3387489","https://ieeexplore.ieee.org/document/10496572/","We propose in this paper an efficient FALCON accelerator called EFX based on a HW/SW co-design where FALCON is a post-quantum cryptographic (PQC) scheme tailored as a digital signature algorithm (DSA). Our findings reveal that FALCON exhibits unique characteristics and structures which distinguish it from other PQC-DSAs. A key finding is that, unlike its counterparts, FALCON doesn’t prioritize a single, time-consuming task; instead, it processes a variety of tasks with comparable execution times. Consequently, the conventional methods focusing on accelerating dominant few tasks, which are generally effective for other algorithms, prove less efficient for FALCON, especially concerning the minimization of the silicon area used. To overcome this, we strategically focus on the granular optimization of lower-level operations rather than on broader functional segments, aiming to boost performance while conserving hardware space. Moreover, to mitigate the potential degradation due to limitation of hardware resources, we have implemented a pipelined execution strategy for the FALCON functions and refined the sampling function–a critical task that is challenging to accelerate due to inherent sequential algorithm–enabling it to run concurrently on both software and hardware, thus reducing latency. Our hardware design, synthesized at 300MHz using Samsung’s 28nm and 45nm process technologies, demonstrates superior performance in generating FALCON signatures, with a 3.58 \times improvement in clock cycles over an existing hardware accelerator. EFX occupies 38K um <sup>2</sup> and 74K um <sup>2</sup> for 28nm and 45nm processes, respectively, comparatively small compared to other PQC accelerators.","2024","2026-04-09 14:40:27","2026-05-03 09:38:10","2026-04-09 14:39:06","57947-57958","","","12","","","","","","","","","","","","","","","IEEE Xplore","","","<p>Export Date: 02 May 2026; Cited By: 14</p>; <p>Export Date: 02 May 2026; Cited By: 14; Correspondence Address: Y. Paek; Seoul National University, Department of Electrical and Computer Engineering, Seoul, 08826, South Korea; email: ypaek@snu.ac.kr; H. Oh; Gachon University, Department of AI⋅Software, Seongnam-si, Gyeonggi-do, 13120, South Korea; email: hyoh@gachon.ac.kr</p>; <p>Export Date: 02 May 2026; Cited By: 58</p>","/Users/mac/Zotero/storage/4UADF2Y4/Lee et al. - 2024 - An Efficient HardwareSoftware Co-Design for FALCON on Low-End Embedded Systems.pdf; /Users/mac/Zotero/storage/79AXJW4Q/Alshareef - 2022 - An Effective Falcon Optimization Algorithm Based MPPT Under Partial Shaded Photovoltaic Systems.pdf","","Authentication; Hardware security; Post quantum cryptography; Digital signature algorithms; Electronic document identification systems; Post quantum; Hardware/software codesign; Hardware; Performance; Cryptography; Optimization algorithms; Embedded systems; Hardware-software codesign; accelerator; FALCON; Condition; Falcon optimization algorithm; Falcon optimization algorithm (FOA); Global maximum; Global optimization; MATLAB; Maximum power point trackers; Maximum Power Point Tracking; maximum power point tracking (MPPT); Maximum Power Point Tracking algorithms; Partial shading; Partial shading condition; partial shading conditions (PSCs); Particle swarm optimization (PSO); photovoltaic (PV) system; Photovoltaic systems; Solar power generation; digital signature algorithm; NIST; Clocks; cryptography; Job analysis; SW/HW co-design; Task analysis","","","","","","","","","","","","","","","","","","","","","","","","","","","","","","","","","","","","","","","","","","","","","","",""
"SEH2WTZM","conferencePaper","2025","Coulon, Samuel; Xiong, Jinjun; Xie, Jiafeng","LEAF: Lightweight and Efficient Hardware Accelerator for Signature Verification of FALCON","2025 IEEE/ACM International Conference On Computer Aided Design (ICCAD)","","1558-2434","10.1109/ICCAD66269.2025.11240686","https://ieeexplore.ieee.org/document/11240686/","Along with the National Institute of Standards and Technology (NIST) post-quantum cryptography (PQC) standardization process, efficient hardware acceleration for PQC has become a priority. Among the NIST-selected PQC digital signature schemes, FALCON shows great promise due to its compact key sizes and efficient Signature Verification procedure. However, FALCON is regarded as highly computationally complex, and as a result, few works for hardware acceleration of FALCON can be found in the literature, where the few existing ones only target high-performance. To fill the gap, this paper presents a Lightweight and Efficient hardware accelerator for the Signature Verification portion of FALCON (LEAF), specifically for resource-constrained applications. We propose an efficient design strategy, including a novel data dependence flow, to maximize the utilization of very small resources for all arithmetic procedures. Then, the proposed full-hardware LEAF is built, containing an ultra-lightweight number theoretical transform (NTT) core with a novel twiddle factor access pattern. Finally, we conduct a thorough evaluation to demonstrate the efficiency of LEAF. To the best of our knowledge, this is the first lightweight and meanwhile most resource-efficient FALCON Signature Verification full-hardware accelerator in the literature, offering 65% and 66% less aggregate resource usage and achieving 24% and 14% less equivalent area-time product (eATP), compared to the state-of-the-art for FALCON-512 and FALCON-1024, respectively. We hope that this work can spur further research in the field.","2025-10","2026-04-09 14:40:27","2026-05-03 10:09:43","2026-04-09 14:39:08","1-9","","","","","","LEAF","","","","","","","","","","","","IEEE Xplore","","ISSN: 1558-2434","<p>Export Date: 02 May 2026; Cited By: 0</p>","/Users/mac/Zotero/storage/WWR6FV9F/Coulon et al. - 2025 - LEAF Lightweight and Efficient Hardware Accelerator for Signature Verification of FALCON.pdf","","Authentication; Hardware security; Post quantum cryptography; Quantum cryptography; Quantum efficiency; Electronic document identification systems; Post-quantum cryptography; Acceleration; Field programmable gate arrays (FPGA); Integrated circuit design; Computer hardware; Field programmables; Field-programmable gate array; Programmable gate array; Number theory; Hardware accelerators; Signature verification; post-quantum cryptography (PQC); Efficient designs; FALCON scheme; hardware accelerator; lightweight and efficient design; Lightweight design; Logic design; Signature Verification; field-programmable gate array (FPGA)","","","","","","","","","","","","","","","","","","","","","","","","","","","","","","","","2025 IEEE/ACM International Conference On Computer Aided Design (ICCAD)","","","","","","","","","","","","","","",""
"FCIRL6IJ","journalArticle","2025","Tu, Yazheng; Bai, Shi; Xiong, Jinjun; Xie, Jiafeng","SCOPE: Schoolbook-Originated Novel Polynomial Multiplication Accelerators for NTRU-Based PQC","IEEE Transactions on Very Large Scale Integration (VLSI) Systems","","1557-9999","10.1109/TVLSI.2024.3458872","https://ieeexplore.ieee.org/document/10689631/","The Nth-degree truncated polynomial ring units (NTRUs)-based postquantum cryptography (PQC) has drawn significant attention from the research communities, e.g., the National Institute of Standards and Technology (NIST) PQC standardization process selected algorithm Fast Fourier lattice-based compact (Falcon). Following the research trend, efficient hardware accelerator design for polynomial multiplication (an important component of the NTRU-based PQC) is crucial. Unlike the commonly used number theoretic transform (NTT) method, in this article, we have presented a novel SChoolbook-Originated Polynomial multiplication accElerators (SCOPE) design framework. Overall, we have proposed the schoolbook-based method in an innovative format to implement the targeted polynomial multiplication, first through a schoolbook-variant version and then through a Toeplitz matrix-vector product (TMVP)-based approach. Four layers of coherent and interdependent efforts have been carried out: 1) a novel lookup table (LUT)-based point-wise multiplier is proposed along with a related modular reduction technique to obtain optimal implementation; 2) a new hardware accelerator is introduced for the targeted polynomial multiplication, deploying the proposed point-wise multiplier; 3) the proposed architecture is extended to a TMVP-based polynomial multiplication accelerator; and 4) the efficiency of the proposed accelerators is demonstrated through implementation and comparison. Finally, the proposed design strategy is also extended to another NTRU-based scheme and other schoolbook- and toom-cook-based polynomial multiplications (used in other PQC), and obtains the same superior performance. We hope that the outcome of this research can impact the ongoing NIST PQC standardization process and related full-hardware implementation work for schemes like Falcon.","2025-02","2026-04-09 14:40:27","2026-05-03 10:19:25","2026-04-09 14:39:09","408-420","","2","33","","","SCOPE","","","","","","","","","","","","IEEE Xplore","","","<p>Export Date: 02 May 2026; Cited By: 2</p>","/Users/mac/Zotero/storage/M5S4JMHG/Tu et al. - 2025 - SCOPE Schoolbook-Originated Novel Polynomial Multiplication Accelerators for NTRU-Based PQC.pdf","","Post quantum cryptography; Fast fourier; Lattice-based; Hardware implementations; Integrated circuit design; Field programmables; Field-programmable gate array; Programmable gate array; Fast Fourier transforms; Number theory; Polynomial rings; Polynomial multiplication; Matrix algebra; Polynomial approximation; field-programmable gate array (FPGA); Fast fourier lattice-based compact (falcon); Fast Fourier lattice-based compact (FALCON); hardware implementation; Nth-degree truncated polynomial ring unit; Nth-degree truncated polynomial ring unit (NTRU); Nth-degree truncated polynomial ring unit-based postquantum cryptography; NTRU-based postquantum cryptography (PQC); Schoolbook-originated polynomial multiplication accelerator; SChoolbook-Originated Polynomial multiplication accElerators (SCOPE); Signal to noise ratio; Toeplitz matrix vector products; Toeplitz matrix-vector product; Toeplitz matrix-vector product (TMVP); Unit-based","","","","","","","","","","","","","","","","","","","","","","","","","","","","","","","","","","","","","","","","","","","","","","",""
"VQ6MIQFF","conferencePaper","2025","Liao, Jun-Hao; Cho, Kuan-Ting; Shieh, Ming-Der","A Unified FFT/NTT Design for Efficient NTRU Equation Solving in FALCON Cryptography","2025 IEEE International Symposium on Circuits and Systems (ISCAS)","","2158-1525","10.1109/ISCAS56072.2025.11043318","https://ieeexplore.ieee.org/document/11043318/","Post-Quantum Cryptography has garnered significant attention with the rapid development of quantum computing. FALCON, a lattice-based quantum-resistant digital signature scheme, has been standardized. During the key pair generation process, solving the NTRU equation based on Galois theory is required. The simultaneous use of two distinct algebraic structures, \mathbbQ[x]/łeft( x^n + 1 \right) and \mathbbZ[x]/łeft( x^n + 1 \right), where n is a power of 2, presents challenges in hardware design. This paper proposes a hardware accelerator specifically customized for FFT/IFFT and NTT/INTT operations on rings under different point numbers. The design incorporates conflict-free scheduling for memory access and the selection of twiddle factors across various radices. The proposed design occupies an area of 0.54 mm2 and operates at a frequency of 333 MHz based on the synthesis results using 40nm technology. Compared to existing FFT/IFFT design on rings, the proposed one reduces the area requirement of processing elements by 33% without increasing the overall execution time. Moreover, our design supports both 64-bit radix-4 and 128-bit radix-2 NTT/INTT. This solution effectively addresses the two transformations required for key pair generation in FALCON.","2025-05","2026-04-09 14:40:27","2026-05-03 09:35:29","2026-04-09 14:39:10","1-5","","","","","","","","","","","","","","","","","","IEEE Xplore","","ISSN: 2158-1525","<p>Export Date: 02 May 2026; Cited By: 2</p>; <p>Export Date: 02 May 2026; Cited By: 2; Correspondence Address: J.-H. Liao; National Cheng Kung University, Department of Electrical Engineering, Tainan, 701, Taiwan; email: n26114853@gs.ncku.edu.tw; CODEN: PICSD</p>","/Users/mac/Zotero/storage/DC29KEKK/Liao et al. - 2025 - A Unified FFTNTT Design for Efficient NTRU Equation Solving in FALCON Cryptography.pdf","","Post quantum cryptography; Quantum computers; Quantum Computing; Quantum cryptography; Digital signature schemes; Lattice-based; Integrated circuit design; Computer hardware; PQC; FALCON; Fast Fourier transforms; ASIC; FFT/IFFT; Algebra; Computation theory; Equations solving; Key pairs; NTT/INTT","","","","","","","","","","","","","","","","","","","","","","","","","","","","","","","","2025 IEEE International Symposium on Circuits and Systems (ISCAS)","","","","","","","","","","","","","","",""
"5XGK8RRV","conferencePaper","2023","Coulon, Samuel; He, Pengzhou; Bao, Tianyou; Xie, Jiafeng","Efficient Hardware RNS Decomposition for Post-Quantum Signature Scheme Falcon","2023 57th Asilomar Conference on Signals, Systems, and Computers","","2576-2303","10.1109/IEEECONF59524.2023.10476845","https://ieeexplore.ieee.org/document/10476845/","The recently announced National Institute of Standards and Technology (NIST) Post-quantum cryptography (PQC) third-round standardization process has released its candidates to be standardized and Falcon is one of them. On the other hand, however, very few hardware implementation works for Falcon have been released due to its very complicated computation procedure and intensive complexity. With this background, in this paper, we propose an efficient hardware structure to implement residue numeral system (RNS) decomposition within NTRUSolve (a key arithmetic component for key generation of Falcon). In total, we have proposed three stages of coherent interdependent efforts to finish the proposed work. First, we have identified the necessary algorithmic operation related to RNS decomposition. Then, we have innovatively designed a hardware structure to realize these algorithms. Finally, field-programmable gate array (FPGA)-based implementation has been carried out to verify the superior performance of the proposed hardware structure. For instance, the proposed hardware design involves at least 3.91x faster operational time than the software implementation. To the authors' best knowledge, this is the first paper about the hardware acceleration of RNS decomposition for Falcon, and we hope the outcome of this work will facilitate the research in this area.","2023-10","2026-04-09 14:40:27","2026-05-03 10:09:44","2026-04-09 14:39:11","19-26","","","","","","","","","","","","","","","","","","IEEE Xplore","","ISSN: 2576-2303","<p>Export Date: 02 May 2026; Cited By: 4</p>","/Users/mac/Zotero/storage/5SG4UEGM/Coulon et al. - 2023 - Efficient Hardware RNS Decomposition for Post-Quantum Signature Scheme Falcon.pdf","","Authentication; Falcon; Post quantum cryptography; post-quantum cryptography; Quantum cryptography; Signature Scheme; Post quantum; Quantum signature; Field programmable gate arrays (FPGA); Integrated circuit design; National Institute of Standards and Technology; Hardware design; Hardware structures; Residue numeral system decomposition; RNS decomposition; signature scheme; System decomposition","","","","","","","","","","","","","","","","","","","","","","","","","","","","","","","","2023 57th Asilomar Conference on Signals, Systems, and Computers","","","","","","","","","","","","","","",""
"Y3KUH4DX","conferencePaper","2025","Shrivastava, Rishabh; Banerjee, Utsav","Hardware-Software Co-Design of Post-Quantum FALCON Digital Signature Scheme with RISC-V","2025 IEEE 32nd International Conference on High Performance Computing, Data and Analytics Workshop (HiPCW)","","2770-0135","10.1109/HiPCW66559.2025.00028","https://ieeexplore.ieee.org/document/11459293/","FALCON is a lattice-based digital signature scheme recently selected as NIST post-quantum cryptography standard. FALCON is well known for its fast verification support along with small key and signature sizes. However, implementation of the FALCON signature algorithm in resource-constrained edge computing systems is challenging due to the requirement of complex hashing, floating point arithmetic and polynomial transformation computations. In this work, we demonstrate resource-efficient hardware acceleration of FALCON signature generation and verification by performing hardware-software co-design of its computationally expensive functions with a light-weight 32-bit Vex RISC-V processor core with accompanying custom instructions. We propose Custom Function Units compatible with Vex RISC-V to accelerate Keccak permutations and polynomial transformations, along with a constant-time implementation of IEEE 754 floating-point arithmetic. Our design achieves ≈ 4.3× speedup for signature verification and ≈ 1.6× speedup for signature generation compared to the baseline software on Vex RISC-V for both parameter sets of FALCON, when implemented on AMD Xilinx UltraScale+ FPGA. We also present an efficient verification-only variant of our design suitable for resource-constrained applications.","2025-12","2026-04-09 14:40:27","2026-05-03 10:35:14","2026-04-09 14:39:13","121-127","","","","","","","","","","","","","","","","","","IEEE Xplore","","ISSN: 2770-0135","<p>Export Date: 02 May 2026; Cited By: 0</p>; <p>Export Date: 02 May 2026; Cited By: 0</p>","/Users/mac/Zotero/storage/JAW4HUGT/Shrivastava and Banerjee - 2025 - Hardware-Software Co-Design of Post-Quantum FALCON Digital Signature Scheme with RISC-V.pdf","","post-quantum cryptography; FPGA; digital signature; FALCON; FFT; NTT; lattice; NIST PQC; CFU; custom instructions; floating point arithmetic; hardware acceleration; high-performance edge computing; Keccak; Vex RISC-V","","","","","","","","","","","","","","","","","","","","","","","","","","","","","","","","2025 IEEE 32nd International Conference on High Performance Computing, Data and Analytics Workshop (HiPCW)","","","","","","","","","","","","","","",""
"MIYEHTXX","conferencePaper","2025","Truong, Quang Dang; Nguyen, Tuy Tan; Lee, Hanho","Highly-Efficient Unified Polynomial Arithmetic Module Architecture for Falcon PQC Scheme","2025 IEEE Asia Pacific Conference on Circuits and Systems (APCCAS)","","2768-3516","10.1109/APCCAS67402.2025.11377045","https://ieeexplore.ieee.org/document/11377045/","To address the emerging vulnerabilities posed by quantum computers to classical asymmetric cryptography, Falcon-a digital signature algorithm-was selected by NIST as a standard for post-quantum cryptography. Based on the NTRU-lattice structure, Falcon relies heavily on number theoretic and fast-Fourier transforms, which are among the most computationally demanding and time-consuming operations. To over-come these challenges, this paper proposes a novel architecture called the Unified Polynomial Arithmetic Module (UniPAM), specifically designed for the Falcon verification algorithm. The proposed UniPAM offers an efficient and hardware-friendly architecture capable of performing all required polynomial arithmetic operations, achieving significantly improved performance while maintaining comparable hardware resource consumption to state-of-the-art designs. Implementation results demonstrate that UniPAM achieves substantial efficiency gains, as measured by the Area-Time Product metric, outperforming existing solutions.","2025-10","2026-04-09 14:40:27","2026-05-03 10:19:30","2026-04-09 14:39:14","1-5","","","","","","","","","","","","","","","","","","IEEE Xplore","","ISSN: 2768-3516","<p>Export Date: 02 May 2026; Cited By: 0</p>","/Users/mac/Zotero/storage/EFF58G86/Truong et al. - 2025 - Highly-Efficient Unified Polynomial Arithmetic Module Architecture for Falcon PQC Scheme.pdf","","Authentication; Falcon; Post quantum cryptography; Quantum computers; Quantum cryptography; Quantum theory; Digital signature algorithms; Post-quantum cryptography; Digital arithmetic; Key encapsulation mechanisms; Computer hardware; Architecture; Fast Fourier transforms; Number theory; number theoretic transform; Number-theoretic transforms; Polynomials; Quanta computers; Lattice theory; Computation theory; Asymmetric cryptography; Key-Encapsulation mechanism; Lattice structures; Module architecture; Polynomial arithmetic","","","","","","","","","","","","","","","","","","","","","","","","","","","","","","","","2025 IEEE Asia Pacific Conference on Circuits and Systems (APCCAS)","","","","","","","","","","","","","","",""
"ZVRYWZ9L","journalArticle","2025","Alsuhli, Ghada; Saleh, Hani; Al-Qutayri, Mahmoud; Mohammad, Baker; Stouraitis, Thanos","Area and Power Efficient FFT/IFFT Processor for FALCON Post-Quantum Cryptography","IEEE Transactions on Emerging Topics in Computing","","2168-6750","10.1109/TETC.2024.3407124","https://ieeexplore.ieee.org/document/10552202/","Quantum computing is an emerging technology on the verge of reshaping industries, while simultaneously challenging existing cryptographic algorithms. FALCON, a recent standard quantum-resistant digital signature, presents a challenging hardware implementation due to its extensive non-integer polynomial operations, necessitating FFT over the ring \mathbb Q[x]/(x^n+1)Q[x]/(xn+1). This paper introduces an ultra-low-power and compact processor tailored for FFT/IFFT operations over the ring for efficient FALCON implementation. The proposed processor incorporates various optimization techniques, including twiddle factor compression and conflict-free scheduling. In an ASIC implementation using a 22 nm GF process, the proposed processor demonstrates an area occupancy of 0.15 mm<sup>2</sup>2 and a power consumption of 12.6 mW/28.1 mW at an operating frequency of 167 MHz/500 MHz for the non-pipelined/pipelined version of the processor. Since a hardware implementation of FFT/IFFT over the ring is currently non-existent, the execution time achieved by this processor is compared to the reference software implementation of FFT/IFFT of FALCON on a Raspberry Pi 4 with Cortex-A72, where the proposed pipelined processor achieves a speedup up to 3.8×. Furthermore, in comparison to dedicated state-of-the-art hardware accelerators for classic FFT, the pipelined architecture occupies 42% less area and consumes 64% less power, on average. The quantified speedup in the context of FALCON suggests that the proposed hardware design offers a promising solution for the efficient implementation of FALCON.","2025-04","2026-04-09 14:40:27","2026-05-03 09:44:56","2026-04-09 14:39:16","423-437","","2","13","","","","","","","","","","","","","","","IEEE Xplore","","","<p>Export Date: 02 May 2026; Cited By: 7</p>; <p>Export Date: 02 May 2026; Cited By: 7; Correspondence Address: G. Alsuhli; System-on-Chip Center, Department of Computer and Information Engineering, Khalifa University, Abu Dhabi, United Arab Emirates; email: ghada.alsuhli@ku.ac.ae</p>","/Users/mac/Zotero/storage/KU7FFZQB/Alsuhli et al. - 2025 - Area and Power Efficient FFTIFFT Processor for FALCON Post-Quantum Cryptography.pdf","","Post quantum cryptography; post-quantum cryptography; Quantum computers; Field programmable gate arrays (FPGA); Hardware acceleration; Computer hardware; Field programmables; Programmable gate array; FALCON; Fast Fourier transforms; Application specific integrated circuits; ASIC; Polynomials; Software; Computer architecture; Computing power; FFT/IFFT; FFT/IFFT processor; Field programmable gate array; Pipeline processing systems; Polynomial operation; polynomial operations","","","","","","","","","","","","","","","","","","","","","","","","","","","","","","","","","","","","","","","","","","","","","","",""
"GGEIU6NZ","conferencePaper","2025","Saad-Falcon, Alex; Wang, Wei-Chun; Shamieh, Laith; Park, Jinhyeok; Mao, Xiangyu; Mukhopadhyay, Saibal; Romberg, Justin","AdaAFE-CIM: A Hardware Implementation of Subspace Tracking for Adaptive Radar Data Compression","2025 IEEE/MTT-S International Microwave Symposium - IMS 2025","","2576-7216","10.1109/IMS40360.2025.11103977","https://ieeexplore.ieee.org/document/11103977/","This paper presents AdaAFE-CIM, a novel architecture that implements subspace tracking for adaptive data compression in array processing hardware. The system combines analog feature extraction with digital subspace tracking to reduce power and hardware requirements in large beamforming systems. Our implementation forms 64 compressed channels on a 1024-element antenna array, tracks the signal subspace using a modification of Oja's algorithm, and updates the compression matrix in a closed loop. AdaAFE-CIM achieves a 95.4% reduction in power consumption compared to fully digitizing. The design uses custom 28 nm CMOS analog back-end circuitry at 1 GHz and digital components running subspace tracking updates at 1 kHz. Simulations with dynamic wireless channels show successful subspace tracking with compression, noise, and quantization.","2025-06","2026-04-09 14:40:27","2026-05-03 09:35:49","2026-04-09 14:39:17","170-173","","","","","","AdaAFE-CIM","","","","","","","","","","","","IEEE Xplore","","ISSN: 2576-7216","","/Users/mac/Zotero/storage/PLFDKEDV/Saad-Falcon et al. - 2025 - AdaAFE-CIM A Hardware Implementation of Subspace Tracking for Adaptive Radar Data Compression.pdf","","","","","","","","","","","","","","","","","","","","","","","","","","","","","","","","","","2025 IEEE/MTT-S International Microwave Symposium - IMS 2025","","","","","","","","","","","","","","",""
"6LKII2TU","conferencePaper","2025","Dam, Duc-Thuan; Tran, Thai-Ha; Nguyen, Trong-Hung; Hoang, Trong-Thuc; Pham, Cong-Kha","Compact FALCON FFT/NTT Accelerator for Post-Quantum Cryptography","2025 IEEE International Symposium on Circuits and Systems (ISCAS)","","2158-1525","10.1109/ISCAS56072.2025.11043460","https://ieeexplore.ieee.org/document/11043460/","FALCON is one of four algorithms selected by NIST to standardize post-quantum cryptography standards. FALCON is a digital signature algorithm based on NTRU lattice with difficulty based on the short vector problem. While Kyber and Dilithium algorithms are only based on NTT operations, FALCON uses both NTT and FFT, which is a barrier to Falcon’s hardware implementation. This paper proposes a compact architecture that supports FFT and NTT for the FALCON algorithm. First, we propose an architecture that executes floating-point and complex number operations with theoretic speed and low area requirements. Then, we design a processing element that performs FFT with complex number operations. Finally, we propose an NTT architecture that reuses the resources used for FFT execution with high parallelism. The FPGA implementation results show that the FFT execution takes 2.048k CCs and 4.608k CCs for the 512-point and 1024-point FFT/IFFT, respectively. The NTT/INTT operation takes 288 CCs for FALCON-512 and 640 CCs for FALCON-1024. The speedup improves from 3× to 9.6× for FFT and up to 18× for NTT implementations compared to previous studies.","2025-05","2026-04-09 14:40:27","2026-05-03 09:54:21","2026-04-09 14:39:18","1-5","","","","","","","","","","","","","","","","","","IEEE Xplore","","ISSN: 2158-1525","<p>Export Date: 02 May 2026; Cited By: 4</p>; <p>Export Date: 02 May 2026; Cited By: 4; Correspondence Address: D.-T. Dam; University of Electro-Communications (UEC), Tokyo, Japan; email: ducthuan@vlsilab.ee.uec.ac.jp; CODEN: PICSD</p>","/Users/mac/Zotero/storage/YZWIWGSR/Dam et al. - 2025 - Compact FALCON FFTNTT Accelerator for Post-Quantum Cryptography.pdf","","Dilithium; Post quantum cryptography; Quantum cryptography; Digital signature algorithms; Hardware implementations; Post-Quantum Cryptography; Digital arithmetic; accelerator; Architecture; Compact architecture; Complex number; FALCON; Fast Fourier transforms; FFT; Floating point numbers; NTT; Number theory; Particle accelerators; Shortest vector problem; Signal processing","","","","","","","","","","","","","","","","","","","","","","","","","","","","","","","","2025 IEEE International Symposium on Circuits and Systems (ISCAS)","","","","","","","","","","","","","","",""
"WN5AAQ36","conferencePaper","2025","Coulon, Samuel; Bao, Tianyou; Xie, Jiafeng","Efficient Post-Quantum Cryptographic Hardware for Healthcare Applications","2025 IEEE International Symposium on Circuits and Systems (ISCAS)","","2158-1525","10.1109/ISCAS56072.2025.11043958","https://ieeexplore.ieee.org/document/11043958/","In light of rapid progress in quantum computing, Post-Quantum Cryptography (PQC) for healthcare/health-monitoring devices has gained substantial attention from the community recently as the existing cryptosystems are proven to be vulnerable to quantum attacks. Following the National Institute of Standards and Technology (NIST) PQC standardization process, this paper seeks to develop an efficient hardware implementation for Number Theoretic Transform (NTT) (a key component for NIST-selected PQC) on healthcare devices for emerging applications. Specifically, we target to design an efficient NTT on a resource-constrained FPGA platform to simulate the potential healthcare device application scenario. The proposed design architecture, implementation results, and comparison are provided to demonstrate the efficiency of the proposed design. Discussions and future research are also provided. We hope the outcome of this work can impact the field of PQC for healthcare/health-monitoring applications.","2025-05","2026-04-09 14:40:27","2026-05-03 10:09:45","2026-04-09 14:39:20","1-5","","","","","","","","","","","","","","","","","","IEEE Xplore","","ISSN: 2158-1525","<p>Export Date: 02 May 2026; Cited By: 1</p>","/Users/mac/Zotero/storage/78FWF2U4/Coulon et al. - 2025 - Efficient Post-Quantum Cryptographic Hardware for Healthcare Applications.pdf","","Hardware security; Post quantum cryptography; Quantum computers; Quantum cryptography; Quantum efficiency; Post-quantum cryptography; Field programmable gate arrays (FPGA); Integrated circuit design; Computer hardware; Field programmables; Field-programmable gate array; Programmable gate array; Number theory; Hardware accelerators; Signature verification; Health care; Computation theory; Post-Quantum Cryptography (PQC); Efficient designs; FALCON scheme; Field-Programmable Gate Array (FPGA); hardware accelerator; lightweight and efficient design; Lightweight design; Logic design; Signature Verification","","","","","","","","","","","","","","","","","","","","","","","","","","","","","","","","2025 IEEE International Symposium on Circuits and Systems (ISCAS)","","","","","","","","","","","","","","",""
"UY8QZ4CS","journalArticle","2026","Hu, Hongran; Chu, Yangyi; Du, Gaoming; Wang, Xiaolei; Song, Yukun; Zhang, Duoli; Li, Zhenmin","A Falcon Signature Verification Accelerator Using Area-Efficient NTT Architecture With Simplified Barrett Modular Multiplier","IEEE Transactions on Very Large Scale Integration (VLSI) Systems","","1557-9999","10.1109/TVLSI.2025.3644227","https://ieeexplore.ieee.org/document/11317796/","Falcon is a lattice-based post-quantum digital-signature scheme standardized by U.S. National Institute of Standards and Technology (NIST). As for its hardware implementation, signature verification is the critical operation, in which the polynomial multiplier and the hash generator are computationally intensive. Existing hardware implementations face an inherent resource–performance tradeoff in the multiplier, and the overall verification latency remains high. In this article, we present an accelerator for Falcon signature verification using area-efficient number-theoretic transform (NTT) architecture with simplified Barrett modular multiplier. The precomputed constant of Barrett modular-multiplication unit is adjusted from 21 845 to 21 840. This modification maintains computation correctness while lowering resource consumption and improving throughput, which serves as an efficient building block for NTT/inverse NTT (INTT) operations. Moreover, a fully pipelined, nonstored radix-2 multipath delay commutator (R2-MDC) architecture is adopted for the NTT/INTT, which effectively reduces the delay and achieves a more balanced resource–performance tradeoff. Both the polynomial multiplier and the hash generator are parallelized to improve performance. A complete Falcon-1024 signature verification accelerator is implemented on FPGA platform. Experimental results show that, for the two-stage NTT inside the multiplier, the proposed design attains the lowest area–time product (ATP) compared to state-of-the-art designs, and the ATP of the entire Falcon-1024 verification procedure is reduced by 50%.","2026-03","2026-04-09 14:40:27","2026-05-03 09:34:15","2026-04-09 14:39:27","860-871","","3","34","","","","","","","","","","","","","","","IEEE Xplore","","","<p>Export Date: 02 May 2026; Cited By: 0</p>","/Users/mac/Zotero/storage/3LCBMMVW/Hu et al. - 2026 - A Falcon Signature Verification Accelerator Using Area-Efficient NTT Architecture With Simplified Ba.pdf","","Authentication; Falcon; Electronic document identification systems; Acceleration; Integrated circuit design; Architecture; Number theory; Particle accelerators; Frequency multiplying circuits; Multiplying circuits; Number-theoretic transforms; Barrett reduction; Barrett reduction (BR); Delay commutators; Hash functions; hash generation; Hash generation; modular multiplication; Modular Multiplication; Multi-path delays; Multipath delay commutator; multipath delay commutator (MDC); Multipath propagation; Number-theoretic transform; number-theoretic transform (NTT); signature verification; Signature verification; Verification","","","","","","","","","","","","","","","","","","","","","","","","","","","","","","","","","","","","","","","","","","","","","","",""
"IYRCI3ZM","conferencePaper","2025","Liao, Jun-Hao; Shieh, Ming-Der","Algorithm and Hardware Co-Design Exploration for NTRU Equation Solving","2025 32nd IEEE International Conference on Electronics, Circuits and Systems (ICECS)","","2995-0589","10.1109/ICECS66544.2025.11270592","https://ieeexplore.ieee.org/document/11270592/","With the rapid advancement of quantum computing technologies, traditional public-key algorithms face the threat of being broken. Falcon, now standardized for digital signatures in post-quantum cryptography, relies heavily on repeated FFT, NTT, RNS and CRT operations during its key-generation phase. Since each of these modules contributes similarly to the total computation, standalone optimization yields only marginal gains. This paper presents a dedicated hardware accelerator design that unifies arithmetic units at the microarchitectural level and explores efficient parallel structures to shorten the critical path and enhance throughput. We target the three core routines, Field Norm, Lift and Reduce, by tailoring dataflows and dynamic switching strategies to prime bit-width and algorithmic complexity. Additionally, we adopt a compact SRAM partitioning scheme to achieve conflict-free data arrangement and efficient coexistence of all intermediate values. Post-layout simulations of our design in a 40-nm process indicate a footprint of 1.987 mm2 at 333 MHz, achieving approximately a 6× speedup over a software reference and a 100× improvement compared to a high-level-synthesis based hardware prototype.","2025-11","2026-04-09 14:40:27","2026-05-03 09:37:39","2026-04-09 14:39:29","1-4","","","","","","","","","","","","","","","","","","IEEE Xplore","","ISSN: 2995-0589","<p>Export Date: 02 May 2026; Cited By: 0</p>; <p>Export Date: 02 May 2026; Cited By: 0; Correspondence Address: J.-H. Liao; National Cheng Kung University, Department of Electrical Engineering, Tainan, 701, Taiwan; email: n26114853@gs.ncku.edu.tw</p>","/Users/mac/Zotero/storage/KE68TAPF/Liao and Shieh - 2025 - Algorithm and Hardware Co-Design Exploration for NTRU Equation Solving.pdf","","Falcon; Quantum computers; Quantum Computing; Quantum cryptography; Integrated circuit design; Public key cryptography; PQC; Computational complexity; Hardware-software codesign; Fast Fourier transforms; FFT; NTT; Software prototyping; Equations solving; High level synthesis; Computing technology; Logic design; Security of data; Co-designs; CRT; Design Exploration; Keygen; KeyGen; Public key algorithms","","","","","","","","","","","","","","","","","","","","","","","","","","","","","","","","2025 32nd IEEE International Conference on Electronics, Circuits and Systems (ICECS)","","","","","","","","","","","","","","",""
"CK4AIP5L","journalArticle","2024","Coulon, Samuel; Bao, Tianyou; Xie, Jiafeng","FELIX: FPGA-Based Scalable and Lightweight Accelerator for Large Integer Extended GCD","IEEE Transactions on Very Large Scale Integration (VLSI) Systems","","1557-9999","10.1109/TVLSI.2024.3417016","https://ieeexplore.ieee.org/document/10593812/","The extended greatest common divisor (XGCD) computation is a critical component in various cryptographic applications and algorithms, including both pre- and postquantum cryptosystems. In addition to computing the greatest common divisor (GCD) of two integers, the XGCD also produces Bézout coefficients b<sub>a</sub> and b<sub>b</sub> which satisfy \mathrm GCD(a,b) = a\times b_a + b\times b_b . In particular, computing the XGCD for large integers is of significant interest. Most recently, XGCD computation between 6479-bit integers is required for solving Nth-degree truncated polynomial ring unit (NTRU) trapdoors in Falcon, a National Institute of Standards and Technology (NIST)-selected postquantum digital signature scheme. To this point, existing literature has primarily focused on exploring software-based implementations for XGCD. The few existing high-performance hardware architectures require significant hardware resources and may not be desirable for practical usage, and the lightweight architectures suffer from poor performance. To fill the research gap, this work proposes a novel FPGA-based scalable and lightweight accelerator for large integer XGCD (FELIX). First, a new algorithm suitable for scalable and lightweight computation of XGCD is proposed. Next, a hardware accelerator (FELIX) is presented, including both constant- and variable-time versions. Finally, a thorough evaluation is carried out to showcase the efficiency of the proposed FELIX. In certain configurations, FELIX involves 81% less equivalent area-time product (eATP) than the state-of-the-art design for 1024-bit integers, and achieves a 95% reduction in latency over the software for 6479-bit integers (Falcon parameter set) with reasonable resource usage. Overall, the proposed FELIX is highly efficient, scalable, lightweight, and suitable for very large integer computation, making it the first such XGCD accelerator in the literature (to the best of our knowledge).","2024-09","2026-04-09 14:40:27","2026-05-03 10:09:46","2026-04-09 14:39:29","1684-1695","","9","32","","","FELIX","","","","","","","","","","","","IEEE Xplore","","","<p>Export Date: 02 May 2026; Cited By: 4</p>","/Users/mac/Zotero/storage/BSQTTIDQ/Coulon et al. - 2024 - FELIX FPGA-Based Scalable and Lightweight Accelerator for Large Integer Extended GCD.pdf","","Authentication; Integrated circuit design; Cryptography; Field programmables; Field-programmable gate array; Programmable gate array; Linear accelerators; Cryptographic algorithms; Hardware accelerators; hardware accelerator; Bit integers; Clock and data recovery circuits (CDR circuits); Critical component; Cryptographic applications; field-programmable gate array; Greatest common divisors; Large integer extended great common divisor; large integer extended greatest common divisor (GCD)","","","","","","","","","","","","","","","","","","","","","","","","","","","","","","","","","","","","","","","","","","","","","","",""
"HYBQSAKA","conferencePaper","2025","Ye, Siwei; Chen, Jintao; Ma, Yehan; Zou, An","FALCON: FPGA Accelerated Real-Time Intelligent Controller for Autonomous Systems","2025 IEEE Real-Time Systems Symposium (RTSS)","","2576-3172","10.1109/RTSS66672.2025.00040","https://ieeexplore.ieee.org/document/11315118/","The growing complexity and stringent real-time demands of autonomous systems, such as self-driving cars and drones, have driven the adoption of intelligent control methods based on deep neural networks (DNNs). While these methods offer improved control performance over traditional modelbased approaches, they also pose significant computational challenges, particularly for resource-constrained platforms. FieldProgrammable Gate Arrays (FPGAs) offer an attractive solution due to their energy efficiency and customizable architecture. In this work, we propose FALCON, an innovative approach for designing real-time intelligent controllers for autonomous systems using FPGA accelerators. Our approach begins with designing DNN-based intelligent controllers with varying levels of complexity and accuracy on the FPGA platform. Then, a performance function is proposed to capture the interplay among controller complexity, computational behavior, physical system characteristics, and overall control performance. Based on this performance function, we develop an algorithm-hardware codesign framework to determine the optimal control complexity, hardware configuration, and resource allocation. Finally, a case study on the co-design of intelligent controllers and FPGAbased overlay processors, together with a hardware-in-the-loop simulator, is conducted to demonstrate the advantages of the proposed methods. Compared to benchmarking controllers on other platforms, FALCON's optimized intelligent controller using FPGA accelerators shows competitive control performance with superior real-time capability and power efficiency. FALCON's optimization reduces the worst-case response time (WCRT) by up to 46.52%, improves the control performance by 1.93 \times compared to the default setup. For performance per power efficiency, FALCON achieves a 3.67 \times improvement compared to the DNN intelligent controller on TX2 and a remarkable 30.78 \times improvement compared to traditional MPC on CPU.","2025-12","2026-04-09 14:40:27","2026-05-03 10:02:43","2026-04-09 14:39:31","406-419","","","","","","FALCON","","","","","","","","","","","","IEEE Xplore","","ISSN: 2576-3172","<p>Export Date: 02 May 2026; Cited By: 0</p>","/Users/mac/Zotero/storage/YPU3RGES/Ye et al. - 2025 - FALCON FPGA Accelerated Real-Time Intelligent Controller for Autonomous Systems.pdf","","Real- time; Field programmable gate arrays (FPGA); FPGA; Integrated circuit design; Neural networks; Interactive computer systems; Computer hardware; Benchmarking; Computational complexity; Computer control systems; Control performance; Controllers; Embedded systems; Energy efficiency; Field programmables; Field-programmable gate array; Hardware-software codesign; intelligent control; Intelligent control; Intelligent controllers; Neural-networks; Optimal control systems; Performance functions; Power control; Power-efficiency; Programmable gate array; Real - Time system; Real time systems; real-time system; Simulation platform","","","","","","","","","","","","","","","","","","","","","","","","","","","","","","","","2025 IEEE Real-Time Systems Symposium (RTSS)","","","","","","","","","","","","","","",""
"DZMF27VC","conferencePaper","2024","Yang, Quan; Gao, Yiwen; Liu, Yuejun; Wang, Jiabei; Zhou, Yongbin","Heterogeneous Performs Better: High Throughput Implementations of Falcon in Multi-Client Scenarios","2024 IEEE International Symposium on Parallel and Distributed Processing with Applications (ISPA)","","2158-9208","10.1109/ISPA63168.2024.00098","https://ieeexplore.ieee.org/document/10885149/","This paper investigates high-performance implementations of Falcon scheme, which is one of the four post-quantum cryptography algorithms standardized by NIST. We explore high-throughput implementation solutions by improving how critical components of Falcon execute on the GPU, with a focus on low latency requirements. Our research reveals that some components of Falcon cannot fully exploit the parallelism of the GPU. Consequently, we propose a heterogeneous parallel implementation of the Falcon signature scheme that utilizes the parallelism of both CPUs and GPUs, while mitigating the additional overhead introduced by heterogeneous computing. Finally, we conduct evaluations on three typical testbeds. The experimental results show that our improved GPU implementation is 222 percent faster for signing and 13.9 percent faster for verification in cloud scenarios compared to the state-of-the-art GPU implementations. On an embedded GPU platform (Jetson AGX Orin), our heterogeneous parallel implementation outperforms the CPU multi-threaded implementation by 46 percent and the GPU implementation by 297 percent.","2024-10","2026-04-09 14:40:27","2026-05-03 10:03:09","2026-04-09 14:39:32","727-735","","","","","","Heterogeneous Performs Better","","","","","","","","","","","","IEEE Xplore","","ISSN: 2158-9208","<p>Export Date: 02 May 2026; Cited By: 0</p>","/Users/mac/Zotero/storage/3P72I2EC/Yang et al. - 2024 - Heterogeneous Performs Better High Throughput Implementations of Falcon in Multi-Client Scenarios.pdf","","Authentication; Falcon; Post quantum cryptography; Quantum cryptography; Quantum electronics; Post-Quantum Cryptography; Quantum optics; Cryptography algorithms; Parallel implementations; Program processors; Computer graphics equipment; Graphics processing unit; GPU implementation; CUDA-enabled GPU; GPU-based implementation; GPU-Based Implementation; Heterogeneous implementation; Heterogeneous Implementation; High performance implementations; High throughput implementation","","","","","","","","","","","","","","","","","","","","","","","","","","","","","","","","2024 IEEE International Symposium on Parallel and Distributed Processing with Applications (ISPA)","","","","","","","","","","","","","","",""
"2G6S79P3","journalArticle","2022","Kim, Youngbeom; Song, Jingyo; Seo, Seog Chung","Accelerating Falcon on ARMv8","IEEE Access","","2169-3536","10.1109/ACCESS.2022.3169784","https://ieeexplore.ieee.org/document/9762260/","Falcon is one of the promising digital-signature algorithms in NIST’s ongoing Post-Quantum Cryptography (PQC) standardization finalist. Computational efficiency regarding software and hardware is also the main criteria for PQC standardization. In this paper, we present an efficient Falcon software implementation on ARMv8 environment. Until now, most of the software optimization on PQC algorithms have been conducted on 32-bit ARM (Cortex-M4) and typical CPUs (Intel and AMD CPUs). However, ARMv8 including Cortex-A30, 50, and 70 series have been widely used for various IoT (Internet of Things) applications, Edge computing devices, and OBUs (On Board Units) in autonomous driving cars. For optimizing the performance of Falcon, we take full advantage of NEON engine which is a kind of parallel processing unit in ARMv8 MCU. The main computation in Falcon belongs to polynomial multiplications in Complex number domain and Integer domain. Typically, FFT (Fast Fourier Transformation)-based multiplication method and NTT (Number Theoriteic Transform)-based multiplication method have been widely used for efficient polynomial multiplications in Complex number domain and Integer domain, respectively. Thus, in order to enhance the overall performance of Falcon, we improve the FFT-based multiplication method and NTT-based multiplication method by utilizing NEON engine in ARMv8. Specifically, we parallelize the overall process (FFT/NTT transformation, pointwise multiplication, and inverse FFT/NTT transformation) of FFT-based polynomial multiplication method and NTT-based polynomial multiplication method with strategically utilizing the NEON engine and vector instructions. Furthermore, we minimize the number of redundant memory accesses during FFT/NTT-based polynomial multiplication by making the most of available registers in NEON engine. Through the proposed parallel FFT/NTT-based polynomial multiplications, the proposed Falcon software provides 15.1% (resp. 18.1%), 16.5% (resp. 17.1%), and 65.4% (resp. 69.4%) of performance improvement in keypair generation, signing, and verification at security level 1 (resp. 5) compared with the reference Falcon implementation submitted to the final round of NIST PQC competition. Furthermore, as far as we know, this is the first optimized implementation of Falcon on ARMv8 environment.","2022","2026-04-09 14:40:27","2026-05-03 09:35:43","2026-04-09 14:39:33","44446-44460","","","10","","","","","","","","","","","","","","","IEEE Xplore","","","<p>Export Date: 02 May 2026; Cited By: 48</p>; <p>Export Date: 02 May 2026; Cited By: 48; Correspondence Address: S.C. Seo; Kookmin University, Department of Financial Information Security, Seoul, 02707, South Korea; email: scseo@kookmin.ac.kr</p>; <p>Export Date: 02 May 2026; Cited By: 48; Correspondence Address: S.C. Seo; Kookmin University, Department of Financial Information Security, Seoul, 02707, South Korea; email: scseo@kookmin.ac.kr</p>","/Users/mac/Zotero/storage/2ZCMDRI5/Kim et al. - 2022 - Accelerating Falcon on ARMv8.pdf","","Falcon; Post quantum cryptography; Standardization; Performance; Cryptography; Internet of Things; Internet of things; Fast Fourier transforms; Polynomials; Computational efficiency; ARM/NEON processor; ARMv8; Engines; Fast Fourier transformations; Inverse problems; memory optimization; Memory optimization; NIST post-quantum cryptography signature; NIST PQC signature; parallel implementation; Parallel implementations; Polynomial multiplication; Program processors; Transformation based","","","","","","","","","","","","","","","","","","","","","","","","","","","","","","","","","","","","","","","","","","","","","","",""
"LXY8DW5W","conferencePaper","2024","Yu, Xinglong; Sun, Yi; Zhao, Yifan; Kuang, Honglin; Han, Jun","RVCE-FAL: A RISC-V Scalar-Vector Custom Extension for Faster FALCON Digital Signature","2024 Design, Automation & Test in Europe Conference & Exhibition (DATE)","","1558-1101","10.23919/DATE58400.2024.10546713","https://ieeexplore.ieee.org/document/10546713/","The National Institute of Standards and Technology (NIST) has selected FALCON as one of the standardized digital signature algorithms against quantum attacks in 2022. Compared with the other post-quantum cryptography (PQC) schemes, lattice-based FALCON is more appropriate for future Internet of Things (loT) applications due to the fastest signature verification process and the lowest transmission overhead. In this paper, we propose a custom extension based on the RISC-V scalar-vector framework for efficient implementation of FALCON. To our best knowledge, this work is the first hardware-software co-design for complete FALCON signature generation and verification routines. Besides, we design the first FALCON Gaussian sampling hardware and a RISC-V vector extension (RVV) based domain-specific core. The proposed architecture accelerates kernel operations in FALCON, such as discrete Gaussian sampling, number theoretic transform (NTT), inverse NTT, and polynomial operations. Compared with the reference implementation, results on the gem5-RTL simulation platform present a speedup for signature generation and verification of up to 18 x and 6.9 x.","2024-03","2026-04-09 14:40:27","2026-05-03 09:56:15","2026-04-09 14:39:34","1-6","","","","","","RVCE-FAL","","","","","","","","","","","","IEEE Xplore","","ISSN: 1558-1101","<p>Export Date: 02 May 2026; Cited By: 12</p>; <p>Export Date: 02 May 2026; Cited By: 12</p>","/Users/mac/Zotero/storage/F47TICPM/Yu et al. - 2024 - RVCE-FAL A RISC-V Scalar-Vector Custom Extension for Faster FALCON Digital Signature.pdf","","Authentication; Post quantum cryptography; post-quantum cryptography; Quantum cryptography; National Institute of Standards and Technology; Gaussians; Hardware-software codesign; Simulation platform; FALCON; Number-theoretic transforms; Gaussian distribution; Discrete gaussian sampling; Signature verification; Verification; Vectors; Signature generation; discrete Gaussian sampling; RISC-V custom extension; vector architecture; Vector architectures","","","","","","","","","","","","","","","","","","","","","","","","","","","","","","","","2024 Design, Automation & Test in Europe Conference & Exhibition (DATE)","","","","","","","","","","","","","","",""
"XAITQL3F","journalArticle","2024","Lee, Wai-Kong; Zhao, Raymond K.; Steinfeld, Ron; Sakzad, Amin; Hwang, Seong Oun","High Throughput Lattice-Based Signatures on GPUs: Comparing Falcon and Mitaka","IEEE Transactions on Parallel and Distributed Systems","","1558-2183","10.1109/TPDS.2024.3367319","https://ieeexplore.ieee.org/document/10440463/","The US National Institute of Standards and Technology initiated a standardization process for post-quantum cryptography in 2017, with the aim of selecting key encapsulation mechanisms and signature schemes that can withstand the threat from emerging quantum computers. In 2022, Falcon was selected as one of the standard signature schemes, eventually attracting effort to optimize the implementation of Falcon on various hardware architectures for practical applications. Recently, Mitaka was proposed as an alternative to Falcon, allowing parallel execution of most of its operations. These recent advancements motivate us to develop high throughput implementations of Falcon and Mitaka signature schemes on Graphics Processing Units (GPUs), a massively parallel architecture widely available on cloud service platforms. In this article, we propose the first parallel implementation of Falcon on various GPUs. We develop an iterative version of the sampling process in Falcon, which is also the most time-consuming Falcon operation. This allows us to implement Falcon signature generation without relying on expensive recursive function calls on GPUs. In addition, we propose a parallel random samples generation approach to accelerate the performance of Mitaka on GPUs. We evaluate our implementation techniques on state-of-the-art GPU architectures (RTX 3080, A100, T4 and V100). Experimental results show that our Falcon-512 implementation achieves 58,595 signatures/second and 2,721,562 verifications/second on an A100 GPU, which is 20.03\times20.03× and 29.51\times29.51× faster than the highly optimized AVX2 implementation on CPU. Our Mitaka implementation achieves 161,985 signatures/second and 1,421,046 verifications/second on the same GPU. Due to the adoption of a parallelizable sampling process, Mitaka signature generation enjoys \approx 2≈2–20 \times20× higher throughput than Falcon on various GPUs. The high throughput signature generation and verification achieved by this work can be very useful in various emerging applications, including the Internet of Things.","2024-04","2026-04-09 14:40:27","2026-05-03 10:36:37","2026-04-09 14:39:36","675-692","","4","35","","","High Throughput Lattice-Based Signatures on GPUs","","","","","","","","","","","","IEEE Xplore","","","<p>Export Date: 02 May 2026; Cited By: 19</p>","/Users/mac/Zotero/storage/HNVHFDNP/Lee et al. - 2024 - High Throughput Lattice-Based Signatures on GPUs Comparing Falcon and Mitaka.pdf","","Authentication; Post quantum cryptography; Quantum computers; Signature Scheme; Lattice; Post-quantum cryptography; Iterative methods; Lattice-based cryptography; Hardware; Cryptography; High-throughput; Throughput; Program processors; NIST; Computer graphics equipment; Graphics processing unit; Parallel processing; Image coding; Computer graphics; And graphic processing unit; and graphics processing units (GPU); Latexes; lattice-based cryptography; Parallel architectures; Signature generation","","","","","","","","","","","","","","","","","","","","","","","","","","","","","","","","","","","","","","","","","","","","","","",""
"JCRN58EE","journalArticle","2024","Lawo, D. C.; Frantz, R.; Aguilera, A. Cano; Clemente, X. Arnal I; Podleś, M. P.; Imaña, José L.; Monroy, I. Tafur; Olmos, J. J. Vegas","Falcon/Kyber and Dilithium/Kyber Network Stack on Nvidia’s Data Processing Unit Platform","IEEE Access","","2169-3536","10.1109/ACCESS.2024.3374629","https://ieeexplore.ieee.org/document/10462111/","Commercially available quantum computers are expected to reshape the world in the near future. They are said to break conventional cryptographic security mechanisms that are deeply embedded in our today’s communication. Symmetric cryptography, such as AES, will withstand quantum attacks as long as the key sizes are doubled compared to today’s key lengths. Asymmetric cryptographic procedures, e.g. RSA, however are broken. It is therefore necessary to change the way we assure our privacy by adopting and moving towards post-quantum cryptography (PQC) principles. In this work, we benchmark three PQC algorithms, Falcon, Dilithium, and Kyber. Moreover, we present an implementation of a PQC stack consisting of the algorithms Dilithium/Kyber and Falcon/Kyber which use hardware accelerators for some key functions and evaluate their performance and resource utilization. Regarding a classic server-client model, the computational load of the Dilithium/Kyber stack is distributed more equally among server and client. The stack Falcon/Kyber biases the computational challenges towards the server, hence relieving the client of performing costly operations. We found that Dilithium’s advantage over Falcon is that Dilithium’s execution is faster while the workload to be performed is distributed equally among client and server, whereas Falcon’s advantage over Dilithium lies within the small signature sizes and the unequally distributed computational tasks. In a client server model with a performance limited client (i.e. Internet-of-Things - IoT - environments) Falcon could proof useful for it constrains the computational hard tasks to the server and leaves a minimal workload to the client. Furthermore, Falcon requires smaller bandwidth, making it a strong candidate for deep-edge or IoT applications.","2024","2026-04-09 14:40:27","2026-05-03 10:39:18","2026-04-09 14:39:37","38048-38056","","","12","","","","","","","","","","","","","","","IEEE Xplore","","","<p>Export Date: 02 May 2026; Cited By: 14</p>","/Users/mac/Zotero/storage/QAVLQ3UW/Lawo et al. - 2024 - FalconKyber and DilithiumKyber Network Stack on Nvidia’s Data Processing Unit Platform.pdf","","Cloud-computing; Data processing units; Dilithium; falcon; Falcon; Field programmable gate array; Field programmable gate arrays (FPGA); Field programmables; Internet of things; Kyber; Post quantum cryptography; post-quantum cryptography; Programmable gate array; Quantum computers; Quantum cryptography; Security; Software; Software algorithms","","","","","","","","","","","","","","","","","","","","","","","","","","","","","","","","","","","","","","","","","","","","","","",""
"IV3JH6S3","conferencePaper","2025","Cornett, Ethan; Magesh, Rahul; Pendyala, Sharath; Kavun, Elif Bilge; Aysu, Aydin","Deus Ex LLMs: AI vs Humans in Post-Quantum Cryptographic Hardware Code Generation","2025 IFIP/IEEE 33rd International Conference on Very Large Scale Integration (VLSI-SoC)","","2324-8440","10.1109/VLSI-SoC64688.2025.11421711","https://ieeexplore.ieee.org/document/11421711/","Emerging Post-Quantum Cryptographic (PQC) schemes such as FALCON demand highly optimized hardware implementations to meet strict area and execution time constraints on embedded devices. Traditional hardware designs rely heavily on expert-crafted Register Transfer Level (RTL) or High Level Synthesis (HLS) code, which is time-consuming and error-prone. In this work, we explore the use of large language models (LLMs) for accelerating the development of cryptographic hardware, focusing on FALCON’s performance-critical Samplerz subroutine. We propose a design flow that iteratively leverages LLMs to generate, refine, and evaluate synthesizable C code using HLS tools. We analyze generated designs across a range of models (e.g., GPT-4, Claude, Gemini, Grok), compare them with prior hand-crafted RTL designs, and report implementation metrics including Area-Delay Product (ADP) and synthesis convergence. Alongside achieving implementations within 4% execution time and 30% area of expert-tuned code, our results demonstrate that LLMs can discover novel hardware optimizations. We finally identify key challenges in prompt engineering, numerical stability, and testbench overfitting, and provide actionable recommendations for future AI-assisted hardware design frameworks.","2025-10","2026-04-09 14:40:27","2026-05-03 10:10:28","2026-04-09 14:39:39","1-5","","","","","","Deus Ex LLMs","","","","","","","","","","","","IEEE Xplore","","ISSN: 2324-8440","<p>Export Date: 02 May 2026; Cited By: 0</p>","/Users/mac/Zotero/storage/9IC56HWM/Cornett et al. - 2025 - Deus Ex LLMs AI vs Humans in Post-Quantum Cryptographic Hardware Code Generation.pdf","","Hardware security; Post quantum cryptography; Quantum cryptography; Post quantum; Iterative methods; Post-Quantum Cryptography; Codes (symbols); Language model; Large language model; Computer hardware; Hardware-software codesign; FALCON; C (programming language); Software engineering; Computation theory; High level synthesis; AI; Codegeneration; Cryptographic hardware; Hardware design; High-level synthesis; HLS; LLMs; Register-transfer level","","","","","","","","","","","","","","","","","","","","","","","","","","","","","","","","2025 IFIP/IEEE 33rd International Conference on Very Large Scale Integration (VLSI-SoC)","","","","","","","","","","","","","","",""
"GCLVQGD8","conferencePaper","2019","Wei, Xuechao; Liang, Yun; Cong, Jason","Overcoming Data Transfer Bottlenecks in FPGA-based DNN Accelerators via Layer Conscious Memory Management","2019 56th ACM/IEEE Design Automation Conference (DAC)","","0738-100X","","https://ieeexplore.ieee.org/document/8806999/","Deep Neural Networks (DNNs) are becoming more and more complex than before. Previous hardware accelerator designs neglect the layer diversity in terms of computation and communication behavior. On-chip memory resources are underutilized for the memory bounded layers, leading to suboptimal performance. In addition, the increasing complexity of DNN structures makes it difficult to do on-chip memory allocation. To address these issues, we propose a layer conscious memory management framework for FPGA-based DNN hardware accelerators. Our framework exploits the layer diversity and the disjoint lifespan information of memory buffers to efficiently utilize the on-chip memory to improve the performance of the layers bounded by memory and thus the entire performance of DNNs. It consists of four key techniques working coordinately with each other. We first devise a memory allocation algorithm to allocate on-chip buffers for the memory bound layers. In addition, buffer sharing between different layers is applied to improve on-chip memory utilization. Finally, buffer prefetching and splitting are used to further reduce latency. Experiments show that our techniques can achieve 1.36X performance improvement compared with previous designs.","2019-06","2026-04-09 14:40:27","2026-05-03 10:04:31","2026-04-09 14:39:41","1-6","","","","","","","","","","","","","","","","","","IEEE Xplore","","ISSN: 0738-100X","","/Users/mac/Zotero/storage/N7F94RVG/Wei et al. - 2019 - Overcoming Data Transfer Bottlenecks in FPGA-based DNN Accelerators via Layer Conscious Memory Manag.pdf","","","","","","","","","","","","","","","","","","","","","","","","","","","","","","","","","","2019 56th ACM/IEEE Design Automation Conference (DAC)","","","","","","","","","","","","","","",""
"L58S8R4M","conferencePaper","2025","Choi, Hyunseo; Noh, Jaesang; Lee, Seunghwan; Shin, Dong-Joon","A Secure and Efficient Implementation of the FALCON BaseSampler Against Side-Channel Attack","2025 16th International Conference on Information and Communication Technology Convergence (ICTC)","","2162-1241","10.1109/ICTC66702.2025.11387816","https://ieeexplore.ieee.org/document/11387816/","With the advent of quantum computing threatening the existing public-key cryptosystems, the U.S. National Institute of Standards and Technology (NIST) has been leading the standardization effort for Post-Quantum Cryptography. FALCON, one of the digital signature algorithms selected in this process, is notable for its high efficiency. However, its core component, the BaseSampler, is known to be vulnerable to Simple Power Analysis (SPA).In this paper, we propose a new implementation method of the FALCON BaseSampler to counteract this vulnerability. Our approach involves modifying the existing RCDT and altering the specific operation that causes an underflow. Through practical experiments conducted with ChipWhisperer and Cortex-M4 board, we verify that the proposed countermeasure effectively establishes robustness against the known vulnerability.","2025-10","2026-04-09 14:40:27","2026-05-03 09:35:06","2026-04-09 14:39:42","1360-1361","","","","","","","","","","","","","","","","","","IEEE Xplore","","ISSN: 2162-1241","<p>Export Date: 02 May 2026; Cited By: 0</p>","/Users/mac/Zotero/storage/L5QXIJVV/Choi et al. - 2025 - A Secure and Efficient Implementation of the FALCON BaseSampler Against Side-Channel Attack.pdf","","Authentication; Post quantum cryptography; Quantum computers; Quantum Computing; Quantum cryptography; Digital signature algorithms; Side channel attack; Side-channel attacks; Post-Quantum Cryptography; National Institute of Standards and Technology; Public key cryptography; Efficient implementation; Public key cryptosystems; Countermeasure; FALCON side-channel attack; FALCON Side-Channel Attack; Secure implementation","","","","","","","","","","","","","","","","","","","","","","","","","","","","","","","","2025 16th International Conference on Information and Communication Technology Convergence (ICTC)","","","","","","","","","","","","","","",""
"33HMGRN7","conferencePaper","2019","Kiningham, Kevin; Levis, Philip; Anderson, Mark; Boneh, Dan; Horowitz, Mark; Shih, Maurice","Falcon — A Flexible Architecture For Accelerating Cryptography","2019 IEEE 16th International Conference on Mobile Ad Hoc and Sensor Systems (MASS)","","2155-6814","10.1109/MASS.2019.00025","https://ieeexplore.ieee.org/document/9077379/","Internet of Things (IoT) devices, once deployed, must remain secure for their entire lifetime, which can be as long as 20 years. Over this lifetime, devices must be able to update which ciphers they use to meet evolving security requirements. However, devices cannot rely on software updates for their cryptography because software implementations consume too much energy. At the same time, fixed function hardware accelerators such as an AES engine cannot support new ciphers. This paper presents Falcon, a hardware architecture for accelerating a broad range of cryptography on energy limited devices. Rather than accelerate a fixed set of current ciphers, Falcon provides a general execution engine that accelerates dominant and emerging ciphers, such as AES, Cha-Cha, SHA-256, RSA, ECC with Curve25519, as well as post-quantum ciphers such as R-LWE. For cryptography, Falcon provides the flexibility of software while reducing the energy consumption of cryptography by 5-60x compared to software. This reduction makes it feasible for IoT applications to upgrade the ciphers they use after deployment, allowing them to keep up to date with security best practices without reducing their deployment lifetime or reducing the application workload. In an application monitoring the temperature of sensitive medical supplies in hospitals, Falcon doubles the deployment lifetime (2.2x).","2019-11","2026-04-09 14:40:27","2026-05-03 10:17:35","2026-04-09 14:39:43","136-144","","","","","","","","","","","","","","","","","","IEEE Xplore","","ISSN: 2155-6814","<p>Export Date: 02 May 2026; Cited By: 10</p>","/Users/mac/Zotero/storage/VT5PRP4G/Kiningham et al. - 2019 - Falcon — A Flexible Architecture For Accelerating Cryptography.pdf","","Energy utilization; Cryptography; Internet of Things; Internet of things; Engines; Hardware accelerators; Security; Software implementation; Accelerator Architectures; Application monitoring; Flexible architectures; Hardware architecture; Internet of Things (IOT); Security Best Practices; Security requirements","","","","","","","","","","","","","","","","","","","","","","","","","","","","","","","","2019 IEEE 16th International Conference on Mobile Ad Hoc and Sensor Systems (MASS)","","","","","","","","","","","","","","",""
"GD755GWC","journalArticle","2026","Li, Wenqian; Wei, Hanyu; Shen, Shiyu; Yang, Hao; Dai, Wangchen; Zhao, Yunlei","cuFalcon: An Adaptive Parallel GPU Implementation for High-Performance Falcon Acceleration","IEEE Transactions on Parallel and Distributed Systems","","1558-2183","10.1109/TPDS.2026.3675891","https://ieeexplore.ieee.org/document/11443236/","The rapid advancement of quantum computing has ushered in a new era of post-quantum cryptography, urgently demanding quantum-resistant digital signatures to secure modern communications and transactions. Among NIST-standardized candidates, Falcon stands out because it is a compact lattice-based signature scheme suitable for size-sensitive applications. In this paper, we present cuFalcon, a high-throughput GPU implementation of Falcon that addresses its computational bottlenecks through adaptive parallel strategies. At the operational level, we optimize Falcon key components for GPU architectures through memory-efficient FFT, adaptive parallel ffSampling, and a compact computation mode. For signature-level optimization, to improve scalability across different GPU architectures, we implement three versions of cuFalcon: the raw key version, the expanded key version, and the balanced version. Additionally, we design batch processing, streaming mechanisms, and memory pooling to handle multiple signature tasks efficiently. Ultimately, performance evaluations show significant improvements, with the raw key version achieving 172 k signatures per second and the expanded key version reaching 201 k. Compared to the raw key version, the balanced version achieves a 7% improvement in throughput, while compared to the expanded key version, it reduces memory usage by 70%. Furthermore, our raw key version implementation outperforms the reference implementation by 36.74 × and achieves a 2.71× speedup over the state-of-the-art GPU implementation.","2026-05","2026-04-09 14:40:27","2026-05-03 09:55:02","2026-04-09 14:39:44","1153-1167","","5","37","","","cuFalcon","","","","","","","","","","","","IEEE Xplore","","","<p>Export Date: 02 May 2026; Cited By: 0</p>; <p>Export Date: 02 May 2026; Cited By: 0; Correspondence Address: Y. Zhao; Fudan University, School of Computer Science, Shanghai, 200438, China; email: ylzhao@fudan.edu.cn; CODEN: ITDSE</p>","/Users/mac/Zotero/storage/RXE4TY3Q/Li et al. - 2026 - cuFalcon An Adaptive Parallel GPU Implementation for High-Performance Falcon Acceleration.pdf","","Falcon; Network security; Post quantum cryptography; Quantum computers; Quantum Computing; Quantum cryptography; Fast fourier; Lattice-based; Post-quantum cryptography; Acceleration; Performance; Fast Fourier transforms; Throughput; Memory architecture; Computational efficiency; Program processors; Graphics processing unit; Parallel architectures; Fourier sampling; Batch data processing; fast fourier sampling; Fast fourier sampling; GPU acceleration; GPU accelerations; GPU implementation","","","","","","","","","","","","","","","","","","","","","","","","","","","","","","","","","","","","","","","","","","","","","","",""
"D5L9B7HQ","conferencePaper","2022","Saad–Falcon, Alex; Andreasen, Jonathan; Kerce, J. Clayton; Westafer, Ryan S.; Beaudeau, Jonathan P.; McKinney, J. Michael; Barnes, Christopher F.","Abstraction and Acceleration of Tensor Processing for Element-Level Digital Arrays","2022 IEEE International Symposium on Phased Array Systems & Technology (PAST)","","","10.1109/PAST49659.2022.9974995","https://ieeexplore.ieee.org/document/9974995/","This paper describes an abstraction of tensor operations applicable to digital array radars (DARs) which enables adaptive on-array processing to meet changing requirements. An application programming interface (API) is presented that allows multiple algorithms to be realized with the same high-level description, with tunable parameters including array geometry, desired region of reconstruction (RoR), etc. This abstraction facilitates algorithm scaling and reconfiguration while also providing an efficient implementation on available hardware. Results of the abstraction are presented for two different algorithms solving a two-dimensional near-field imaging problem consisting of a single emitter in a scene. Both algorithms are tested on both simulated and measured data for comparison. Additionally, we explored automation tools for field-programmable gate array (FPGA) code development. We have shown that an abstracted FPGA implementation is capable of achieving 3–4 orders of magnitude speedup over traditional computing resources.","2022-10","2026-04-09 14:40:27","2026-05-03 09:35:41","2026-04-09 14:39:46","01-08","","","","","","","","","","","","","","","","","","IEEE Xplore","","","","/Users/mac/Zotero/storage/XJKLTEM5/Saad–Falcon et al. - 2022 - Abstraction and Acceleration of Tensor Processing for Element-Level Digital Arrays.pdf","","","","","","","","","","","","","","","","","","","","","","","","","","","","","","","","","","2022 IEEE International Symposium on Phased Array Systems & Technology (PAST)","","","","","","","","","","","","","","",""
"XEVC8URY","journalArticle","2026","Truong, Quang Dang; Nguyen, Hien; Tan Nguyen, Tuy; Lee, Hanho","NIST Post-Quantum Cryptography Standards: A Comprehensive Review of Theoretical Foundations and Implementations","IEEE Access","","2169-3536","10.1109/ACCESS.2026.3654142","https://ieeexplore.ieee.org/document/11352813/","The transition to post-quantum cryptography (PQC) marks a pivotal shift in ensuring digital security, prompted by the potential of quantum computers to compromise classical systems such as Rivest-Shamir-Adlema and elliptic-curve cryptography. In response, NIST has standardized three foundational PQC algorithms: Module-lattice-based Key-encapsulation Mechanism for key establishment; Module-lattice-based Digital Signature, and Stateless Hash-based Digital Signature algorithms for digital signatures. Meanwhile, FALCON and Hamming Quasi-cyclic (HQC) schemes, both selected as finalists, are expected to join the standards soon. This paper presents a comprehensive survey of these NIST-selected PQC standards, with a dual focus on software implementations and hardware architecture designs. We analyze their mathematical frameworks, distinctive features, and optimization strategies related to performance, security, and resource efficiency. The software review examines algorithmic complexity, memory usage, and programming considerations, while the hardware review discusses FPGA and ASIC implementations, emphasizing modular arithmetic, polynomial operations, and resource efficiency challenges. A comparative analysis highlights the strengths and trade-offs of each algorithm, offering insights into their applicability across various platforms-from resource-constrained internet of things devices to high-performance computing environments. This study provides a foundational understanding of NIST’s selected PQC standards and their practical deployment in securing the post-quantum era.","2026","2026-04-09 14:40:27","2026-05-03 10:19:31","2026-04-09 14:39:47","14069-14097","","","14","","","NIST Post-Quantum Cryptography Standards","","","","","","","","","","","","IEEE Xplore","","","<p>Export Date: 02 May 2026; Cited By: 0</p>","/Users/mac/Zotero/storage/RFUTY68N/Truong et al. - 2026 - NIST Post-Quantum Cryptography Standards A Comprehensive Review of Theoretical Foundations and Impl.pdf","","Hardware security; Network security; Post quantum cryptography; Quantum computers; Quantum cryptography; Digital signature algorithm; Digital signature algorithms; Lattice-based; Post-quantum cryptography; Integrated circuit design; Key encapsulation mechanisms; Public key cryptography; Cost effectiveness; Computer hardware; Computational complexity; Polynomials; Encryption algorithms; Economic and social effects; Efficiency; software optimization; Software optimization; digital signature algorithm (DSA); hardware architecture design; Hardware architecture design; Key-encapsulation mechanism; key-encapsulation mechanism (KEM); Post-quantum cryptography (PQC); Resource efficiencies","","","","","","","","","","","","","","","","","","","","","","","","","","","","","","","","","","","","","","","","","","","","","","",""
"SXQCTJPY","journalArticle","2022","Sarker, Ausmita; Mozaffari Kermani, Mehran; Azarderakhsh, Reza","Efficient Error Detection Architectures for Postquantum Signature Falcon’s Sampler and KEM SABER","IEEE Transactions on Very Large Scale Integration (VLSI) Systems","","1557-9999","10.1109/TVLSI.2022.3156479","https://ieeexplore.ieee.org/document/9736448/","Among the National Institute for Standards and Technology (NIST) postquantum cryptography (PQC) standardization Round 3 finalists (announced in 2020 and anticipated to conclude in 2022–2024), SABER and Falcon are efficient key encapsulation mechanism (KEM) and compact signature scheme, respectively. SABER is a simple and flexible cryptographic scheme, highly suitable for thwarting potential attacks in the postquantum era. Implementing SABER can be performed solely in hardware (HW) or on HW/software coprocessors. On the other hand, the compact key size, efficient design, and strong reliability proof in the quantum random oracle model (QROM) make Falcon a highly suitable signature algorithm for PQC. Although Falcon is crucial as a PQC signature scheme, the utilization of the Gaussian sampler makes it vulnerable to malicious attacks, e.g., fault attacks. This is the first work to present error detection schemes embedded efficiently in SABER as well as Falcon’s sampler architectures, which can detect both transient and permanent faults. Moreover, we implement HW design for the ModFalcon signature algorithm as well as the Gaussian sampler. These schemes are implemented on a formerly Xilinx field-programmable gate array (FPGA) family, for both SABER and Falcon variants, where we assess the error coverage and the performance. The proposed schemes incur low overhead (the area, delay, and power overheads being 22.59%, 19.77%, and 10.67%, respectively, in the worst case) while providing a high fault detection rate (99.9975% in the worst case scenario), making them suitable for high efficiency and compact HW implementations of constrained applications.","2022-06","2026-04-09 14:40:27","2026-05-03 10:23:45","2026-04-09 14:39:48","794-802","","6","30","","","","","","","","","","","","","","","IEEE Xplore","","","<p>Export Date: 02 May 2026; Cited By: 39</p>; <p>Export Date: 02 May 2026; Cited By: 39; Correspondence Address: M. Mozaffari Kermani; University of South Florida, Department of Computer Science and Engineering, Tampa, 33620, United States; email: mehran2@usf.edu; CODEN: IEVSE</p>; <p>Export Date: 02 May 2026; Cited By: 39; Correspondence Address: M. Mozaffari Kermani; University of South Florida, Department of Computer Science and Engineering, Tampa, 33620, United States; email: mehran2@usf.edu; CODEN: IEVSE</p>; <p>Export Date: 02 May 2026; Cited By: 39; Correspondence Address: M. Mozaffari Kermani; University of South Florida, Department of Computer Science and Engineering, Tampa, 33620, United States; email: mehran2@usf.edu; CODEN: IEVSE</p>","/Users/mac/Zotero/storage/GYHK7XM7/Sarker et al. - 2022 - Efficient Error Detection Architectures for Postquantum Signature Falcon’s Sampler and KEM SABER.pdf","","Authentication; Network security; Post quantum cryptography; Quantum cryptography; Lattice; Side channel attack; Field programmable gate arrays (FPGA); Integrated circuit design; Key encapsulation mechanisms; Public key cryptography; Field-programmable gate array; Learning with Errors; Computer architecture; Timing circuits; Fault detection; Circuit faults; Error detection; Field-programmable gate array (FPGA); Key encapsulation mechanism; key encapsulation mechanisms (KEM); Learning with error; learning with errors (LWEs); Learning with rounding; learning with rounding (LWR); Logic gates; National institute for standards and technologies; Postquantum cryptography; postquantum cryptography (PQC); Quantum random oracle model .; quantum random oracle model (QROM); Random Oracle model","","","","","","","","","","","","","","","","","","","","","","","","","","","","","","","","","","","","","","","","","","","","","","",""
"IYZUYGNX","conferencePaper","2017","Wei, Xuechao; Yu, Cody Hao; Zhang, Peng; Chen, Youxiang; Wang, Yuxin; Hu, Han; Liang, Yun; Cong, Jason","Automated systolic array architecture synthesis for high throughput CNN inference on FPGAs","2017 54th ACM/EDAC/IEEE Design Automation Conference (DAC)","","","10.1145/3061639.3062207","https://ieeexplore.ieee.org/document/8060313/","Convolutional neural networks (CNNs) have been widely applied in many deep learning applications. In recent years, the FPGA implementation for CNNs has attracted much attention because of its high performance and energy efficiency. However, existing implementations have difficulty to fully leverage the computation power of the latest FPGAs. In this paper we implement CNN on an FPGA using a systolic array architecture, which can achieve high clock frequency under high resource utilization. We provide an analytical model for performance and resource utilization and develop an automatic design space exploration framework, as well as source-to-source code transformation from a C program to a CNN implementation using systolic array. The experimental results show that our framework is able to generate the accelerator for real-life CNN models, achieving up to 461 GFlops for floating point data type and 1.2 Tops for 8–16 bit fixed point.","2017-06","2026-04-09 14:40:27","2026-05-03 09:48:59","2026-04-09 14:39:53","1-6","","","","","","","","","","","","","","","","","","IEEE Xplore","","","","/Users/mac/Zotero/storage/MULP6FLN/Wei et al. - 2017 - Automated systolic array architecture synthesis for high throughput CNN inference on FPGAs.pdf; /Users/mac/Zotero/storage/2GRRLA64/Wei et al. - 2017 - Automated Systolic Array Architecture Synthesis for High Throughput CNN Inference on FPGAs.pdf","","","","","","","","","","","","","","","","","","","","","","","","","","","","","","","","","","2017 54th ACM/EDAC/IEEE Design Automation Conference (DAC)","","","","","","","","","","","","","","",""
"8G6USS89","conferencePaper","2026","G., Dineshkumar; Sivaramakrishnan, Shruti; S., Shanthosh; R., Tushar; N., Mohankumar","Authentication of Large Data Using FALCON in IoT Heathcare Systems","2026 Second International Conference on Intelligent Systems for Communication, IoT and Security (ICISCoIS)","","","10.1109/ICISCoIS62701.2026.11448068","https://ieeexplore.ieee.org/document/11448068/","The emergence of quantum computing poses a threat to conventional cryptographic schemes, FALCON (Fast-Fourier Lattice-based Compact Signatures over NTRU) is a strong contender from NIST's post-quantum cryptography standardization. This proposal offers useful insights in implementing different hashing algorithms in FALCON post quantum cryptographic signature generation scheme. The authenticity of data in IoT is evaluated and ensured for a spirometry data of lung function monitoring system. The following hashing algorithms such as VORSHA (1D, 2D, and 3D), OSHA, SHA3, SHAKE-256, and BLAKE (2b and 3) were used for evaluation based on their signature generation and verification times for various bit sizes (256, 512, and 1024 bits). The findings show that the BLAKE family of algorithms, specifically BLAKE-3, is superior in terms of throughput and latency over other implementations and performs over 10-15% faster than SHAKE-256.","2026-01","2026-04-09 14:40:27","2026-05-03 09:48:42","2026-04-09 14:39:55","1-6","","","","","","","","","","","","","","","","","","IEEE Xplore","","","","/Users/mac/Zotero/storage/EJ5P93IQ/G. et al. - 2026 - Authentication of Large Data Using FALCON in IoT Heathcare Systems.pdf","","","","","","","","","","","","","","","","","","","","","","","","","","","","","","","","","","2026 Second International Conference on Intelligent Systems for Communication, IoT and Security (ICISCoIS)","","","","","","","","","","","","","","",""
"UH5LLN9V","conferencePaper","2026","Shrivastava, Rishabh; Banerjee, Utsav","Post-Quantum HAWK Signature Acceleration with RISC-V-Based Hardware-Software Co-Design","2026 39th International Conference on VLSI Design & 25th International Conference on Embedded Systems (VLSID)","","2380-6923","10.1109/VLSID68508.2026.00088","https://ieeexplore.ieee.org/document/11433250/","Advances in quantum computing technology have motivated the development of post-quantum cryptography (PQC) algorithms. HAWK is a new post-quantum digital signature scheme and the only lattice-based candidate selected for Round 2 of the “Additional Digital Signatures” phase of the NIST PQC Standardization process. HAWK offers compact key and signature sizes compared to NIST standard ML-DSA (Dilithium), and its simple design avoids the use of floating-point arithmetic unlike NIST standard FN-DSA (FALCON). This makes HAWK very well suited for resource-constrained applications. We perform software runtime profiling of HAWK signature computation and verification on a resource-efficient Vex RISC-V processor core, and identify Keccak permutations and polynomial transformations as the most computationally expensive functions. In this work, we demonstrate light-weight hardware-software co-design of HAWK with these operations accelerated using Vex RISC-V Custom Function Units and accompanying custom instructions. We present multiple design variants with different degrees of acceleration, and our best design achieves \approx 3 \times speedup and \approx 40 % reduction in area-time-product compared to the baseline when implemented on a Xilinx Artix-7 FPGA.","2026-01","2026-04-09 14:40:27","2026-05-03 10:35:15","2026-04-09 14:39:56","437-442","","","","","","","","","","","","","","","","","","IEEE Xplore","","ISSN: 2380-6923","<p>Export Date: 02 May 2026; Cited By: 0</p>; <p>Export Date: 02 May 2026; Cited By: 0</p>","/Users/mac/Zotero/storage/9AH9W5ME/Shrivastava and Banerjee - 2026 - Post-Quantum HAWK Signature Acceleration with RISC-V-Based Hardware-Software Co-Design.pdf","","Authentication; Network security; Post quantum cryptography; post-quantum cryptography; Quantum computers; Quantum cryptography; Electronic document identification systems; Lattice; Field programmable gate arrays (FPGA); FPGA; Hardware acceleration; Integrated circuit design; Computer hardware; digital signature; Hardware-software codesign; FFT; NTT; Polynomials; Software design; lattice; Application programs; Verification; NIST PQC; NIST post-quantum cryptography; Reduced instruction set computing; Crystal lattices; IoT; CFU; custom instructions; hardware acceleration; Keccak; Vex RISC-V; Custom instruction; HAWK; Interlocking signals","","","","","","","","","","","","","","","","","","","","","","","","","","","","","","","","2026 39th International Conference on VLSI Design & 25th International Conference on Embedded Systems (VLSID)","","","","","","","","","","","","","","",""
"FJJ2GVBD","conferencePaper","2025","Saad-Falcon, Alex; Devarajaiah, Yashas; Wang, Wei-Chun; Sharma, Sudarshan; Mao, Xiangyu; Mukhopadhyay, Saibal; Romberg, Justin; Huang, Russ H.; Molnar, Alyosha","An End-to-End Simulator for Testing Array Processing Algorithms","2025 IEEE 68th International Midwest Symposium on Circuits and Systems (MWSCAS)","","1558-3899","10.1109/MWSCAS53549.2025.11244559","https://ieeexplore.ieee.org/document/11244559/","Testing array processing algorithms requires realistic data that captures both hardware non-idealities and environmental complexities, but collecting comprehensive experimental datasets is often impractical. We present an open-source end-to-end simulator that addresses this challenge by providing a modular, GPU-accelerated framework for evaluating array processing algorithms under realistic conditions. Our simulator integrates high-fidelity models of the entire processing chain, from waveform generation through downstream tasks. Key innovations include a complete PyTorch-based implementation that enables efficient simulation of dynamic wireless channels, RF frontend non-idealities, digitization artifacts, and algorithms for beamforming and imaging. Simulated results on realistic scenarios demonstrate the performance of both classical and modern array processing algorithms with the effect of various detrimental effects. The simulator provides researchers with a powerful tool for prototyping and evaluating array processing algorithms for hardware deployment.","2025-08","2026-04-09 14:40:27","2026-05-03 09:38:29","2026-04-09 14:39:57","543-547","","","","","","","","","","","","","","","","","","IEEE Xplore","","ISSN: 1558-3899","","/Users/mac/Zotero/storage/NAWEJDVB/Saad-Falcon et al. - 2025 - An End-to-End Simulator for Testing Array Processing Algorithms.pdf","","","","","","","","","","","","","","","","","","","","","","","","","","","","","","","","","","2025 IEEE 68th International Midwest Symposium on Circuits and Systems (MWSCAS)","","","","","","","","","","","","","","",""
"KBWLTAYT","conferencePaper","2025","Tripathi, Upasana; Singh, Ritu Raj; Garg, Parul","Integration of Decoy-State and MDI-QKD with PQC Authentication Using FALCON Signatures for Secure Quantum Infrastructures","2025 13th International Conference on Intelligent Embedded, MicroElectronics, Communication and Optical Networks (IEMECON)","","","10.1109/IEMECON69302.2025.11365855","https://ieeexplore.ieee.org/document/11365855/","Quantum key distribution (QKD) enables two remote parties to generate a key that is secured by informationtheoretic principles. However, practical applications continue to be susceptible to vulnerabilities, including man-in-the-middle (MITM) attacks via classical channels. This study enhances the BB84 protocol through the incorporation of decoy-state BB84 and measurement-device-independent (MDI) QKD variants, all unified under a post-quantum cryptographic (PQC) authentication framework. The protocols are implemented in the QuNetSim simulator, with all classical communications authenticated using the Fast Fourier Lattice-based Compact Signatures over NTRU (FALCON) mechanism, providing resilience against quantum-enabled adversaries. Decoy states are utilized via an interleaved sequence of weak and strong optical pulses, with their intensities integrated into authenticated metadata. MDI-QKD utilizes an untrusted replay mechanism, wherein both participating users affix signatures to their measurement outcomes. This study demonstrates that the integration of decoy states, MDI-QKD, and PQC authentication significantly enhances resistance to MITM attacks while maintaining performance, thus enabling practical field implementations. The results indicate that decoy-state BB84 achieves around 20% greater secret-key rates (SKR) compared to regular BB84 and remains secure across distances of up to 200 km. MDI-QKD eliminates detector side-channel vulnerabilities; nonetheless, it results in a reduced secret key rate (SKR). Incorporating FALCON signatures incurs minimal additional processing or bandwidth costs (<2%) and effectively prevents message alteration and replay attacks, significantly complicating the efforts of MITM attackers to bypass security measures.","2025-12","2026-04-09 14:40:27","2026-05-03 10:19:36","2026-04-09 14:39:58","1-5","","","","","","","","","","","","","","","","","","IEEE Xplore","","","<p>Export Date: 02 May 2026; Cited By: 0</p>","/Users/mac/Zotero/storage/5YMRTC2A/Tripathi et al. - 2025 - Integration of Decoy-State and MDI-QKD with PQC Authentication Using FALCON Signatures for Secure Qu.pdf","","Authentication; Network security; Post quantum cryptography; Quantum cryptography; Quantum theory; Fast fourier; Lattice-based; Side channel attack; FALCON; Authentication Protocol; Optical communication; Decoy state; decoy states; Fast fourier lattice-based compact signature over NTRU; Key distribution; Man in the middle; man in the middle attack; Man in the middle attack; Measurement device; measurement device-independent QKD; Measurement device-independent quantum key distribution; post quantum cryptography; Quantum key; Quantum key distribution","","","","","","","","","","","","","","","","","","","","","","","","","","","","","","","","2025 13th International Conference on Intelligent Embedded, MicroElectronics, Communication and Optical Networks (IEMECON)","","","","","","","","","","","","","","",""
"4ERF64D9","journalArticle","2025","Chen, Yong-Tai; Chiu, Yen-Ting; Tu, Hao-Jiun; Huang, Chao-Tsung","Falcon: A Fused-Layer Accelerator With Layer-Wise Hybrid Inference Flow for Computational Imaging CNNs","IEEE Transactions on Very Large Scale Integration (VLSI) Systems","","1557-9999","10.1109/TVLSI.2024.3488042","https://ieeexplore.ieee.org/document/10745739/","Computational imaging (CI) has advanced significantly due to the use of convolutional neural networks (CNNs). Its edge deployment relies on layer fusion to offload the monstrous external memory access (EMA) of feature maps, necessitating the handling of overlapped features either through reusing or recomputing them. Depending on how the boundary-handling strategy is organized, the induced computing complexity and EMA can be optimized. However, state-of-the-art CI accelerators primarily apply homogeneous inference flows, which employ a single overlap-handling strategy throughout the fused layers, limiting their ability to balance computation and data access. In this article, we explore layer-wise optimization in fused-layer CNNs by exploiting hybrid-strategy inference flows and devising a corresponding computing architecture. We categorize layer-wise strategies and put forward a layer-wise hybrid inference flow (LHIF) to integrate their advantages, and we propose an optimization procedure that explicitly analyzes essential figures of merit (FoMs), including throughput, EMA, and energy efficiency. Furthermore, we develop a high-throughput accelerator—Falcon—to efficiently support LHIF under massive parallelism, especially with a time-division-multiplexing (TDM) buffer interface that enables seamless access to feature maps stored in an interleaved manner. Layout results show that the accelerator, delivering 41 TOPS with 1.5 MB of feature-map buffers, supports LHIF while increasing the die area by only 1.4% and power consumption by only 0.7%. Extensive simulations are conducted to demonstrate the versatility of LHIF in working scenarios at operational, design, and system levels. Compared with using homogeneous inference flows, the proposed LHIF achieves Pareto optimality with up to 2.28\times higher throughput and 3.5\times lower EMA.","2025-03","2026-04-09 14:40:27","2026-05-03 10:05:22","2026-04-09 14:39:59","720-732","","3","33","","","Falcon","","","","","","","","","","","","IEEE Xplore","","","<p>Export Date: 02 May 2026; Cited By: 0</p>","/Users/mac/Zotero/storage/AAB73IPI/Chen et al. - 2025 - Falcon A Fused-Layer Accelerator With Layer-Wise Hybrid Inference Flow for Computational Imaging CN.pdf","","Network security; Image coding; Convolutional neural network; Computational imaging; Computational imaging (CI); convolutional neural network (CNN); Convolutional neural networks; External memory access; external memory access (EMA); Hybrid inference; Interface states; layer fusion; Layer fusion; Layer-wise; Multilayer neural networks; Photomapping; Steganography; Time division multiplexing; time-division multiplexing; Time-division multiplexing","","","","","","","","","","","","","","","","","","","","","","","","","","","","","","","","","","","","","","","","","","","","","","",""
"EP3FP6LS","journalArticle","2022","Karabulut, Emre; Alkim, Erdem; Aysu, Aydin","Efficient, Flexible, and Constant-Time Gaussian Sampling Hardware for Lattice Cryptography","IEEE Transactions on Computers","","1557-9956","10.1109/TC.2021.3107729","https://ieeexplore.ieee.org/document/9522059/","This paper proposes a discrete Gaussian sampling hardware design that can flexibly support different sampling parameters, that is more efficient (in area-delay product) compared to the majority of earlier proposals, and that has constant execution time. The proposed design implements a Cumulative Distribution Table (CDT) approach, reduces the table size with Gaussian convolutions, and adopts an innovative fusion tree search algorithm to achieve a compact and fast sampling technique—to our best knowledge, this is the first hardware implementation of fusion tree search algorithm. The proposed hardware can support all the discrete Gaussian distributions used in post-quantum digital signatures and key encapsulation algorithms (FALCON, qTESLA, and FrodoKEM), the homomorphic encryption library of SEAL, and other algorithms such BLISS digital signature and LP public-key encryption. Our proposed hardware can be configured at design-time to optimize a single configuration or at run-time to support multiple Gaussian distribution parameters. Our design, furthermore, has constant-time behavior by design, eliminating timing side-channel attacks—this is achieved by reading all table contents at the same time to also reduce the latency. The results on a Xilinx Virtex-7 FPGA show that our solution can outperform all prior proposals in area-delay product by 1.67–235.88×, only falling short to those designed for the LP encryption scheme.","2022-08","2026-04-09 14:40:27","2026-05-03 10:16:55","2026-04-09 14:40:02","1810-1823","","8","71","","","","","","","","","","","","","","","IEEE Xplore","","","<p>Export Date: 02 May 2026; Cited By: 11</p>; <p>Export Date: 02 May 2026; Cited By: 11; Correspondence Address: E. Karabulut; North Carolina State University, Department of Electrical and Computer Engineering, 27606, United States; email: ekarabu@ncsu.edu; CODEN: ITCOB</p>","/Users/mac/Zotero/storage/CAK82R9I/Karabulut et al. - 2022 - Efficient, Flexible, and Constant-Time Gaussian Sampling Hardware for Lattice Cryptography.pdf","","Quantum theory; Side channel attack; FPGA; Hardware implementations; Public key cryptography; Cumulative distribution; Trees (mathematics); Product design; Gaussian distribution; Discrete gaussian sampling; Digital libraries; Gaussian convolution; Ho-momorphic encryptions; lattice cryptography; Learning algorithms; Public-key encryption; Single configuration; Timing side channels; Tree search algorithm","","","","","","","","","","","","","","","","","","","","","","","","","","","","","","","","","","","","","","","","","","","","","","",""
"9SNCCZJM","journalArticle","2019","Zhang, Chen; Sun, Guangyu; Fang, Zhenman; Zhou, Peipei; Pan, Peichen; Cong, Jason","Caffeine: Toward Uniformed Representation and Acceleration for Deep Convolutional Neural Networks","IEEE Transactions on Computer-Aided Design of Integrated Circuits and Systems","","1937-4151","10.1109/TCAD.2017.2785257","https://ieeexplore.ieee.org/document/8497058/","With the recent advancement of multilayer convolutional neural networks (CNNs) and fully connected networks (FCNs), deep learning has achieved amazing success in many areas, especially in visual content understanding and classification. To improve the performance and energy efficiency of the computation-demanding CNN, the FPGA-based acceleration emerges as one of the most attractive alternatives. In this paper, we design and implement Caffeine, a hardware/software co-designed library to efficiently accelerate the entire CNN and FCN on FPGAs. First, we propose a uniformed convolutional matrix-multiplication representation for both computation-bound convolutional layers and communication-bound FCN layers. Based on this representation, we optimize the accelerator microarchitecture and maximize the underlying FPGA computing and bandwidth resource utilization based on a revised roofline model. Moreover, we design an automation flow to directly compile highlevel network definitions to the final FPGA accelerator. As a case study, we integrate Caffeine into the industry-standard software deep learning framework Caffe. We evaluate Caffeine and its integration with Caffe by implementing VGG16 and AlexNet networks on multiple FPGA platforms. Caffeine achieves a peak performance of 1460 giga fixed point operations per second on a medium-sized Xilinx KU060 FPGA board; to our knowledge, this is the best published result. It achieves more than 100× speedup on FCN layers over prior FPGA accelerators. An end-to-end evaluation with Caffe integration shows up to 29× and 150× performance and energy gains over Caffe on a 12-core Xeon server, and 5.7× better energy efficiency over the GPU implementation. Performance projections for a system with a high-end FPGA (Virtex7 690t) show even higher gains.","2019-11","2026-04-09 14:40:27","2026-05-03 10:39:03","2026-04-09 14:40:03","2072-2085","","11","38","","","Caffeine","","","","","","","","","","","","IEEE Xplore","","","","/Users/mac/Zotero/storage/Q6APS36H/Zhang et al. - 2019 - Caffeine Toward Uniformed Representation and Acceleration for Deep Convolutional Neural Networks.pdf","","","","","","","","","","","","","","","","","","","","","","","","","","","","","","","","","","","","","","","","","","","","","","","","",""
"SUM59MXS","conferencePaper","2019","Nguyen, Duc Tri; Dang, Viet B.; Gaj, Kris","A High-Level Synthesis Approach to the Software/Hardware Codesign of NTT-Based Post-Quantum Cryptography Algorithms","2019 International Conference on Field-Programmable Technology (ICFPT)","","","10.1109/ICFPT47387.2019.00070","https://ieeexplore.ieee.org/document/8977896/","Due to an emerging threat of quantum computing, one of the major challenges facing the cryptographic community is a timely transition from traditional public-key cryptosystems, such as RSA and Elliptic Curve Cryptography, to a new class of algorithms, collectively referred to as Post-Quantum Cryptography (PQC). Several promising candidates for a new PQC standard can have their software and hardware implementations accelerated using the Num-ber Theoretic Transform (NTT). In this paper, we present an improved hardware architecture for NTT, with the hardware-friendly modular reduction, and demonstrate that this architecture can be efficiently implemented in hardware using High-Level Synthesis (HLS). The novel feature of the proposed architecture is an original memory write-back scheme, which assists in preparing coefficients for performing later NTT stages, saving memory storage used for precomputed constants. Our design is the most efficient for the case when log2N is even. The latency of our proposed architecture is approximately equal to (N log2(N) +3N)/4 clock cycles. As a proof of concept, we implemented the NTT operation for several parameter sets used in the PQC algorithms NewHope, FALCON, qTESLA, and CRYSTALS-DILITHIUM.","2019-12","2026-04-09 14:40:27","2026-05-03 09:34:30","2026-04-09 14:40:05","371-374","","","","","","","","","","","","","","","","","","IEEE Xplore","","","<p>Export Date: 02 May 2026; Cited By: 38</p>","/Users/mac/Zotero/storage/Z7ZMVSUR/Nguyen et al. - 2019 - A High-Level Synthesis Approach to the SoftwareHardware Codesign of NTT-Based Post-Quantum Cryptogr.pdf","","Post quantum cryptography; Quantum computers; Quantum cryptography; Lattice-based; Post-Quantum cryptography; Public key cryptography; Hardware-software codesign; Memory architecture; Software/hardware co designs; Cryptographic community; Elliptic curve cryptography; High level synthesis; High-Level Synthesis; Number Theoretic Transform; Precomputed constants; programmable logic; Proposed architectures; Public key cryptosystems; Software and hardwares","","","","","","","","","","","","","","","","","","","","","","","","","","","","","","","","2019 International Conference on Field-Programmable Technology (ICFPT)","","","","","","","","","","","","","","",""
"3ZHPUTIQ","conferencePaper","2018","Cong, Jason; Wei, Peng; Yu, Cody Hao; Zhang, Peng","Automated Accelerator Generation and Optimization with Composable, Parallel and Pipeline Architecture","2018 55th ACM/ESDA/IEEE Design Automation Conference (DAC)","","","10.1109/DAC.2018.8465940","https://ieeexplore.ieee.org/document/8465940/","CPU-FPGA heterogeneous architectures feature flexible acceleration of many workloads to advance computational capabilities and energy efficiency in today's datacenters. This advantage, however, is often overshadowed by the poor programmability of FPGAs. Although recent advances in high-level synthesis (HLS) significantly improve the FPGA programmability, it still leaves programmers facing the challenge of identifying the optimal design configuration in a tremendous design space. In this paper we propose the composable, parallel and pipeline (CPP) microarchitecture as an accelerator design template to substantially reduce the design space. Also, by introducing the CPP analytical model to capture the performance-resource trade-offs, we achieve efficient, analytical-based design space exploration. Furthermore, we develop the AutoAccel framework to automate the entire accelerator generation process. Our experiments show that the AutoAccel-generated accelerators outperform their corresponding software implementations by an average of 72x for a broad class of computation kernels.","2018-06","2026-04-09 14:40:27","2026-05-03 09:48:52","2026-04-09 14:40:07","1-6","","","","","","","","","","","","","","","","","","IEEE Xplore","","","","/Users/mac/Zotero/storage/H4DQXN6R/Cong et al. - 2018 - Automated Accelerator Generation and Optimization with Composable, Parallel and Pipeline Architectur.pdf","","","","","","","","","","","","","","","","","","","","","","","","","","","","","","","","","","2018 55th ACM/ESDA/IEEE Design Automation Conference (DAC)","","","","","","","","","","","","","","",""
"BRIPQEPL","conferencePaper","2022","Kamucheka, Tendayi; Nelson, Alexander; Andrews, David; Huang, Miaoqing","A Masked Pure-Hardware Implementation of Kyber Cryptographic Algorithm","2022 International Conference on Field-Programmable Technology (ICFPT)","","","10.1109/ICFPT56656.2022.9974404","https://ieeexplore.ieee.org/document/9974404/","Quantum computing-specifically Shor's algorithm [1]-presents an existential threat to some standard cryptographic algorithms. In preparation, post-quantum cryptography (PQC) algorithms have been in development and are nearing mathematical and cryptanalytic maturity. Standardization efforts through the National Institute of Standards and Technology (NIST) PQC standardization process have chosen one PKE/KEM algorithm (i.e., CRYSTALS-Kyber) and three digital signature algorithms (i.e., CRYSTALS-Dilithium, Falcon, and SPHINCS+). CRYSTALS-Kyber is a lattice-based, IND-CCA2-secure, key-encapsulation mechanism (KEM) based on the learning-with-errors problem over module lattices. This paper presents a masked hardware implementation of Kyber that is demonstrably secure against side-channel power analysis methods.","2022-12","2026-04-09 14:40:27","2026-05-03 09:34:46","2026-04-09 14:40:08","1-1","","","","","","","","","","","","","","","","","","IEEE Xplore","","","<p>Export Date: 02 May 2026; Cited By: 23</p>","/Users/mac/Zotero/storage/GJZMSVLZ/Kamucheka et al. - 2022 - A Masked Pure-Hardware Implementation of Kyber Cryptographic Algorithm.pdf","","Post quantum cryptography; Quantum Computing; Quantum cryptography; Digital signature algorithms; Side channel attack; Hardware implementations; National Institute of Standards and Technology; Standardization; Key encapsulation mechanisms; Public key cryptography; Cryptographic algorithms; Cryptography algorithms; Standardization process; Shor's algorithms","","","","","","","","","","","","","","","","","","","","","","","","","","","","","","","","2022 International Conference on Field-Programmable Technology (ICFPT)","","","","","","","","","","","","","","",""
"PCLQ9FX5","conferencePaper","2025","Mao, Jin; Zhu, Yongtao; Zhu, Xiaofang","Application Development and Design of Software Radar for Urban Anti-drone","2025 6th International Conference on Electronic Communication and Artificial Intelligence (ICECAI)","","","10.1109/ICECAI66283.2025.11170928","https://ieeexplore.ieee.org/document/11170928/","In this paper, an open layered architecture is used to realize the applied design of software-based radar for urban antidrone, which supports “requirements can be customized, software can be reconfigurable, hardware can be reconfigurable”, effectively shortening the system development cycle and reducing the development cost. The software adopts a modular development mode, which can support the rapid reconfiguration of the system workflow.","2025-06","2026-04-09 14:40:27","2026-05-03 09:44:37","2026-04-09 14:40:09","684-688","","","","","","","","","","","","","","","","","","IEEE Xplore","","","","/Users/mac/Zotero/storage/F32H37D6/Mao et al. - 2025 - Application Development and Design of Software Radar for Urban Anti-drone.pdf","","","","","","","","","","","","","","","","","","","","","","","","","","","","","","","","","","2025 6th International Conference on Electronic Communication and Artificial Intelligence (ICECAI)","","","","","","","","","","","","","","",""
"RAXYY5PC","journalArticle","2025","Dai, Ruihao; Dong, Jiankuo; Qiu, Mingrui; Dong, Zhenjiang; Xiao, Fu; Lin, Jingqiang","GOLF: Unleashing GPU-Driven Acceleration for FALCON Post-Quantum Cryptography","IEEE Transactions on Information Forensics and Security","","1556-6021","10.1109/TIFS.2025.3599681","https://ieeexplore.ieee.org/document/11129029/","Quantum computers leverage qubits to solve certain computational problems significantly faster than classical computers. This capability poses a severe threat to traditional cryptographic algorithms, leading to the rise of post-quantum cryptography (PQC) designed to withstand quantum attacks. FALCON, a lattice-based signature algorithm, has been selected by the National Institute of Standards and Technology (NIST) as part of its post-quantum cryptography standardization process. However, due to the computational complexity of PQC, especially in cloud-based environments, throughput limitations during peak demand periods have become a bottleneck, particularly for FALCON. In this paper, we introduce GOLF (GPU-accelerated Optimization for Lattice-based FALCON), a novel GPU-based parallel acceleration framework for FALCON. GOLF includes algorithm porting to the GPU, compatibility modifications, multi-threaded parallelism with distinct data, single-thread optimization for single tasks, and specific enhancements to the Fast Fourier Transform (FFT) module within FALCON. Our approach achieves unprecedented performance in FALCON acceleration on GPUs, setting the highest throughput record in the history of FALCON digital signature generation and verification. On the NVIDIA RTX 4090, GOLF reaches a signature generation throughput of 420.25 kops/s and a signature verification throughput of 10,311.04 kops/s. These results represent a 58.05\times / 73.14\times improvement over the reference FALCON implementation and a 7.17\times / 3.79\times improvement compared to the fastest known GPU implementation to date. Additionally, since we have not modified the content of the algorithm, but only optimized its engineering implementation, the security of the algorithm has not changed, and the security of the original algorithm has been maintained. GOLF demonstrates that GPU acceleration is not only feasible for post-quantum cryptography but also crucial for addressing throughput bottlenecks in real-world applications.","2025","2026-04-09 14:40:27","2026-05-03 10:09:39","2026-04-09 14:40:11","9441-9453","","","20","","","GOLF","","","","","","","","","","","","IEEE Xplore","","","<p>Export Date: 02 May 2026; Cited By: 1</p>; <p>Export Date: 02 May 2026; Cited By: 1</p>","","","Authentication; Post quantum cryptography; Quantum cryptography; Lattice-based; Post-quantum cryptography; Acceleration; Qubits; FALCON; Throughput; Program processors; Quanta computers; Optimisations; Signature verification; Graphics processing unit; GPU; Signature generation; CUDA; Computational problem; GPU-accelerated; Sports","","","","","","","","","","","","","","","","","","","","","","","","","","","","","","","","","","","","","","","","","","","","","","",""
"5WGRVQVS","conferencePaper","2025","Chen, Shuyi; Ming, Jingdian; Liu, Yuejun; Gao, Yiwen; Zhou, Yongbin","Masked Gadgets for Integer-Floating-Point Conversion with Applications to Falcon","2025 IEEE 43rd International Conference on Computer Design (ICCD)","","2576-6996","10.1109/ICCD65941.2025.00078","https://ieeexplore.ieee.org/document/11310958/","Falcon has been selected by the National Institute of Standards and Technology (NIST) as one of the standardized post-quantum digital signature algorithms. Unlike other candidate algorithms, Falcon relies heavily on floating-point operations, which are known to be vulnerable to side-channel attacks (SCAs). Although recent research proposes masking schemes for basic floating-point operations, secure conversion between integer and floating-point representations remains unaddressed. These conversions operate directly on the private key or other sensitive variables and therefore constitute a potential attack surface. This paper proposes new masking gadgets that securely perform conversions between integers and floating-point representations, addressing this previously unprotected surface. As part of the design, we optimize existing normalization and floating-point composition components to support the conversion process. We formally prove that our gadgets satisfy t-Non-Interference (t-\textNI) or t-Strong Non-Interference (t-SNI) in the probing model and evaluate their side-channel resistance using Test Vector Leakage Assessment (TVLA) on an Arm Cortex-M4 processor. We also assess performance on an Intel Core CPU, where the optimized normalization and floating-point composition components demonstrate improvements of approximately 47.6 % and 10.8 %, respectively, over prior work.","2025-11","2026-04-09 14:40:27","2026-05-03 10:05:25","2026-04-09 14:40:18","507-514","","","","","","","","","","","","","","","","","","IEEE Xplore","","ISSN: 2576-6996","<p>Export Date: 02 May 2026; Cited By: 0; Correspondence Address: S. Chen; School of Cyber Science and Engineering, Nanjing University of Science and Technology, Nanjing, China; email: chenshuyi@njust.edu.cn; J. Ming; School of Cyber Science and Engineering, Nanjing University of Science and Technology, Nanjing, China; email: mingjingdian@njust.edu.cn; Y. Liu; School of Cyber Science and Engineering, Nanjing University of Science and Technology, Nanjing, China; email: liuyuejun@njust.edu.cn; Y. Gao; School of Cyber Science and Engineering, Nanjing University of Science and Technology, Nanjing, China; email: gaoyiwen@njust.edu.cn; Y. Zhou; School of Cyber Science and Engineering, Nanjing University of Science and Technology, Nanjing, China; email: zhouyongbin@njust.edu.cn; CODEN: PIIPE</p>","/Users/mac/Zotero/storage/CR2KXDFN/Chen et al. - 2025 - Masked Gadgets for Integer-Floating-Point Conversion with Applications to Falcon.pdf","","Authentication; Falcon; Network security; Post quantum cryptography; Quantum cryptography; Side channel attack; Post-Quantum Cryptography; Digital arithmetic; Floating points; Program processors; Floating point operations; ARM processors; Masking; Integer point; Integer-floatingpoint conversion; Integer-FloatingPoint Conversion; Non interference; Normalisation; Point representations; Speech communication","","","","","","","","","","","","","","","","","","","","","","","","","","","","","","","","2025 IEEE 43rd International Conference on Computer Design (ICCD)","","","","","","","","","","","","","","",""
"UXRALBK5","journalArticle","2026","Chen, Shuyi; Shao, Honglin; Ming, Jingdian; Liu, Yuejun; Gao, Yiwen; Zhou, Yongbin","SERP-SCA: A Strengthened Side-Channel Attack Framework for FALCON Signature","IEEE Transactions on Computer-Aided Design of Integrated Circuits and Systems","","1937-4151","10.1109/TCAD.2025.3608056","https://ieeexplore.ieee.org/document/11153992/","The National Institute of Standards and Technology (NIST) has selected Falcon as one of the standardized post-quantum digital signature algorithms, making the security of Falcon against side-channel attacks (SCAs) a critical area of concern. This article introduces SERP-SCA, a strengthened SCA framework for Falcon, which exploits leakage from floating-point multiplications to recover secret floating-point values, which can subsequently be mapped to the coefficients of the secret key. The framework adopts a divide-and-conquer strategy to target the mantissa, exponent, and sign bit of floating-point values, with specialized optimizations for attacks on the mantissa and exponent. For mantissa attacks, SERP-SCA integrates bit segmentation with a sequential attack strategy to fully exploit the leakage from mantissa multiplication and incorporates an error-correction mechanism (EC-Mechanism) to further enhance attack efficiency. For exponent attacks, SERP-SCA leverages fast Fourier transform (FFT) properties to narrow the enumeration space, significantly improving time efficiency. We conduct practical attacks on Falcon-512 and Falcon-1024 implementations running on ARM Cortex-M4. Compared with state-of-the-art methods, SERP-SCA achieves an improvement of 22.11% in success rate (SR) for Falcon-512 and 18.64% for Falcon-1024, with remarkable time efficiency gains of around 195 369\times and 183 175\times for mantissa attacks, and 180\times and 185\times for exponent attacks, respectively.","2026-04","2026-04-09 14:40:27","2026-05-03 10:05:23","2026-04-09 14:40:20","2028-2040","","4","45","","","SERP-SCA","","","","","","","","","","","","IEEE Xplore","","","<p>Export Date: 02 May 2026; Cited By: 0</p>; <p>Export Date: 02 May 2026; Cited By: 0; CODEN: ITCSD</p>","/Users/mac/Zotero/storage/3KFRSAL6/Chen et al. - 2026 - SERP-SCA A Strengthened Side-Channel Attack Framework for FALCON Signature.pdf","","Authentication; Falcon; Network security; Post quantum cryptography; Quantum cryptography; Digital signature algorithms; Fast fourier; Post quantum; Side channel attack; Side-channel attacks; Digital arithmetic; Fast Fourier transforms; Quantum digital signatures; Error correction; Floating points; Efficiency; fast Fourier transform (FFT); Point value; post-quantum cryptography (PQC); side-channel attacks (SCAs); Time efficiencies","","","","","","","","","","","","","","","","","","","","","","","","","","","","","","","","","","","","","","","","","","","","","","",""
"ZWG2S23D","journalArticle","2024","Mandal, Suraj; Basu Roy, Debapriya","Winograd for NTT: A Case Study on Higher-Radix and Low-Latency Implementation of NTT for Post Quantum Cryptography on FPGA","IEEE Transactions on Circuits and Systems I: Regular Papers","","1558-0806","10.1109/TCSI.2024.3470335","https://ieeexplore.ieee.org/document/10711850/","Number Theoretic Transform (NTT) plays an important role in efficiently implementing lattice-based cryptographic algorithms like CRYSTALS-Kyber, Dilithium, and FALCON. Existing implementations of NTT for these algorithms are mostly based on radix-2 or radix-4 realization of Cooley-Tukey and Gentleman-Sande architectures. In this work, we explore an alternative method of performing NTT known as Winograd’s NTT that requires fewer number of modular multipliers than the conventional Coole-Tukey/Gentleman-Sande for higher radix NTT. We have proposed three different low-latency implementations of Winograd’s NTT, applicable to CRYSTALS-Dilithium, FALCON, and CRYSTALS-Kyber, respectively. Our first implementation of Winograd NTT focuses on radix-16 NTT multiplication unit for polynomials of length 256 and can be directly used for CRYSTALS-Dilithium. The NTT of CRYSTALS-Dilithium is also benefited from our proposed K-RED modular multiplication. Our radix-16-based Winograd outperforms existing Cooley-Tukey/Gentleman-Sande based NTT multipliers of CRYSTALS-Dilithium. Our second implementation of NTT is based on radix-8 Winograd structure with a novel modular multiplication method that targets polynomials of length 512 and can be directly applied for FALCON. For CRYSTALS-Kyber, we have designed a radix-16 Winograd Butterfly Unit (BFU) that can be configured as two parallel radix-8 Winograd BFUs during mixed-radix computation. To the best of our knowledge, this is the first work that applied the Winograd technique for NTT multiplication for post-quantum secure lattice-based cryptographic algorithms.","2024-12","2026-04-09 14:40:27","2026-05-03 10:18:33","2026-04-09 14:40:22","6396-6409","","12","71","","","Winograd for NTT","","","","","","","","","","","","IEEE Xplore","","","<p>Export Date: 02 May 2026; Cited By: 16</p>","","","Dilithium; Quantum cryptography; Lattice-based; Digital arithmetic; Quantum optics; Cryptographic algorithms; FALCON; Number theory; High radix; Polynomials; Low latency; Crystal lattices; CRYSTALS-dilithium; CRYSTALS-Dilithium; CRYSTALS-kyber; CRYSTALS-Kyber; Lattice theory; Linearization; Number theoretic transformation; Number theoretic transformation (NTT); Winograd","","","","","","","","","","","","","","","","","","","","","","","","","","","","","","","","","","","","","","","","","","","","","","",""
"ZUIV9IBG","conferencePaper","2022","Lee, Jihye; Kim, Whijin; Kim, Sohyeon; Kim, Ji-Hoon","Post-Quantum Cryptography Coprocessor for RISC-V CPU Core","2022 International Conference on Electronics, Information, and Communication (ICEIC)","","2767-7699","10.1109/ICEIC54506.2022.9748834","https://ieeexplore.ieee.org/document/9748834/","The importance of PQC (Post-Quantum Cryptography) is highly emphasized according to the advancement of quantum computing technology and emergence of Shor's algorithm. Various PQC algorithms are developed but their high computational complexity makes implementation challenging. Dedicated hardware accelerator lacks flexibility to new algorithms and software implementation requires high execution time. We propose a PQC coprocessor with RISC-V ISA(Instruction Set Architecture) extension supporting not only round-3 candidates in NIST(National Institute of Standards and Technology) PQC standardization process including CRYSTALS-KYBER, CRYSTALS-DILITHIUM, FrodoKEM, SABER, NTRU and Falcon, but also upcoming new algorithms. Proposed architecture supports Keccak, NTT (Number Theoretic Transform), sampling and arithmetic operations including conditional addition and subtraction. The proposed PQC ISA extension includes RISC-V scalar cryptography and bit-manipulation extension. The coprocessor can be attached to baseline RISC-V CPU core through coprocessor interface. PQC instruction considered invalid by CPU core is offloaded through coprocessor interface.","2022-02","2026-04-09 14:40:27","2026-05-03 10:36:42","2026-04-09 14:40:24","1-2","","","","","","","","","","","","","","","","","","IEEE Xplore","","ISSN: 2767-7699","<p>Export Date: 02 May 2026; Cited By: 8</p>","","","Post quantum cryptography; Quantum Computing; Quantum cryptography; Post-quantum cryptography; Quantum optics; Qubits; Cryptography algorithms; Crystals; Computer architecture; RISC-V; Shor's algorithms; Co-processors; Instruction set architecture; Chromium compounds; Computing technology; Coprocessor; CPU cores; Dedicated hardware","","","","","","","","","","","","","","","","","","","","","","","","","","","","","","","","2022 International Conference on Electronics, Information, and Communication (ICEIC)","","","","","","","","","","","","","","",""
"72TZQ2SB","conferencePaper","2018","Tejada, Ernesto Palo; Falcon, Victoria Campos; Cayo, Eber Huanca","Design and implementation of a low cost particulate material transducer","2018 IEEE International Instrumentation and Measurement Technology Conference (I2MTC)","","","10.1109/I2MTC.2018.8409523","https://ieeexplore.ieee.org/document/8409523/","This work presents the design, implementation, calibration and test of a transducer system for Particle Material - PM based on the sensor GP2Y1010. This sensor is the principal element of many commercial PM transducers, but its sensitivity for environmental perturbations (such as humidity, temperature, etc.) implies the using of complex instrumentation circuits which increases the final price of this product. In this work is proposed a low cost PM transducer, the main characteristics of its instrumentation circuit are detailed. The characteristics of the proposed transducer such as resolution, precision, range of measurement, temperature operation are near among of the characteristics of commercial transducers. The purpose of this transducer is the monitoring of particle material due to mining activity around the Arequipa city, since the particle material concentration out of permissible range is a potential risk for the public health, in this sense the measurement with a reliable and low cost device is a challenging task.","2018-05","2026-04-09 14:40:27","2026-05-03 10:19:56","2026-04-09 14:40:25","1-5","","","","","","","","","","","","","","","","","","IEEE Xplore","","","","","","","","","","","","","","","","","","","","","","","","","","","","","","","","","","","","","","2018 IEEE International Instrumentation and Measurement Technology Conference (I2MTC)","","","","","","","","","","","","","","",""
"AS9ANHAJ","conferencePaper","2025","Dolmeta, Alessandra; Piscopo, Valeria; Mirigaldi, Mattia; Martina, Maurizio; Masera, Guido","RISC-V Based Keccak Co-Processor for NIST Post-Quantum Cryptography Standards","2025 IEEE International Symposium on Circuits and Systems (ISCAS)","","2158-1525","10.1109/ISCAS56072.2025.11043433","https://ieeexplore.ieee.org/document/11043433/","This paper presents the design and implementation of a RISC-V-based Keccak co-processor optimized for Post-Quantum Cryptography (PQC) algorithms. Leveraging the Core-V eXtension InterFace (CV-X-IF), the co-processor extends the Instruction Set Architecture (ISA) with three custom instructions tailored for cryptographic operations. This allows seamless integration into various PQC schemes, tested across the multiple standards proposed by the National Institute of Standards and Technology (NIST), including CRYSTALS-Kyber, CRYSTALS-Dilithium, SPHINCS+, and FALCON, which are designed to withstand quantum attacks. By employing tightly coupled hardware acceleration, the Keccak co-processor dramatically reduces the computational overhead of hash-based operations central to these algorithms. The implementation is realized on a Xilinx Artix 7 FPGA, achieving a clock cycles’ improvement up to 75% and 19% resource overhead. The results presented herein demonstrate significant performance enhancement over the state of the art, underscoring its effectiveness for cryptographic applications.","2025-05","2026-04-09 14:40:27","2026-05-03 10:10:23","2026-04-09 14:40:27","1-5","","","","","","","","","","","","","","","","","","IEEE Xplore","","ISSN: 2158-1525","<p>Export Date: 02 May 2026; Cited By: 0</p>","","","Hardware security; Post quantum cryptography; Quantum cryptography; Field programmable gate arrays (FPGA); FPGA; Post-Quantum Cryptography; Integrated circuit design; National Institute of Standards and Technology; Cryptography algorithms; Reduced instruction set computing; RISC-V; Co-processors; Core-V extension interface; Core-V eXtension InterFace; Cryptographic operations; Custom instruction; Design and implementations; Instruction set architecture","","","","","","","","","","","","","","","","","","","","","","","","","","","","","","","","2025 IEEE International Symposium on Circuits and Systems (ISCAS)","","","","","","","","","","","","","","",""
"6LPWGXGK","journalArticle","2025","Ye, Zewen; Huang, Junhao; Huang, Tianshun; Bai, Yudan; Li, Jinze; Zhang, Hao; Li, Guangyan; Chen, Donglong; Cheung, Ray C. C.; Huang, Kejie","PQNTRU: Acceleration of NTRU-Based Schemes via Customized Post-Quantum Processor","IEEE Transactions on Computers","","1557-9956","10.1109/TC.2025.3540647","https://ieeexplore.ieee.org/document/10880097/","Post-quantum cryptography (PQC) has rapidly evolved in response to the emergence of quantum computers, with the US National Institute of Standards and Technology (NIST) selecting four finalist algorithms for PQC standardization in 2022, including the Falcon digital signature scheme. Hawk is currently the only lattice-based candidate in NIST Round 2 additional signatures. Falcon and Hawk are based on the NTRU lattice, offering compact signatures, fast generation, and verification suitable for deployment on resource-constrained Internet-of-Things (IoT) devices. Despite the popularity of ML-DSA and ML-KEM, research on NTRU-based schemes has been limited due to their complex algorithms and operations. Falcon and Hawk's performance remains constrained by the lack of parallel execution in crucial operations like the Number Theoretic Transform (NTT) and Fast Fourier Transform (FFT), with data dependency being a significant bottleneck. This paper enhances NTRU-based schemes Falcon and Hawk through hardware/software co-design on a customized Single-Instruction-Multiple-Data (SIMD) processor, proposing new SIMD hardware units and instructions to expedite these schemes along with software optimizations to boost performance. Our NTT optimization includes a novel layer merging technique for SIMD architecture to reduce memory accesses, and the use of modular algorithms (Signed Montgomery and Improved Plantard) targets various modulus data widths to enhance performance. We explore applying layer merging to accelerate fixed-point FFT at the SIMD instruction level and devise a dual-issue parser to streamline assembly code organization to maximize dual-issue utilization. A System-on-chip (SoC) architecture is devised to improve the practical application of the processor in real-world scenarios. Evaluation on 28 nmnm technology and field programmable gate array (FPGA) platform shows that our design and optimizations can increase the performance of Hawk signature generation and verification by over 7\times×.","2025-05","2026-04-09 14:51:25","2026-05-03 09:56:06","2026-04-09 14:51:25","1649-1662","","5","74","","","PQNTRU","","","","","","","","","","","","IEEE Xplore","","","<p>Export Date: 02 May 2026; Cited By: 7</p>; <p>Export Date: 02 May 2026; Cited By: 7; Correspondence Address: K. Huang; Zhejiang University, College of Information Science & Electronic Engineering, Hangzhou, 310027, China; email: huangkejie@zju.edu.cn; CODEN: ITCOB</p>","/Users/mac/Zotero/storage/7QDPCUPS/Ye et al. - 2025 - PQNTRU Acceleration of NTRU-Based Schemes via Customized Post-Quantum Processor.pdf","","Falcon; Post quantum cryptography; Fast fourier; Quantum electronics; Post-quantum cryptography; falcon; Integrated circuit design; National Institute of Standards and Technology; Performance; Benchmarking; Hardware-software codesign; NTRU; Fast Fourier transforms; Number-theoretic transforms; System-on-chip; Systems-on-Chip; Digital storage; RISC-V; Analog storage; Parallel architectures; Fourier series; hawk; Hawk; system-on-chip","","","","","","","","","","","","","","","","","","","","","","","","","","","","","","","","","","","","","","","","","","","","","","",""
"H56T4YC3","conferencePaper","2019","Karmakar, Angshuman; Roy, Sujoy Sinha; Vercauteren, Frederik; Verbauwhede, Ingrid","Pushing the speed limit of constant-time discrete Gaussian sampling - A case study on the Falcon signature scheme","2019 56th ACM/IEEE Design Automation Conference (DAC)","","0738-100X","","https://ieeexplore.ieee.org/document/8806866/","Sampling from a discrete Gaussian distribution has applications in lattice-based post-quantum cryptography. Several efficient solutions have been proposed in recent years. However, making a Gaussian sampler secure against timing attacks turned out to be a challenging research problem. In this work, we present a toolchain to instantiate an efficient constant-time discrete Gaussian sampler of arbitrary standard deviation and precision. We observe an interesting property of the mapping from input random bit strings to samples during a Knuth-Yao sampling algorithm and propose an efficient way of minimizing the Boolean expressions for the mapping. Our minimization approach results in up to 37% faster discrete Gaussian sampling compared to the previous work. Finally, we apply our optimized and secure Gaussian sampler in the lattice-based digital signature algorithm Falcon, which is a NIST submission, and provide experimental evidence that the overall performance of the signing algorithm degrades by at most 33% only due to the additional overhead of ‘constant-time’ sampling, including the 60% overhead of random number generation. Breaking a general belief, our results indirectly show that the use of discrete Gaussian samples in digital signature algorithms would be beneficial.CCS CONCEPTS• Security and privacy \rightarrow Side-channel analysis and counter-measures; Digital signatures; Hardware attacks and countermeasures; Cryptography.","2019-06","2026-04-09 16:26:17","2026-05-03 10:17:17","2026-04-09 16:25:58","1-6","","","","","","","","","","","","","","","","","","IEEE Xplore","","ISSN: 0738-100X","<p>Export Date: 02 May 2026; Cited By: 21; CODEN: PDAWD</p>","/Users/mac/Zotero/storage/SH8DFECS/Karmakar et al. - 2019 - Pushing the speed limit of constant-time discrete Gaussian sampling - A case study on the Falcon sig.pdf","","Authentication; Post quantum cryptography; Quantum cryptography; Digital signature algorithms; Mapping; Random number generation; Sampling algorithm; Gaussian distribution; Computer aided design; Standard deviation; Boolean expressions; Experimental evidence; Frequency standards; Research problems; Signing algorithm","","","","","","","","","","","","","","","","","","","","","","","","","","","","","","","","2019 56th ACM/IEEE Design Automation Conference (DAC)","","","","","","","","","","","","","","",""
"QNEG5GXW","journalArticle","2020","Zhao, Raymond K.; Steinfeld, Ron; Sakzad, Amin","FACCT: FAst, Compact, and Constant-Time Discrete Gaussian Sampler over Integers","IEEE Transactions on Computers","","1557-9956","10.1109/TC.2019.2940949","https://ieeexplore.ieee.org/document/8834816/","The discrete Gaussian sampler is one of the fundamental tools in implementing lattice-based cryptosystems. However, a naive discrete Gaussian sampling implementation suffers from side-channel vulnerabilities, and the existing countermeasures usually introduce significant overhead in either the running speed or the memory consumption. In this paper, we propose a fast, compact, and constant-time implementation of the binary sampling algorithm, originally introduced in the BLISS signature scheme. Our implementation adapts the Rényi divergence and the transcendental function polynomial approximation techniques. The efficiency of our scheme is independent of the standard deviation, and we show evidence that our implementations are either faster or more compact than several existing constant-time samplers. In addition, we show the performance of our implementation techniques applied to and integrated with two existing signature schemes: qTesla and Falcon. On the other hand, the convolution theorems are typically adapted to sample from larger standard deviations, by combining samples with much smaller standard deviations. As an additional contribution, we show better parameters for the convolution theorems.","2020-01","2026-04-09 16:26:17","2026-05-03 10:39:01","2026-04-09 16:26:06","126-137","","1","69","","","FACCT","","","","","","","","","","","","IEEE Xplore","","","<p>Export Date: 02 May 2026; Cited By: 34</p>; <p>Export Date: 02 May 2026; Cited By: 34; Correspondence Address: R.K. Zhao; Faculty of Information Technology, Monash University, Clayton, 3800, Australia; email: raymond.zhao@monash.edu; CODEN: ITCOB</p>","/Users/mac/Zotero/storage/2AWFJMY9/Zhao et al. - 2020 - FACCT FAst, Compact, and Constant-Time Discrete Gaussian Sampler over Integers.pdf","","Authentication; Lattice-based; Gaussians; Cryptography; efficiency; Gaussian distribution; Sampling; Efficiency; Convolution; Constant time; Polynomial approximation; implementation; constant-time; Convolution theorems; discrete Gaussian sampling; Implementation techniques; Lattice-based crypto; Memory consumption; Statistics; Transcendental functions","","","","","","","","","","","","","","","","","","","","","","","","","","","","","","","","","","","","","","","","","","","","","","",""
"8HK7JN9B","conferencePaper","2019","Yang, Chen; Geng, Tong; Wang, Tianqi; Lin, Charles; Sheng, Jiayi; Sachdeva, Vipin; Sherman, Woody; Herbordt, Martin","Molecular Dynamics Range-Limited Force Evaluation Optimized for FPGAs","2019 IEEE 30th International Conference on Application-specific Systems, Architectures and Processors (ASAP)","","2160-052X","10.1109/ASAP.2019.00016","https://ieeexplore.ieee.org/document/8825132/","FPGA Molecular Dynamics was much studied from 2004-2010. Due to limited chip resources of that era, and the inherent variety and complexity of tasks comprising Molecular Dynamics simulations (MD), those FPGA accelerators relied on host or embedded processors to organize and pre-process input and output data. This introduced long latency for data movement between simulation iterations and, as technology advanced, drastically limited performance. Current generation FPGAs are equipped not only with abundant on-chip resources, but also have hardware support for floating point operations; these advances provide an opportunity for creating self-contained MD simulation systems on a single device. In this paper, we demonstrate such a system based on the range-limited force, which comprises 90% of the flops in a typical MD simulation. It features online particle-pair generation, hundreds of force evaluation pipelines, motion update, and particle data migration. We integrate into OpenMM and find that, for a representative dataset (liquid argon with 20K atoms), we can achieve a simulation throughput of 1.4us/day with a single FPGA, more than twice the performance of a comparable generation GPU. The bulk of the work presented here explores the design of an independent MD range-limited force evaluation system tailored for modern FPGAs without data exchange with any off-chip devices. The primary contributions are the designs of the new features, the methods for coupling those features into an integrated system, and, especially, the analysis of the most likely mappings among particles/cells, on-chip memories (BRAMs), and on-chip compute units (pipelines).","2019-07","2026-04-09 16:26:17","2026-05-03 10:00:49","2026-04-09 16:26:16","263-271","","","2160-052X","","","","","","","","","","","","","","","IEEE Xplore","","ISSN: 2160-052X","","","","","","","","","","","","","","","","","","","","","","","","","","","","","","","","","","","","2019 IEEE 30th International Conference on Application-specific Systems, Architectures and Processors (ASAP)","","","","","","","","","","","","","","",""
"3V9DJEHN","conferencePaper","2024","Huynh, Van Sang; Nguyen, Dang Thien Luan; Nguyen, Tien Dat; Truong, Quoc Thanh; Ahn, Kyoung Kwan; Tran, Duc Thien","A Hardware-in-the-Loop Simulation for a Teleoperated 8-DOF Manipulator System","2024 7th International Conference on Green Technology and Sustainable Development (GTSD)","","","10.1109/GTSD62346.2024.10675178","https://ieeexplore.ieee.org/document/10675178/","This paper presents a Hardware-in-the-loop (HIL) simulation methodology for teleoperating the cable-driven manipulator system. This system includes a joystick device, designated as a delta robot, used for controlling the manipulator by the HIL simulation technique in the teleoperation system. First of all, the kinematic mathematics of multiple Degrees of freedom (DOF) manipulator is verified with the HIL simulation method. Furthermore, the teleoperation algorithm is employed to guarantee the simultaneous utilization of the two workspaces. Besides, the joystick device is connected to the manipulator on Matlab Simulink 2022b to generate the communication protocol for teleoperation control. Finally, the effectiveness of the HIL simulation method is evaluated by some experiments on the teleoperated cable-driven manipulator system.","2024-07","2026-04-09 20:16:28","2026-05-03 09:34:23","2026-04-09 20:14:36","368-373","","","","","","","","","","","","","","","","","","IEEE Xplore","","","<p>Export Date: 02 May 2026; Cited By: 0</p>","/Users/mac/Zotero/storage/CPBME8G7/Huynh et al. - 2024 - A Hardware-in-the-Loop Simulation for a Teleoperated 8-DOF Manipulator System.pdf","","cable-driven manipulator; Cable-driven manipulators; Delta robot; Flexible manipulators; Hardware-in-the-loop simulation; Hardwarein-the-loop simulations (HIL); Manipulator systems; Novint falcon; Novint Falcon; Simulation methodology; Simulation technique; Teleoperated; teleoperation control; Teleoperation control; Teleoperation systems","","","","","","","","","","","","","","","","","","","","","","","","","","","","","","","","2024 7th International Conference on Green Technology and Sustainable Development (GTSD)","","","","","","","","","","","","","","",""
"TETFG82K","journalArticle","2024","Zhao, Yanrui; Liu, Xiaofan; Hu, Yue; Xiao, Hao","Design of an Efficient NTT/INTT Architecture With Low-Complex Memory Mapping Scheme","IEEE Transactions on Circuits and Systems II: Express Briefs","","1558-3791","10.1109/TCSII.2023.3296492","https://ieeexplore.ieee.org/document/10185931/","Number Theoretic Transform (NTT) and Inverse NTT (INTT) are the key algorithms used to speed up polynomial multiplications in post-quantum cryptography (PQC). This brief proposes a cross-bank-write-back (CBWB) memory mapping scheme for memory-based NTT/INTT architecture with conflict-free access patterns. The proposed scheme enables a light-weight memory access patterns for high-radix butterflies. Moreover, it makes the datapath between the memory banks and the butterfly unit straightforward and hardware-friendly. Based on the CBWB scheme, this brief also proposes a solution to adopt a single decimation strategy for both NTT and INTT in PQC accelerators to reduce hardware resources. As a case study, an efficient NTT/INTT architecture has been implemented on the FPGA using the parameters of the PQC algorithm Falcon. Experimental results show that our design achieves better Area-Time Product (ATP) compared to the state-of-the-art designs.","2024-01","2026-04-09 20:16:28","2026-05-03 10:39:00","2026-04-09 20:14:39","400-404","","1","71","","","","","","","","","","","","","","","IEEE Xplore","","","<p>Export Date: 02 May 2026; Cited By: 23</p>; <p>Export Date: 02 May 2026; Cited By: 23; Correspondence Address: H. Xiao; Hefei University of Technology, School of Microelectronics, Hefei, 230601, China; email: xiaohao@hfut.edu.cn</p>","/Users/mac/Zotero/storage/4QK7EYFX/Zhao et al. - 2024 - Design of an Efficient NTTINTT Architecture With Low-Complex Memory Mapping Scheme.pdf","","Post quantum cryptography; post-quantum cryptography; Hardware; Cryptography; Random access storage; Generator; High radix; high-radix algorithm; High-radix algorithm; Mapping; Mapping scheme; Mathematical transformations; Memory architecture; Memory mapping; number theoretic transform; Number-theoretic transforms; Product design; Random access memory; Random number generation; Read-only memory","","","","","","","","","","","","","","","","","","","","","","","","","","","","","","","","","","","","","","","","","","","","","","",""
"PAGDY4SL","conferencePaper","2019","Retamozo-Falcon, Gustavo; Silva, Jaime; Mauricio, David","Model for the improvement of processes using Lean techniques and BPM in SMEs","2019 IEEE XXVI International Conference on Electronics, Electrical Engineering and Computing (INTERCON)","","","10.1109/INTERCON.2019.8853806","https://ieeexplore.ieee.org/document/8853806/","Process improvement is an important need in SMEs for competitiveness. Successful alternatives for this are the Lean techniques aimed at waste reduction and the business process management (BPM) aimed at process optimization, both approaches complement each other, but there are still no studies that integrate them. This paper proposes a model for process improvement in SMEs based on a hybrid of 3 Lean techniques and 1 BPM methodology for SME, consisting of three phases: evaluation, initial process mapping, and process improvement. A simulation of scenarios on a manufacturing SME shows that the proposed model increases efficiency by 6.09 % in relation to Lean and 15.47 % in relation to BPM.","2019-08","2026-04-09 20:16:28","2026-04-09 20:16:28","2026-04-09 20:14:41","1-4","","","","","","","","","","","","","","","","","","IEEE Xplore","","","","/Users/mac/Zotero/storage/V8ZCETA2/Retamozo-Falcon et al. - 2019 - Model for the improvement of processes using Lean techniques and BPM in SMEs.pdf","","","","","","","","","","","","","","","","","","","","","","","","","","","","","","","","","","2019 IEEE XXVI International Conference on Electronics, Electrical Engineering and Computing (INTERCON)","","","","","","","","","","","","","","",""
"2WAFXIMK","conferencePaper","2025","Hamel, Jimmy; De Magalhaes, Felipe Gohring; Nicolescu, Gabriela","On the Exploration of Post-Quantum Algorithms on COTS-Based Avionic Architectures","2025 23rd IEEE Interregional NEWCAS Conference (NEWCAS)","","2474-9672","10.1109/NewCAS64648.2025.11107112","https://ieeexplore.ieee.org/document/11107112/","The advent of quantum computing poses a threat to current public cryptosystems, as algorithms like Shor's could break RSA and ECC. To mitigate this, NIST has initiated a process to standardize post-quantum cryptographic algorithms, selecting four candidates for key encapsulation and digital signatures. However, these algorithms demand higher computational power, bandwidth, and memory, challenging their implementation in constrained devices, particularly in avionic communication systems, which are legacy hardware with limited bandwidth. This paper presents the performance study of post-quantum algorithms deployed in COTS-based avionic systems, specifically in air-ground communications using the ATN/IPS infrastructure with DTLS for confidentiality and authentication. Results indicate that Kyber and Falcon are the best candidates for avionic communication, but their higher bandwidth usage significantly impacts handshake completion times, roughly doubling when compared to ECC.","2025-06","2026-04-09 20:16:28","2026-05-03 10:07:31","2026-04-09 20:14:42","558-562","","","","","","","","","","","","","","","","","","IEEE Xplore","","ISSN: 2474-9672","<p>Export Date: 02 May 2026; Cited By: 0</p>","/Users/mac/Zotero/storage/VPDXV47B/Hamel et al. - 2025 - On the Exploration of Post-Quantum Algorithms on COTS-Based Avionic Architectures.pdf","","Authentication; Falcon; Kyber; Network security; Quantum computers; Quantum Computing; Quantum cryptography; Electronic document identification systems; Post quantum; Public key cryptography; 'current; Cryptographic algorithms; Cyber security; Quantum algorithms; Avionic communications; Bandwidth; Computational bandwidth; Cyber-security; Digital avionics; Legacy systems; Post-quantum","","","","","","","","","","","","","","","","","","","","","","","","","","","","","","","","2025 23rd IEEE Interregional NEWCAS Conference (NEWCAS)","","","","","","","","","","","","","","",""
"4WTUMEFI","journalArticle","2024","Dam, Duc-Thuan; Nguyen, Trong-Hung; Tran, Thai-Ha; Le, Duc-Hung; Hoang, Trong-Thuc; Pham, Cong-Kha","High-Efficiency Multi-Standard Polynomial Multiplication Accelerator on RISC-V SoC for Post-Quantum Cryptography","IEEE Access","","2169-3536","10.1109/ACCESS.2024.3520592","https://ieeexplore.ieee.org/document/10811006/","Number Theoretic Transform (NTT) enables speeding up polynomial multiplications, thereby accelerating the implementation of lattice-based post-quantum cryptography (PQC) algorithms. Currently, the standardized PQC algorithms FIPS 203 (CRYSTALS-Kyber), FIPS 204 (CRYSTALS-Dilithium), and the one in the process of being standardized FIPS 206 (FALCON) all use the NTT to perform polynomial multiplication. This paper proposes a high-speed, low-complexity, and run-time configurable accelerator that supports all three standards. Firstly, we propose a unified design using four parallel radix-2 butterflies targeting a high-speed polynomial multiplier. With a unified design, the accelerator performs NTT, inverse NTT (INTT), point-wise multiplication (PWM), and matrix-vector polynomial multiplication. Secondly, we propose a compact, configurable reordering unit for effective coefficient processing in high-parallelism. As a bonus, the required memory size is minimal, and the memory access pattern is straightforward. Finally, we present a RISC-V SoC architecture with a loosely coupled accelerator through register-map communication and the data flow to accelerate NTT-based operation in software. The FPGA implementation results show that the achieved speed for NTT/INTT/PWM executions is 224/224/64 clock cycles (CCs) for Kyber, 512/512/128 CCs for Dilithium, 576/576/128 CCs for FALCON-512, and 1280/1280/256 CCs for FALCON-1024, respectively. The Area \times Time Product (ATP) results also show superiority over other algorithm-specific and configurable designs, achieving improvement up to 82%, 63%, 79%, and 50% for Kyber, Dilithium, FALCON-512, and FALCON-1024, respectively. The SoC implementation results show that the NTT-based operations have improved by up to 5.29\times , 27.49\times , 56.79\times , and 58.91\times in software; and speed-up up to 10.53\times , 9.81\times , 9.57\times , and 9.99\times for the considered algorithms compared to previous SW/HW works on RISC-V platforms.","2024","2026-04-09 20:16:28","2026-05-03 10:11:14","2026-04-09 20:14:44","195015-195031","","","12","","","","","","","","","","","","","","","IEEE Xplore","","","<p>Export Date: 02 May 2026; Cited By: 3</p>","/Users/mac/Zotero/storage/G4F5EQMU/Dam et al. - 2024 - High-Efficiency Multi-Standard Polynomial Multiplication Accelerator on RISC-V SoC for Post-Quantum.pdf","","Dilithium; Network security; Post quantum cryptography; post-quantum cryptography; Quantum cryptography; Quantum electronics; Integrated circuit design; number theoretic transform; Number-theoretic transforms; System-on-chip; C (programming language); Reconfigurable architectures; Polynomial multiplication; RISC-V; Parallel architectures; Clock cycles; Polynomial approximation; Conformal mapping; FIPS 203; FIPS 204; FIPS 206; Inverse transforms; Light velocity; Network coding; polynomial multiplication; software/hardware; Software/hardware","","","","","","","","","","","","","","","","","","","","","","","","","","","","","","","","","","","","","","","","","","","","","","",""
"DHMCET9A","conferencePaper","2023","Viegas, R.; Barrientos, L.; Borja-Lloret, M.; Brzezinski, K.; Casaña, J. V.; Hueso-González, F.; Mazal, A.; Pérez-Curbelo, J.; Ros, A.; Roser, J.; Senra, C.; Vera-Sánchez, J.A.; Llosá, G.","From MACACOp to FALCON, characterization and in-beam tests","2023 IEEE Nuclear Science Symposium, Medical Imaging Conference and International Symposium on Room-Temperature Semiconductor Detectors (NSS MIC RTSD)","","2577-0829","10.1109/NSSMICRTSD49126.2023.10338253","https://ieeexplore.ieee.org/document/10338253/","The IRIS group of IFIC-Valencia has developed and characterized a Compton camera, MACACOp , for in-vivo proton beam range verification. The prototype is composed of monolithic LaBr3 scintillation crystals coupled to SiPMs and uses the TOFPET2 ASIC as readout electronics. The prototype was successfully tested with a cyclotron at a proton therapy center. With the purpose of testing MACACOp in a state-of-the-art accelerator, measurements were performed with a superconducting synchrocyclotron (IBA S2C2). The obtained results show MACACOp 's potential to reconstruct images using advanced clinical proton beams. An upgraded prototype, FALCON, was developed with the aim of improving the system's efficiency and capability. FALCON was characterized in the laboratory and will soon be tested in-beam.","2023-11","2026-04-09 20:16:28","2026-04-09 20:16:28","2026-04-09 20:14:46","1-1","","","","","","","","","","","","","","","","","","IEEE Xplore","","ISSN: 2577-0829","","/Users/mac/Zotero/storage/X82CAIQS/Viegas et al. - 2023 - From MACACOp to FALCON, characterization and in-beam tests.pdf","","","","","","","","","","","","","","","","","","","","","","","","","","","","","","","","","","2023 IEEE Nuclear Science Symposium, Medical Imaging Conference and International Symposium on Room-Temperature Semiconductor Detectors (NSS MIC RTSD)","","","","","","","","","","","","","","",""
"UCSWF3KS","conferencePaper","2025","Mao, Jin; Zhu, Yongtao; Zhu, Xiaofang","Development and Design of Software Radar for Urban Anti-drone","2025 6th International Conference on Electronic Communication and Artificial Intelligence (ICECAI)","","","10.1109/ICECAI66283.2025.11170500","https://ieeexplore.ieee.org/document/11170500/","In this paper, the system design of software-based urban anti-drone radar is implemented, which supports “requirements can be customized, software can be reconfigurable, hardware can be reorganized”, system hardware and software decoupling and rapid reconfiguration and upgrade, effectively shortening the system development cycle and reducing the development cost.","2025-06","2026-04-09 20:16:28","2026-04-09 20:16:28","2026-04-09 20:14:48","689-693","","","","","","","","","","","","","","","","","","IEEE Xplore","","","","/Users/mac/Zotero/storage/DD44554D/Mao et al. - 2025 - Development and Design of Software Radar for Urban Anti-drone.pdf","","","","","","","","","","","","","","","","","","","","","","","","","","","","","","","","","","2025 6th International Conference on Electronic Communication and Artificial Intelligence (ICECAI)","","","","","","","","","","","","","","",""
"AYED9WEH","conferencePaper","2017","Choi, Young-kyu; Zhang, Peng; Li, Peng; Cong, Jason","HLScope+,: Fast and accurate performance estimation for FPGA HLS","2017 IEEE/ACM International Conference on Computer-Aided Design (ICCAD)","","1558-2434","10.1109/ICCAD.2017.8203844","https://ieeexplore.ieee.org/document/8203844/","High-level synthesis (HLS) tools have vastly increased the productivity of field-programmable gate array (FPGA) programmers with design automation and abstraction. However, the side effect is that many architectural details are hidden from the programmers. As a result, programmers who wish to improve the performance of their design often have difficulty identifying the performance bottleneck. It is true that current HLS tools provide some estimate of the performance with a fixed loop count, but they often fail to do so for programs with input-dependent execution behavior. Also, their external memory latency model does not accurately fit the actual bus-based shared memory architecture. This work describes a high-level cycle estimation methodology to solve these problems. To reduce the time overhead, we propose a cycle estimation process that is combined with the HLS software simulation. We also present an automatic code instrumentation technique that finds the reason for stall accurately in on-board execution. The experimental results show that our framework provides a cycle estimate with an average error rate of 1.1% and 5.0% for compute- and DRAM-bound modules, respectively, for ADM-PCIE-7V3 board. The proposed method is about two orders of magnitude faster than the FPGA bitstream generation.","2017-11","2026-04-09 20:16:28","2026-04-09 20:16:28","2026-04-09 20:14:50","691-698","","","","","","HLScope+,","","","","","","","","","","","","IEEE Xplore","","ISSN: 1558-2434","","/Users/mac/Zotero/storage/MZ2YKPM6/Choi et al. - 2017 - HLScope+, Fast and accurate performance estimation for FPGA HLS.pdf","","","","","","","","","","","","","","","","","","","","","","","","","","","","","","","","","","2017 IEEE/ACM International Conference on Computer-Aided Design (ICCAD)","","","","","","","","","","","","","","",""
"AM5X96CK","journalArticle","2017","Panda, Priyadarshini; Ankit, Aayush; Wijesinghe, Parami; Roy, Kaushik","FALCON: Feature Driven Selective Classification for Energy-Efficient Image Recognition","IEEE Transactions on Computer-Aided Design of Integrated Circuits and Systems","","1937-4151","10.1109/TCAD.2017.2681075","https://ieeexplore.ieee.org/document/7875411/","Machine-learning algorithms have shown outstanding image recognition/classification performance for computer vision applications. However, the compute and energy requirement for implementing such classifier models for large-scale problems is quite high. In this paper, we propose feature driven selective classification (FALCON) inspired by the biological visual attention mechanism in the brain to optimize the energy-efficiency of machine-learning classifiers. We use the consensus in the characteristic features (color/texture) across images in a dataset to decompose the original classification problem and construct a tree of classifiers (nodes) with a generic-to-specific transition in the classification hierarchy. The initial nodes of the tree separate the instances based on feature information and selectively enable the latter nodes to perform object specific classification. The proposed methodology allows selective activation of only those branches and nodes of the classification tree that are relevant to the input while keeping the remaining nodes idle. Additionally, we propose a programmable and scalable neuromorphic engine (NeuE) that utilizes arrays of specialized neural computational elements to execute the FALCON-based classifier models for diverse datasets. The structure of FALCON facilitates the reuse of nodes while scaling up from small classification problems to larger ones thus allowing us to construct classifier implementations that are significantly more efficient. We evaluate our approach for a 12-object classification task on the Caltech101 dataset and ten-object task on CIFAR-10 dataset by constructing FALCON models on the NeuE platform in 45-nm technology. Our results demonstrate up to 3.66× improvement in energy-efficiency for no loss in output quality, and even higher improvements of up to 5.91× with 3.9% accuracy loss compared to an optimized baseline network. In addition, FALCON shows an improvement in training time of up to 1.96× as compared to the traditional classification approach.","2017-12","2026-04-09 20:16:28","2026-05-03 10:21:23","2026-04-09 20:14:53","2017-2029","","12","36","","","FALCON","","","","","","","","","","","","IEEE Xplore","","","<p>Export Date: 02 May 2026; Cited By: 19</p>","/Users/mac/Zotero/storage/R3AQKP6D/Panda et al. - 2017 - FALCON Feature Driven Selective Classification for Energy-Efficient Image Recognition.pdf","","Artificial intelligence; Learning systems; Energy efficiency; Energy efficient; Learning algorithms; Behavioral research; Chemical activation; Classification (of information); Classification approach; Classification hierarchies; Computer vision applications; Energy-efficient classification; hierarchical feature learning; Hierarchical features; Image classification; Image recognition; machine learning; neuromorphic hardware; Neuromorphic hardwares; selective activation; Selective activation; Visual attention mechanisms","","","","","","","","","","","","","","","","","","","","","","","","","","","","","","","","","","","","","","","","","","","","","","",""
"GH96MTEC","journalArticle","2026","Valente, R.U.; Beneduce, E.; Bersani, A.; Bianchi, E.; Bracco, M.; Burioli, S.; Caiffi, B.; Cannavò, M.; Ciarchi, N.; Crespi, G.; Dellacasagrande, A.; De Matteis, E.; Dotti, S.; Farinon, S.; Foussat, A.P.; Gagno, A.; Maiello, T.; Mariotto, S.; Musenich, L.; Musenich, R.; Novelli, D.; Palmisano, A.; Pampaloni, A.; Prioli, M.; Rossi, L.; Ruggiero, A.; Sala, N.; Santini, C.; Sorbi, M.; Sorti, S.; Statera, M.; Todesco, E.","Winding Challenges and Solutions in the INFN Falcon Dipole Project","IEEE Transactions on Applied Superconductivity","","1558-2515","10.1109/TASC.2025.3620787","https://ieeexplore.ieee.org/document/11202440/","The Falcon Dipole is a project led by the Italian Institute of Nuclear Physics (INFN), which aims tofabricate a 12 T short model of a Nb₃Sn cos-theta accelerator dipole as part of the High Field Magnet (HFM) R&D program at CERN [1]. The status of the project is at the fabrication step of the first dummy coil in the industry and, in this paper, the results of the first campaign of winding tests conducted in the industry are presented. The winding process for the Falcon Dipole is challenging because the size of the Rutherford Cable used for the coils is comparable to the bore radius. This results in high bending and torsion stresses, making the cable structure unstable. To address these challenges, the previous 3D model has been modified to improve the winding feasibility. The setup has been prepared to monitor technical parameters that will help in modeling the coil geometry and identifying sources of critical issues. In this paper, the outcomes of the winding campaign are reported and the proposed changes to the coil end design to address the issues that arose are discussed.","2026-05","2026-04-09 20:16:28","2026-05-03 10:05:11","2026-04-09 20:14:59","1-5","","3","36","","","","","","","","","","","","","","","IEEE Xplore","","","<p>Export Date: 02 May 2026; Cited By: 1</p>","/Users/mac/Zotero/storage/M6GUKNDP/Valente et al. - 2026 - Winding Challenges and Solutions in the INFN Falcon Dipole Project.pdf","","Accelerator dipoles; Accelerator magnets; Binary alloys; High field magnets; Indium alloys; Nb3Sn; superconducting magnets; Superconducting magnets; Tin alloys; 3D models; 3d-modeling; Cables; Cables structures; Cobalt alloys; Coil geometries; coil winding; Coil winding; Dipole; dipoles; Electric windings; Rutherford cable; Superconducting coils; Winding; Winding process","","","","","","","","","","","","","","","","","","","","","","","","","","","","","","","","","","","","","","","","","","","","","","",""
"SEVAW6JC","conferencePaper","2024","Tianyi, Du; Huixiong, Ruan; Ying, Luo; Jieheng, Wang; Weiqi, Zhu; Shangjian, Zhang","CameraLink Interface Design Based on 3.5x Frequency Encoded Clock","2024 China Automation Congress (CAC)","","2688-0938","10.1109/CAC63892.2024.10864870","https://ieeexplore.ieee.org/document/10864870/","Based on the EG4D20 FPGA chip of AnLogic Falcon series, this paper builds an image transmission platform with CameraLink interface, and proposes a CameraLink interface design scheme with low clock frequency requirements. Compared with the traditional implementation of the CameraLink interface of the LVDS transmitter chip, this design reduces power consumption and cost. Compared with the existing FPGA-based CameraLink interface IP, the proposed solution successfully optimizes the 7 -octave encoded clock to a 3.5-octave encoded clock, which increases the consumption of logic resources, but greatly reduces the clock frequency requirements of the CameraLink interface and the power consumption of the interface on the FPGA. The paper tests the pixel clock frequency of 85MHz, the prior art requires a 595MHz coded clock, and the design scheme only needs a 297.5MHz coded clock, and the power consumption of the former is 0.111W after the test of AnLogic power analysis tool, while the power consumption of the design scheme is 0.08W, and the power consumption is reduced by 27.9%.","2024-11","2026-04-09 20:16:28","2026-05-03 09:53:45","2026-04-09 20:15:02","3664-3667","","","","","","","","","","","","","","","","","","IEEE Xplore","","ISSN: 2688-0938","<p>Export Date: 02 May 2026; Cited By: 0</p>","/Users/mac/Zotero/storage/JZ6V4D6Q/Tianyi et al. - 2024 - CameraLink Interface Design Based on 3.5x Frequency Encoded Clock.pdf","","FPGA; Integrated circuit design; Printed circuit design; Power; Problem oriented languages; Image coding; Logic design; Camera-link interfaces; Cameralink; CameraLink; Clock distribution networks; Clock frequency; concatenation; Concatenation; conversion; Conversion; Description languages; Design scheme; Hardware description language; Hardware descriptions; Interface designs; Monolithic microwave integrated circuits; Phase locked loops; Picture archiving and communication systems","","","","","","","","","","","","","","","","","","","","","","","","","","","","","","","","2024 China Automation Congress (CAC)","","","","","","","","","","","","","","",""
"97HHEI75","conferencePaper","2025","LS, Yaswanth Kumar; Jain, Somya; Tamma, Bheemarjuna Reddy; Kondepu, Koteswararao","FALCON: A Framework for Fault Prediction in Open RAN Using Multi-Level Telemetry","IEEE INFOCOM 2025 - IEEE Conference on Computer Communications Workshops (INFOCOM WKSHPS)","","2833-0587","10.1109/INFOCOMWKSHPS65812.2025.11152804","https://ieeexplore.ieee.org/document/11152804/","Open Radio Access Network (O-RAN) has brought in deployment flexibility and intelligent RAN control for mobile operators through its disaggregated and modular architecture using open interfaces. However, this disaggregation introduces complexities in system integration and network management, as components are often sourced from different vendors. In addition, the operators who are relying on open source and virtualized components — which are deployed on commodity hardware — require additional resilient solutions as O-RAN deployments suffer from the risk of failures at multiple levels including infrastructure, platform, and RAN levels. To address these challenges, this paper proposes FALCON, a fault prediction framework for O-RAN, which leverages infrastructure-, platform-, and RAN-level telemetry to predict faults in virtualized O-RAN deployments. By aggregating and analyzing metrics from various components at different levels using AI/ML models, the FALCON framework enables proactive fault management, providing operators with actionable insights to implement timely preventive measures. The FALCON framework, using a Random Forest classifier, outperforms two other classifiers on the predicted telemetry, achieving an average accuracy and F1-score of more than 98%.","2025-05","2026-04-09 20:16:28","2026-05-03 10:35:39","2026-04-09 20:15:05","1-6","","","","","","FALCON","","","","","","","","","","","","IEEE Xplore","","ISSN: 2833-0587","<p>Export Date: 02 May 2026; Cited By: 0</p>","/Users/mac/Zotero/storage/3YGSKP3J/LS et al. - 2025 - FALCON A Framework for Fault Prediction in Open RAN Using Multi-Level Telemetry.pdf","","Virtual reality; Modular architectures; Radio communication; Network architecture; Interfaces (computer); Open systems; Forecasting; Mobile telecommunication systems; Open source software; Fault prediction; Fault Prediction; Mobile operators; Multilevels; Network deployment; Network telemetry; Network Telemetry; Open Interface; Open RAN; Radio access networks; Resilient networks; Resilient Networks; Telemetering; Telemetering equipment; Virtualization","","","","","","","","","","","","","","","","","","","","","","","","","","","","","","","","IEEE INFOCOM 2025 - IEEE Conference on Computer Communications Workshops (INFOCOM WKSHPS)","","","","","","","","","","","","","","",""
"2G4V7Y9T","conferencePaper","2019","Yang, Chen; Geng, Tong; Wang, Tianqi; Patel, Rushi; Xiong, Qingqing; Sanaullah, Ahmed; Wu, Chunshu; Sheng, Jiayi; Lin, Charles; Sachdeva, Vipin; Sherman, Woody; Herbordt, Martin","Fully Integrated FPGA Molecular Dynamics Simulations","SC19: International Conference for High Performance Computing, Networking, Storage and Analysis","","2167-4337","10.1145/3295500.3356179","https://ieeexplore.ieee.org/document/10902246/","The implementation of Molecular Dynamics (MD) on FPGAs has received substantial attention. Previous work, however, has consisted of either proof-of-concept implementations of components, usually the range-limited force; full systems, but with much of the work shared by the host CPU; or prototype demonstrations, e.g., using OpenCL, that neither implement a whole system nor have competitive performance. In this paper, we present what we believe to be the first full-scale FPGA-based simulation engine, and show that its performance is competitive with a GPU (running Amber in an industrial production environment). The system features on-chip particle data storage and management, short- and long-range force evaluation, as well as bonded forces, motion update, and particle mi-gration. Other contributions of this work include exploring numerous architectural trade-offs and analysis of various mappings schemes among particles/cells and the various on-chip compute units. The potential impact is that this system promises to be the basis for long timescale Molecular Dynamics with a commodity cluster.","2019-11","2026-04-09 20:16:28","2026-05-03 10:00:51","2026-04-09 20:15:07","1-31","","","","","","","","","","","","","","","","","","IEEE Xplore","","ISSN: 2167-4337","","/Users/mac/Zotero/storage/CF7V74D9/Yang et al. - 2019 - Fully Integrated FPGA Molecular Dynamics Simulations.pdf; /Users/mac/Zotero/storage/QND7ARLU/Yang et al. - 2019 - Fully integrated FPGA molecular dynamics simulations.pdf; /Users/mac/Zotero/storage/YCIDVSI7/Yang et al. - 2019 - Fully integrated FPGA molecular dynamics simulations.pdf","","","","","","","","","","","","","","","","","","","","","","","","","","","","","","","","","","SC19: International Conference for High Performance Computing, Networking, Storage and Analysis","","","","","","","","","","","","","","",""
"QZSDCFY9","conferencePaper","2018","Yu, Cody Hao; Wei, Peng; Grossman, Max; Zhang, Peng; Sarker, Vivek; Cong, Jason","S2FA: An Accelerator Automation Framework for Heterogeneous Computing in Datacenters","2018 55th ACM/ESDA/IEEE Design Automation Conference (DAC)","","","10.1109/DAC.2018.8465827","https://ieeexplore.ieee.org/document/8465827/","Big data analytics using the JVM-based MapReduce framework has become a popular approach to address the explosive growth of data sizes. Adopting FPGAs in datacenters as accelerators to improve performance and energy efficiency also attracts increasing attention. However, the integration of FPGAs into such JVM-based frameworks raises the challenge of poor programmability. Programmers must not only rewrite Java/Scala programs to C/C++ or OpenCL, but, to achieve high performance, they must also take into consideration the intricacies of FPGAs. To address this challenge, we present S2FA (Spark-to-FPGA-Accelerator), an automation framework that generates FPGA accelerator designs from Apache Spark programs written in Scala. S2FA bridges the semantic gap between object-oriented languages and HLS C while achieving high performance using learning-based design space exploration. Evaluation results show that our generated FPGA designs achieve up to 49.9× performance improvement for several machine learning applications compared to their corresponding implementations on the JVM.","2018-06","2026-04-09 20:16:28","2026-04-09 20:16:28","2026-04-09 20:15:09","1-6","","","","","","S2FA","","","","","","","","","","","","IEEE Xplore","","","","/Users/mac/Zotero/storage/2FR868FM/Yu et al. - 2018 - S2FA An Accelerator Automation Framework for Heterogeneous Computing in Datacenters.pdf","","","","","","","","","","","","","","","","","","","","","","","","","","","","","","","","","","2018 55th ACM/ESDA/IEEE Design Automation Conference (DAC)","","","","","","","","","","","","","","",""
"EBWXZ6R5","journalArticle","2018","Konings, Daniel; Parr, Baden; Alam, Fakhrul; Lai, Edmund M.-K.","Falcon: Fused Application of Light Based Positioning Coupled With Onboard Network Localization","IEEE Access","","2169-3536","10.1109/ACCESS.2018.2847314","https://ieeexplore.ieee.org/document/8385086/","Indoor localization based on visible light and visible light communication has become a viable alternative to radio frequency wireless-based techniques. Modern visible light position (VLP) systems have been able to attain sub-decimeter level accuracy within standard room environments. However, a major limitation is their reliance on line-of-sight visibility between the tracked object and the lighting infrastructure. This paper introduces fused application of light-based positioning coupled with onboard network localization (Falcon), a VLP system, which incorporates convolutional neural network-based wireless localization to remove this limitation. This system has been tested in real-life scenarios that cause traditional VLP systems to lose accuracy. In a hallway with luminaires along one axis, the Falcon managed to attain position estimates with a mean error of 0.09 m. In a large room where only a few luminaires were visible or the receiver was completely occluded, the mean error was 0.12 m. With the luminaires switched off, the Falcon managed to correctly classify the target 99.59% of the time to within a 0.9-m2 cell and with 100% accuracy within a 1.6-m2 cell in the room and hallway, respectively.","2018","2026-04-09 20:16:28","2026-04-09 20:16:28","2026-04-09 20:15:11","36155-36167","","","6","","","Falcon","","","","","","","","","","","","IEEE Xplore","","","","/Users/mac/Zotero/storage/68W5I5AM/Konings et al. - 2018 - Falcon Fused Application of Light Based Positioning Coupled With Onboard Network Localization.pdf","","","","","","","","","","","","","","","","","","","","","","","","","","","","","","","","","","","","","","","","","","","","","","","","",""
"B4NDD5JE","conferencePaper","2024","Cano, Abraham; Garcia, Carlos Rubio; Frantz, Raphaël; Monroy, Idelfonso Tafur; Imaña, José Luis; Vegas, Juan José","Integrating Post-Quantum Cryptography Plugins for IPsec Offloads to Data Processing Units in the Cloud-Edge Continuum","2024 IEEE 32nd International Conference on Network Protocols (ICNP)","","2643-3303","10.1109/ICNP61940.2024.10858568","https://ieeexplore.ieee.org/document/10858568/","The imminent advent of Quantum Computers poses a significant threat to the cryptographic algorithms supporting the public key infrastructure (PKI) of widely used communication protocols. High Performance Computing (HPC) data centers among other interested parties are well aware of the catastrophic consequences quantum attacks could have on their PKI and are consequently transitioning to Post-Quantum Cryptographic (PQC) methods, despite the substantial overhead this introduces for handling incoming network packets. This work addresses the transition to PQC within the context of the Cloud-Edge Continuum by integrating the Open Quantum Safe (OQS) library into the accelerated strongSwan developed by Mellanox for Data Processing Units (DPUs). This integration offloads cryptographic operations from central servers to data DPUs distributed across the cloud-edge continuum. Our solution ensures quantum security by providing PQ authentication through CRYSTALS-Dilithium or CRYSTALS-FALCON, PQ key exchanges via CRYSTALS-Kyber, and confidential data transmission using AES-256. Additionally, the deployment of this implementation on DPUs helps reduce the computational load on both HPC data centers and edge devices, promoting more efficient and secure operations across the entire cloud-edge continuum.","2024-10","2026-04-09 20:16:28","2026-05-03 10:05:49","2026-04-09 20:15:14","1-6","","","","","","","","","","","","","","","","","","IEEE Xplore","","ISSN: 2643-3303","<p>Export Date: 02 May 2026; Cited By: 2</p>","","","Network security; Quantum communication; Quantum computers; Quantum electronics; Post quantum; Quantum-resistant cryptography; public key infrastructure; Cloud-edge continuum; Cloud-Edge Continuum; Computation offloading; Crytography; Data assimilation; Data centers; Data integration; data processing units; Data processing units; Datacenter; Gluing; Nanocrystallization; Network offload; network offloads; Performance computing; PQ crytography; Public key infrastructure","","","","","","","","","","","","","","","","","","","","","","","","","","","","","","","","2024 IEEE 32nd International Conference on Network Protocols (ICNP)","","","","","","","","","","","","","","",""
"VX4RG8JT","journalArticle","2021","Zhou, Qihua; Guo, Song; Lu, Haodong; Li, Li; Guo, Minyi; Sun, Yanfei; Wang, Kun","Falcon: Addressing Stragglers in Heterogeneous Parameter Server Via Multiple Parallelism","IEEE Transactions on Computers","","1557-9956","10.1109/TC.2020.2974461","https://ieeexplore.ieee.org/document/9000921/","The parameter server architecture has shown promising performance advantages when handling deep learning (DL) applications. One crucial issue in this regard is the presence of stragglers, which significantly retards DL training progress. Previous solutions for solving stragglers may not fully exploit the computation resource of the cluster as evidenced by our experiments, especially in the heterogeneous environment. This motivates us to design a heterogeneity-aware parameter server paradigm that addresses stragglers and accelerates DL training from the perspective of computation parallelism. We introduce a novel methodology named straggler projection to give a comprehensive inspection of stragglers and reveal practical guidelines to solve this problem in two aspects: (1) controlling each worker's training speed via elastic training parallelism control and (2) transferring blocked tasks from stragglers to pioneers to fully utilize the computation resource. Following these guidelines, we propose the abstraction of parallelism as an infrastructure and design the Elastic-Parallelism Synchronous Parallel (EPSP) algorithm to handle distributed training and parameter synchronization, supporting both enforcedand slack-synchronization schemes. The whole idea has been implemented into a prototype called Falcon which effectively accelerates the DL training speed with the presence of stragglers. Evaluation under various benchmarks with baseline comparison demonstrates the superiority of our system. Specifically, Falcon reduces the training convergence time, by up to 61.83, 55.19, 38.92, and 23.68 percent shorter than FlexRR, Sync-opt, ConSGD, and DynSGD, respectively.","2021-01","2026-04-09 20:16:28","2026-04-09 20:16:28","2026-04-09 20:15:16","139-155","","1","70","","","Falcon","","","","","","","","","","","","IEEE Xplore","","","","","","","","","","","","","","","","","","","","","","","","","","","","","","","","","","","","","","","","","","","","","","","","","","","","",""
"ETY7A7DZ","conferencePaper","2019","Zhou, Qihua; Wang, Kun; Guo, Song; Lu, Haodong; Li, Li; Guo, Minyi; Sun, Yanfei","Falcon: Towards Computation-Parallel Deep Learning in Heterogeneous Parameter Server","2019 IEEE 39th International Conference on Distributed Computing Systems (ICDCS)","","2575-8411","10.1109/ICDCS.2019.00028","https://ieeexplore.ieee.org/document/8885211/","Parameter server paradigm has shown great performance superiority for handling deep learning (DL) applications. One crucial issue in this regard is the presence of stragglers, which significantly retards DL training progress. Previous solutions for solving straggler may not fully exploit the computation capacity of a cluster as evidenced by our experiments. This motivates us to make an attempt at building a new parameter server architecture that mitigates and addresses stragglers in heterogeneous DL from the perspective of computation parallelism. We introduce a novel methodology named straggler projection to give a comprehensive inspection of stragglers and reveal practical guidelines for resolving this problem: (1) reducing straggler emergence frequency via elastic parallelism control and (2) transferring blocked tasks to pioneer workers for fully exploiting cluster computation capacity. Following the guidelines, we propose the abstraction of parallelism as an infrastructure and elaborate the Elastic-Parallelism Synchronous Parallel (EPSP) that supports both enforced-and slack-synchronization schemes. The whole idea has been implemented in a prototype called Falcon which efficiently accelerates the DL training progress with the presence of stragglers. Evaluation under various benchmarks with baseline comparison evidences the superiority of our system. Specifically, Falcon yields shorter convergence time, by up to 61.83%, 55.19%, 38.92% and 23.68% reduction over FlexRR, Sync-opt, ConSGD and DynSGD, respectively.","2019-07","2026-04-09 20:16:28","2026-04-09 20:16:28","2026-04-09 20:15:18","196-206","","","","","","Falcon","","","","","","","","","","","","IEEE Xplore","","ISSN: 2575-8411","","","","","","","","","","","","","","","","","","","","","","","","","","","","","","","","","","","","2019 IEEE 39th International Conference on Distributed Computing Systems (ICDCS)","","","","","","","","","","","","","","",""
"5W3TD32B","journalArticle","2024","Valente, R. U.; Ballarino, A.; Bersani, A.; Bracco, M.; Burioli, S.; Caiffi, B.; De Matteis, E.; Farinon, S.; Gagno, A.; Levi, F.; Mariotto, S.; Musenich, R.; Novelli, D.; Palmisano, A.; Pampaloni, A.; Prioli, M.; Sala, N.; Sorbi, M.; Sorti, S.; Statera, M.; Vernassa, G.","Status on the Development of the Nb₃Sn 12 T Falcon Dipole for the FCC-hh","IEEE Transactions on Applied Superconductivity","","1558-2515","10.1109/TASC.2023.3338166","https://ieeexplore.ieee.org/document/10337628/","The quest for advancing science and technology continues with the Future Circular Collider (FCC), which requires 16 T bending dipoles to be installed along its 100 km tunnel to achieve a center-of-mass energy of 100 TeV, in its hadron-hadron version. The promising Nb₃Sn technology for superconducting magnets presents a potential solution for large-scale production. In line with this, the European strategy for particle physics has urged for increased efforts in High Field Magnet R&D, specifically in constructing demonstrators for Nb₃Sn technology. To address this call, the Istituto Nazionale di Fisica Nucleare (INFN) and CERN entered into an agreement to build a 1.5 m long cos-theta dipole in Nb₃Sn, called Falcon Dipole (The Future Accelerator post-LHC Cos-theta Optimized Nb₃Sn Dipole). The project aims to consolidate the fabrication process for Nb₃Sn superconducting dipoles in the 12–14 T range, engaging industry partners in the initial stages of the R&D phase. This article provides a recall of the magnet design features and highlights the progress made in the development activities. Critical processes like the reaction treatment and the impregnation are discussed, with an emphasis on the test outcomes and the challenges faced. By taking these into account, plans for the production of the coils for the final configuration can be effectively formulated.","2024-05","2026-04-09 20:16:28","2026-05-03 10:05:15","2026-04-09 20:15:21","1-5","","3","34","","","","","","","","","","","","","","","IEEE Xplore","","","<p>Export Date: 02 May 2026; Cited By: 5</p>","","","Accelerator dipoles; Binary alloys; High field magnets; Nb3Sn; Niobium alloys; superconducting magnets; Superconducting magnets; Tin alloys; Center-of-mass energies; FCC; Science and Technology; Hadrons; A-center; Centre-of-mass energies; Fabrication process; Future circular collider; Large scale productions; Luminance; Nb 3Sn; Sodium compounds","","","","","","","","","","","","","","","","","","","","","","","","","","","","","","","","","","","","","","","","","","","","","","",""
"EQYEIXTC","journalArticle","2025","Adnel, Christopher; Rekik, Islem","FALCON: Feature-Label Constrained Graph Net Collapse for Memory-Efficient GNNs","IEEE Transactions on Neural Networks and Learning Systems","","2162-2388","10.1109/TNNLS.2024.3497330","https://ieeexplore.ieee.org/document/10772222/","Graph neural network (GNN) ushered in a new era of machine learning with interconnected datasets. While traditional neural networks can only be trained on independent samples, GNN allows for the inclusion of intersample interactions in the training process. This gain, however, incurs additional memory cost, rendering most GNNs unscalable for real-world applications involving vast and complicated networks with tens of millions of nodes (e.g., social circles, web graphs, and brain graphs). This means that storing the graph in the main memory can be difficult, let alone training the GNN model with significantly less GPU memory. While much of the recent literature has focused on either mini-batching GNN methods or quantization, graph reduction methods remain largely scarce. Furthermore, present graph reduction approaches have several drawbacks. First, most graph reduction focuses only on the inference stage (e.g., condensation, pruning, and distillation) and requires full graph GNN training, which does not reduce training memory footprint. Second, many methods focus solely on the graph’s structural aspect, ignoring the initial population feature-label distribution, resulting in a skewed postreduction label distribution. Here, we propose a feature-label constrained graph net collapse (FALCON) to address these limitations. Our three core contributions lie in: 1) designing FALCON, a topology-aware graph reduction technique that preserves feature-label distribution by introducing a K-means clustering with a novel dimension-normalized Euclidean distance; 2) implementation of FALCON with other state-of-the-art (SOTA) memory reduction methods (i.e., mini-batched GNN and quantization) for further memory reduction; and 3) extensive benchmarking and ablation studies against SOTA methods to evaluate FALCON memory reduction. Our comprehensive results show that FALCON can significantly collapse various public datasets (e.g., PPI and Flickr to as low as 34% of the total nodes) while keeping equal prediction quality across GNN models. Our FALCON code is available at https://github.com/basiralab/FALCON.","2025-07","2026-04-09 20:16:28","2026-05-03 10:01:14","2026-04-09 20:15:23","12695-12706","","7","36","","","FALCON","","","","","","","","","","","","IEEE Xplore","","","<p>Export Date: 02 May 2026; Cited By: 0</p>","","","controlled study; human; Benchmarking; benchmarking; learning; article; prediction; machine learning; Memory efficiency; Quantisation; Affordable AI; distillation; graph neural network; Graph neural network; Graph neural networks; graph neural networks (GNN); graph reduction; Graph reduction; graph topology; Graph topology; K-means clustering; Label distribution; memory; memory efficiency; Memory reduction; nerve cell network; Network theory (graphs); Neural network model; Normal distribution; Population statistics; quantization; social media","","","","","","","","","","","","","","","","","","","","","","","","","","","","","","","","","","","","","","","","","","","","","","",""
"8MFKFXXB","journalArticle","2026","Hou, Xueyu; Guan, Yongjie; Han, Tao","Falcon: A Mobile Semantic Visual Perception Framework Enlightened by Human Vision Systems","IEEE Transactions on Mobile Computing","","1558-0660","10.1109/TMC.2025.3623469","https://ieeexplore.ieee.org/document/11224635/","In the realm of computer human visual perception, semantic perception means recognizing objects, people, and scenes. This involves not just detecting shapes and colors but understanding what those visual elements represent. Despite its vital role in enhancing various aspects of emerging applications such as safety for autonomous driving and immersion for mixed reality (MR), real-time segmentation on mobile and edge platforms is challenging due to the nature of dense pixel labeling. To address this issue, we propose \sf FalconFalcon, a lightweight focus-aware segmentation framework that effectively integrates multiple innovations to achieve real-time segmentation on resource-constrained mobile and edge devices. We design a novel, low-dimension feature for efficient pixel labeling with shallow neural networks, an agile focus-aware refining scheme to compensate for the coarse nature of holistic segmentation, and a modularized design to accommodate the diversity of mobile and edge platforms and ensure seamless integration with different segmentation models. We build a prototype implementation of \sf FalconFalcon that supports both on-device executions and edge-assisted offloading, and asynchronous segmentation and refinement. We extensively evaluate the performance of \sf FalconFalcon for autonomous driving and MR applications with real setups and standard datasets. Our results demonstrate that \sf FalconFalcon achieves real-time segmentation, with an impressive rate of up to 40 frames per second.","2026-03","2026-04-09 20:16:28","2026-05-03 10:08:20","2026-04-09 20:15:26","3776-3793","","3","25","","","Falcon","","","","","","","","","","","","IEEE Xplore","","","<p>Export Date: 02 May 2026; Cited By: 0</p>","","","Neural networks; Computer vision; Vision; Software prototyping; Semantics; Autonomous driving; edge computing; Edge computing; efficient AI; Efficient AI; Human vision systems; Mixed reality; Mobile semantics; Pixel labeling; Pixels; Real-time segmentation; segmentation; Segmentation; Semantic Segmentation; Visual perception","","","","","","","","","","","","","","","","","","","","","","","","","","","","","","","","","","","","","","","","","","","","","","",""
"KMQZ4SHV","conferencePaper","2021","Manna, Michele La; Perazzo, Pericle; Treccozzi, Luigi; Dini, Gianluca","Assessing the Cost of Quantum Security for Automotive Over -The-Air Updates","2021 IEEE Symposium on Computers and Communications (ISCC)","","2642-7389","10.1109/ISCC53001.2021.9631426","https://ieeexplore.ieee.org/document/9631426/","Over- The-Air (OTA) update is an innovative paradigm that is rapidly spreading through the automotive industry. Software updates can be capillary distributed thanks to the many Vehicle-to-Everything (V2X) communication infrastructures that are part of a Smart City. Unfortunately, the majority of the existing OTA frameworks and schemes are not quantum resistant, meaning that when quantum computing will become reality, they will not be secure anymore. The U.S. National Institute of Standards and Technology (NIST) has announced a contest to determine the post-quantum standards for digital signatures schemes. In this paper, we evaluate the performance of the digital signature verification algorithms of two out of the three finalists for the NIST contest, namely FALCON and CRYSTALS-DILITHIUM. These algorithms are tested on automotive-oriented evaluation board, namely the Xilinx Zynq Ultrascale+ ZCU102. The results show that FALCON is a more promising algorithm compared to DILITHIUM both regarding signature verification execution time and signature size.","2021-09","2026-04-09 20:16:28","2026-04-09 20:16:28","2026-04-09 20:15:28","1-6","","","","","","","","","","","","","","","","","","IEEE Xplore","","ISSN: 2642-7389","","","","","","","","","","","","","","","","","","","","","","","","","","","","","","","","","","","","2021 IEEE Symposium on Computers and Communications (ISCC)","","","","","","","","","","","","","","",""
"VAK88PVZ","conferencePaper","2017","Patel, S.G.; Johnston, M.D.; Webb, T.J.; Falcon, R.E.; Bliss, D.E.; Laity, G.R.; Gomez, M.R.; Bennett, N.L.; Welch, D.R; Kiefer, M.L.; Cuneo, M.E.; Maron, Y.; Gilgenbach, R.M.","Visible Spectroscopy and Magnetic Field Profile Measurments of Pulsed Power Diodes","2017 IEEE International Conference on Plasma Science (ICOPS)","","2576-7208","10.1109/PLASMA.2017.8496249","https://ieeexplore.ieee.org/document/8496249/","Optical spectroscopic measurements in pulsed power diodes have been performed to estimate plasma parameters and local magnetic fields. Initial experiments on the Self-Magnetic Pinch diode at the RITS-6 accelerator (5-11 MV, 100-200 kA) at Sandia Labs used lens coupled fiber arrays that were imaged onto a high resolution gated spectrometer. Local magnetic fields (3-4 T) were estimated from Zeeman split C IV lines, which yielded current profiles at the anode surface. Additionally, electron density profiles were estimated from the Stark widths of several ion and neutral spectral lines.","2017-05","2026-04-09 20:16:28","2026-04-09 20:16:28","2026-04-09 20:15:30","1-1","","","","","","","","","","","","","","","","","","IEEE Xplore","","ISSN: 2576-7208","","","","","","","","","","","","","","","","","","","","","","","","","","","","","","","","","","","","2017 IEEE International Conference on Plasma Science (ICOPS)","","","","","","","","","","","","","","",""
"S3ETU55W","conferencePaper","2022","Navaroli, Martin; Draxler, Paul; Malangone, Dane; Brown, Eric; Falcon, Edward; Yan, Jonmei J.","Linear, Efficient Multi-Carrier Envelope Tracking Power Amplifiers with Frequency Hopping for Phased Arrays","MILCOM 2022 - 2022 IEEE Military Communications Conference (MILCOM)","","2155-7586","10.1109/MILCOM55135.2022.10017752","https://ieeexplore.ieee.org/document/10017752/","An efficient, multi-carrier envelope tracking power amplifier system for next generation phased array applications, capable of frequency hopping over 500 MHz of bandwidth on four RF power amplifiers simultaneously from a single FPGA is presented with performance results. The band-limited Adagio envelope shaping technique enables multi-carrier envelope tracking to enhance RF power amplifier efficiency, while novel digital pre-distortion algorithms that generate multi-waveform models were developed to enhance linearity over wide bandwidths. Crest factor reduction algorithms were used to reduce the high PAPR that is a consequence of wide bandwidth multi-carrier signals. To validate the high efficiency and linearity of this parallelized system while frequency hopping, a combination of four different types of waveform signals, each containing two to four carriers spread across 500 MHz of bandwidth and independently frequency hopping, were tested on four separate ETPA elements simultaneously. Each of the four sub-systems demonstrated post digital pre-distortion results for spectral regrowth of better than -35 dBc, drain efficiency better than 35%, gain of 8 dB to 12 dB, and average output powers of 40 dBm to 43 dBm.","2022-11","2026-04-09 20:16:28","2026-04-09 20:16:28","2026-04-09 20:15:33","600-605","","","","","","","","","","","","","","","","","","IEEE Xplore","","ISSN: 2155-7586","","","","","","","","","","","","","","","","","","","","","","","","","","","","","","","","","","","","MILCOM 2022 - 2022 IEEE Military Communications Conference (MILCOM)","","","","","","","","","","","","","","",""
"6DI27WLY","conferencePaper","2024","Saad-Falcon, Alex; Ancelin, Brighton; Romberg, Justin","Subspace Tracking with Dynamical Models on the Grassmannian","2024 IEEE 13rd Sensor Array and Multichannel Signal Processing Workshop (SAM)","","2151-870X","10.1109/SAM60225.2024.10636434","https://ieeexplore.ieee.org/document/10636434/","Tracking signals in dynamic environments presents difficulties in both analysis and implementation. In this work, we expand on a class of subspace tracking algorithms which utilize the Grassmann manifold - the set of linear subspaces of a high-dimensional vector space. We design regularized least squares algorithms based on common manifold operations and intuitive dynamical models. We demonstrate the efficacy of the approach for a narrowband beamforming scenario, where the dynamics of multiple signals of interest are captured by motion on the Grassmannian.","2024-07","2026-04-09 20:16:28","2026-04-09 20:16:28","2026-04-09 20:15:35","1-5","","","","","","","","","","","","","","","","","","IEEE Xplore","","ISSN: 2151-870X","","","","","","","","","","","","","","","","","","","","","","","","","","","","","","","","","","","","2024 IEEE 13rd Sensor Array and Multichannel Signal Processing Workshop (SAM)","","","","","","","","","","","","","","",""
"8GP3BYL5","conferencePaper","2018","Berger, Jean; Giasson, Emmanuel; Florea, Mihai; Harb, Moufid; Teske, Alexander; Petriu, Emil; Abielmona, Rami; Falcon, Rafael; Lo, Nassirou","A Graph-based Genetic Algorithm to Solve the Virtual Constellation Multi-Satellite Collection Scheduling Problem","2018 IEEE Congress on Evolutionary Computation (CEC)","","","10.1109/CEC.2018.8477700","https://ieeexplore.ieee.org/document/8477700/","A variety of near-optimal problem-solving methods inspired from operations research and computational intelligence has been proposed to solve the NP-hard multi-satellite collection scheduling problem (m-SatCSP). In particular, genetic algorithms, well-suited for large-scale problems due to their simplicity and low-cost implementation have been the most pervasive and proven to be very effective. However, most reported contributions mainly promote basic permutation-based genetic principles with limited variants, overlooking prior problem structure exploitation and, widely focus on a single satellite or simple trailing satellites constellation composition. In this paper, a novel graph-based hybrid genetic algorithm is introduced to tackle the static m-SatCSP, involving a mixture of any non-trailing satellites composing a virtual constellation. The proposed Genetic Algorithm-based collecTion scHedulER (GATHER) explicitly exploits problem structure governing feasible imaging opportunity transitions through collection graphs to better handle temporal constraints. Coupled to a low-cost task scheduling heuristic integrated to genetic operators it enhances directed search and speed-up the generation of feasible high-quality solutions. The scheduling approach introduces the notion of mutual satellite orbit compatibility for dissimilar platforms to efficiently explore promising regions of the search space in evolving collection path plans. Taking advantage of those problem domain knowledge instances, the hybrid strategy evolves a mixed population of feasible/infeasible individuals to maximize the expected collection value. A multi-objective implementation named MO-GATHER is finally proposed. Computational experiments confirm that GATHER is cost-effective and competitive in comparison to alternate baseline scheduling heuristics. The benefits of MO-GATHER to decision makers are also discussed.","2018-07","2026-04-09 20:16:28","2026-04-09 20:16:28","2026-04-09 20:15:37","1-10","","","","","","","","","","","","","","","","","","IEEE Xplore","","","","","","","","","","","","","","","","","","","","","","","","","","","","","","","","","","","","","","2018 IEEE Congress on Evolutionary Computation (CEC)","","","","","","","","","","","","","","",""
"WAAYTNC8","conferencePaper","2018","Neves, Francisco; Machado, Nuno; Pereira, JosÃ©","Falcon: A Practical Log-Based Analysis Tool for Distributed Systems","2018 48th Annual IEEE/IFIP International Conference on Dependable Systems and Networks (DSN)","","2158-3927","10.1109/DSN.2018.00061","https://ieeexplore.ieee.org/document/8416513/","Programmers and support engineers typically rely on log data to narrow down the root cause of unexpected behaviors in dependable distributed systems. Unfortunately, the inherently distributed nature and complexity of such distributed executions often leads to multiple independent logs, scattered across different physical machines, with thousands or millions entries poorly correlated in terms of event causality. This renders log-based debugging a tedious, time-consuming, and potentially inconclusive task. We present Falcon, a tool aimed at making log-based analysis of distributed systems practical and effective. Falcon's modular architecture, designed as an extensible pipeline, allows it to seamlessly combine several distinct logging sources and generate a coherent space-time diagram of distributed executions. To preserve event causality, even in the presence of logs collected from independent unsynchronized machines, Falcon introduces a novel happens-before symbolic formulation and relies on an off-the-shelf constraint solver to obtain a coherent event schedule. Our case study with the popular distributed coordination service Apache Zookeeper shows that Falcon eases the log-based analysis of complex distributed protocols and is helpful in bridging the gap between protocol design and implementation.","2018-06","2026-04-09 20:16:28","2026-05-03 10:24:59","2026-04-09 20:15:40","534-541","","","","","","Falcon","","","","","","","","","","","","IEEE Xplore","","ISSN: 2158-3927","<p>Export Date: 02 May 2026; Cited By: 20</p>","","","Complex networks; Constraint solvers; Coordination reactions; Dependable distributed systems; Distributed coordination; Distributed protocols; distributed systems; Distributed systems; execution flow; log-based analysis; Modular architectures","","","","","","","","","","","","","","","","","","","","","","","","","","","","","","","","2018 48th Annual IEEE/IFIP International Conference on Dependable Systems and Networks (DSN)","","","","","","","","","","","","","","",""
"G5MT6W42","conferencePaper","2025","Schutijser, Caspar; Koning, Ralph; Lastdrager, Elmer; Hesselman, Cristian","Evaluating Post-Quantum Cryptography in DNSSEC Signing for Top-Level Domain Operators","2025 9th Network Traffic Measurement and Analysis Conference (TMA)","","","10.23919/TMA66427.2025.11097008","https://ieeexplore.ieee.org/document/11097008/","Like all other digital systems, the Domain Name System (DNS) needs to remain secure, even when future quantum computers are built. This means that DNS operators need to understand the implications of replacing the currently deployed cryptographic algorithms of the DNS Security Extensions (DNSSEC) with post-quantum cryptography (PQC) ones, which are vastly different. We therefore empirically analyze the signing performance of promising PQC algorithms MAYO-2 and Falcon-512 from a DNS operator point of view, in terms of zone file size, signing time, and validation time, and compare them to currently deployed algorithms RSA-1280 and ECDSA-P256. In our experiments, we use a PQC-enhanced DNSSEC signer, the zone files of three country code Top-Level Domains (ccTLDs) of different sizes, and two different CPU models to measure the effects of CPU optimizations. We find that the DNSSEC signing performance of MAYO-2 is better than RSA-1280, while Falcon-512 performs similarly. The validation performance of MAYO-2 is better than ECDSA-P256 and comparable to RSA-1280, whereas Falcon-512 is 0.3 times slower than ECDSA-P256. These results suggest that DNSSEC signing with MAYO-2 and Falcon-512 is feasible for TLD operators. However, Falcon-512 generates larger signature size and MAYO-2 has larger public keys. These drawbacks should be studied further to assess their operational impact on the validation side, for example by studying the behavior of DNS resolvers with PQC algorithms.","2025-06","2026-04-09 20:16:28","2026-04-09 20:16:28","2026-04-09 20:15:42","1-10","","","","","","","","","","","","","","","","","","IEEE Xplore","","","","","","","","","","","","","","","","","","","","","","","","","","","","","","","","","","","","","","2025 9th Network Traffic Measurement and Analysis Conference (TMA)","","","","","","","","","","","","","","",""
"KIBPV9K4","conferencePaper","2023","García-Vega, Axel; Espinosa, Ricardo; Ramírez-Guzmán, Luis; Bazin, Thomas; Falcón-Morales, Luis; Ochoa-Ruiz, Gilberto; Lamarque, Dominique; Daul, Christian","Multi-Scale Structural-aware Exposure Correction for Endoscopic Imaging","2023 IEEE 20th International Symposium on Biomedical Imaging (ISBI)","","1945-8452","10.1109/ISBI53787.2023.10230724","https://ieeexplore.ieee.org/document/10230724/","Endoscopy is the most widely imaging technique used for the diagnosis of cancerous lesions in hollow organs. However, endoscopic images are often affected by illumination artefacts: image parts may be over- or underexposed according to the light source pose and the tissue orientation. These artifacts have a strong negative impact on the performance of computer vision or artificial intelligence based diagnosis tools. Although endoscopic image enhancement methods are greatly required, little effort has been devoted to over- and underexposure enhancement in real-time. This contribution presents an extension to the objective function of LMSPEC, a method originally introduced to enhance images from natural scenes. It is used here for the exposure correction in endoscopic imaging and the preservation of structural information. To the best of our knowledge, this contribution is the first one that addresses the enhancement of both types of endoscopic artefacts (under- and over-exposure) using deep learning methods. Tested on the Endo4IE dataset, the proposed implementation has yielded a significant improvement over LMSPEC reaching a SSIM increase of 4.40% and 4.21% for over- and underexposed images, respectively.","2023-04","2026-04-09 20:16:28","2026-04-09 20:16:28","2026-04-09 20:15:44","1-5","","","","","","","","","","","","","","","","","","IEEE Xplore","","ISSN: 1945-8452","","","","","","","","","","","","","","","","","","","","","","","","","","","","","","","","","","","","2023 IEEE 20th International Symposium on Biomedical Imaging (ISBI)","","","","","","","","","","","","","","",""
"P97ANU4J","conferencePaper","2026","Kale, Vedant; Mulik, Bhaskar; Lad, Mihirkumar; Kore, Jay; Colaco, Brinal","FALCON: Privacy-Preserving Federated Anomaly Detection and Collaborative Observation for Medical Imaging","2026 International Conference on Communication, Computing and Emerging Technologies (IC3ET)","","","10.1109/IC3ET64989.2026.11467393","https://ieeexplore.ieee.org/document/11467393/","The proliferation of artificial intelligence in medical imaging has advanced automated anomaly detection, yet the development of robust models remains restricted by privacy regulations such as HIPAA and GDPR, which prevent centralized aggregation of patient data across healthcare institutions. This paper presents FALCON, a privacypreserving federated learning framework that enables multiinstitutional collaboration for anomaly detection in medical images without compromising patient confidentiality. The system integrates Differential Privacy and Secure Aggregation to ensure that only encrypted model updates are exchanged, allowing hospitals to retain complete data sovereignty. Each participating site trains CNN and Autoencoder-based models locally, while a central coordinator aggregates masked updates using the Federated Averaging algorithm to construct a global model capable of learning from heterogeneous, non-IID data. To support clinical interpretability, FALCON incorporates explainable AI through Grad-CAM visualizations and a collaborative observation dashboard. The framework was evaluated using a prototype implementation that included breast cancer imaging as an application scenario, demonstrating that the federated approach achieves accuracy and F1-score comparable to centralized baselines while maintaining strict privacy guarantees. The system exhibits stable convergence across multiple federated rounds with low communication overhead, establishing FALCON as a scalable and secure solution for privacy-preserving medical imaging analysis in distributed healthcare environments.","2026-02","2026-04-09 20:16:28","2026-04-09 20:16:28","2026-04-09 20:15:49","826-830","","","","","","FALCON","","","","","","","","","","","","IEEE Xplore","","","","","","","","","","","","","","","","","","","","","","","","","","","","","","","","","","","","","","2026 International Conference on Communication, Computing and Emerging Technologies (IC3ET)","","","","","","","","","","","","","","",""
"6CDJTVN6","journalArticle","2021","Pampaloni, Alessandra; Bellomo, Giovanni; Burioli, Sergio; De Matteis, Ernesto; Fabbricatore, Pasquale; Farinon, Stefania; Lackner, Friedrich; Levi, Filippo; Mariotto, Samuele; Musenich, Riccardo; Prioli, Marco; Sorbi, Massimo; Statera, Marco; Tommasini, Davide; Valente, R. U.","Preliminary Design of the Nb3Sn \cosþeta Short Model for the FCC","IEEE Transactions on Applied Superconductivity","","1558-2515","10.1109/TASC.2021.3061334","https://ieeexplore.ieee.org/document/9361140/","The next generation particle accelerators will need to increase by an order of magnitude the center-of-mass energy: a viable solution is a 100 TeV circular collider, temporarily called Future Circular Collider (FCC). To achieve this goal, a new generation of double aperture superconducting magnets, capable of generating a high quality, stable 16 T magnetic field in a 50 mm bore is being developed. In order to achieve this challenging task, the CERN's plan includes several intermediate steps in the development of accelerator-grade Nb3Sn magnets. The first constructive phase will be a 1.5 m long, single aperture cos-theta dipole, with a target central magnetic field of 12 T and an ultimate field of 14 T. In this contribution, the preliminary 2D design of this short model, named Falcon Dipole (Future Accelerator post-Lhc Cos þeta Optimized Nb₃ Sn Dipole) will be presented in detail. It features a 2-layers design, with Nb3Sn state-of-art conductor in order to generate the required field. A solution for the mechanical design will also be presented: the necessary pre-stress will be given by a shell-based concept using bladders and keys. This technique avoids giving all the pre-load with just the collaring and it allows to obtain about half of the pre-stress during the assembly of the magnet at room temperature, and full pre-stress in second instance thanks to the cool down. The FalconD project aims at gaining experience on the technology involved to reach fields above 11 T with Nb3Sn coils.","2021-08","2026-04-09 20:16:28","2026-05-03 10:21:38","2026-04-09 20:15:52","1-5","","5","31","","","","","","","","","","","","","","","IEEE Xplore","","","<p>Export Date: 02 May 2026; Cited By: 15</p>","","","Accelerator dipoles; Binary alloys; Nb3Sn; Niobium alloys; Stresses; superconducting magnets; Superconducting magnets; Tin alloys; Magnetic fields; Center-of-mass energies; Central magnetic field; FCC; High energy physics; High quality; Magnets; Mechanical design; Pre loads; Preliminary design; Single aperture; Viable solutions","","","","","","","","","","","","","","","","","","","","","","","","","","","","","","","","","","","","","","","","","","","","","","",""
"YUGMGFZG","conferencePaper","2025","Patel, Margi; Bhalani, Dhyey; Chudasama, Alok Sinh; Rathore, Nitin; Gautam, Sunil; Naik, Ramesh Ram; Patel, Vinod","Recipe Suggestion Based on Ingredients Using Large Language Models","2025 International Conference on Artificial intelligence and Emerging Technologies (ICAIET)","","","10.1109/ICAIET65052.2025.11211074","https://ieeexplore.ieee.org/document/11211074/","Food plays a crucial part in the basic facets of our lives, having a significant impact on our emotional, social, and cultural well-being as well as our physiological nourishment. The usage of Falcon 7B and Mistral 7B models, two natural language processing (NLP) models, for recipe recommendation systems is the main focus of this study. With a 7 billion parameter count the Falcon 7B uses a multi-query approach and integrates the FlashAttention technology to attain remarkable performance levels. Grouped-query attention (GQA) and sliding window attention (SWA) are used in the 7 billion-parameter model Mistral 7B to improve the computational efficiency of processing long sequences. A detailed analysis is conducted, comparing these two models with significant metrics like the bilingual evaluation understudy (BLEU), providing insightful information about how successful these models are. TIn addition to demonstrating the potential of NLP models to improve culinary experiences by offering individualized and diverse meal recommendations, the research emphasizes the profound significance of food in the human experience.","2025-08","2026-04-09 20:16:28","2026-04-09 20:16:28","2026-04-09 20:15:55","1-7","","","","","","","","","","","","","","","","","","IEEE Xplore","","","","","","","","","","","","","","","","","","","","","","","","","","","","","","","","","","","","","","2025 International Conference on Artificial intelligence and Emerging Technologies (ICAIET)","","","","","","","","","","","","","","",""
"Z8JTFQHD","conferencePaper","2023","Romero, Ariadna Carolina Falcon; Gaytán, Carlos Alberto Bustamante; Chong-Quero, J. Enrique; Culebro, Héctor Cervantes; Villar, Carlos Alberto Cruz","Designing a Neural Network-Based Controller: A Practical Educational Tool for Data-Driven Control Courses","2023 World Engineering Education Forum - Global Engineering Deans Council (WEEF-GEDC)","","2837-5025","10.1109/WEEF-GEDC59520.2023.10344273","https://ieeexplore.ieee.org/document/10344273/","In this article, the design of a controller based on Artificial Neural Networks (ANN) as a practical educational tool for data-driven control is proposed. In data-based control courses, the project plays a crucial role in understanding control methods applied to non-linear systems. A controller based on ANN models the system dynamics to control and compensate for system uncertainties. Real data from a simple physical pendulum is used to design a NARMA-L2 controller for angular position trajectory tracking and uncertainty compensation. The results show that trajectory tracking control is achieved, allowing students to learn and understand the structure and application of data-based controllers. Potential future work may encompass refining the didactic experiment to optimize its effectiveness as an educational tool.","2023-10","2026-04-09 20:16:28","2026-04-09 20:16:28","2026-04-09 20:15:57","1-10","","","","","","Designing a Neural Network-Based Controller","","","","","","","","","","","","IEEE Xplore","","ISSN: 2837-5025","","","","","","","","","","","","","","","","","","","","","","","","","","","","","","","","","","","","2023 World Engineering Education Forum - Global Engineering Deans Council (WEEF-GEDC)","","","","","","","","","","","","","","",""
"UXBIMB6V","conferencePaper","2024","Pacheco, Diego Fernando Rojas; Vasquez, Sergio Daniel Yataco; Falcon, Victor M. Parasi","Technological Model for the Prevention of Leaks of Medical Records Based on Blockchain Technology in the Peruvian Health Sector","2024 IEEE XXXI International Conference on Electronics, Electrical Engineering and Computing (INTERCON)","","","10.1109/INTERCON63140.2024.10833483","https://ieeexplore.ieee.org/document/10833483/","This document proposes a technological model for the Peruvian health sector, which uses blockchain technology, IPFS and smart contracts to protect and ensure secure access to medical records. The model addresses the rise of health data breaches, identifies limitations of current approaches, and presents a new approach divided into four phases. It uses IPFS for decentralized information storage and a consensus algorithm for fast transactions.","2024-11","2026-04-09 20:16:28","2026-04-09 20:16:28","2026-04-09 20:15:59","1-7","","","","","","","","","","","","","","","","","","IEEE Xplore","","","","","","","","","","","","","","","","","","","","","","","","","","","","","","","","","","","","","","2024 IEEE XXXI International Conference on Electronics, Electrical Engineering and Computing (INTERCON)","","","","","","","","","","","","","","",""
"55VJFI9Y","conferencePaper","2020","Nasimi, Hikmat; Barbanera, Mattia; Citraro, Saverio; Magazzu, Carlo; Manfreda, Alberto; Massimo, Minuti","FPGA-Based Back-End Electronics for the Imaging X-Ray Polarimetry Explorer Mission","2020 IEEE Aerospace Conference","","1095-323X","10.1109/AERO47225.2020.9172625","https://ieeexplore.ieee.org/document/9172625/","The Imaging X-Ray Polarimetry Explorer (IXPE) is the next NASA small explorer mission, due to be launched with a Falcon 9 rocket on May 2021. IXPE will perform polarization measurements in the 2–8 keV band, complementing the unprecedented polarimetric capabilities with moderate-to-good imaging, spectroscopy, and timing. The scientific payload consists of three identical telescopes, each including a mirror module assembly and a detector unit at the focal plane. The core of each detector unit is a Gas Pixel Detector (GPD). We designed the GPD back-end electronics based on a radiation-tolerant FPGA for data acquisition and processing, event sequencing, and on-line data compression. Two custom digital serial interfaces-the Command and Control Interface (CCI) and the Science Data Interface (SDI)-implement the communication of the units with a central on-board computer. We designed and manufactured a comprehensive test equipment, based on a commercial FPGA hosted on a custom VME board, to emulate the functionality of the on-board computer that will operate the detector in flight. In this paper, we shall discuss the basic architectural choices behind the design of the GPD backend electronics, as well as the tests with X-rays performed in the lab using the aforementioned test equipment.","2020-03","2026-04-09 20:16:28","2026-05-03 10:25:11","2026-04-09 20:16:03","1-6","","","","","","","","","","","","","","","","","","IEEE Xplore","","ISSN: 1095-323X","<p>Export Date: 02 May 2026; Cited By: 3</p>","","","Field programmable gate arrays (FPGA); NASA; Data handling; Rockets; Data acquisition; Command and control; Command and control systems; Ellipsometry; Equipment testing; Polarimeters; Polarimetric capabilities; Polarization measurements; Radiation tolerant; Scientific payloads; Serial interfaces; Small explorer missions; X rays; X-ray polarimetry","","","","","","","","","","","","","","","","","","","","","","","","","","","","","","","","2020 IEEE Aerospace Conference","","","","","","","","","","","","","","",""
"R7R42N7U","conferencePaper","2018","Sheng, Jiayi; Yang, Chen; Herbordt, Martin C.","High Performance Communication on Reconfigurable Clusters","2018 28th International Conference on Field Programmable Logic and Applications (FPL)","","1946-1488","10.1109/FPL.2018.00044","https://ieeexplore.ieee.org/document/8533497/","FPGA clusters with the FPGAs directly linked through their Multi-Gigabit Transceivers (MGT) have a proven advantage over other commodity architectures for communication-bound applications. To date, however, communication infrastructure for such clusters has generally taken one of two approaches: nearest neighbor only, which is fast but has limited utility, and processor-based, which is general, but relatively slow. What is needed is for communication microarchitecture of these systems to be systematically explored, as has been done for HPC clusters and for Networks on Chip (NoC) on both FPGAs and ASICs. Our first contribution is finding that the properties of clusters of tightly coupled FPGAs substantially influence the router design space. We create a candidate router and generalize it so that it is parameterized by routing algorithm, arbitration policy, and virtual channels (VC). We have created a cycle-accurate simulator validated on a four-FPGA system. We evaluate the design space with respect to a number of standard communication patterns and packet sizes. These results enable selection of the appropriate router for any resource budget. We find that the optimality of the router design varies significantly with workloads. We present a framework that helps to determine appropriate parameters based on different applications and generate the HDL design. We observe that for a 512 FPGA cluster, compared with the router configuration with the best average performance, application-aware router selection can lead to substantial improvement in performance or reduction in area.","2018-08","2026-04-09 20:16:28","2026-04-09 20:16:28","2026-04-09 20:16:05","219-2194","","","","","","","","","","","","","","","","","","IEEE Xplore","","ISSN: 1946-1488","","","","","","","","","","","","","","","","","","","","","","","","","","","","","","","","","","","","2018 28th International Conference on Field Programmable Logic and Applications (FPL)","","","","","","","","","","","","","","",""
"RFS6TGK8","journalArticle","2024","Señor, Jaime; Portilla, Jorge; Portela-García, Marta","Performance Analysis of Postquantum Cryptographic Schemes for Securing Large-Scale Wireless Sensor Networks","IEEE Transactions on Industrial Informatics","","1941-0050","10.1109/TII.2024.3423315","https://ieeexplore.ieee.org/document/10601518/","Wireless sensor networks aim to collect environmental data for monitoring and decision-making purposes, often relying on low-power sensor nodes with limited computational resources, which makes it challenging to secure these networks using costly cryptographic primitives. Moreover, the emergence of quantum computers threatens traditional cryptographic schemes, and postquantum cryptographic schemes have been proposed as a solution. This work focuses on studying the behavior and performance of different combinations of postquantum digital signatures and key exchange mechanisms in wireless sensor networks where the number of nodes is large, including CRYSTALS-Dilithium, Falcon, SPHINCS+, CRYSTALS-Kyber, NTRU, and Saber, with a focus on their interaction and impact on network scalability. Simulation models are employed to generate metrics related to network functionality, application quality, and scalability with dynamic node behavior. The findings provide insights into the behavior of different combinations of postquantum schemes in wireless sensor networks and contribute to understanding their suitability and potential challenges in real-world deployments. In particular, the combination of Falcon and CRYSTALS-Kyber seems to be the most promising candidate for deploying secure sensor networks in the future. However, other combinations can present a better performance depending on their interactions with the parameters of the final application.","2024-10","2026-04-09 20:16:28","2026-04-09 20:16:28","2026-04-09 20:16:07","12339-12349","","10","20","","","","","","","","","","","","","","","IEEE Xplore","","","","","","","","","","","","","","","","","","","","","","","","","","","","","","","","","","","","","","","","","","","","","","","","","","","","",""
"XMEX7A9G","conferencePaper","2022","Zhang, Jin; Yu, Xiangyao; Qi, Zhengwei; Guan, Haibing","Falcon: A Timestamp-based Protocol to Maximize the Cache Efficiency in the Distributed Shared Memory","2022 IEEE International Parallel and Distributed Processing Symposium (IPDPS)","","1530-2075","10.1109/IPDPS53621.2022.00099","https://ieeexplore.ieee.org/document/9820697/","Distributed shared memory (DSM) systems can handle data-intensive applications and recently receiving more attention. A majority of existing DSM implementations are based on write-invalidation (WI) protocols, which achieve sub-optimal performance when the cache size is small. Specifically, the vast majority of invalidation messages become useless when evictions are frequent. The problem is troublesome regarding scarce memory resources in data centers. To this end, we propose a self-invalidation protocol Falcon to eliminate invalidation messages. It relies on per-operation timestamps to achieve the global memory order required by sequential consistency (SC). Furthermore, we conduct a comprehensive discussion on the two protocols with an emphasis on the cache size impact. We also implement both protocols atop a recent DSM system, Grappa. The evaluation shows that the optimal protocol can improve the performance of a KV database by 27% and a graph processing application by 71.4% against the vanilla cache-free scheme.","2022-05","2026-04-09 20:16:28","2026-05-03 09:58:43","2026-04-09 20:16:11","974-984","","","","","","Falcon","","","","","","","","","","","","IEEE Xplore","","ISSN: 1530-2075","<p>Export Date: 02 May 2026; Cited By: 5</p>","","","Memory architecture; Cache memory; Cache size; cache coherence; Cache Coherence; Cache efficiency; Data-intensive application; Distributed shard memory; Distributed shared memory; Distributed shared memory systems; Distributed-shared memory implementation; Self invalidations; self-invalidation; Time-stamp","","","","","","","","","","","","","","","","","","","","","","","","","","","","","","","","2022 IEEE International Parallel and Distributed Processing Symposium (IPDPS)","","","","","","","","","","","","","","",""
"Z8C6ZTQ3","conferencePaper","2025","Castiglione, Aniello; Esposito, Jacopo Gennaro; Loia, Vincenzo; Maffei, Alessia; Nappi, Michele; Narducci, Fabio","QuantumCry: The Engineering and Implementation of a Post-Quantum Ransomware","2025 IEEE International Conference on Blockchain (Blockchain)","","2834-9946","10.1109/Blockchain67634.2025.00016","https://ieeexplore.ieee.org/document/11264692/","In recent years, the continuous evolution of malicious software (malware) has posed an increasingly significant threat to governments, research institutions, businesses, and military organizations. Numerous malware variants have been developed with the aim of exfiltrating sensitive information, compromising industrial infrastructure operations, or extorting money causing serious financial, reputational, and operational repercussions for the affected entities. Among the most widespread types of malware are rootkits, botnets, spyware, trojans, and ransomware. Many of these, despite posing a serious threat, rely on traditional asymmetric cryptographic primitives such as Key Encapsulation Mechanisms (KEMs) and Digital Signature Algorithms (DSAs), which are vulnerable to the advent of Quantum Computing. An attacker equipped with a sufficiently powerful quantum computer could employ algorithms such as Shor’s and Grover’s to derive private keys from public ones, thereby compromising the entire security model upon which these systems are based. Consequently, the transition towards post-quantum cryptographic algorithms becomes imperative in order to guarantee robustness and long-term resilience in such adversarial scenarios. In this context, this study proposes the design and implementation of a post-quantum ransomware/mal-ware, capable of successfully fulfilling its objectives even in the presence of an adversary with quantum capabilities. The malware leverages post-quantum cryptographic primitives, integrated with a decentralized, blockchain-based PKI infrastructure compatible with quantum-resistant algorithms, thereby ensuring the system’s resilience in a post-quantum cryptographic landscape.","2025-10","2026-04-09 20:16:28","2026-05-03 10:05:41","2026-04-09 20:16:14","46-55","","","","","","QuantumCry","","","","","","","","","","","","IEEE Xplore","","ISSN: 2834-9946","<p>Export Date: 02 May 2026; Cited By: 0</p>","","","Authentication; Network security; Post quantum cryptography; Quantum cryptography; Electronic document identification systems; Post quantum; Post-quantum cryptography; Key encapsulation mechanisms; Qubits; Quantum digital signatures; Computer viruses; ML-KEM; Block-chain; Blockchain; Algorand; FALCON-1024; ML-key encapsulation mechanism; Post-Quantum Cryptography (PQC); Post-quantum digital signature; Post-Quantum Digital Signatures; Ransomware","","","","","","","","","","","","","","","","","","","","","","","","","","","","","","","","2025 IEEE International Conference on Blockchain (Blockchain)","","","","","","","","","","","","","","",""
"RYRUINAR","conferencePaper","2018","Al-Hathal, Turkea; Fetais, Noora","Virtual Reality Glove for Falconry","2018 International Conference on Computer and Applications (ICCA)","","","10.1109/COMAPP.2018.8460398","https://ieeexplore.ieee.org/document/8460398/","This project is a virtual reality based game. Basically it's about hunting pray-using different types of falcons. And the main idea behind this project is to give more knowledge to the player about a cultural game in more fun way, also we want this game to be for all ages above 18 years old less then 18 years old and for girls, and this can be done with collaboration with Qatari Society of Algannas. The game can help those who want to try hunting with falcons and practicing the real professional techniques by using advanced technologies, with the appropriate professional tools used by the falconers. The two main hardware platforms are the glove and feeding bag, where the movement of the glove should be detected virtually. Also the glove should be modified to exert pressure and weight on the player's hand (depending on the falcon's type). The player should illusory feel the real sensation of a falcon standing on his/her hand. And the role of the feeding bag is to cover the falcon's prey to make it think that it ate the whole pray so it can continue hunting. The objective of this project is to make the student familiar with the research culture principles and skills, to investigate the traditional hunting sport, and to keep our heritage using new technology.","2018-08","2026-04-09 20:16:28","2026-05-03 10:09:01","2026-04-09 20:16:15","1-97","","","","","","","","","","","","","","","","","","IEEE Xplore","","","<p>Export Date: 02 May 2026; Cited By: 2</p>","","","Students; Virtual reality; Advanced technology; Glove; Hardware platform; New technologies; perception neuron; Qatar; Qatar National VIsion; Research culture; Virtual Reality","","","","","","","","","","","","","","","","","","","","","","","","","","","","","","","","2018 International Conference on Computer and Applications (ICCA)","","","","","","","","","","","","","","",""
"X2E4DCDF","conferencePaper","2024","Kempf, Marcel; Gauder, Nikolas; Jaeger, Benedikt; Zirngibl, Johannes; Carle, Georg","A Quantum of QUIC: Dissecting Cryptography with Post-Quantum Insights","2024 IFIP Networking Conference (IFIP Networking)","","1861-2288","10.23919/IFIPNetworking62109.2024.10619916","https://ieeexplore.ieee.org/document/10619916/","QUIC is a new network protocol standardized in 2021. It was designed to replace the TCP/TLS stack and is based on UDP. The most current web standard HTTP/3 is specifically designed to use QUIC as transport protocol. QUIC claims to provide secure and fast transport with low-latency connection establishment, flow and congestion control, reliable delivery, and stream multiplexing. To achieve the security goals, QUIC enforces the usage of TLS 1.3. It uses authenticated encryption with additional data (AEAD) algorithms to not only protect the payload but also parts of the header. The handshake relies on asymmetric cryptography, which will be broken with the introduction of powerful quantum computers, making the use of post-quantum cryptography inevitable. This paper presents a detailed evaluation of the impact of cryptography on QUIC performance. The high-performance QUIC implementations LSQUIC, quiche, and MsQuic are evaluated under different aspects. We break symmetric cryptography down to the different security features. To be able to isolate the impact of cryptography, we implemented a NOOP AEAD algorithm which leaves plaintext unaltered. We show that QUIC performance increases by 10 to 20 % when removing packet protection. The header protection has negligible impact on performance, especially for AES ciphers. We integrate post-quantum cryptographic algorithms into QUIC, demonstrating its feasibility without major changes to the QUIC libraries by using a TLS library that implements post-quantum algorithms. Kyber, Dilithium, and FALCON are promising candidates for post-quantum secure QUIC, as they have a low impact on the handshake duration. Algorithms like SPHINCS+with larger key sizes or more complex calculations significantly impact the handshake duration and cause additional issues in our measurements.","2024-06","2026-04-09 20:16:28","2026-05-03 09:34:58","2026-04-09 20:16:18","195-203","","","","","","A Quantum of QUIC","","","","","","","","","","","","IEEE Xplore","","ISSN: 1861-2288","<p>Export Date: 02 May 2026; Cited By: 9</p>","","","Network security; Quantum computers; Quantum cryptography; Quantum electronics; Post quantum; Performance; 'current; Cryptography; Performance Evaluation; Authentication Protocol; Performances evaluation; Authenticated encryption; Congestion control (communication); Data algorithm; Hand held computers; HTTP; Post-Quantum; QUIC; Secure transport protocol; Secure Transport Protocols; Traffic congestion; Transport protocols; Web standards","","","","","","","","","","","","","","","","","","","","","","","","","","","","","","","","2024 IFIP Networking Conference (IFIP Networking)","","","","","","","","","","","","","","",""
"VJPLQKAS","journalArticle","2026","Bizri, Mustafa El; El-Hajj, Ahmad M.; Sliman, Layth; Haidar, Ali Massoud","Institutional Approaches to Post-Quantum Cryptography: A Comparative Analysis of Migration Frameworks","IEEE Access","","2169-3536","10.1109/ACCESS.2025.3650465","https://ieeexplore.ieee.org/document/11322683/","The advancement of quantum computing is increasingly recognized as a significant threat to classical public-key cryptographic systems, triggering a global shift toward Post-Quantum Cryptography (PQC). This article presents a topical survey and comparative analysis of the transition strategies adopted by leading cybersecurity agencies—including National Institute of Standards and Technology (NIST), Agence Nationale de la Sécurité des Systémes d’Information (ANSSI), Bundesamt für Sicherheit in der Informationstechnik (BSI), Cryptography Research and Evaluation Committees (CRYPTREC), and European Union Agency for Cybersecurity (ENISA). The technical foundations of standardized PQC algorithms (Module Lattice-Key Encapsulation Mechanism (ML-KEM), Module Lattice-Digital Signature Algorithm (ML-DSA), Fast-Fourier Lattice-based Compact Signatures over NTRU (FALCON), and Stateless Hashbased- Digital Signature Algorithm (SLH-DSA)) are reviewed, alongside a critical examination of hybrid cryptography, crypto-agility, and strategic alignment on standards and migration principles, despite jurisdictional differences in policy enforcement. The survey highlights shared priorities, such as phased implementation, backward compatibility, and risk mitigation via hybrid adoption. To enhance analytical depth, the study introduces the Institutional–Sectoral PQC Migration Convergence Framework, linking institutional pillars to sectoral readiness for reproducible comparative assessment. National strategies are shown to serve as potential roadmaps for global institutions, underscoring the importance of international coordination and adaptability. These insights support the development of secure, interoperable, and future-proof cryptographic infrastructures in the quantum era, operationalized via the proposed 10-step migration playbook.","2026","2026-04-09 20:16:28","2026-05-03 10:06:00","2026-04-09 20:16:20","3259-3283","","","14","","","Institutional Approaches to Post-Quantum Cryptography","","","","","","","","","","","","IEEE Xplore","","","<p>Export Date: 02 May 2026; Cited By: 1</p>","","","Authentication; Network security; Post quantum cryptography; Quantum computers; Quantum cryptography; Quantum theory; National Institute of Standards and Technology; Public key cryptography; Cyber security; Cybersecurity; postquantum cryptography; CryptoGraphics; Algorithm standardization; ANSSI; BSI; crypto-agility; Crypto-agility; cryptographic migration; Cryptographic migration; Cryptography research and evaluation committee; CRYPTREC; Data privacy; Encryption algorithms; ENISA; hybrid encryption; Hybrid encryption; International cooperation; international cybersecurity strategies; International cybersecurity strategy; Interoperability; NIST; policy alignment; Policy alignments; Quantum-resistant algorithm; quantum-resistant algorithms; Research and evaluation","","","","","","","","","","","","","","","","","","","","","","","","","","","","","","","","","","","","","","","","","","","","","","",""
"NUI7YZLY","conferencePaper","2025","K, Saravanan; G, Divakar; K, Kaaviya; G, Keerthivasan; K, Rahul","Using AI Models for Fault-Tolerance in Quantum Computing","2025 IEEE 1st International Conference on Smart Innovations in Systems, Infrastructure, Mechanical, Power, AI and Computing Technologies (SISIMPACT)","","","10.1109/SISIMPACT67725.2025.11439155","https://ieeexplore.ieee.org/document/11439155/","Correlated noise significantly hampers qubit stability and computational precision in quantum computing. Traditional error mitigation techniques assume independent noise and fail to adapt dynamically to evolving error patterns. To address this, we propose an AI-driven noise reduction framework that employs a Recurrent Neural Network (RNN)-Transformer architecture, achieving 92.4% accuracy in real-time noise prediction. Integrated federated learning enables secure, cross-device adaptation while preserving user privacy. Additionally, Bayesian optimization and adaptive gate reconfiguration reduce logical error rates by \mathbf4 3 % and improve gate fidelity by \mathbf3 5 %, enhancing overall computational reliability. Using IBM Quantum Falcon hardware, the proposed framework demonstrated superior stability and noise suppression compared to conventional methods. Through simulation and partial hardware validation, the reinforcement learning (RL) component effectively adapted error-correction strategies under varying noise conditions, ensuring continuous optimization. The framework's scalability and hardware independence were further confirmed through successful deployment on IBM Qiskit and Google Cirq, highlighting adaptability across heterogeneous quantum architectures. This study lays a robust foundation for advancing stable, accurate, and practical quantum computation.","2025-11","2026-04-09 20:16:28","2026-04-09 20:16:28","2026-04-09 20:16:23","1389-1394","","","","","","","","","","","","","","","","","","IEEE Xplore","","","","","","","","","","","","","","","","","","","","","","","","","","","","","","","","","","","","","","2025 IEEE 1st International Conference on Smart Innovations in Systems, Infrastructure, Mechanical, Power, AI and Computing Technologies (SISIMPACT)","","","","","","","","","","","","","","",""
"DKRIA2HH","conferencePaper","2023","Marin, Jorge; Gak, Joel; Cortes, Alfonso; Calarco, Nicolas; Oliva, Alejandro; Lindstrom, Esteban; Miguez, Matias; Falcón, Alfredo; Osterman, Niria; Rojas, Christian A.","Integrated Three-Level Flying Capacitor DC-DC Buck Converter for CubeSat Applications","2023 Argentine Conference on Electronics (CAE)","","","10.1109/CAE56623.2023.10087013","https://ieeexplore.ieee.org/document/10087013/","In this work, the design, simulation and implementation of a DC-DC buck converter based on the Three-level Flying Capacitor Converter architecture for space applications, namely CubeSat systems, using the Skywater 130nm CMOS technology is presented. The power circuits are fully integrated on-chip, including the power MOSFETs and the gate drivers, to obtain an efficient and compact implementation. This versatile power electronics building block, is also a contribution to the open source IC design community. Additionally, tests structures for the flying capacitor and the output filter inductors are included to characterize the technology passive. The active area of the dual-core circuit (including power switches and drivers) occupies less than 1mm2 of silicon in this process. Simulated results shows a peak efficiency of 87% at 140mA load current for the single core converter, and a peak efficiency of 93.3% at 555mA load current for the dual-core converter, at 1MHz switching frequency. It also shows a 85% peak efficiency for full on-chip flying capacitor single-core implementation at 10MHz operation.","2023-03","2026-04-09 20:16:28","2026-04-09 20:16:28","2026-04-09 20:16:25","90-95","","","","","","","","","","","","","","","","","","IEEE Xplore","","","","","","","","","","","","","","","","","","","","","","","","","","","","","","","","","","","","","","2023 Argentine Conference on Electronics (CAE)","","","","","","","","","","","","","","",""
"G7UDHJH8","conferencePaper","2024","Smith, Evan; Kubota, Sanae; Schwinger, Marsha; Scherrer, John","Interstellar Mapping and Acceleration Probe (IMAP) Mission Implementation Progress and Challenges","2024 IEEE Aerospace Conference","","1095-323X","10.1109/AERO58975.2024.10521065","https://ieeexplore.ieee.org/document/10521065/","The Interstellar Mapping and Acceleration Probe (IMAP), competitively selected as part of NASA’s Solar Terrestrial Probes program in 2018, is currently preparing to start observatory integration. Unsurprisingly, the mission has experienced numerous challenges resulting in design changes and lessons learned, the two major focuses of this paper. The science motivation for IMAP, including investigations into the acceleration of energetic particles and the interaction of the solar wind with the interstellar medium, has remained unchanged. Similarly, the overall mission architecture has largely remained stable since the publication of ""Interstellar Mapping and Acceleration Probe Mission Overview"" in 2021 [1]. To complete its science objectives, IMAP relies on ten instruments accommodated on a sun-tracking, spin-stabilized spacecraft, in a L1 Lissajous orbit. The journey to the science orbit begins aboard a Falcon 9, launched from Cape Canaveral Space Force Station in February 2025, and continues along a 3.6-month cruise that culminates in a day-long maneuver. Through integration, test and operations the spacecraft and payload are operated from separate institutions, the Johns Hopkins Applied Physics Laboratory (JHU/APL) and the Laboratory for Atmospheric and Space Physics (LASP) respectively, in a decoupled operations architecture. The mission relies on the NASA Deep Space Network (DSN) for the majority of its ground support and supports IMAP Active Link for Real Time (I-ALiRT), the constant broadcasting of real-time space-weather data to participating ground stations.IMAP has experienced significant changes across all mission elements. The instruments and spacecraft have experienced the most significant changes including redesigns of an instrument pivot mechanism and the spacecraft structure. Launch vehicle accommodation has also evolved with an updated rideshare configuration featuring the Carruthers Geocorona Observatory and Space Weather Follow On-Lagrange 1 (SWFO-L1). Additional ground support from the Swedish Space Consortium (SSC) network has been baselined to enable earlier initial acquisition. Ground support from European Space Tracking (ESTRACK) network is also being considered in response to competition for DSN time, particularly with the rideshare payloads. IMAP has made a concerted effort to document lessons learned while continuing to progress toward its launch readiness date. Two major challenges that may be applicable to other missions in earlier phases of development, 1) cross-institution collaboration and 2) the use of ‘heritage’, build-to-print hardware, are also discussed.","2024-03","2026-04-09 20:16:28","2026-05-03 10:20:22","2026-04-09 20:16:28","1-7","","","","","","","","","","","","","","","","","","IEEE Xplore","","ISSN: 1095-323X","<p>Export Date: 02 May 2026; Cited By: 0</p>","","","Real- time; Acceleration; NASA; Probes; Orbits; Mapping; Network architecture; Space flight; Deep space networks; Design change; Energetic particles; Ground supports; Interstellar medias; Observatories; Probe missions; Science motivation; Solar terrestrial probes; Solar/wind; Space weather; Spacecraft","","","","","","","","","","","","","","","","","","","","","","","","","","","","","","","","2024 IEEE Aerospace Conference","","","","","","","","","","","","","","",""