"Key","Item Type","Publication Year","Author","Title","Publication Title","ISBN","ISSN","DOI","Url","Abstract Note","Date","Date Added","Date Modified","Access Date","Pages","Num Pages","Issue","Volume","Number Of Volumes","Journal Abbreviation","Short Title","Series","Series Number","Series Text","Series Title","Publisher","Place","Language","Rights","Type","Archive","Archive Location","Library Catalog","Call Number","Extra","Notes","File Attachments","Link Attachments","Manual Tags","Automatic Tags","Editor","Series Editor","Translator","Contributor","Attorney Agent","Book Author","Cast Member","Commenter","Composer","Cosponsor","Counsel","Interviewer","Producer","Recipient","Reviewed Author","Scriptwriter","Words By","Guest","Number","Edition","Running Time","Scale","Medium","Artwork Size","Filing Date","Application Number","Assignee","Issuing Authority","Country","Meeting Name","Conference Name","Court","References","Reporter","Legal Status","Priority Numbers","Programming Language","Version","System","Code","Code Number","Section","Session","Committee","History","Legislative Body"
"YMP22BZ6","conferencePaper","2025","Ortega, Alexandre; Bossuet, Lilian; Colombier, Brice","Low-Latency FFT/iFFT RTL Implementation for the FALCON Post-Quantum Signature Algorithm","2025 IEEE 33rd Annual International Symposium on Field-Programmable Custom Computing Machines (FCCM)","","2576-2621","10.1109/FCCM62733.2025.00067","https://ieeexplore.ieee.org/document/11008987","FALCON is one of the three post-quantum digital signature schemes that have been recently standardized by NIST due to the future threat that quantum computers pose to classical cryptographic schemes. Despite this, there is currently no full hardware register-transfer level (RTL) implementation of FALCON. One possible explanation is the rather unusual requirement for a double-precision floating-point Fast Fourier Transform (FFT), which is used in FALCON to speed up polynomial multiplication. In this article, we describe a full RTL implementation of the FFT and its inverse, on FPGA, tailored for the specific context of FALCON. Fitting in this specific cryptographic context, the implementation is also constant-time. The proposed hardware implementation achieves the best latency of the literature. This work paves the way for the first complete fine-tuned RTL implementation of FALCON as well as the security evaluation of such implementations against physical attacks.","2025-05","2026-04-09 11:49:03","2026-05-03 10:22:50","2026-04-09 11:49:03","288-288","","","","","","","","","","","","","","","","","","IEEE Xplore","","ISSN: 2576-2621","<p>Export Date: 02 May 2026; Cited By: 0</p>; <p>Export Date: 02 May 2026; Cited By: 0</p>","/Users/mac/Zotero/storage/PGHYXPYB/Ortega et al. - 2025 - Low-Latency FFTiFFT RTL Implementation for the FALCON Post-Quantum Signature Algorithm.pdf; /Users/mac/Zotero/storage/QX6CJECQ/Ortega et al. - 2025 - Low-Latency FFTiFFT RTL Implementation for the FALCON Post-Quantum Signature Algorithm.pdf; /Users/mac/Zotero/storage/QQV8ABR4/Ortega et al. - 2025 - Low-Latency FFTiFFT RTL Implementation for the FALCON Post-Quantum Signature Algorithm.pdf; /Users/mac/Zotero/storage/NL3FKZXW/11008987.html","","Authentication; Falcon; Hardware security; Network security; Post quantum cryptography; post-quantum cryptography; Quantum computers; Quantum cryptography; Quantum theory; Fast fourier; Post quantum; Quantum signature; falcon; Field programmable gate arrays (FPGA); Digital arithmetic; Hardware; Computer hardware; Fast Fourier transforms; Low latency; Implementation; Register-transfer level; fast fourier transform; fpga; Fpgum; hardware; implementation","","","","","","","","","","","","","","","","","","","","","","","","","","","","","","","","2025 IEEE 33rd Annual International Symposium on Field-Programmable Custom Computing Machines (FCCM)","","","","","","","","","","","","","","",""
"2745LWGG","conferencePaper","2024","Karabulut, Emre; Aysu, Aydin","A Hardware-Software Co-Design for the Discrete Gaussian Sampling of FALCON Digital Signature","2024 IEEE International Symposium on Hardware Oriented Security and Trust (HOST)","","2765-8406","10.1109/HOST55342.2024.10545399","https://ieeexplore.ieee.org/document/10545399/","Sampling random values from a discrete Gaussian distribution with high precision is a major and computationally-intensive operation of emerging and existing cryptographic standards. FALCON is one such algorithm that the National Institute of Standards and Technology chose to standardize as a next-generation, quantum-secure digital signature algorithm. The discrete Gaussian sampling of FALCON has both flexibility and efficiency needs–it constitutes 72% of total signature generation in reference software and requires sampling from a variable mean and standard deviation. Unfortunately, there are no prior works on accelerating this complete sampling procedure. In this paper, we propose a hardware-software co-design for accelerating FALCON's discrete Gaussian sampling subroutine. The proposed solution handles the flexible computations for setting the variable parameters in software and executes core operations with low latency, parameterized, and custom hardware. The hardware parameterization allows trading off area vs. performance. On a Xilinx SoC FPGA Architecture, the results show that compared to the reference software, our solution can accelerate the sampling up to 56.05× and the full signature scheme by 1.67×. Moreover, we quantified that our optimized multiplier circuits can improve the throughput over a straightforward implementation by 2.87×.","2024-05","2026-04-09 11:56:23","2026-05-03 09:34:25","2026-04-09 11:56:21","90-100","","","","","","","","","","","","","","","","","","IEEE Xplore","","ISSN: 2765-8406","<p>Export Date: 02 May 2026; Cited By: 13</p>; <p>Export Date: 02 May 2026; Cited By: 13</p>","/Users/mac/Zotero/storage/SWQE6JJP/Karabulut and Aysu - 2024 - A Hardware-Software Co-Design for the Discrete Gaussian Sampling of FALCON Digital Signature.pdf","","Authentication; Hardware security; Post quantum cryptography; post-quantum cryptography; Quantum cryptography; Field programmable gate arrays (FPGA); FPGA; Hardware/software codesign; Integrated circuit design; National Institute of Standards and Technology; Gaussians; Hardware-software codesign; System-on-chip; Software design; Gaussian distribution; Secure digital; Discrete gaussian sampling; CryptoGraphics; discrete Gaussian sampling; digital signatures; hardware-software co-design; High-precision; Random values; Reference software","","","","","","","","","","","","","","","","","","","","","","","","","","","","","","","","2024 IEEE International Symposium on Hardware Oriented Security and Trust (HOST)","","","","","","","","","","","","","","",""
"HNILMURI","conferencePaper","2025","He, Long; Hu, Hongran; Cao, Zihuan","A Low-Latency Key Generation Accelerator Based on the Falcon Algorithm","2025 4th International Conference on Electronic Information Technology (EIT)","","","10.1109/EIT67313.2025.11231850","https://ieeexplore.ieee.org/document/11231850/","The rapid advancement of quantum computing critically threatens traditional public-key cryptosystems, urgently requiring practical deployment of Post-Quantum Cryptography (PQC). This work addresses the latency challenge in key generation for the National Institute of Standards and Technology (NIST)-standardized Falcon algorithm by proposing a pure hardware-based accelerator architecture. The architecture optimizes three components: double-precision floating-point FFT/IFFT, and discrete Gaussian sampling. Through pipelined parallelism and reconfigurable butterfly units, 1024-point FFT/IFFT transformations are completed in 780 cycles (23.2% latency reduction). A parallel padding strategy and rapid screening mechanism minimize redundant Gaussian sampling computations. On the Xilinx XC7VX485T platform, the FFT/IFFT core consumes 166,947 LUTs, 133,091 FFs, and 324 DSPs, with the full architecture achieving 6 μs latency at 130 MHz. This provides an efficient hardware foundation for low-latency post-quantum cryptography in IoT and edge devices","2025-08","2026-04-09 11:56:23","2026-05-03 09:34:41","2026-04-09 11:56:23","126-130","","","","","","","","","","","","","","","","","","IEEE Xplore","","","<p>Export Date: 02 May 2026; Cited By: 0</p>; <p>Export Date: 02 May 2026; Cited By: 0; Correspondence Address: L. He; Hefei University of Technology, School of Microelectronics, Hefei, China; email: helong01142022@163.com</p>","/Users/mac/Zotero/storage/FS2QL2VA/He et al. - 2025 - A Low-Latency Key Generation Accelerator Based on the Falcon Algorithm.pdf","","Post quantum cryptography; Quantum computers; Quantum Computing; Quantum cryptography; Hardware implementations; Digital arithmetic; Public key cryptography; Double precision; Precision floating point; Computer hardware; PQC; Particle accelerators; Signal processing; Gaussian distribution; Computer architecture; FFT/IFFT; Low latency; Public key cryptosystems; Key generation; Double-precision floating-point; Double-Precision Floating-Point; Hardware Implementation; Key Generation; Low Latency; Security of data","","","","","","","","","","","","","","","","","","","","","","","","","","","","","","","","2025 4th International Conference on Electronic Information Technology (EIT)","","","","","","","","","","","","","","",""
"VQ6MIQFF","conferencePaper","2025","Liao, Jun-Hao; Cho, Kuan-Ting; Shieh, Ming-Der","A Unified FFT/NTT Design for Efficient NTRU Equation Solving in FALCON Cryptography","2025 IEEE International Symposium on Circuits and Systems (ISCAS)","","2158-1525","10.1109/ISCAS56072.2025.11043318","https://ieeexplore.ieee.org/document/11043318/","Post-Quantum Cryptography has garnered significant attention with the rapid development of quantum computing. FALCON, a lattice-based quantum-resistant digital signature scheme, has been standardized. During the key pair generation process, solving the NTRU equation based on Galois theory is required. The simultaneous use of two distinct algebraic structures, \mathbbQ[x]/łeft( x^n + 1 \right) and \mathbbZ[x]/łeft( x^n + 1 \right), where n is a power of 2, presents challenges in hardware design. This paper proposes a hardware accelerator specifically customized for FFT/IFFT and NTT/INTT operations on rings under different point numbers. The design incorporates conflict-free scheduling for memory access and the selection of twiddle factors across various radices. The proposed design occupies an area of 0.54 mm2 and operates at a frequency of 333 MHz based on the synthesis results using 40nm technology. Compared to existing FFT/IFFT design on rings, the proposed one reduces the area requirement of processing elements by 33% without increasing the overall execution time. Moreover, our design supports both 64-bit radix-4 and 128-bit radix-2 NTT/INTT. This solution effectively addresses the two transformations required for key pair generation in FALCON.","2025-05","2026-04-09 14:40:27","2026-05-03 09:35:29","2026-04-09 14:39:10","1-5","","","","","","","","","","","","","","","","","","IEEE Xplore","","ISSN: 2158-1525","<p>Export Date: 02 May 2026; Cited By: 2</p>; <p>Export Date: 02 May 2026; Cited By: 2; Correspondence Address: J.-H. Liao; National Cheng Kung University, Department of Electrical Engineering, Tainan, 701, Taiwan; email: n26114853@gs.ncku.edu.tw; CODEN: PICSD</p>","/Users/mac/Zotero/storage/DC29KEKK/Liao et al. - 2025 - A Unified FFTNTT Design for Efficient NTRU Equation Solving in FALCON Cryptography.pdf","","Post quantum cryptography; Quantum computers; Quantum Computing; Quantum cryptography; Digital signature schemes; Lattice-based; Integrated circuit design; Computer hardware; PQC; FALCON; Fast Fourier transforms; ASIC; FFT/IFFT; Algebra; Computation theory; Equations solving; Key pairs; NTT/INTT","","","","","","","","","","","","","","","","","","","","","","","","","","","","","","","","2025 IEEE International Symposium on Circuits and Systems (ISCAS)","","","","","","","","","","","","","","",""
"Y3KUH4DX","conferencePaper","2025","Shrivastava, Rishabh; Banerjee, Utsav","Hardware-Software Co-Design of Post-Quantum FALCON Digital Signature Scheme with RISC-V","2025 IEEE 32nd International Conference on High Performance Computing, Data and Analytics Workshop (HiPCW)","","2770-0135","10.1109/HiPCW66559.2025.00028","https://ieeexplore.ieee.org/document/11459293/","FALCON is a lattice-based digital signature scheme recently selected as NIST post-quantum cryptography standard. FALCON is well known for its fast verification support along with small key and signature sizes. However, implementation of the FALCON signature algorithm in resource-constrained edge computing systems is challenging due to the requirement of complex hashing, floating point arithmetic and polynomial transformation computations. In this work, we demonstrate resource-efficient hardware acceleration of FALCON signature generation and verification by performing hardware-software co-design of its computationally expensive functions with a light-weight 32-bit Vex RISC-V processor core with accompanying custom instructions. We propose Custom Function Units compatible with Vex RISC-V to accelerate Keccak permutations and polynomial transformations, along with a constant-time implementation of IEEE 754 floating-point arithmetic. Our design achieves ≈ 4.3× speedup for signature verification and ≈ 1.6× speedup for signature generation compared to the baseline software on Vex RISC-V for both parameter sets of FALCON, when implemented on AMD Xilinx UltraScale+ FPGA. We also present an efficient verification-only variant of our design suitable for resource-constrained applications.","2025-12","2026-04-09 14:40:27","2026-05-03 10:35:14","2026-04-09 14:39:13","121-127","","","","","","","","","","","","","","","","","","IEEE Xplore","","ISSN: 2770-0135","<p>Export Date: 02 May 2026; Cited By: 0</p>; <p>Export Date: 02 May 2026; Cited By: 0</p>","/Users/mac/Zotero/storage/JAW4HUGT/Shrivastava and Banerjee - 2025 - Hardware-Software Co-Design of Post-Quantum FALCON Digital Signature Scheme with RISC-V.pdf","","post-quantum cryptography; FPGA; digital signature; FALCON; FFT; NTT; lattice; NIST PQC; CFU; custom instructions; floating point arithmetic; hardware acceleration; high-performance edge computing; Keccak; Vex RISC-V","","","","","","","","","","","","","","","","","","","","","","","","","","","","","","","","2025 IEEE 32nd International Conference on High Performance Computing, Data and Analytics Workshop (HiPCW)","","","","","","","","","","","","","","",""
"ZVRYWZ9L","journalArticle","2025","Alsuhli, Ghada; Saleh, Hani; Al-Qutayri, Mahmoud; Mohammad, Baker; Stouraitis, Thanos","Area and Power Efficient FFT/IFFT Processor for FALCON Post-Quantum Cryptography","IEEE Transactions on Emerging Topics in Computing","","2168-6750","10.1109/TETC.2024.3407124","https://ieeexplore.ieee.org/document/10552202/","Quantum computing is an emerging technology on the verge of reshaping industries, while simultaneously challenging existing cryptographic algorithms. FALCON, a recent standard quantum-resistant digital signature, presents a challenging hardware implementation due to its extensive non-integer polynomial operations, necessitating FFT over the ring \mathbb Q[x]/(x^n+1)Q[x]/(xn+1). This paper introduces an ultra-low-power and compact processor tailored for FFT/IFFT operations over the ring for efficient FALCON implementation. The proposed processor incorporates various optimization techniques, including twiddle factor compression and conflict-free scheduling. In an ASIC implementation using a 22 nm GF process, the proposed processor demonstrates an area occupancy of 0.15 mm<sup>2</sup>2 and a power consumption of 12.6 mW/28.1 mW at an operating frequency of 167 MHz/500 MHz for the non-pipelined/pipelined version of the processor. Since a hardware implementation of FFT/IFFT over the ring is currently non-existent, the execution time achieved by this processor is compared to the reference software implementation of FFT/IFFT of FALCON on a Raspberry Pi 4 with Cortex-A72, where the proposed pipelined processor achieves a speedup up to 3.8×. Furthermore, in comparison to dedicated state-of-the-art hardware accelerators for classic FFT, the pipelined architecture occupies 42% less area and consumes 64% less power, on average. The quantified speedup in the context of FALCON suggests that the proposed hardware design offers a promising solution for the efficient implementation of FALCON.","2025-04","2026-04-09 14:40:27","2026-05-03 09:44:56","2026-04-09 14:39:16","423-437","","2","13","","","","","","","","","","","","","","","IEEE Xplore","","","<p>Export Date: 02 May 2026; Cited By: 7</p>; <p>Export Date: 02 May 2026; Cited By: 7; Correspondence Address: G. Alsuhli; System-on-Chip Center, Department of Computer and Information Engineering, Khalifa University, Abu Dhabi, United Arab Emirates; email: ghada.alsuhli@ku.ac.ae</p>","/Users/mac/Zotero/storage/KU7FFZQB/Alsuhli et al. - 2025 - Area and Power Efficient FFTIFFT Processor for FALCON Post-Quantum Cryptography.pdf","","Post quantum cryptography; post-quantum cryptography; Quantum computers; Field programmable gate arrays (FPGA); Hardware acceleration; Computer hardware; Field programmables; Programmable gate array; FALCON; Fast Fourier transforms; Application specific integrated circuits; ASIC; Polynomials; Software; Computer architecture; Computing power; FFT/IFFT; FFT/IFFT processor; Field programmable gate array; Pipeline processing systems; Polynomial operation; polynomial operations","","","","","","","","","","","","","","","","","","","","","","","","","","","","","","","","","","","","","","","","","","","","","","",""
"6LKII2TU","conferencePaper","2025","Dam, Duc-Thuan; Tran, Thai-Ha; Nguyen, Trong-Hung; Hoang, Trong-Thuc; Pham, Cong-Kha","Compact FALCON FFT/NTT Accelerator for Post-Quantum Cryptography","2025 IEEE International Symposium on Circuits and Systems (ISCAS)","","2158-1525","10.1109/ISCAS56072.2025.11043460","https://ieeexplore.ieee.org/document/11043460/","FALCON is one of four algorithms selected by NIST to standardize post-quantum cryptography standards. FALCON is a digital signature algorithm based on NTRU lattice with difficulty based on the short vector problem. While Kyber and Dilithium algorithms are only based on NTT operations, FALCON uses both NTT and FFT, which is a barrier to Falcon’s hardware implementation. This paper proposes a compact architecture that supports FFT and NTT for the FALCON algorithm. First, we propose an architecture that executes floating-point and complex number operations with theoretic speed and low area requirements. Then, we design a processing element that performs FFT with complex number operations. Finally, we propose an NTT architecture that reuses the resources used for FFT execution with high parallelism. The FPGA implementation results show that the FFT execution takes 2.048k CCs and 4.608k CCs for the 512-point and 1024-point FFT/IFFT, respectively. The NTT/INTT operation takes 288 CCs for FALCON-512 and 640 CCs for FALCON-1024. The speedup improves from 3× to 9.6× for FFT and up to 18× for NTT implementations compared to previous studies.","2025-05","2026-04-09 14:40:27","2026-05-03 09:54:21","2026-04-09 14:39:18","1-5","","","","","","","","","","","","","","","","","","IEEE Xplore","","ISSN: 2158-1525","<p>Export Date: 02 May 2026; Cited By: 4</p>; <p>Export Date: 02 May 2026; Cited By: 4; Correspondence Address: D.-T. Dam; University of Electro-Communications (UEC), Tokyo, Japan; email: ducthuan@vlsilab.ee.uec.ac.jp; CODEN: PICSD</p>","/Users/mac/Zotero/storage/YZWIWGSR/Dam et al. - 2025 - Compact FALCON FFTNTT Accelerator for Post-Quantum Cryptography.pdf","","Dilithium; Post quantum cryptography; Quantum cryptography; Digital signature algorithms; Hardware implementations; Post-Quantum Cryptography; Digital arithmetic; accelerator; Architecture; Compact architecture; Complex number; FALCON; Fast Fourier transforms; FFT; Floating point numbers; NTT; Number theory; Particle accelerators; Shortest vector problem; Signal processing","","","","","","","","","","","","","","","","","","","","","","","","","","","","","","","","2025 IEEE International Symposium on Circuits and Systems (ISCAS)","","","","","","","","","","","","","","",""
"IYRCI3ZM","conferencePaper","2025","Liao, Jun-Hao; Shieh, Ming-Der","Algorithm and Hardware Co-Design Exploration for NTRU Equation Solving","2025 32nd IEEE International Conference on Electronics, Circuits and Systems (ICECS)","","2995-0589","10.1109/ICECS66544.2025.11270592","https://ieeexplore.ieee.org/document/11270592/","With the rapid advancement of quantum computing technologies, traditional public-key algorithms face the threat of being broken. Falcon, now standardized for digital signatures in post-quantum cryptography, relies heavily on repeated FFT, NTT, RNS and CRT operations during its key-generation phase. Since each of these modules contributes similarly to the total computation, standalone optimization yields only marginal gains. This paper presents a dedicated hardware accelerator design that unifies arithmetic units at the microarchitectural level and explores efficient parallel structures to shorten the critical path and enhance throughput. We target the three core routines, Field Norm, Lift and Reduce, by tailoring dataflows and dynamic switching strategies to prime bit-width and algorithmic complexity. Additionally, we adopt a compact SRAM partitioning scheme to achieve conflict-free data arrangement and efficient coexistence of all intermediate values. Post-layout simulations of our design in a 40-nm process indicate a footprint of 1.987 mm2 at 333 MHz, achieving approximately a 6× speedup over a software reference and a 100× improvement compared to a high-level-synthesis based hardware prototype.","2025-11","2026-04-09 14:40:27","2026-05-03 09:37:39","2026-04-09 14:39:29","1-4","","","","","","","","","","","","","","","","","","IEEE Xplore","","ISSN: 2995-0589","<p>Export Date: 02 May 2026; Cited By: 0</p>; <p>Export Date: 02 May 2026; Cited By: 0; Correspondence Address: J.-H. Liao; National Cheng Kung University, Department of Electrical Engineering, Tainan, 701, Taiwan; email: n26114853@gs.ncku.edu.tw</p>","/Users/mac/Zotero/storage/KE68TAPF/Liao and Shieh - 2025 - Algorithm and Hardware Co-Design Exploration for NTRU Equation Solving.pdf","","Falcon; Quantum computers; Quantum Computing; Quantum cryptography; Integrated circuit design; Public key cryptography; PQC; Computational complexity; Hardware-software codesign; Fast Fourier transforms; FFT; NTT; Software prototyping; Equations solving; High level synthesis; Computing technology; Logic design; Security of data; Co-designs; CRT; Design Exploration; Keygen; KeyGen; Public key algorithms","","","","","","","","","","","","","","","","","","","","","","","","","","","","","","","","2025 32nd IEEE International Conference on Electronics, Circuits and Systems (ICECS)","","","","","","","","","","","","","","",""
"2G6S79P3","journalArticle","2022","Kim, Youngbeom; Song, Jingyo; Seo, Seog Chung","Accelerating Falcon on ARMv8","IEEE Access","","2169-3536","10.1109/ACCESS.2022.3169784","https://ieeexplore.ieee.org/document/9762260/","Falcon is one of the promising digital-signature algorithms in NIST’s ongoing Post-Quantum Cryptography (PQC) standardization finalist. Computational efficiency regarding software and hardware is also the main criteria for PQC standardization. In this paper, we present an efficient Falcon software implementation on ARMv8 environment. Until now, most of the software optimization on PQC algorithms have been conducted on 32-bit ARM (Cortex-M4) and typical CPUs (Intel and AMD CPUs). However, ARMv8 including Cortex-A30, 50, and 70 series have been widely used for various IoT (Internet of Things) applications, Edge computing devices, and OBUs (On Board Units) in autonomous driving cars. For optimizing the performance of Falcon, we take full advantage of NEON engine which is a kind of parallel processing unit in ARMv8 MCU. The main computation in Falcon belongs to polynomial multiplications in Complex number domain and Integer domain. Typically, FFT (Fast Fourier Transformation)-based multiplication method and NTT (Number Theoriteic Transform)-based multiplication method have been widely used for efficient polynomial multiplications in Complex number domain and Integer domain, respectively. Thus, in order to enhance the overall performance of Falcon, we improve the FFT-based multiplication method and NTT-based multiplication method by utilizing NEON engine in ARMv8. Specifically, we parallelize the overall process (FFT/NTT transformation, pointwise multiplication, and inverse FFT/NTT transformation) of FFT-based polynomial multiplication method and NTT-based polynomial multiplication method with strategically utilizing the NEON engine and vector instructions. Furthermore, we minimize the number of redundant memory accesses during FFT/NTT-based polynomial multiplication by making the most of available registers in NEON engine. Through the proposed parallel FFT/NTT-based polynomial multiplications, the proposed Falcon software provides 15.1% (resp. 18.1%), 16.5% (resp. 17.1%), and 65.4% (resp. 69.4%) of performance improvement in keypair generation, signing, and verification at security level 1 (resp. 5) compared with the reference Falcon implementation submitted to the final round of NIST PQC competition. Furthermore, as far as we know, this is the first optimized implementation of Falcon on ARMv8 environment.","2022","2026-04-09 14:40:27","2026-05-03 09:35:43","2026-04-09 14:39:33","44446-44460","","","10","","","","","","","","","","","","","","","IEEE Xplore","","","<p>Export Date: 02 May 2026; Cited By: 48</p>; <p>Export Date: 02 May 2026; Cited By: 48; Correspondence Address: S.C. Seo; Kookmin University, Department of Financial Information Security, Seoul, 02707, South Korea; email: scseo@kookmin.ac.kr</p>; <p>Export Date: 02 May 2026; Cited By: 48; Correspondence Address: S.C. Seo; Kookmin University, Department of Financial Information Security, Seoul, 02707, South Korea; email: scseo@kookmin.ac.kr</p>","/Users/mac/Zotero/storage/2ZCMDRI5/Kim et al. - 2022 - Accelerating Falcon on ARMv8.pdf","","Falcon; Post quantum cryptography; Standardization; Performance; Cryptography; Internet of Things; Internet of things; Fast Fourier transforms; Polynomials; Computational efficiency; ARM/NEON processor; ARMv8; Engines; Fast Fourier transformations; Inverse problems; memory optimization; Memory optimization; NIST post-quantum cryptography signature; NIST PQC signature; parallel implementation; Parallel implementations; Polynomial multiplication; Program processors; Transformation based","","","","","","","","","","","","","","","","","","","","","","","","","","","","","","","","","","","","","","","","","","","","","","",""
"LXY8DW5W","conferencePaper","2024","Yu, Xinglong; Sun, Yi; Zhao, Yifan; Kuang, Honglin; Han, Jun","RVCE-FAL: A RISC-V Scalar-Vector Custom Extension for Faster FALCON Digital Signature","2024 Design, Automation & Test in Europe Conference & Exhibition (DATE)","","1558-1101","10.23919/DATE58400.2024.10546713","https://ieeexplore.ieee.org/document/10546713/","The National Institute of Standards and Technology (NIST) has selected FALCON as one of the standardized digital signature algorithms against quantum attacks in 2022. Compared with the other post-quantum cryptography (PQC) schemes, lattice-based FALCON is more appropriate for future Internet of Things (loT) applications due to the fastest signature verification process and the lowest transmission overhead. In this paper, we propose a custom extension based on the RISC-V scalar-vector framework for efficient implementation of FALCON. To our best knowledge, this work is the first hardware-software co-design for complete FALCON signature generation and verification routines. Besides, we design the first FALCON Gaussian sampling hardware and a RISC-V vector extension (RVV) based domain-specific core. The proposed architecture accelerates kernel operations in FALCON, such as discrete Gaussian sampling, number theoretic transform (NTT), inverse NTT, and polynomial operations. Compared with the reference implementation, results on the gem5-RTL simulation platform present a speedup for signature generation and verification of up to 18 x and 6.9 x.","2024-03","2026-04-09 14:40:27","2026-05-03 09:56:15","2026-04-09 14:39:34","1-6","","","","","","RVCE-FAL","","","","","","","","","","","","IEEE Xplore","","ISSN: 1558-1101","<p>Export Date: 02 May 2026; Cited By: 12</p>; <p>Export Date: 02 May 2026; Cited By: 12</p>","/Users/mac/Zotero/storage/F47TICPM/Yu et al. - 2024 - RVCE-FAL A RISC-V Scalar-Vector Custom Extension for Faster FALCON Digital Signature.pdf","","Authentication; Post quantum cryptography; post-quantum cryptography; Quantum cryptography; National Institute of Standards and Technology; Gaussians; Hardware-software codesign; Simulation platform; FALCON; Number-theoretic transforms; Gaussian distribution; Discrete gaussian sampling; Signature verification; Verification; Vectors; Signature generation; discrete Gaussian sampling; RISC-V custom extension; vector architecture; Vector architectures","","","","","","","","","","","","","","","","","","","","","","","","","","","","","","","","2024 Design, Automation & Test in Europe Conference & Exhibition (DATE)","","","","","","","","","","","","","","",""
"GD755GWC","journalArticle","2026","Li, Wenqian; Wei, Hanyu; Shen, Shiyu; Yang, Hao; Dai, Wangchen; Zhao, Yunlei","cuFalcon: An Adaptive Parallel GPU Implementation for High-Performance Falcon Acceleration","IEEE Transactions on Parallel and Distributed Systems","","1558-2183","10.1109/TPDS.2026.3675891","https://ieeexplore.ieee.org/document/11443236/","The rapid advancement of quantum computing has ushered in a new era of post-quantum cryptography, urgently demanding quantum-resistant digital signatures to secure modern communications and transactions. Among NIST-standardized candidates, Falcon stands out because it is a compact lattice-based signature scheme suitable for size-sensitive applications. In this paper, we present cuFalcon, a high-throughput GPU implementation of Falcon that addresses its computational bottlenecks through adaptive parallel strategies. At the operational level, we optimize Falcon key components for GPU architectures through memory-efficient FFT, adaptive parallel ffSampling, and a compact computation mode. For signature-level optimization, to improve scalability across different GPU architectures, we implement three versions of cuFalcon: the raw key version, the expanded key version, and the balanced version. Additionally, we design batch processing, streaming mechanisms, and memory pooling to handle multiple signature tasks efficiently. Ultimately, performance evaluations show significant improvements, with the raw key version achieving 172 k signatures per second and the expanded key version reaching 201 k. Compared to the raw key version, the balanced version achieves a 7% improvement in throughput, while compared to the expanded key version, it reduces memory usage by 70%. Furthermore, our raw key version implementation outperforms the reference implementation by 36.74 × and achieves a 2.71× speedup over the state-of-the-art GPU implementation.","2026-05","2026-04-09 14:40:27","2026-05-03 09:55:02","2026-04-09 14:39:44","1153-1167","","5","37","","","cuFalcon","","","","","","","","","","","","IEEE Xplore","","","<p>Export Date: 02 May 2026; Cited By: 0</p>; <p>Export Date: 02 May 2026; Cited By: 0; Correspondence Address: Y. Zhao; Fudan University, School of Computer Science, Shanghai, 200438, China; email: ylzhao@fudan.edu.cn; CODEN: ITDSE</p>","/Users/mac/Zotero/storage/RXE4TY3Q/Li et al. - 2026 - cuFalcon An Adaptive Parallel GPU Implementation for High-Performance Falcon Acceleration.pdf","","Falcon; Network security; Post quantum cryptography; Quantum computers; Quantum Computing; Quantum cryptography; Fast fourier; Lattice-based; Post-quantum cryptography; Acceleration; Performance; Fast Fourier transforms; Throughput; Memory architecture; Computational efficiency; Program processors; Graphics processing unit; Parallel architectures; Fourier sampling; Batch data processing; fast fourier sampling; Fast fourier sampling; GPU acceleration; GPU accelerations; GPU implementation","","","","","","","","","","","","","","","","","","","","","","","","","","","","","","","","","","","","","","","","","","","","","","",""
"SXQCTJPY","journalArticle","2022","Sarker, Ausmita; Mozaffari Kermani, Mehran; Azarderakhsh, Reza","Efficient Error Detection Architectures for Postquantum Signature Falcon’s Sampler and KEM SABER","IEEE Transactions on Very Large Scale Integration (VLSI) Systems","","1557-9999","10.1109/TVLSI.2022.3156479","https://ieeexplore.ieee.org/document/9736448/","Among the National Institute for Standards and Technology (NIST) postquantum cryptography (PQC) standardization Round 3 finalists (announced in 2020 and anticipated to conclude in 2022–2024), SABER and Falcon are efficient key encapsulation mechanism (KEM) and compact signature scheme, respectively. SABER is a simple and flexible cryptographic scheme, highly suitable for thwarting potential attacks in the postquantum era. Implementing SABER can be performed solely in hardware (HW) or on HW/software coprocessors. On the other hand, the compact key size, efficient design, and strong reliability proof in the quantum random oracle model (QROM) make Falcon a highly suitable signature algorithm for PQC. Although Falcon is crucial as a PQC signature scheme, the utilization of the Gaussian sampler makes it vulnerable to malicious attacks, e.g., fault attacks. This is the first work to present error detection schemes embedded efficiently in SABER as well as Falcon’s sampler architectures, which can detect both transient and permanent faults. Moreover, we implement HW design for the ModFalcon signature algorithm as well as the Gaussian sampler. These schemes are implemented on a formerly Xilinx field-programmable gate array (FPGA) family, for both SABER and Falcon variants, where we assess the error coverage and the performance. The proposed schemes incur low overhead (the area, delay, and power overheads being 22.59%, 19.77%, and 10.67%, respectively, in the worst case) while providing a high fault detection rate (99.9975% in the worst case scenario), making them suitable for high efficiency and compact HW implementations of constrained applications.","2022-06","2026-04-09 14:40:27","2026-05-03 10:23:45","2026-04-09 14:39:48","794-802","","6","30","","","","","","","","","","","","","","","IEEE Xplore","","","<p>Export Date: 02 May 2026; Cited By: 39</p>; <p>Export Date: 02 May 2026; Cited By: 39; Correspondence Address: M. Mozaffari Kermani; University of South Florida, Department of Computer Science and Engineering, Tampa, 33620, United States; email: mehran2@usf.edu; CODEN: IEVSE</p>; <p>Export Date: 02 May 2026; Cited By: 39; Correspondence Address: M. Mozaffari Kermani; University of South Florida, Department of Computer Science and Engineering, Tampa, 33620, United States; email: mehran2@usf.edu; CODEN: IEVSE</p>; <p>Export Date: 02 May 2026; Cited By: 39; Correspondence Address: M. Mozaffari Kermani; University of South Florida, Department of Computer Science and Engineering, Tampa, 33620, United States; email: mehran2@usf.edu; CODEN: IEVSE</p>","/Users/mac/Zotero/storage/GYHK7XM7/Sarker et al. - 2022 - Efficient Error Detection Architectures for Postquantum Signature Falcon’s Sampler and KEM SABER.pdf","","Authentication; Network security; Post quantum cryptography; Quantum cryptography; Lattice; Side channel attack; Field programmable gate arrays (FPGA); Integrated circuit design; Key encapsulation mechanisms; Public key cryptography; Field-programmable gate array; Learning with Errors; Computer architecture; Timing circuits; Fault detection; Circuit faults; Error detection; Field-programmable gate array (FPGA); Key encapsulation mechanism; key encapsulation mechanisms (KEM); Learning with error; learning with errors (LWEs); Learning with rounding; learning with rounding (LWR); Logic gates; National institute for standards and technologies; Postquantum cryptography; postquantum cryptography (PQC); Quantum random oracle model .; quantum random oracle model (QROM); Random Oracle model","","","","","","","","","","","","","","","","","","","","","","","","","","","","","","","","","","","","","","","","","","","","","","",""
"UH5LLN9V","conferencePaper","2026","Shrivastava, Rishabh; Banerjee, Utsav","Post-Quantum HAWK Signature Acceleration with RISC-V-Based Hardware-Software Co-Design","2026 39th International Conference on VLSI Design & 25th International Conference on Embedded Systems (VLSID)","","2380-6923","10.1109/VLSID68508.2026.00088","https://ieeexplore.ieee.org/document/11433250/","Advances in quantum computing technology have motivated the development of post-quantum cryptography (PQC) algorithms. HAWK is a new post-quantum digital signature scheme and the only lattice-based candidate selected for Round 2 of the “Additional Digital Signatures” phase of the NIST PQC Standardization process. HAWK offers compact key and signature sizes compared to NIST standard ML-DSA (Dilithium), and its simple design avoids the use of floating-point arithmetic unlike NIST standard FN-DSA (FALCON). This makes HAWK very well suited for resource-constrained applications. We perform software runtime profiling of HAWK signature computation and verification on a resource-efficient Vex RISC-V processor core, and identify Keccak permutations and polynomial transformations as the most computationally expensive functions. In this work, we demonstrate light-weight hardware-software co-design of HAWK with these operations accelerated using Vex RISC-V Custom Function Units and accompanying custom instructions. We present multiple design variants with different degrees of acceleration, and our best design achieves \approx 3 \times speedup and \approx 40 % reduction in area-time-product compared to the baseline when implemented on a Xilinx Artix-7 FPGA.","2026-01","2026-04-09 14:40:27","2026-05-03 10:35:15","2026-04-09 14:39:56","437-442","","","","","","","","","","","","","","","","","","IEEE Xplore","","ISSN: 2380-6923","<p>Export Date: 02 May 2026; Cited By: 0</p>; <p>Export Date: 02 May 2026; Cited By: 0</p>","/Users/mac/Zotero/storage/9AH9W5ME/Shrivastava and Banerjee - 2026 - Post-Quantum HAWK Signature Acceleration with RISC-V-Based Hardware-Software Co-Design.pdf","","Authentication; Network security; Post quantum cryptography; post-quantum cryptography; Quantum computers; Quantum cryptography; Electronic document identification systems; Lattice; Field programmable gate arrays (FPGA); FPGA; Hardware acceleration; Integrated circuit design; Computer hardware; digital signature; Hardware-software codesign; FFT; NTT; Polynomials; Software design; lattice; Application programs; Verification; NIST PQC; NIST post-quantum cryptography; Reduced instruction set computing; Crystal lattices; IoT; CFU; custom instructions; hardware acceleration; Keccak; Vex RISC-V; Custom instruction; HAWK; Interlocking signals","","","","","","","","","","","","","","","","","","","","","","","","","","","","","","","","2026 39th International Conference on VLSI Design & 25th International Conference on Embedded Systems (VLSID)","","","","","","","","","","","","","","",""
"EP3FP6LS","journalArticle","2022","Karabulut, Emre; Alkim, Erdem; Aysu, Aydin","Efficient, Flexible, and Constant-Time Gaussian Sampling Hardware for Lattice Cryptography","IEEE Transactions on Computers","","1557-9956","10.1109/TC.2021.3107729","https://ieeexplore.ieee.org/document/9522059/","This paper proposes a discrete Gaussian sampling hardware design that can flexibly support different sampling parameters, that is more efficient (in area-delay product) compared to the majority of earlier proposals, and that has constant execution time. The proposed design implements a Cumulative Distribution Table (CDT) approach, reduces the table size with Gaussian convolutions, and adopts an innovative fusion tree search algorithm to achieve a compact and fast sampling technique—to our best knowledge, this is the first hardware implementation of fusion tree search algorithm. The proposed hardware can support all the discrete Gaussian distributions used in post-quantum digital signatures and key encapsulation algorithms (FALCON, qTESLA, and FrodoKEM), the homomorphic encryption library of SEAL, and other algorithms such BLISS digital signature and LP public-key encryption. Our proposed hardware can be configured at design-time to optimize a single configuration or at run-time to support multiple Gaussian distribution parameters. Our design, furthermore, has constant-time behavior by design, eliminating timing side-channel attacks—this is achieved by reading all table contents at the same time to also reduce the latency. The results on a Xilinx Virtex-7 FPGA show that our solution can outperform all prior proposals in area-delay product by 1.67–235.88×, only falling short to those designed for the LP encryption scheme.","2022-08","2026-04-09 14:40:27","2026-05-03 10:16:55","2026-04-09 14:40:02","1810-1823","","8","71","","","","","","","","","","","","","","","IEEE Xplore","","","<p>Export Date: 02 May 2026; Cited By: 11</p>; <p>Export Date: 02 May 2026; Cited By: 11; Correspondence Address: E. Karabulut; North Carolina State University, Department of Electrical and Computer Engineering, 27606, United States; email: ekarabu@ncsu.edu; CODEN: ITCOB</p>","/Users/mac/Zotero/storage/CAK82R9I/Karabulut et al. - 2022 - Efficient, Flexible, and Constant-Time Gaussian Sampling Hardware for Lattice Cryptography.pdf","","Quantum theory; Side channel attack; FPGA; Hardware implementations; Public key cryptography; Cumulative distribution; Trees (mathematics); Product design; Gaussian distribution; Discrete gaussian sampling; Digital libraries; Gaussian convolution; Ho-momorphic encryptions; lattice cryptography; Learning algorithms; Public-key encryption; Single configuration; Timing side channels; Tree search algorithm","","","","","","","","","","","","","","","","","","","","","","","","","","","","","","","","","","","","","","","","","","","","","","",""
"RAXYY5PC","journalArticle","2025","Dai, Ruihao; Dong, Jiankuo; Qiu, Mingrui; Dong, Zhenjiang; Xiao, Fu; Lin, Jingqiang","GOLF: Unleashing GPU-Driven Acceleration for FALCON Post-Quantum Cryptography","IEEE Transactions on Information Forensics and Security","","1556-6021","10.1109/TIFS.2025.3599681","https://ieeexplore.ieee.org/document/11129029/","Quantum computers leverage qubits to solve certain computational problems significantly faster than classical computers. This capability poses a severe threat to traditional cryptographic algorithms, leading to the rise of post-quantum cryptography (PQC) designed to withstand quantum attacks. FALCON, a lattice-based signature algorithm, has been selected by the National Institute of Standards and Technology (NIST) as part of its post-quantum cryptography standardization process. However, due to the computational complexity of PQC, especially in cloud-based environments, throughput limitations during peak demand periods have become a bottleneck, particularly for FALCON. In this paper, we introduce GOLF (GPU-accelerated Optimization for Lattice-based FALCON), a novel GPU-based parallel acceleration framework for FALCON. GOLF includes algorithm porting to the GPU, compatibility modifications, multi-threaded parallelism with distinct data, single-thread optimization for single tasks, and specific enhancements to the Fast Fourier Transform (FFT) module within FALCON. Our approach achieves unprecedented performance in FALCON acceleration on GPUs, setting the highest throughput record in the history of FALCON digital signature generation and verification. On the NVIDIA RTX 4090, GOLF reaches a signature generation throughput of 420.25 kops/s and a signature verification throughput of 10,311.04 kops/s. These results represent a 58.05\times / 73.14\times improvement over the reference FALCON implementation and a 7.17\times / 3.79\times improvement compared to the fastest known GPU implementation to date. Additionally, since we have not modified the content of the algorithm, but only optimized its engineering implementation, the security of the algorithm has not changed, and the security of the original algorithm has been maintained. GOLF demonstrates that GPU acceleration is not only feasible for post-quantum cryptography but also crucial for addressing throughput bottlenecks in real-world applications.","2025","2026-04-09 14:40:27","2026-05-03 10:09:39","2026-04-09 14:40:11","9441-9453","","","20","","","GOLF","","","","","","","","","","","","IEEE Xplore","","","<p>Export Date: 02 May 2026; Cited By: 1</p>; <p>Export Date: 02 May 2026; Cited By: 1</p>","","","Authentication; Post quantum cryptography; Quantum cryptography; Lattice-based; Post-quantum cryptography; Acceleration; Qubits; FALCON; Throughput; Program processors; Quanta computers; Optimisations; Signature verification; Graphics processing unit; GPU; Signature generation; CUDA; Computational problem; GPU-accelerated; Sports","","","","","","","","","","","","","","","","","","","","","","","","","","","","","","","","","","","","","","","","","","","","","","",""
"5WGRVQVS","conferencePaper","2025","Chen, Shuyi; Ming, Jingdian; Liu, Yuejun; Gao, Yiwen; Zhou, Yongbin","Masked Gadgets for Integer-Floating-Point Conversion with Applications to Falcon","2025 IEEE 43rd International Conference on Computer Design (ICCD)","","2576-6996","10.1109/ICCD65941.2025.00078","https://ieeexplore.ieee.org/document/11310958/","Falcon has been selected by the National Institute of Standards and Technology (NIST) as one of the standardized post-quantum digital signature algorithms. Unlike other candidate algorithms, Falcon relies heavily on floating-point operations, which are known to be vulnerable to side-channel attacks (SCAs). Although recent research proposes masking schemes for basic floating-point operations, secure conversion between integer and floating-point representations remains unaddressed. These conversions operate directly on the private key or other sensitive variables and therefore constitute a potential attack surface. This paper proposes new masking gadgets that securely perform conversions between integers and floating-point representations, addressing this previously unprotected surface. As part of the design, we optimize existing normalization and floating-point composition components to support the conversion process. We formally prove that our gadgets satisfy t-Non-Interference (t-\textNI) or t-Strong Non-Interference (t-SNI) in the probing model and evaluate their side-channel resistance using Test Vector Leakage Assessment (TVLA) on an Arm Cortex-M4 processor. We also assess performance on an Intel Core CPU, where the optimized normalization and floating-point composition components demonstrate improvements of approximately 47.6 % and 10.8 %, respectively, over prior work.","2025-11","2026-04-09 14:40:27","2026-05-03 10:05:25","2026-04-09 14:40:18","507-514","","","","","","","","","","","","","","","","","","IEEE Xplore","","ISSN: 2576-6996","<p>Export Date: 02 May 2026; Cited By: 0; Correspondence Address: S. Chen; School of Cyber Science and Engineering, Nanjing University of Science and Technology, Nanjing, China; email: chenshuyi@njust.edu.cn; J. Ming; School of Cyber Science and Engineering, Nanjing University of Science and Technology, Nanjing, China; email: mingjingdian@njust.edu.cn; Y. Liu; School of Cyber Science and Engineering, Nanjing University of Science and Technology, Nanjing, China; email: liuyuejun@njust.edu.cn; Y. Gao; School of Cyber Science and Engineering, Nanjing University of Science and Technology, Nanjing, China; email: gaoyiwen@njust.edu.cn; Y. Zhou; School of Cyber Science and Engineering, Nanjing University of Science and Technology, Nanjing, China; email: zhouyongbin@njust.edu.cn; CODEN: PIIPE</p>","/Users/mac/Zotero/storage/CR2KXDFN/Chen et al. - 2025 - Masked Gadgets for Integer-Floating-Point Conversion with Applications to Falcon.pdf","","Authentication; Falcon; Network security; Post quantum cryptography; Quantum cryptography; Side channel attack; Post-Quantum Cryptography; Digital arithmetic; Floating points; Program processors; Floating point operations; ARM processors; Masking; Integer point; Integer-floatingpoint conversion; Integer-FloatingPoint Conversion; Non interference; Normalisation; Point representations; Speech communication","","","","","","","","","","","","","","","","","","","","","","","","","","","","","","","","2025 IEEE 43rd International Conference on Computer Design (ICCD)","","","","","","","","","","","","","","",""
"UXRALBK5","journalArticle","2026","Chen, Shuyi; Shao, Honglin; Ming, Jingdian; Liu, Yuejun; Gao, Yiwen; Zhou, Yongbin","SERP-SCA: A Strengthened Side-Channel Attack Framework for FALCON Signature","IEEE Transactions on Computer-Aided Design of Integrated Circuits and Systems","","1937-4151","10.1109/TCAD.2025.3608056","https://ieeexplore.ieee.org/document/11153992/","The National Institute of Standards and Technology (NIST) has selected Falcon as one of the standardized post-quantum digital signature algorithms, making the security of Falcon against side-channel attacks (SCAs) a critical area of concern. This article introduces SERP-SCA, a strengthened SCA framework for Falcon, which exploits leakage from floating-point multiplications to recover secret floating-point values, which can subsequently be mapped to the coefficients of the secret key. The framework adopts a divide-and-conquer strategy to target the mantissa, exponent, and sign bit of floating-point values, with specialized optimizations for attacks on the mantissa and exponent. For mantissa attacks, SERP-SCA integrates bit segmentation with a sequential attack strategy to fully exploit the leakage from mantissa multiplication and incorporates an error-correction mechanism (EC-Mechanism) to further enhance attack efficiency. For exponent attacks, SERP-SCA leverages fast Fourier transform (FFT) properties to narrow the enumeration space, significantly improving time efficiency. We conduct practical attacks on Falcon-512 and Falcon-1024 implementations running on ARM Cortex-M4. Compared with state-of-the-art methods, SERP-SCA achieves an improvement of 22.11% in success rate (SR) for Falcon-512 and 18.64% for Falcon-1024, with remarkable time efficiency gains of around 195 369\times and 183 175\times for mantissa attacks, and 180\times and 185\times for exponent attacks, respectively.","2026-04","2026-04-09 14:40:27","2026-05-03 10:05:23","2026-04-09 14:40:20","2028-2040","","4","45","","","SERP-SCA","","","","","","","","","","","","IEEE Xplore","","","<p>Export Date: 02 May 2026; Cited By: 0</p>; <p>Export Date: 02 May 2026; Cited By: 0; CODEN: ITCSD</p>","/Users/mac/Zotero/storage/3KFRSAL6/Chen et al. - 2026 - SERP-SCA A Strengthened Side-Channel Attack Framework for FALCON Signature.pdf","","Authentication; Falcon; Network security; Post quantum cryptography; Quantum cryptography; Digital signature algorithms; Fast fourier; Post quantum; Side channel attack; Side-channel attacks; Digital arithmetic; Fast Fourier transforms; Quantum digital signatures; Error correction; Floating points; Efficiency; fast Fourier transform (FFT); Point value; post-quantum cryptography (PQC); side-channel attacks (SCAs); Time efficiencies","","","","","","","","","","","","","","","","","","","","","","","","","","","","","","","","","","","","","","","","","","","","","","",""
"6LPWGXGK","journalArticle","2025","Ye, Zewen; Huang, Junhao; Huang, Tianshun; Bai, Yudan; Li, Jinze; Zhang, Hao; Li, Guangyan; Chen, Donglong; Cheung, Ray C. C.; Huang, Kejie","PQNTRU: Acceleration of NTRU-Based Schemes via Customized Post-Quantum Processor","IEEE Transactions on Computers","","1557-9956","10.1109/TC.2025.3540647","https://ieeexplore.ieee.org/document/10880097/","Post-quantum cryptography (PQC) has rapidly evolved in response to the emergence of quantum computers, with the US National Institute of Standards and Technology (NIST) selecting four finalist algorithms for PQC standardization in 2022, including the Falcon digital signature scheme. Hawk is currently the only lattice-based candidate in NIST Round 2 additional signatures. Falcon and Hawk are based on the NTRU lattice, offering compact signatures, fast generation, and verification suitable for deployment on resource-constrained Internet-of-Things (IoT) devices. Despite the popularity of ML-DSA and ML-KEM, research on NTRU-based schemes has been limited due to their complex algorithms and operations. Falcon and Hawk's performance remains constrained by the lack of parallel execution in crucial operations like the Number Theoretic Transform (NTT) and Fast Fourier Transform (FFT), with data dependency being a significant bottleneck. This paper enhances NTRU-based schemes Falcon and Hawk through hardware/software co-design on a customized Single-Instruction-Multiple-Data (SIMD) processor, proposing new SIMD hardware units and instructions to expedite these schemes along with software optimizations to boost performance. Our NTT optimization includes a novel layer merging technique for SIMD architecture to reduce memory accesses, and the use of modular algorithms (Signed Montgomery and Improved Plantard) targets various modulus data widths to enhance performance. We explore applying layer merging to accelerate fixed-point FFT at the SIMD instruction level and devise a dual-issue parser to streamline assembly code organization to maximize dual-issue utilization. A System-on-chip (SoC) architecture is devised to improve the practical application of the processor in real-world scenarios. Evaluation on 28 nmnm technology and field programmable gate array (FPGA) platform shows that our design and optimizations can increase the performance of Hawk signature generation and verification by over 7\times×.","2025-05","2026-04-09 14:51:25","2026-05-03 09:56:06","2026-04-09 14:51:25","1649-1662","","5","74","","","PQNTRU","","","","","","","","","","","","IEEE Xplore","","","<p>Export Date: 02 May 2026; Cited By: 7</p>; <p>Export Date: 02 May 2026; Cited By: 7; Correspondence Address: K. Huang; Zhejiang University, College of Information Science & Electronic Engineering, Hangzhou, 310027, China; email: huangkejie@zju.edu.cn; CODEN: ITCOB</p>","/Users/mac/Zotero/storage/7QDPCUPS/Ye et al. - 2025 - PQNTRU Acceleration of NTRU-Based Schemes via Customized Post-Quantum Processor.pdf","","Falcon; Post quantum cryptography; Fast fourier; Quantum electronics; Post-quantum cryptography; falcon; Integrated circuit design; National Institute of Standards and Technology; Performance; Benchmarking; Hardware-software codesign; NTRU; Fast Fourier transforms; Number-theoretic transforms; System-on-chip; Systems-on-Chip; Digital storage; RISC-V; Analog storage; Parallel architectures; Fourier series; hawk; Hawk; system-on-chip","","","","","","","","","","","","","","","","","","","","","","","","","","","","","","","","","","","","","","","","","","","","","","",""
"XNMWXYT4","conferencePaper","2025","Sivakumar, Arpit; Lamkuche, Hemraj Shobharam","Optimizing the Falcon PQC Algorithm: Reducing The Execution Time","2025 International Conference on Emerging Information Technology and Engineering Solutions (EITES)","","","10.1109/EITES66543.2025.00027","https://ieeexplore.ieee.org/document/11206238/","The quantum computing continues to advance, the security of conventional cryptographic systems faces significant risks, prompting rapid developments in post-quantum cryptography (PQC). This paper presents a series of targeted improvements to the Falcon digital signature scheme in post-quantum cryptography. The analysis of Falcon’s framework, several areas can be identified where optimizations could enhance performance. This lowers the computing overhead while maintaining the algorithm’s resilience to quantum attacks by using GPU offloading, parameter recalibration, and other optimization strategies. Experimental evaluation shows an approximate 11% reduction in execution time without compromising the security guaranteed by the original method. These enhancements make it more practical for resource-constrained environments.","2025-07","2026-04-09 16:26:17","2026-05-03 10:37:43","2026-04-09 16:25:40","107-112","","","","","","Optimizing the Falcon PQC Algorithm","","","","","","","","","","","","IEEE Xplore","","","<p>Export Date: 02 May 2026; Cited By: 0; Correspondence Address: A. Sivakumar; VIT Bhopal University, School of Computing Science and Engineering, Sehore, Kothrikalan, MP, 466114, India; email: arpit30770@gmail.com</p>","/Users/mac/Zotero/storage/6TUTMHQ2/Sivakumar and Lamkuche - 2025 - Optimizing the Falcon PQC Algorithm Reducing The Execution Time.pdf","","Authentication; Falcon; Network security; Post quantum cryptography; Quantum computers; Quantum Computing; Quantum cryptography; Lattice-based; Post-Quantum Cryptography; Gaussian sampling; Gaussians; Optimization; FFT; Signal processing; Cryptography algorithms; Gaussian distribution; Program processors; Optimisations; GPU accelerations; Gaussian Sampling; GPU Acceleration; Latticebased signature; Latticebased Signatures","","","","","","","","","","","","","","","","","","","","","","","","","","","","","","","","2025 International Conference on Emerging Information Technology and Engineering Solutions (EITES)","","","","","","","","","","","","","","",""
"ZNUMUPQE","conferencePaper","2021","Karabulut, Emre; Aysu, Aydin","FALCON Down: Breaking FALCON Post-Quantum Signature Scheme through Side-Channel Attacks","2021 58th ACM/IEEE Design Automation Conference (DAC)","","0738-100X","10.1109/DAC18074.2021.9586131","https://ieeexplore.ieee.org/document/9586131/","This paper proposes the first side-channel attack on FALCON—a NIST Round-3 finalist for the post-quantum digital signature standard. We demonstrate a known-plaintext attack that uses the electromagnetic measurements of the device to extract the secret signing keys, which then can be used to forge signatures on arbitrary messages. The proposed attack targets the unique floating-point multiplications within FALCON’s Fast Fourier Transform through a novel extend-and-prune strategy that extracts the sign, mantissa, and exponent variables without false positives. The extracted floating-point values are then mapped back to the secret key’s coefficients. Our attack, notably, does not require pre-characterizing the power profile of the target device or crafting special inputs. Instead, the statistical differences on obtained traces are sufficient to successfully execute our proposed differential electromagnetic analysis. The results on an ARM-Cortex-M4 running the FALCON NIST’s reference software show that approximately 10k measurements are sufficient to extract the entire key.","2021-12","2026-04-09 16:26:17","2026-05-03 10:17:06","2026-04-09 16:25:57","691-696","","","","","","FALCON Down","","","","","","","","","","","","IEEE Xplore","","ISSN: 0738-100X","<p>Export Date: 02 May 2026; Cited By: 52; CODEN: PDAWD</p>","/Users/mac/Zotero/storage/JT5JWL5E/Karabulut and Aysu - 2021 - FALCON Down Breaking FALCON Post-Quantum Signature Scheme through Side-Channel Attacks.pdf","","Authentication; Post quantum cryptography; post-quantum cryptography; Signature Scheme; Post quantum; Quantum signature; Side channel attack; Side-channel attacks; Digital arithmetic; Breakings; Public key cryptography; Fast Fourier transforms; Quantum digital signatures; Digital signature standard; digital signatures; Electromagnetic measurement; Known-plaintext attacks; side-channel attacks","","","","","","","","","","","","","","","","","","","","","","","","","","","","","","","","2021 58th ACM/IEEE Design Automation Conference (DAC)","","","","","","","","","","","","","","",""
"H56T4YC3","conferencePaper","2019","Karmakar, Angshuman; Roy, Sujoy Sinha; Vercauteren, Frederik; Verbauwhede, Ingrid","Pushing the speed limit of constant-time discrete Gaussian sampling - A case study on the Falcon signature scheme","2019 56th ACM/IEEE Design Automation Conference (DAC)","","0738-100X","","https://ieeexplore.ieee.org/document/8806866/","Sampling from a discrete Gaussian distribution has applications in lattice-based post-quantum cryptography. Several efficient solutions have been proposed in recent years. However, making a Gaussian sampler secure against timing attacks turned out to be a challenging research problem. In this work, we present a toolchain to instantiate an efficient constant-time discrete Gaussian sampler of arbitrary standard deviation and precision. We observe an interesting property of the mapping from input random bit strings to samples during a Knuth-Yao sampling algorithm and propose an efficient way of minimizing the Boolean expressions for the mapping. Our minimization approach results in up to 37% faster discrete Gaussian sampling compared to the previous work. Finally, we apply our optimized and secure Gaussian sampler in the lattice-based digital signature algorithm Falcon, which is a NIST submission, and provide experimental evidence that the overall performance of the signing algorithm degrades by at most 33% only due to the additional overhead of ‘constant-time’ sampling, including the 60% overhead of random number generation. Breaking a general belief, our results indirectly show that the use of discrete Gaussian samples in digital signature algorithms would be beneficial.CCS CONCEPTS• Security and privacy \rightarrow Side-channel analysis and counter-measures; Digital signatures; Hardware attacks and countermeasures; Cryptography.","2019-06","2026-04-09 16:26:17","2026-05-03 10:17:17","2026-04-09 16:25:58","1-6","","","","","","","","","","","","","","","","","","IEEE Xplore","","ISSN: 0738-100X","<p>Export Date: 02 May 2026; Cited By: 21; CODEN: PDAWD</p>","/Users/mac/Zotero/storage/SH8DFECS/Karmakar et al. - 2019 - Pushing the speed limit of constant-time discrete Gaussian sampling - A case study on the Falcon sig.pdf","","Authentication; Post quantum cryptography; Quantum cryptography; Digital signature algorithms; Mapping; Random number generation; Sampling algorithm; Gaussian distribution; Computer aided design; Standard deviation; Boolean expressions; Experimental evidence; Frequency standards; Research problems; Signing algorithm","","","","","","","","","","","","","","","","","","","","","","","","","","","","","","","","2019 56th ACM/IEEE Design Automation Conference (DAC)","","","","","","","","","","","","","","",""
"QNEG5GXW","journalArticle","2020","Zhao, Raymond K.; Steinfeld, Ron; Sakzad, Amin","FACCT: FAst, Compact, and Constant-Time Discrete Gaussian Sampler over Integers","IEEE Transactions on Computers","","1557-9956","10.1109/TC.2019.2940949","https://ieeexplore.ieee.org/document/8834816/","The discrete Gaussian sampler is one of the fundamental tools in implementing lattice-based cryptosystems. However, a naive discrete Gaussian sampling implementation suffers from side-channel vulnerabilities, and the existing countermeasures usually introduce significant overhead in either the running speed or the memory consumption. In this paper, we propose a fast, compact, and constant-time implementation of the binary sampling algorithm, originally introduced in the BLISS signature scheme. Our implementation adapts the Rényi divergence and the transcendental function polynomial approximation techniques. The efficiency of our scheme is independent of the standard deviation, and we show evidence that our implementations are either faster or more compact than several existing constant-time samplers. In addition, we show the performance of our implementation techniques applied to and integrated with two existing signature schemes: qTesla and Falcon. On the other hand, the convolution theorems are typically adapted to sample from larger standard deviations, by combining samples with much smaller standard deviations. As an additional contribution, we show better parameters for the convolution theorems.","2020-01","2026-04-09 16:26:17","2026-05-03 10:39:01","2026-04-09 16:26:06","126-137","","1","69","","","FACCT","","","","","","","","","","","","IEEE Xplore","","","<p>Export Date: 02 May 2026; Cited By: 34</p>; <p>Export Date: 02 May 2026; Cited By: 34; Correspondence Address: R.K. Zhao; Faculty of Information Technology, Monash University, Clayton, 3800, Australia; email: raymond.zhao@monash.edu; CODEN: ITCOB</p>","/Users/mac/Zotero/storage/2AWFJMY9/Zhao et al. - 2020 - FACCT FAst, Compact, and Constant-Time Discrete Gaussian Sampler over Integers.pdf","","Authentication; Lattice-based; Gaussians; Cryptography; efficiency; Gaussian distribution; Sampling; Efficiency; Convolution; Constant time; Polynomial approximation; implementation; constant-time; Convolution theorems; discrete Gaussian sampling; Implementation techniques; Lattice-based crypto; Memory consumption; Statistics; Transcendental functions","","","","","","","","","","","","","","","","","","","","","","","","","","","","","","","","","","","","","","","","","","","","","","",""
"MW3JWTYJ","conferencePaper","2011","Pérez, Vera Z.; Betancur, Manuel J.; Martínez, Jose R.; Torres, Olga P.; Bustamante, John","Force feedback algorithms for master slave surgical systems","2011 IEEE IX Latin American Robotics Symposium and IEEE Colombian Conference on Automatic Control","","","10.1109/LARC.2011.6086811","https://ieeexplore.ieee.org/document/6086811/","A teleoperated system with haptic feedback helps to improve the skills of an operator who is located in a “remote area”. These systems have many applications, one of them is minimally invasive robotic surgery, in which small incisions are used for surgical access with the aid of robotic systems controlled by a surgeon. In medical science, robotic surgery is the subject of many studies because of the advantages offered, such as better cosmetic results, reduced recovery time, and more precise surgical movements. This article presents a conceptual model of a robotic system for cardiac surgery, that uses a master-slave configuration, to implement bilateral algorithms for manipulating a robotic arm integrated with a commercial 3D joystick with force feedback, the Novint Falcon,. There are several important aspects in the implementation: (a) to guarantee a fixed point of contact between the skin of the patient and the surgical instruments, as established by the surgeon. (b) to provide realistic force feedback in three degrees of freedom, which is the main objective of this work, and (c) to accurately track the position demanded by the surgeon to the robotic arm. Some test are presented for the conceptual validation of the above points using a didactic commercial robot.","2011-10","2026-04-09 20:22:43","2026-05-03 10:21:10","2026-04-09 20:22:15","1-5","","","","","","","","","","","","","","","","","","IEEE Xplore","","","<p>Export Date: 02 May 2026; Cited By: 7</p>; <p>Export Date: 02 May 2026; Cited By: 7; Correspondence Address: V.Z. Pérez; Grupo de Investigaciones en Bioingeniera, Universidad Pontificia Bolivariana, Medellín, Colombia; email: vera.perez@upb.edu.co</p>","","","Haptic; Algorithms; Automation; Cardiac surgery; Cardiovascular surgery; Commercial robots; Conceptual model; Control; Fixed points; Force feedback; haptic feedback; Haptic feedbacks; Master slave; Master-slave configurations; Medical science; Minimally invasive; minimally invasive robotic surgery (MIRS); Process control; Recovery time; Remote areas; Robotic arms; Robotic surgery; Robotic systems; Robotics; Surgical equipment; Surgical instrument; Surgical movements; Surgical systems; Tele-operated systems; Three degrees of freedom; Three dimensional; Three dimensional computer graphics; Transplantation (surgical)","","","","","","","","","","","","","","","","","","","","","","","","","","","","","","","","2011 IEEE IX Latin American Robotics Symposium and IEEE Colombian Conference on Automatic Control","","","","","","","","","","","","","","",""
"EQ3R4HYD","journalArticle","2025","Krieger, Florian; Hirner, Florian; Mert, Ahmet Can; Roy, Sujoy Sinha","A Flexible Hardware Design Tool for Fast Fourier and Number-Theoretic Transformation Architectures","IEEE Transactions on Computer-Aided Design of Integrated Circuits and Systems","","1937-4151","10.1109/TCAD.2025.3595834","https://ieeexplore.ieee.org/document/11112724/","Fully Homomorphic Encryption (FHE) and Post-Quantum Cryptography (PQC) involve polynomial multiplications, which are a common performance bottleneck. To resolve this bottleneck, polynomial multiplications are often accelerated in hardware using the Number-Theoretic Transformation (NTT) or the Fast Fourier Transformation (FFT). In particular, NTT operates over modular rings while FFT operates over complex numbers. NTT and FFT are widely deployed in applications with diverse parameter sets, leading to long design times for hardware accelerators. Existing hardware generation tools have limited functionality since they do not support generic onthe-fly twiddle factor generation or different memory-related optimizations. This paper improves the hardware design process and presents a generic and flexible tool to generate FFT and NTT architectures. In contrast to prior work, we combine on-the-fly twiddle factor generation and stall-free memory accesses. Moreover, we enhance hardware design flexibility through memory-optimized or routing-optimized design strategies. While our memory-optimized strategy minimizes twiddle factors in ROM, our routing-optimized strategy allows significantly higher clock frequencies on FPGAs. These optimization strategies allow effective customization of NTT/FFT architectures, spanning from low-end PQC to high-end FHE accelerators. Compared to existing works, we reach up to 15.9W lower latency and up to 7.4W improved ATP for FFT applications such as the Falcon signature scheme. Considering other NTT tools, we decrease latency by up to 1.8W and 2W for PQC and FHE parameter sets, respectively.","2025","2026-04-09 20:22:43","2026-05-03 09:34:17","2026-04-09 20:22:22","1-1","","","","","","","","","","","","","","","","","","IEEE Xplore","","","<p>Export Date: 02 May 2026; Cited By: 0</p>; <p>Export Date: 02 May 2026; Cited By: 0; Correspondence Address: F. Krieger; Institute of Information Security, Technische Universität Graz, Graz, 8010, Austria; email: florian.krieger@tugraz.at; CODEN: ITCSD</p>","","","Post quantum cryptography; Quantum cryptography; Quantum theory; Integrated circuit design; Computer hardware; Architecture; Fast Fourier transforms; Number theory; Memory architecture; Polynomials; Fast Fourier transformations; Hardware design; Design tool; Fast Fourier transformation (FFT); Fully homomorphic encryption; fully homomorphic encryption (FHE); hardware design tool; Hardware design tool; Number-theoretic transformation; number-theoretic transformation (NTT); Twiddle factor; Twiddle factor generation; twiddle factor generation (TFG)","","","","","","","","","","","","","","","","","","","","","","","","","","","","","","","","","","","","","","","","","","","","","","",""
"793X7QIW","conferencePaper","2023","Raavi, Manohar; Wuthier, Simeon; Zhou, Xiaobo; Chang, Sang-Yoon","Post-Quantum QUIC Protocol in Cloud Networking","2023 Joint European Conference on Networks and Communications & 6G Summit (EuCNC/6G Summit)","","2575-4912","10.1109/EuCNC/6GSummit58263.2023.10188358","https://ieeexplore.ieee.org/document/10188358/","Post-quantum ciphers (PQC) secure the digital networking of the current computers against a quantum-computing-equipped adversary. The National Institute of Standards and Technology (NIST) selected post-quantum digital signature algorithms for standardization. To prepare for the transition to PQC, we study the feasibility of integrating the NIST-standardized PQC digital signatures into the existing networking protocols, which include TCP/TLS and the more advanced QUIC. We study the behavior and performances of implementing PQC signatures for HTTP networking built on TCP/TLS and QUIC. Our experiment-based studies use remote cloud servers across the globe to simulate and measure the real-world networking behaviors. Focusing on the post-quantum lattice-based ciphers of Dilithium and Falcon, our results show that QUIC generally outperforms TCP/TLS (by 52% with RSA, 2.5% or greater with Dilithium algorithms, and 32.8 % or greater with Falcon algorithms). Based on the QUIC performances and the protocol handshake duration overhead between the client and the cloud server, we recommend Falcon for the QUIC-based networking applications for quicker handshake and less variance if the devices can afford the hardware for floating-point-based operations.","2023-06","2026-04-09 20:22:43","2026-05-03 10:21:01","2026-04-09 20:22:40","573-578","","","","","","","","","","","","","","","","","","IEEE Xplore","","ISSN: 2575-4912","<p>Export Date: 02 May 2026; Cited By: 8</p>; <p>Export Date: 02 May 2026; Cited By: 8</p>","","","Authentication; Dilithium; Quantum computers; Quantum Computing; Quantum cryptography; Electronic document identification systems; Post quantum; National Institute of Standards and Technology; Digital arithmetic; Performance; 'current; Quantum digital signatures; Transmission control protocol; Cloud computing; Cloud networkings; Cloud servers; Digital networking","","","","","","","","","","","","","","","","","","","","","","","","","","","","","","","","2023 Joint European Conference on Networks and Communications & 6G Summit (EuCNC/6G Summit)","","","","","","","","","","","","","","",""
"2XJMQCWY","conferencePaper","2024","Zhu, Yihong; Zhu, Wenping; Ouyang, Yi; Sun, Junwen; Zhu, Min; Zhao, Qi; Yang, Jinjiang; Chen, Chen; Tao, Qichao; Yang, Guang; Zhang, Aoyang; Wei, Shaojun; Liu, Leibo","16.2 A 28nm 69.4kOPS 4.4μJ/Op Versatile Post-Quantum Crypto-Processor Across Multiple Mathematical Problems","2024 IEEE International Solid-State Circuits Conference (ISSCC)","","2376-8606","10.1109/ISSCC49657.2024.10454332","https://ieeexplore.ieee.org/document/10454332/","The migration towards post-quantum cryptography (PQC) is in progress to secure communications and transactions against the impending quantum threat, while three key-encapsulation mechanisms (KEM) and one digital signature (DS) scheme are being standardized by NIST [1]. This multi-year migration poses serious challenges to PQC implementations for compatibility and performance requirements in various scenarios and settings: 1) Performance limitations caused by diverse computation patterns and relatively higher computation costs. 2) Crypto-agility resulting from different mathematical problems, various security parameters, or even different standardization bodies. 3.) Domain-specific optimization to address the long-term security of the evolving algorithm families. However, most existing PQC accelerators [2, 3, 5] were only customized for specific algorithms based on unique mathematical problems. The latest configurable PQC processor [4] did not support Falcon and Sphincs+, which are being drafted for standardization. To address this issue, a versatile PQC processor fabricated in 28nm is presented with three key features: 1) task-clustering-based architecture for scalable processing with aggressive parallelism; 2) region-based task-path (TP) with dynamic update for agile cryptographic computing; 3) efficient PQC task-operators (TO), including hash/sample, format, floating-point/complex, encoding/decoding operators, for further improvements on throughput and energy-efficiency. Based on these contributions, the proposed chip supports all predominant schemes in NIST’s PQC standardization, while still delivering 44.6% and 10.3% improvements in the throughput and energy-delay product (EDP), respectively, relative to a state-of-the-art design [4].","2024-02","2026-04-09 20:22:43","2026-05-03 09:33:32","2026-04-09 20:22:43","298-300","","","67","","","","","","","","","","","","","","","IEEE Xplore","","ISSN: 2376-8606","<p>Export Date: 02 May 2026; Cited By: 14</p>; <p>Export Date: 02 May 2026; Cited By: 14; Correspondence Address: L. Liu; Tsinghua University, Beijing, China; email: liulb@tsinghua.edu.cn; CODEN: DTPCD</p>; <p>Export Date: 02 May 2026; Cited By: 14; Correspondence Address: L. Liu; Tsinghua University, Beijing, China; email: liulb@tsinghua.edu.cn; CODEN: DTPCD</p>","","","Post quantum cryptography; Quantum cryptography; Digital signature schemes; Post quantum; Digital arithmetic; Standardization; Key encapsulation mechanisms; Public key cryptography; Energy efficiency; Product design; Computation costs; Crypto-processor; Mathematical problems; Performance limitations; Performance requirements; Security parameters","","","","","","","","","","","","","","","","","","","","","","","","","","","","","","","","2024 IEEE International Solid-State Circuits Conference (ISSCC)","","","","","","","","","","","","","","",""
"H5GS2F6I","conferencePaper","2024","Mandal, Suraj; Basu Roy, Debapriya","Design of a Lightweight Fast Fourier Transformation for FALCON using Hardware-Software Co-Design","Proceedings of the Great Lakes Symposium on VLSI 2024","979-8-4007-0605-9","","10.1145/3649476.3660370","https://dl.acm.org/doi/10.1145/3649476.3660370","Lattice-based post-quantum cryptographic algorithm FALCON needs to execute the time-critical Fast-Fourier Transformation (FFT). Existing works in the literature have explored hardware for FFT of FALCON using Cooley-Tukey. In this work, we have designed an efficient hardware-software co-design of FFT for FALCON using Winograd’s FFT method. Winograd’s FFT is a widely adopted technique for FFT and reduces the multiplication counts for higher-radix FFT than the Cooley-Tukey, with a penalty of some extra addition/subtraction. Our Winograd radix-8 framework for FFT outperforms the traditional Cooley-Tukey method. Moreover,our proposed architecture is flexible in adopting different instruction sets and can also be configured for any type of FFT method with specific instruction sets.","2024-06-12","2026-04-14 14:54:38","2026-05-03 10:18:34","2026-04-14","228–232","","","","","","","GLSVLSI '24","","","","Association for Computing Machinery","New York, NY, USA","","","","","","ACM Digital Library","","","<p>Export Date: 02 May 2026; Cited By: 7</p>; <p>Export Date: 02 May 2026; Cited By: 7</p>","/Users/mac/Zotero/storage/QGYBSFVW/Mandal and Basu Roy - 2024 - Design of a Lightweight Fast Fourier Transformation for FALCON using Hardware-Software Co-Design.pdf","","Post quantum cryptography; Quantum cryptography; Post-Quantum Cryptography; Hardware/software codesign; Hardware-software codesign; FALCON; Fast Fourier transforms; Software design; Fast Fourier transformations; Winograd; Cooley-Tukey; Fast fourier transformation; Fast Fourier Transformation (FFT); Transformation methods; Winograd fast fourier transformation; Winograd's FFT","","","","","","","","","","","","","","","","","","","","","","","","","","","","","","","","","","","","","","","","","","","","","","",""
"X7HR2TEI","conferencePaper","2026","Abou Haidar, Calvin; Tibouchi, Mehdi","Short Paper: How Bad Was the Falcon Bug of 2019?","Proceedings of the 2025 1st Workshop on Quantum-Resistant Cryptography and Security","979-8-4007-1908-0","","10.1145/3733820.3764935","https://dl.acm.org/doi/10.1145/3733820.3764935","In August 2019, during Round 2 of the NIST post-quantum standardization process, the Falcon team published an updated, constant-time version of their official implementation. It was discovered about 6 weeks later that this implementation contained bugs in the one-dimensional Gaussian sampling algorithm that produced an incorrect distribution, potentially causing key leakage. A fix followed, together with a discussion of the bug, but to the best of our knowledge, no attempt has been made so far to quantify the leakage ascribed to this bug, let alone mount a concrete key recovery against the buggy implementation. Seeing as Falcon is one of the three signature schemes already selected for standardization, this gap in the literature seems unfortunate.In this short paper, we carry out the missing analysis, and show that full key recovery is possible from around 50 million signatures. Interestingly, the attack relies on very recent techniques (Crowhammer, CRYPTO’25); existing techniques as of 2019 were likely insufficient for key recovery.","2026-02-17","2026-04-14 14:54:38","2026-05-03 10:01:07","2026-04-14","58–62","","","","","","Short Paper","QRSEC '25","","","","Association for Computing Machinery","New York, NY, USA","","","","","","ACM Digital Library","","","<p>Export Date: 02 May 2026; Cited By: 0</p>; <p>Export Date: 02 May 2026; Cited By: 0; Correspondence Address: M. Tibouchi; NTT Social Informatics Laboratories, Tokyo, Japan; email: mehdi.tibouchi@ntt.com</p>","/Users/mac/Zotero/storage/PNRKWLAC/Abou Haidar and Tibouchi - 2026 - Short Paper How Bad Was the Falcon Bug of 2019.pdf","","Authentication; Falcon; Network security; Electronic document identification systems; Post quantum; Digital Signatures; Lattice-based cryptography; Standardization; Gaussians; Cryptography; Recovery; Key recovery; Lattice-Based Cryptography; Standardization process; Constant time; Cryptanalysis; Cryptanalyze; One dimensional; One-dimensional; Statistical learning; Statistical Learning; Tellurium compounds","","","","","","","","","","","","","","","","","","","","","","","","","","","","","","","","","","","","","","","","","","","","","","",""
"N99VB6DF","conferencePaper","2026","Sarde, V.; Debande, N.","Improvement of Side-Channel Attacks on Mitaka","","","","10.1007/978-3-032-01405-4_3","https://www.scopus.com/pages/publications/105021007600?origin=resultslist","Mitaka is a variant of Falcon, which is one of the three post-quantum signature schemes selected by the NIST for standardization. Introduced in 2021, Mitaka offers a simpler, parallelizable, and maskable version of Falcon. Our article focuses on its physical security, and our results are threefold. Firstly, we enhance a known profiled side-channel attack on an unprotected Mitaka implementation by a factor of 512. Secondly, we analyze the masked implementation of Mitaka described in the reference article, which incorporates a different sampler and a protective gadget. We expose the first side-channel flaw on this sampler. This flaw enables to break the masked implementation with a first-order side-channel attack. In this scenario, the key can be recovered using only three times more traces compared to the attack on the unprotected implementation. Finally, we discuss and recommend new countermeasures to mitigate these attacks. © The Author(s), under exclusive license to Springer Nature Switzerland AG 2026.","2026","2026-05-02 10:46:25","2026-05-03 10:24:00","","45-66","","","15952 LNCS","","","","","","","","","","","","","Scopus","","","","","<p>Export Date: 02 May 2026; Cited By: 0</p>; <p>Export Date: 02 May 2026; Cited By: 0; Correspondence Address: V. Sarde; Cryptography and Security Group, IDEMIA Secure Transactions, Pessac, France; email: vladimir.sarde@idemia.com; N. Debande; Cryptography and Security Group, IDEMIA Secure Transactions, Pessac, France; email: nicolas.debande@idemia.com</p>","","","Authentication; Electronic document identification systems; Lattice; Mitaka; Physical security; Post quantum; Post quantum cryptography; Post-quantum cryptography; Quantum cryptography; Quantum signature; Side channel attack; Side-channel analysis; Side-channel attacks; Signature scheme; Signature Scheme; Simple++","","","","","","","","","","","","","","","","","","","","","","","","","","","","","","","","Lecture Notes in Computer Science","","","","","","","","","","","","","","",""
"3AWEYAMH","journalArticle","2026","Halmans, S.; Van Vredendaal, C.; Schneider, T.; Custers, F.; Güneysu, T.","TWFalcon: Triple-Word Arithmetic for Falcon Giving Falcon the Precision to Fly Securely","IACR Transactions on Cryptographic Hardware and Embedded Systems","","","10.46586/tches.v2026.i2.347-371","https://www.scopus.com/pages/publications/105036838584?origin=resultslist","The post-quantum signature scheme Falcon is an attractive scheme for constrained devices due to its compactness and verification performance. However, it relies on floating-point arithmetic for signature generation, which-alongside physical security concerns-introduces two additional drawbacks: Firstly, if implemented using the standard double-precision format, Falcon does not satisfy the formally proven error bounds required for a secure Gaussian sampler implementation. Although no practical attacks exploiting this limitation are currently known, it does give future attack concerns. Secondly, when looking at constrained devices, 32-bit constrained devices can lack hardware support for high-precision floating-point arithmetic and its use introduces significant performance overhead, as it must be emulated using integers. In this work we present a novel method to address these limitations: We show that Falcon can be implemented using single-precision floating-point numbers. Our proposed method uses Triple-Word Floating-Point (TW) arithmetic and achieves a precision of at least 72 bits, compared to the 53 bits of double-precision floatingpoint arithmetic. We show our implementation achieves error bounds that meet the formal security requirements for a secure Gaussian sampler implementation, while maintaining other security guarantees. This way, Falcon can run on constrained devices equipped only with a single-precision Floating-Point Unit (FPU) without the need for integer emulation. We demonstrate the feasibility of our approach on the Nucleo-L4R5ZI board, which features a Cortex-M4F processor enabled with a single-precision FPU. More precisely, we show the cost of increasing the precision of Falcon in this way only increases the computational effort by a factor of approximately 1.84 compared to the CPU cycles required for an implementation using emulated double-precision arithmetic via integers. © 2026, Ruhr-University of Bochum. All rights reserved.","2026","2026-05-02 10:46:26","2026-05-03 10:07:32","","347-371","","2","2026","","","","","","","","","","","","","Scopus","","","","","<p>Export Date: 02 May 2026; Cited By: 0</p>; <p>Export Date: 02 May 2026; Cited By: 0</p>","","","Authentication; constrained devices; Constrained devices; Digital arithmetic; Double precision; Error analysis; Falcon; Floating-point arithmetic; FN-DSA; Geometry; Hardware security; Network security; Performance; Post quantum cryptography; post-quantum cryptography; Precision floating point; Quantum cryptography; Single precision; triple-word floating-point arithmetic; Triple-word floating-point arithmetic","","","","","","","","","","","","","","","","","","","","","","","","","","","","","","","","","","","","","","","","","","","","","","",""
"ZV7HHZA7","conferencePaper","2024","Choi, K.-H.; Kim, J.-H.; Han, J.; Huh, J.-W.; Han, D.-G.","Single Trace Analysis of Comparison Operation Based Constant-Time CDT Sampling and Its Countermeasure","","","","10.1007/978-981-97-1235-9_10","https://www.scopus.com/pages/publications/85189636278?origin=resultslist","Cumulative Distribution Table (CDT) sampling is a Gaussian sampling technique commonly used for extracting secret coefficients or core matrix values in lattice-based Post-Quantum Cryptography (PQC) algorithms like FrodoKEM and FALCON. This paper introduces a novel approach: a single trace analysis (STA) method for comparison operation based constant-time CDT sampling, as employed in SOLMAE—a candidate for Korean Post-Quantum Cryptography (KPQC) first-round digital signature Algorithm. The experiment is measuring power consumption during the execution of SOLMAE’s sampling operation on an 8-bit AVR compiler microcontrollers unit (MCU) using ChipWhisperer-Lite. By utilizing STA, this paper recovered output of comparison operation based constant-time CDT sampling. The source of CDT sampling leakage is investigated through an in-depth analysis of the assembly code. The 8-bit AVR MCU conducts comparison operations on values exceeding 8 bits by dividing them into 8-bit blocks. Consequently, the execution time of a CDT sampling operation is influenced by the outcome of each block’s comparison operation due to conditional branching. To address these concerns, this paper begins by summarizing trends in CDT sampling related research to design robust countermeasures against single trace analysis. Furthermore, a novel implementation method for comparison operation based constant-time CDT sampling against STA is proposed. This assembly-level implementation removes branching statements and performs comparative operations on all data words. Through experimental validation, this paper demonstrates the safety of the proposed countermeasure algorithm against STA. © The Author(s), under exclusive license to Springer Nature Singapore Pte Ltd. 2024.","2024","2026-05-02 10:46:26","2026-05-03 10:06:26","","185-201","","","14561 LNCS","","","","","","","","","","","","","Scopus","","","","","<p>Export Date: 02 May 2026; Cited By: 1</p>; <p>Export Date: 02 May 2026; Cited By: 1; Correspondence Address: D.-G. Han; Department of Financial Information Security, Kookmin University, Seoul, South Korea; email: christa@kookmin.ac.kr</p>","","","AVR; CDT sampling; Cumulative distribution; Cumulative distribution table sampling; Gaussian sampling; Gaussians; Korean post-quantum cryptography; KPQC; Microcontrollers; Post quantum cryptography; PQC; Public key cryptography; Quantum cryptography; Side Channel Analysis; Side channel attack; Side-channel analysis; Single trace analyse; Single Trace Analysis; SOLMAE; Trace analysis","","","","","","","","","","","","","","","","","","","","","","","","","","","","","","","","Lecture Notes in Computer Science (including subseries Lecture Notes in Artificial Intelligence and Lecture Notes in Bioinformatics)","","","","","","","","","","","","","","",""
"P6E49WC8","conferencePaper","2025","Haidar, C.A.; Payet, Q.; Tibouchi, M.","Crowhammer: Full Key Recovery Attack on Falcon with a Single Rowhammer Bit Flip","","","","10.1007/978-3-032-01901-1_4","https://www.scopus.com/pages/publications/105014148452?origin=resultslist","The Rowhammer attack is a fault-injection technique leveraging the density of RAM modules to trigger persistent hardware bit flips that can be used for probing or modifying protected data. In this paper, we show that Falcon, the hash-and-sign signature scheme over NTRU lattices selected by NIST for standardization, is vulnerable to an attack using Rowhammer. Falcon’s Gaussian sampler is the core component of its security, as it allows to provably decorrelate the short basis used for signing and the generated signatures. Other schemes, lacking this guarantee (such as NTRUSign, GGH or more recently Peregrine) were proven insecure. However, performing efficient and secure lattice Gaussian sampling has proved to be a difficult task, fraught with numerous potential vulnerabilities to be exploited. To avoid timing attacks, a common technique is to use distribution tables that are traversed to output a sample. The official Falcon implementation uses this technique, employing a hardcoded reverse cumulative distribution table (RCDT). Using Rowhammer, we target Falcon’s RCDT to trigger a very small number of targeted bit flips, and prove that the resulting distribution is sufficiently skewed to perform a key recovery attack.  Namely, we show that a single targeted bit flip suffices to fully recover the signing key, given a few hundred million signatures, with more bit flips enabling key recovery with fewer signatures. Interestingly, the Nguyen–Regev parallelepiped learning attack that broke NTRUSign, GGH and Peregrine does not readily adapt to this setting unless the number of bit flips is very large. However, we show that combining it with principal component analysis (PCA) yields a practical attack.  This vulnerability can also be triggered with other types of persistent fault attacks on memory like optical faults. We suggest cheap countermeasures that largely mitigate it, including rejecting signatures that are unusually short. © International Association for Cryptologic Research 2025.","2025","2026-05-02 10:46:26","2026-05-03 09:55:56","","103-135","","","16004 LNCS","","","","","","","","","","","","","Scopus","","","","","<p>Export Date: 02 May 2026; Cited By: 1</p>; <p>Export Date: 02 May 2026; Cited By: 1; Correspondence Address: C.A. Haidar; NTT Social Informatics Laboratories, Tokyo, Japan; email: calvin.haidar@ntt.com</p>","","","Authentication; Bit-flips; Core components; Cryptography; Cumulative distribution; Fault Injection techniques; Gaussian sampler; Gaussians; Key recovery attacks; Network security; NTRUSign; Principal component analysis; Random access storage; Recovery; Short base; Signature Scheme","","","","","","","","","","","","","","","","","","","","","","","","","","","","","","","","Lecture Notes in Computer Science","","","","","","","","","","","","","","",""
"WAVYQNMH","conferencePaper","2025","Lin, X.; Zhang, S.; Yu, Y.; Wang, W.; You, Q.; Xu, X.; Wang, X.","Thorough Power Analysis on Falcon Gaussian Samplers and Practical Countermeasure","","","","10.1007/978-3-031-91820-9_8","https://www.scopus.com/pages/publications/105005934341?origin=resultslist","Falcon is one of post-quantum signature schemes selected by NIST for standardization. With the deployment underway, its imple-mentation security is of great importance. In this work, we focus on the side-channel security of Falcon and our contributions are threefold. First, by exploiting the symplecticity of NTRU and a recent decoding technique, we dramatically improve the key recovery using power leak-ages within Falcon Gaussian samplers. Compared to the state of the art (Zhang, Lin, Yu and Wang, EUROCRYPT 2023), the amount of traces required by our attack for a full key recovery is reduced by at least 85% 85%. Secondly, we present a complete power analysis for two exposed power leakages within Falcon’s integer Gaussian sampler. We identify new sources of these leakages, which have not been identified by previous works, and conduct detailed security evaluations within the reference implementation of Falcon on Chipwhisperer. Thirdly, we propose effective and easy-to-implement countermeasures against both two leakages to protect the whole Falcon’s integer Gaus-sian sampler. Configured with our countermeasures, we provide secu-rity evaluations on Chipwhisperer and report performance of protected implementation. Experimental results highlight that our countermea-sures admit a practical trade-off between efficiency and side-channel security. © International Association for Cryptologic Research 2025.","2025","2026-05-02 10:46:26","2026-05-03 10:35:54","","229-258","","","15674 LNCS","","","","","","","","","","","","","Scopus","","","","","<p>Export Date: 02 May 2026; Cited By: 3</p>; <p>Export Date: 02 May 2026; Cited By: 3; Correspondence Address: Y. Yu; Institute for Advanced Study, Tsinghua University, Beijing, China; email: yu-yang@mail.tsinghua.edu.cn</p>","","","Channel securities; Falcon signature scheme; Falcon Signature Scheme; Gaussian sampler; Gaussian Sampler; Key recovery; Lattice-based cryptography; Lattice-Based Cryptography; NTRU; Power analysis; Quantum cryptography; Side channel attack; Side-channel; Side-channel analysis; Side-Channel Analysis; Signature Scheme","","","","","","","","","","","","","","","","","","","","","","","","","","","","","","","","Lecture Notes in Computer Science","","","","","","","","","","","","","","",""
"3FSMRV76","conferencePaper","2026","Magesh, R.; Ayyagari, M.; Pendyala, S.; Aysu, A.","A Comparison of Unified Multiplier Designs for the Falcon Post-quantum Digital Signature: A Case Study of Baseline, Tiling, Comba and Karatsuba Approaches for FPGA and ASIC","","","","10.1007/978-3-032-15541-2_5","https://www.scopus.com/pages/publications/105029422316?origin=resultslist","This paper presents a comprehensive comparison of algorithmic-level design approaches for implementing unified multiplier hardware tailored for Falcon—an emerging post-quantum digital signature standard. A key requirement for Falcon is a 64-bit multiplier with a throughput of one multiplication per cycle that supports floating-point operations. While several multiplication techniques exist, their suitability depends on bit size, target technology, throughput, energy, and latency requirements. Our key novelty lies in conducting, for the first time, a systematic analysis and comparison of these techniques specifically for Falcon’s multiplier needs across both FPGA (Virtex-7 Series Xilinx) and ASIC (SkyWater 130nm node) platforms. We evaluate four approaches: a baseline design without optimizations, an asymmetric Tiling approach optimized for FPGA multiplier block utilization, Comba, and the Karatsuba algorithm. Surprisingly, on FPGAs, Karatsuba achieves the highest area efficiency (19.2% smaller than the baseline) despite pipelining and more operations, while Tiling outperforms in energy efficiency (35.9% improvement). For ASICs, Karatsuba remains the most area-efficient, but Comba exhibits unexpected energy efficiency advantages (51.5% better than Karatsuba and 22.8% better than baseline). These findings represent the first direct comparison of these techniques under these conditions, providing designers with actionable insights for optimizing Falcon hardware for specific applications and technologies. © The Author(s), under exclusive license to Springer Nature Switzerland AG 2026.","2026","2026-05-02 10:46:26","2026-05-03 09:34:01","","77-96","","","16216 LNCS","","","","","","","","","","","","","Scopus","","","","","<p>Export Date: 02 May 2026; Cited By: 0</p>; <p>Export Date: 02 May 2026; Cited By: 0; Correspondence Address: R. Magesh; HECTOR Research Lab, Department of Electrical and Computer Engineering, NC State University, Raleigh, United States; email: rmagesh@ncsu.edu</p>","","","64-bit multiplier; 64-bit Multiplier; Application specific integrated circuits; ASIC; Case-studies; Computer hardware; Digital arithmetic; Energy; Energy efficiency; Falcon; Field programmable gate arrays (FPGA); FPGA; Frequency multiplying circuits; Hardware security; High-throughput; High-throughput arithmetic; High-Throughput Arithmetic; Integrated circuit design; Multiplier design; Multiplying circuits; Network security; Post quantum; Post quantum cryptography; Post-Quantum Cryptography; Quantum cryptography; Quantum digital signatures; Throughput","","","","","","","","","","","","","","","","","","","","","","","","","","","","","","","","Lecture Notes in Computer Science","","","","","","","","","","","","","","",""
"XZQM7HAV","journalArticle","2025","Zhang, Z.; Rao, H.; Jia, S.; Feng, H.; Liu, S.","PQES: Post-quantum encryption and signature scheme based on FFT-accelerated polynomial ring lattice for IoT devices","Journal of Systems Architecture","","","10.1016/j.sysarc.2025.103515","https://www.scopus.com/pages/publications/105010318069?origin=resultslist","With the rapid advancement of quantum computing, traditional public-key cryptosystems (e.g., RSA and ECC) are facing severe threats from quantum attacks (e.g., Shor's algorithm). To address the demand for efficient and secure communication in resource-constrained scenarios such as the Internet of Things (IoT), this paper proposes an integrated quantum-resistant encryption and signature scheme based on polynomial ring lattices and accelerated by the Fast Fourier Transform (FFT). The scheme combines the Ring Learning With Errors (Ring-LWE) and Ring-LWE-Short Integer Solution (Ring-SIS) problems, optimizing operations over the polynomial ring Zq[x]/(xN+1) to significantly reduce key and ciphertext sizes. Additionally, FFT techniques are introduced to accelerate polynomial multiplication, while finite field FFT and floating-point error correction mechanisms address precision issues. Experimental results demonstrate that for polynomial degrees N≥1024, the encryption time is reduced by 23% compared to CRYSTALS-Kyber, with a 35% decrease in memory consumption. Moreover, Our signature verification mechanism demonstrates significantly lower resource consumption compared to both CRYSTALS-Dilithium and Falcon implementations under equivalent security parameters, making it suitable for low-overhead verification on edge devices and efficient signing on servers. © 2025 Elsevier B.V.","2025","2026-05-02 10:46:26","2026-05-03 09:58:52","","","","","167","","","","","","","","","","","","","Scopus","","","","","<p>Export Date: 02 May 2026; Cited By: 1</p>; <p>Export Date: 02 May 2026; Cited By: 1; Correspondence Address: H. Rao; School of Software, Nanchang University, Nanchang, 330000, China; email: raohong@ncu.edu.cn; CODEN: JSARF</p>","","","Authentication; Digital arithmetic; Error correction; Fast fourier; Fast fourier transform; Fast Fourier Transform (FFT); Fast Fourier transforms; Index terms; Integer solutions; Internet of thing  security; Internet of things; Internet of Things (IoT) security; Learning with Errors; Network security; Polynomial ring lattice; Polynomial ring lattices; Polynomial rings; Polynomials; Public key cryptography; Quantum computers; Quantum cryptography; Ring index term short integer solution; Ring Index Terms Short Integer Solution (Ring-SIS); Ring learning with error; Ring Learning With Errors (Ring-LWE)","","","","","","","","","","","","","","","","","","","","","","","","","","","","","","","","","","","","","","","","","","","","","","",""
"765RPJRS","journalArticle","2025","Bie, M.-N.; Li, W.; Fu, Q.-X.; Chen, T.; Du, Y.-R.; Nan, L.-M.","Research on Energy-Efficient Parallel Sampling Algorithm and Hardware Architecture for Lattice-Based Post-Quantum Ciphers","Tien Tzu Hsueh Pao/Acta Electronica Sinica","","","10.12263/DZXB.20241036","https://www.scopus.com/pages/publications/105005488234?origin=resultslist","During the rapid evolution of post-quantum cryptography, considering the needs for flexibility and efficiency, we proposed a parallel reconfigurable sampling accelerator for various lattice-based post-quantum cryptographic algorithms. We analyzed seven sampling processes involved in lattice-based post-quantum cryptography and proposed seven efficient parallel implementation models for these samplings, respectively, based on mathematical derivations. Then we extracted four common operational logics from these models. Using these four common operational logics as the core, we introduced data rearrangement to limit the effective bit width of operation data, which improved the acceptance rate of rejection sampling and eliminates the complex modular reduction operations in finite field operations. Then we proposed a high energy-efficient reconfigurable parallel sampling algorithm. To enhance the hardware implementation efficiency of the sampling algorithm, we adopted the butterfly transform network to complete the parallel splitting, merging, and lookup of data with any effective bit width within a single clock cycle, efficiently realizing the parallelization of the algorithm’s pre- and post-processing, and constructed a parameterized parallel reconfigurable sampling accelerator architecture model. Aiming for high energy efficiency, combined with logic synthesis experimental results, we determined the optimal parallel degree parameters of the architecture model and proposed a parallel reconfigurable sampling accelerator with a data bandwidth of 1 024 bits. Experimental results showed that, using a 40 nm CMOS process library, and performing post-simulation under the ss, 125 ℃ process corner conditions, the circuit's highest operating frequency can reach 667 MHz, with an average power consumption of 0.54W. Completing a 256-point uniform sampling requires 6 ns, completing a 256-point rejection sampling with a rejection value less than 216 on average only takes 22.5 ns, completing a 256-point binary sampling within 8 bits requires 18 ns, completing a 509-point simple ternary sampling requires 36 ns, completing a 701-point non-negative correlated ternary sampling requires 124.5 ns, completing a 509-point fixed-weight ternary sampling requires 11.18μs, and completing a discrete Gaussian sampling in the Falcon algorithm once requires 3 ns. Compared with existing research, the sampler proposed in we reduce the energy consumption value for a uniform-rejection sampling by about 30.23%, and the energy consumption value for a binary sampling by about 31.6%. © 2025 Chinese Institute of Electronics. All rights reserved.","2025","2026-05-02 10:46:27","2026-05-03 10:06:02","","420-430","","2","53","","","高能效格基后量子密码并行采样算法与硬件结构研究","","","","","","","","","","Scopus","","","","","<p>Export Date: 02 May 2026; Cited By: 0</p>; <p>Export Date: 02 May 2026; Cited By: 0; Correspondence Address: W. Li; University of Information Engineering, Zhengzhou, Henan, 450001, China; email: try_1118@163.com; CODEN: TTHPA</p>","","","Cryptographic algorithms; energy efficient; Energy efficient; lattice; Lattice; Lattice-based; Post quantum; Post-quantum cryptographic algorithm; post-quantum cryptographic algorithms; reconfigurable; Reconfigurable; Reconfigurable architectures; Reconfigurable hardware; Rejection samplings; sampler; Sampler; Sampling algorithm; Table lookup","","","","","","","","","","","","","","","","","","","","","","","","","","","","","","","","","","","","","","","","","","","","","","",""
"8ZYXCFQD","conferencePaper","2025","Lin, X.; Tibouchi, M.; Yu, Y.; Zhang, S.","Do Not Disturb a Sleeping Falcon: Floating-Point Error Sensitivity of the Falcon Sampler and Its Consequences","","","","10.1007/978-3-031-91124-8_8","https://www.scopus.com/pages/publications/105004794612?origin=resultslist","Falcon is one of the three postquantum signature schemes already selected by NIST for standardization. It is the most compact among them, and offers excellent efficiency and security. However, it is based on a complex algorithm for lattice discrete Gaussian sampling which presents a number of implementation challenges. In particular, it relies on (possibly emulated) floating-point arithmetic, which is often regarded as a cause for concern, and has been leveraged in, e.g., side-channel analysis. The extent to which Falcon’s use of floating point arithmetic can cause security issues has yet to be thoroughly explored in the literature. In this paper, we contribute to filling this gap by identifying a way in which Falcon’s lattice discrete Gaussian sampler, due to specific design choices, is singularly sensitive to floating-point errors. In the presence of small floating-point discrepancies (which can occur in various ways, including the use of the two almost but not quite equivalent signing procedures “dynamic” and “tree” exposed by the Falcon API), we find that, when called twice on the same input, the Falcon sampler has a small but significant chance (on the order of once in a few thousand calls) of outputting two different lattice points with a very structured difference, that immediately reveals the secret key. This is in contrast to other lattice Gaussian sampling algorithms like Peikert’s sampler and Prest’s hybrid sampler, that are stable with respect to small floating-point errors. Correctly generated Falcon signatures include a salt that should in principle prevent the sampler to ever be called on the same input twice. In that sense, our observation has little impact on the security of Falcon signatures per se (beyond echoing warnings about the dangers of repeated randomness). On the other hand, it is critical for derandomized variants of Falcon, which have been proposed for use in numerous settings. One can mention in particular identity-based encryption, SNARK-friendly signatures, and sublinear signature aggregation. For all these settings, small floating point discrepancies have a chance of resulting in full private key exposure, even when using the slower, integer-based emulated floating-point arithmetic of Falcon’s reference implementation. © International Association for Cryptologic Research 2025.","2025","2026-05-02 10:46:27","2026-05-03 10:35:54","","213-244","","","15602 LNCS","","","","","","","","","","","","","Scopus","","","","","<p>Export Date: 02 May 2026; Cited By: 2</p>; <p>Export Date: 02 May 2026; Cited By: 2; Correspondence Address: Y. Yu; Institute for Advanced Study, Tsinghua University, Beijing, China; email: yu-yang@mail.tsinghua.edu.cn</p>","","","Authentication; Boolean algebra; Digital arithmetic; Discrete Gaussians; Error sensitivity; Falcon; Floating point errors; Floating points; Floating-point arithmetic; Floating-Point Arithmetic; Gaussian distribution; Hash-and-sign signature; Hash-and-Sign Signatures; Lattice-based cryptography; Lattice-Based Cryptography; NTRU; Sampling; Signature Scheme; Stability criteria","","","","","","","","","","","","","","","","","","","","","","","","","","","","","","","","Lecture Notes in Computer Science","","","","","","","","","","","","","","",""
"WPNJESUI","journalArticle","2025","Kim, K.; Kim, Y.","Asymptotic Complexity and Performance Comparison of Falcon and SOLMAE using their C Implementation","Lecture Notes in Computer Science","","","10.1007/978-3-031-83490-5_8","https://www.scopus.com/pages/publications/105001436956?origin=resultslist","In 2023, NIST selected Falcon as one of the quantum–resistant digital signatures, which uses the hash-and-sign paradigm in the style of Gentry–Peikert–Vaikuntanathan framework and instantiated over NTRU lattices. SOLMAE, as a variant of Falcon, was submitted to KpqC competition by taking all the pros of Falcon and Mitaka and reducing their cons as much as possible. In this paper, we analyze the asymptotic computational complexity of Falcon and SOLMAE that take Θ(nlogn) in their KeyGen, Sign and Verif procedures simultaneously and verify their performance by ANSI C language implementation. Our experiment shows that SOLMAE achieves the same high security and short key and signature sizes as Falcon, but it has faster Sign procedure than Falcon, while taking a bit longer time in KeyGen procedure. However, the Sign and Verif procedures of SOLMAE-512 is about 10 times faster than those of ECDSA P256r1 currently used in TSL or SSL. © The Author(s), under exclusive license to Springer Nature Switzerland AG 2025.","2025","2026-05-02 10:46:27","2026-05-03 09:45:12","","192-213","","","15600 LNCS","","","","","","","","","","","","","Scopus","","","","","<p>Export Date: 02 May 2026; Cited By: 0</p>; <p>Export Date: 02 May 2026; Cited By: 0; Correspondence Address: K. Kim; International Research Institute for Cyber Security(IRCS)/KAIST, Daejeon, South Korea; email: kkj@kaist.ac.kr</p>","","","Asymptotic complexity; Asymptotic performance; Authentication; C (programming language); C language; C language implementation; Discrete gaussian sampling; Discrete Gaussian sampling; Discrete Gaussians; Gaussian distribution; Hash-and-sign paradigm; Language implementations; Lattice-based cryptography; Network security; NTRU trapdoor; NTRU trapdoors; Problem oriented languages; Quantum cryptography","","","","","","","","","","","","","","","","","","","","","","","","","","","","","","","","","","","","","","","","","","","","","","",""
"LMKRSUZI","journalArticle","2020","Shen, C.; Shi, Y.","Distributed implementation of nonlinear model predictive control for AUV trajectory tracking","Automatica","","","10.1016/j.automatica.2020.108863","https://www.scopus.com/pages/publications/85079341582?origin=resultslist","This paper studies the trajectory tracking control of an autonomous underwater vehicle (AUV). We investigate the nonlinear model predictive control (NMPC) method looking for possible approaches to alleviate the heavy computational burden. Novel distributed NMPC algorithms are developed exploiting the dynamic properties of the AUV motion. By appropriately decomposing the original optimization problems into smaller size subproblems and then solving them in a distributed manner, the expected floating point operations (flops) can be reduced dramatically. We show that the convergence of the AUV trajectory can be guaranteed by the proposed contraction constraints in the decomposed subproblems. Recursive feasibility and closed-loop stability are proved. Taking advantage of the guaranteed stability, a real-time distributed implementation algorithm is further developed to automatically trade off between control performance and computational complexity. Extensive simulation studies on the Falcon AUV model demonstrate the effectiveness and robustness of the proposed approach. © 2020 Elsevier Ltd","2020","2026-05-02 10:46:27","2026-05-03 10:24:48","","","","","115","","","","","","","","","","","","","Scopus","","","","","<p>Export Date: 02 May 2026; Cited By: 185</p>; <p>Export Date: 02 May 2026; Cited By: 185; Correspondence Address: Y. Shi; Department of Mechanical Engineering, University of Victoria, Victoria, BC, V8W 3P6, Canada; email: yshi@uvic.ca; CODEN: ATCAA</p>","","","Autonomous underwater vehicle; Autonomous underwater vehicles; Autonomous underwater vehicles (AUV); Autonomous vehicles; Closed loop control systems; Digital arithmetic; Distributed control; Distributed implementation; Economic and social effects; Floating point operations; Model predictive control; Non linear control; Nonlinear control; Nonlinear model predictive control; Nonlinear systems; Predictive control systems; Real time control; Real-time control; Trajectories; Trajectory tracking; Trajectory tracking control","","","","","","","","","","","","","","","","","","","","","","","","","","","","","","","","","","","","","","","","","","","","","","",""
"Z5GN8EZW","conferencePaper","2023","Zhang, S.; Lin, X.; Yu, Y.; Wang, W.","Improved Power Analysis Attacks on Falcon","","","","10.1007/978-3-031-30634-1_19","https://www.scopus.com/pages/publications/85161661442?origin=resultslist","Falcon is one of the three post-quantum signature schemes selected for standardization by NIST. Due to its low bandwidth and high efficiency, Falcon is seen as an attractive option for quantum-safe embedded systems. In this work, we study Falcon’s side-channel resistance by analysing its Gaussian samplers. Our results are mainly twofold. The first result is an improved key recovery exploiting the leakage within the base sampler investigated by Guerreau et al. (CHES 2022). Instead of resorting to the fourth moment as in former parallelepiped-learning attacks, we work with the second order statistics covariance and use its spectral decomposition to recover the secret information. Our approach substantially reduces the requirement for measurements and computation resources: 220000 traces is sufficient to recover the secret key of Falcon-512 within half an hour with a probability of ≈ 25 %. As a comparison, even with 10 6 traces, the former attack still needs about 1000 h hours CPU time of lattice reduction for a full key recovery. In addition, our approach is robust to inaccurate leakage classification, which is another advantage over parallelepiped-learning attacks. Our second result is a practical power analysis targeting the integer Gaussian sampler of Falcon. The analysis relies on the leakage of random sign flip within the integer Gaussian sampling. This leakage was exposed in 2018 by Kim and Hong, but it is not considered in Falcon’s implementation and unexploited for side-channel analysis until now. We identify the leakage within the reference implementation of Falcon on an ARM Cortex-M4 STM32F407IGT6 microprocessor. We also show that this single bit of leakage is in effect enough for practical key recovery: with 170000 traces one can fully recover the key of Falcon-512 within half an hour. Furthermore, combining the sign leakage and the aforementioned leakage, one can recover the key with only 45000 signature measurements in a short time. As a by-product, we also extend our power analysis to Mitaka which is a recent variant of Falcon. The same leakages exist within the integer Gaussian samplers of Mitaka, and they can also be used to mount key recovery attacks. Nevertheless, the key recovery in Mitaka requires much more traces than it does in Falcon, due to their different lattice Gaussian samplers. © 2023, International Association for Cryptologic Research.","2023","2026-05-02 10:46:28","2026-05-03 09:58:45","","565-595","","","14007 LNCS","","","","","","","","","","","","","Scopus","","","","","<p>Export Date: 02 May 2026; Cited By: 18</p>; <p>Export Date: 02 May 2026; Cited By: 18; Correspondence Address: Y. Yu; BNRist, Tsinghua University, Beijing, China; email: yu-yang@mail.tsinghua.edu.cn</p>; <p>Export Date: 02 May 2026; Cited By: 18; Correspondence Address: Y. Yu; BNRist, Tsinghua University, Beijing, China; email: yu-yang@mail.tsinghua.edu.cn</p>","","","Bandwidth efficiency; Embedded systems; Gaussian distribution; Gaussian sampler; Geometry; Higher efficiency; Key recovery; Low-bandwidth; Low-high; Post quantum; Power analysis; Quantum signature; Recovery; Side channel attack; Signature Scheme","","","","","","","","","","","","","","","","","","","","","","","","","","","","","","","","Lecture Notes in Computer Science (including subseries Lecture Notes in Artificial Intelligence and Lecture Notes in Bioinformatics)","","","","","","","","","","","","","","",""
"ILTQAPBB","conferencePaper","2025","Wang, T.-Y.; Chen, S.-Y.; Li, L.; Wang, W.","Fast Fourier Transform and Gaussian Sampling Instructions Designed for FALCON Digital Signature","","","","10.1007/978-981-96-4734-7_22","https://www.scopus.com/pages/publications/105005478918?origin=resultslist","FALCON is one of the signature schemes selected for standardization in the post-quantum cryptography project posted by the National Institute of Standards and Technology (NIST). To ensure signature security and randomness, discrete Gaussian sampling requires high-precision calculations, especially in high-dimensional spaces, where its computational complexity increases significantly. As a result, discrete Gaussian sampling is a performance bottleneck when implementing the FALCON algorithm on embedded devices or devices constrained by resources. FALCON uses the Fast Fourier Transform (FFT) for polynomial operations, which is crucial for optimizing Gaussian sampling. However, FFT is another performance bottleneck in the implementation of FALCON. Moreover, the computational complexity of FFT increases with the growth of the coefficients’ number. This paper proposes a hardware-software co-design to accelerate FALCON’s discrete Gaussian sampling and FFT. First, we design and implement the hardware architecture for discrete Gaussian sampling and FFT. Next, we embed these hardware accelerators into the RISC-V-based IBEX core and design the corresponding RISC-V instructions. Finally, we adopt customized instructions to implement FALCON and measure clock cycles and hardware consumption. Compared to the reference software implementation, our hardware-software implementation accelerates the signature scheme by 2× and the key generation by about 30%, with some additional hardware circuit consumption. © The Author(s), under exclusive license to Springer Nature Singapore Pte Ltd. 2025.","2025","2026-05-02 10:46:28","2026-05-03 10:04:35","","444-463","","","15544 LNCS","","","","","","","","","","","","","Scopus","","","","","<p>Export Date: 02 May 2026; Cited By: 0</p>; <p>Export Date: 02 May 2026; Cited By: 0; Correspondence Address: W. Wang; School of Cyber Science and Technology, Shandong University, Qingdao, China; email: wjwang@sdu.edu.cn</p>","","","Calibration; Clocks; Discrete Fourier transforms; Discrete gaussian sampling; Discrete Gaussian Sampling; Discrete Gaussians; FALCON; Fast fourier; Fast Fourier Transform; Gaussians; Hardware-software codesign; Image coding; Integrated circuit design; Performance bottlenecks; Post quantum cryptography; Post-quantum Cryptography; Signature Scheme; Software implementation; Software-hardware Co-design; Software/hardware co designs","","","","","","","","","","","","","","","","","","","","","","","","","","","","","","","","Lecture Notes in Computer Science","","","","","","","","","","","","","","",""
"8N8HLTG4","journalArticle","2024","Guerreau, M.; Rossi, M.","A Not So Discrete Sampler: Power Analysis Attacks on HAWK signature scheme","IACR Transactions on Cryptographic Hardware and Embedded Systems","","","10.46586/tches.v2024.i4.156-178","https://www.scopus.com/pages/publications/85204212725?origin=resultslist","HAWK is a lattice-based signature scheme candidate to the fourth call of the NIST’s Post-Quantum standardization campaign. Considered as a cousin of Falcon (one of the future NIST post-quantum standards) one can wonder whether HAWK shares the same drawbacks as Falcon in terms of side-channel attacks. Indeed, Falcon signature algorithm and particularly its Gaussian sampler, has shown to be highly vulnerable to power-analysis attacks. Besides, efficiently protecting Falcon’s signature algorithm against these attacks seems a very challenging task. This work presents the first power analysis leakage review on HAWK signature scheme: it extensively assesses the vulnerabilities of a central and sensitive brick of the scheme, the discrete Gaussian sampler. Knowing the output x of the sampler for a given signature leads to linear information about the private key of the scheme. This paper includes several demonstrations of simple power analysis attacks targeting this sample x with various attacker strengths, all of them performed on the reference implementation on a ChipWhisperer Lite with STM32F3 target (ARM Cortex M4). We report being able to perform key recoveries with very low (to no) offline resources. As this reference implementation of HAWK is not claimed to be protected against side-channel attacks, the existence of such attacks is not surprising, but they still concretely warn about the use of this unprotected signature on physical devices. To go further, our study proposes a generic way of assessing the performance of a side-channel attack on x even when less information is recovered, in a setting where some protections are implemented or when the attacker has less measurement possibilities. While it is easy to see that x is a sensitive value, quantifying the residual complexity of the key recovery with some knowledge about x (like the parity or the sign of some coefficients) is not straightforward as the underlying hardness assumption is the newly introduced Module-LIP problem. We propose to adapt the existing methodology of leaky LWE estimation tools (Dachman-Soled et al. at Crypto 2020) to exploit the retrieved information and lower down the residual key recovery complexity. To finish, we propose an ad-hoc technique to lower down the leakage on the identified vulnerability points. These modifications prevent our attacks on our platform and come with essentially no cost in terms of performance. It could be seen as a temporary solution and encourages more analysis on proven side-channel protection of HAWK like masking. © 2024, Ruhr-University of Bochum. All rights reserved.","2024","2026-05-02 10:46:29","2026-05-03 09:34:51","","156-178","","4","2024","","","","","","","","","","","","","Scopus","","","","","<p>Export Date: 02 May 2026; Cited By: 5</p>; <p>Export Date: 02 May 2026; Cited By: 5</p>","","","Authentication; Energy conversion; Energy dissipation; Energy utilization; Frequency bands; Gaussian distribution; Gaussian sampler; HAWK signature scheme; Image matching; Image quality; Image texture; Information leakage; Key recovery; Medium access control; Post quantum; Power analysis; Quantum cryptography; Quantum electronics; Radiation hardening; Reference implementation; Residual complexity; Side-channel attack; Side-channel attacks; Signature algorithms; Signature Scheme","","","","","","","","","","","","","","","","","","","","","","","","","","","","","","","","","","","","","","","","","","","","","","",""
"BMPRKH48","journalArticle","2025","Wang, S.-Y.; Gao, H.-Y.; Song, Y.","Fast Implementation of Lattice Gaussian Sampling Algorithm in Falcon Signature Scheme","Journal of Cryptologic Research","","","10.13868/j.cnki.jcr.000753","https://www.scopus.com/pages/publications/105000476237?origin=resultslist","The Falcon signature scheme is a post-quantum digital signature standardization that has been published by the National Institute of Standards and Technology (NIST). The key step of Falcon signature scheme is the fast Fourier sampling algorithm, which is a variant of Babai’s nearest plane algorithm. In the specific implementation, the Falcon tree is established in the offline stage, and the storage complexity is O (n log n). In the online signature stage, the recursive call method of functions is used to output short vectors, exhibiting a time complexity of O (n log n). In order to reduce the time complexity of the online signature stage, this study improved the implementation method of the fast Fourier sampling algorithm. Firstly, preprocess the Falcon tree into a sampling matrix, then use the matrix to sample the target vector after permutation transformation, and finally output the same result as the original algorithm. The time complexity of the online phase of the improved algorithm has been reduced to O(n), thereby enhancing the implementation efficiency of the online phase of the Falcon signature scheme. © 2025 Chinese Association for Cryptologic Research. All rights reserved.","2025","2026-05-02 10:46:29","2026-05-03 10:04:38","","133-147","","1","12","","","Falcon 签名方案中格高斯采样算法的快速实现技术","","","","","","","","","","Scopus","","","","","<p>Export Date: 02 May 2026; Cited By: 0</p>; <p>Export Date: 02 May 2026; Cited By: 0; Correspondence Address: H.-Y. Gao; Information Engineering University, Zhengzhou, 450001, China; email: xdgaohaiying@163.com</p>","","","Falcon signature scheme; fast Fourier sampling; nearest plane algorithm; NTRU lattice","","","","","","","","","","","","","","","","","","","","","","","","","","","","","","","","","","","","","","","","","","","","","","",""
"HKLWVZAK","conferencePaper","2020","Paul, S.; Scheible, P.","Towards post-quantum security for cyber-physical systems: Integrating pqc into industrial m2m communication","","","","10.1007/978-3-030-59013-0_15","https://www.scopus.com/pages/publications/85091585705?origin=resultslist","The threat of a cryptographically relevant quantum computer contributes to an increasing interest in the field of post-quantum cryptography (PQC). Compared to existing research efforts regarding the integration of PQC into the Transport Layer Security (TLS) protocol, industrial communication protocols have so far been neglected. Since industrial cyber-physical systems (CPS) are typically deployed for decades, protection against such long-term threats is needed. In this work, we propose two novel solutions for the integration of post-quantum (PQ) primitives (digital signatures and key establishment) into the industrial protocol Open Platform Communications Unified Architecture (OPC UA): a hybrid solution combining conventional cryptography with PQC and a solution solely based on PQC. Both approaches provide mutual authentication between client and server and are realized with certificates fully compliant to the X.509 standard. Moreover, we implement the two solutions and measure and evaluate their performance across three different security levels. All selected algorithms (Kyber, Dilithium, and Falcon) are candidates for standardization by the National Institute of Standards and Technology (NIST). We show that Falcon is a suitable option—especially—when using floating-point hardware provided by our ARM-based evaluation platform. Our proposed hybrid solution provides PQ security for early adopters but comes with additional performance and communication requirements. Our solution solely based on PQC shows superior performance across all evaluated security levels in terms of handshake duration compared to conventional OPC UA but comes at the cost of increased sizes for handshake messages. © Springer Nature Switzerland AG 2020.","2020","2026-05-02 10:46:29","2026-05-03 10:21:13","","295-316","","","12309 LNCS","","","","","","","","","","","","","Scopus","","","","","<p>Export Date: 02 May 2026; Cited By: 19</p>; <p>Export Date: 02 May 2026; Cited By: 19; Correspondence Address: S. Paul; Corporate Sector Research and Advance Engineering, Robert Bosch GmbH, Stuttgart, Renningen, 70465, Germany; email: sebastian.paul2@de.bosch.com</p>","","","Authentication; Cyber Physical System; Cyber-Physical systems; Cyber-physical systems (CPS); Digital arithmetic; Embedded systems; Floating point hardware; Industrial communication protocols; Industrial research; Key establishment; Machine-to-machine communication; Mutual authentication; National Institute of Standards and Technology; Network architecture; Network security; OPC UA; Post quantum cryptography; Post-quantum cryptography; Post-quantum securities; Quantum computers; Quantum cryptography; Security systems; Transport layer security protocols; X.509 certificates","","","","","","","","","","","","","","","","","","","","","","","","","","","","","","","","Lecture Notes in Computer Science (including subseries Lecture Notes in Artificial Intelligence and Lecture Notes in Bioinformatics)","","","","","","","","","","","","","","",""
"GSU64WI7","conferencePaper","2024","Kim, K.","Theoretical and Empirical Analysis of FALCON and SOLMAE Using Their Python Implementation","","","","10.1007/978-981-97-1238-0_13","https://www.scopus.com/pages/publications/85189349585?origin=resultslist","Since NIST has recently selected FALCON as one of quantum–resistant digital signatures which uses the hash-and-sign paradigm in the style of Gentry–Peikert–Vaikuntanathan framework and instantiated over NTRU lattices, SOLMAE as a variant of FALCON was submitted to KpqC competition by taking all the pros of FALCON and Mitaka and reducing their cons as much as possible. In this paper, we suggest the asymptotic computational complexity of FALCON and SOLMAE take Θ(nlogn) in their KeyGen, Sign and Verif procedures simultaneously, but our computer experiments using their Python implementation exhibit empirically that KeyGen of FALCON–512 takes longer time than that of SOLMAE–512 by about a second while the other two procedures are running almost the same time. We show a sample execution of FALCON–512 and SOLMAE–512 with their real value are described in detail for the educational purpose to understand FALCON and SOLMAE easily. We also checked the Gaussian randomness of N-Sampler and UnifCrown samplers used in SOLMAE only. © The Author(s), under exclusive license to Springer Nature Singapore Pte Ltd. 2024.","2024","2026-05-02 10:46:29","2026-05-03 10:17:36","","235-260","","","14562 LNCS","","","","","","","","","","","","","Scopus","","","","","<p>Export Date: 02 May 2026; Cited By: 1</p>; <p>Export Date: 02 May 2026; Cited By: 1; Correspondence Address: K. Kim; Korea Advanced Institute of Science and Technology (KAIST) and International Research Institute for Cyber Security (IRCS), Yongin, South Korea; email: kkj@kaist.ac.kr</p>","","","Asymptotics; Computer experiment; Discrete gaussian sampling; Discrete Gaussian sampling; Empirical analysis; Gaussians; Hash-and-sign paradigm; High level languages; Lattice-based cryptography; NTRU trapdoor; NTRU trapdoors; Python; Python implementation; Real values","","","","","","","","","","","","","","","","","","","","","","","","","","","","","","","","Lecture Notes in Computer Science (including subseries Lecture Notes in Artificial Intelligence and Lecture Notes in Bioinformatics)","","","","","","","","","","","","","","",""
"6XHIDC7R","journalArticle","2023","Seo, S.C.; An, S.W.; Choi, D.","Accelerating Falcon Post-Quantum Digital Signature Algorithm on Graphic Processing Units","Computers, Materials and Continua","","","10.32604/cmc.2023.033910","https://www.scopus.com/pages/publications/85148022648?origin=resultslist","Since 2016, the National Institute of Standards and Technology (NIST) has been performing a competition to standardize post-quantum cryptography (PQC). Although Falcon has been selected in the competition as one of the standard PQC algorithms because of its advantages in short key and signature sizes, its performance overhead is larger than that of other lattice-based cryptosystems. This study presents multiple methodologies to accelerate the performance of Falcon using graphics processing units (GPUs) for server-side use. Direct GPU porting significantly degrades performance because the Falcon reference codes require recursive functions in its sampling process. Thus, an iterative sampling approach for efficient parallel processing is presented. In this study, the Falcon software applied a fine-grained execution model and reported the optimal number of threads in a thread block. Moreover, the polynomial multiplication performance was optimized by parallelizing the number-theoretic transform (NTT)-based polynomial multiplication and the fast Fourier transform (FFT)-based multiplication. Furthermore, dummy-based parallel execution methods have been introduced to handle the thread divergence effects. The presented Falcon software on RTX 3090 NVIDA GPU based on the proposed methods with Falcon-512 and Falcon-1024 parameters outperform at 35.14, 28.84, and 34.64 times and 33.31, 27.45, and 34.40 times, respectively, better than the central processing unit (CPU) reference implementation using Advanced Vector Extensions 2 (AVX2) instructions on a Ryzen 9 5900X running at 3.7 GHz in key generation, signing, and verification, respectively. Therefore, the proposed Falcon software can be used in servers managing multiple concurrent clients for efficient certificate verification and be used as an outsourced key generation and signature generation server for Signature as a Service (SaS). © 2023 Tech Science Press. All rights reserved.","2023","2026-05-02 10:46:31","2026-05-03 09:35:47","","1963-1980","","1","75","","","","","","","","","","","","","Scopus","","","","","<p>Export Date: 02 May 2026; Cited By: 3</p>; <p>Export Date: 02 May 2026; Cited By: 3; Correspondence Address: D. Choi; Korea University, Sejong, 30019, South Korea; email: doohochoi@korea.ac.kr</p>","","","Computer graphics; Computer graphics equipment; CUDA; DSA; Falcon; Fast Fourier transforms; GPU; Graphics processing unit; Iterative methods; Key generation; Performance; Polynomial multiplication; Post quantum; Post quantum cryptography; Program processors; Quantum digital signatures; software optimization; Software optimization; Verification","","","","","","","","","","","","","","","","","","","","","","","","","","","","","","","","","","","","","","","","","","","","","","",""
"KSVMWMMH","conferencePaper","2022","Sun, S.; Zhou, Y.; Zhang, R.; Tao, Y.; Qiao, Z.; Ming, J.","Fast Fourier Orthogonalization over NTRU Lattices","","","","10.1007/978-3-031-15777-6_7","https://www.scopus.com/pages/publications/85137062069?origin=resultslist","FALCON is an efficient and compact lattice-based signature scheme. It is also one of the round 3 finalists in the NIST PQC standardization process. The core of FALCON is a trapdoor sampling algorithm, which has found numerous applications in lattice-based cryptography. It needs the fast Fourier orthogonalization algorithm to build an LDL tree. But the LDL tree needs much RAM to store, which may limit the application of FALCON on memory-constrained devices. On the other hand, if building the LDL tree dynamically, the signature cost will almost double. In this work, we discover the LDL tree of FALCON has some symmetric structure, and prove why this phenomenon occurs. With this property, we can reduce the generation time and storage of the LDL tree by almost half without affecting the efficiency of FALCON. We verify the correctness and validity of our way in the implementations of FALCON. In addition, the result applies to the cyclotomic field Q[ x] / (xn- xn / 2+ 1 ) with n= 3 · 2 κ. But we can not apply it to NTRU module lattices so far. © 2022, Springer Nature Switzerland AG.","2022","2026-05-02 10:46:31","2026-05-03 10:20:13","","109-127","","","13407 LNCS","","","","","","","","","","","","","Scopus","","","","","<p>Export Date: 02 May 2026; Cited By: 0</p>; <p>Export Date: 02 May 2026; Cited By: 0; Correspondence Address: Y. Zhou; Institute of Information Engineering, Chinese Academy of Sciences, Beijing, China; email: zhouyongbin@iie.ac.cn</p>","","","Cryptography; FALCON; Fast fourier; fast Fourier orthogonalization; Fast fourier orthogonalization; Forestry; Lattice-based; lattice-based cryptography; Lattice-based cryptography; NTRU; Orthogonalization; Random access storage; Signature Scheme; Standardization process; trapdoor sampling; Trapdoor sampling; Trees (mathematics)","","","","","","","","","","","","","","","","","","","","","","","","","","","","","","","","Lecture Notes in Computer Science (including subseries Lecture Notes in Artificial Intelligence and Lecture Notes in Bioinformatics)","","","","","","","","","","","","","","",""
"2PLV4PWK","journalArticle","2025","Kerimbayeva, A.; Iavich, M.; Begimbayeva, Y.; Gnatyuk, S.; Tynymbayev, S.; Temirbekova, Z.; Ussatova, O.","A Lightweight Variant of Falcon for Efficient Post-Quantum Digital Signature","Information (Switzerland)","","","10.3390/info16070564","https://www.scopus.com/pages/publications/105011629488?origin=resultslist","Conventional public-key cryptographic systems are increasingly threatened by advances in quantum computing, accelerating the need for robust post-quantum cryptographic solutions. Among these, Falcon, a compact lattice-based digital signature scheme, has emerged as a leading candidate in the NIST post-quantum standardization process due to its efficiency and theoretical security grounded in hard lattice problems. This work introduces Falcon-M, a modified version of the Falcon algorithm that significantly reduces implementation complexity. It does so by replacing Falcon’s intricate trapdoor-based key-generation mechanism with a simplified approach that utilizes randomized polynomial Gaussian sampling and fast Fourier transform (FFT) operations. Falcon-M incorporates SHA-512 hashing and discrete Gaussian sampling to preserve cryptographic soundness and statistical randomness while maintaining the core structure of Falcon’s signing and verification processes. We formally specify the Falcon-M algorithm, provide an updated pseudocode, and offer a comparative analysis with the original Falcon in terms of algorithmic complexity, security assumptions, and implementation overhead. Additionally, we present formal lemmas and theorems to ensure correctness and define theoretical bounds on forgery resistance. Although Falcon-M does not rely on a formal cryptographic trapdoor, we demonstrate that it achieves strong practical security based on assumptions related to the Short Integer Solution (SIS) problem. Falcon-M is thus well-suited for lightweight post-quantum applications, particularly in resource-constrained environments, such as embedded systems and Internet-of-Things (IoT) platforms. © 2025 by the authors.","2025","2026-05-02 10:46:31","2026-05-03 09:34:37","","","","7","16","","","","","","","","","","","","","Scopus","","","","","<p>Export Date: 02 May 2026; Cited By: 4</p>; <p>Export Date: 02 May 2026; Cited By: 4; Correspondence Address: A. Kerimbayeva; Department of Cybersecurity, Information Processing and Storage, Satbayev University, Almaty, 22 Satbayev Str., 050013, Kazakhstan; email: 890330400420-d@stud.satbayev.university</p>","","","Authentication; Computational complexity; CryptoGraphics; digital signature; Electronic document identification systems; Embedded systems; Fast fourier; fast Fourier transform; Gaussian distribution; Gaussians; Internet of things; Lightweight variants; Network security; NTRU lattice; NTRU lattices; Post quantum; Post quantum cryptography; post-quantum cryptography; Public key cryptographic systems; Public key cryptography; Quantum computers; Quantum Computing; Quantum cryptography; Quantum digital signatures","","","","","","","","","","","","","","","","","","","","","","","","","","","","","","","","","","","","","","","","","","","","","","",""
"RZ6BHK32","journalArticle","2021","Paul, S.; Scheible, P.; Wiemer, F.","Towards post-quantum security for cyber-physical systems: Integrating PQC into industrial M2M communication","Journal of Computer Security","","","10.3233/JCS-210037","https://www.scopus.com/pages/publications/85138468028?origin=resultslist","The threat of a cryptographically relevant quantum computer contributes to an increasing interest in the field of post-quantum cryptography (PQC). Compared to existing research efforts regarding the integration of PQC into the Transport Layer Security (TLS) protocol, industrial communication protocols have so far been neglected. Since industrial cyber-physical systems (CPS) are typically deployed for decades, protection against such long-term threats is needed. In this work, we propose two novel solutions for the integration of post-quantum (PQ) primitives (digital signatures and key establishment) into the industrial protocol Open Platform Communications Unified Architecture (OPC UA): a hybrid solution combining conventional cryptography with PQC and a solution solely based on PQC. Both approaches provide mutual authentication between client and server and are realized with certificates fully compliant to the X.509 standard. We implement the two solutions and measure and evaluate their performance across three different security levels. All selected algorithms (Kyber, Dilithium, and Falcon) are candidates for standardization by the National Institute of Standards and Technology (NIST). We show that Falcon is a suitable option - especially - when using floating-point hardware provided by our ARM-based evaluation platform. Our proposed hybrid solution provides PQ security for early adopters but comes with additional performance and communication requirements. Our solution solely based on PQC shows superior performance across all evaluated security levels in terms of handshake duration compared to conventional OPC UA but comes at the cost of increased handshake sizes. In addition to our performance evaluation, we provide a proof of security in the symbolic model for our two PQC-based variants of OPC UA. For this proof, we use the cryptographic protocol verifier ProVerif and formally verify confidentiality and authentication properties of our quantum-resistant variants.  © 2022 - IOS Press. All rights reserved.","2021","2026-05-02 10:46:31","2026-05-03 10:21:13","","623-653","","4","30","","","","","","","","","","","","","Scopus","","","","","<p>Export Date: 02 May 2026; Cited By: 14</p>; <p>Export Date: 02 May 2026; Cited By: 14; Correspondence Address: S. Paul; Corporate Sector Research and Advance Engineering, Robert Bosch GmbH, Renningen, Germany; email: sebastian.paul2@de.bosch.com; CODEN: JCSIE</p>","","","Authentication; Cybe-physical systems; Cyber Physical System; Cyber-physical systems; Cybersecurity; Embedded systems; formal security models; Formal security models; Industrial research; Machine-to-machine communication; Network architecture; Network security; OPC UA; Open platform communication unified architecture; Open platforms; Performance; Post quantum cryptography; post-quantum cryptography; Post-quantum securities; Proverif; ProVerif; Quantum computers; Quantum cryptography; Unified architecture","","","","","","","","","","","","","","","","","","","","","","","","","","","","","","","","","","","","","","","","","","","","","","",""
"DIGH77Q2","journalArticle","2024","Potii, O.; Kachko, O.; Kandii, S.; Kaptol, Y.","DETERMINING THE EFFECT OF A FLOATING POINT ON THE FALCON DIGITAL SIGNATURE ALGORITHM SECURITY","Eastern-European Journal of Enterprise Technologies","","","10.15587/1729-4061.2024.295160","https://www.scopus.com/pages/publications/85189988626?origin=resultslist","The object of research is digital signatures. The Falcon digital signature scheme is one of the finalists in the NIST post-quantum cryptography competition. Its distinctive feature is the use of floating-point arithmetic. However, floating-point arithmetic has so-called rounding noise, which accumulates during computations and in some cases may lead to significant changes in the processed values. The work considers the problem of using rounding noise to build attacks on implementation. The main result of the study is a novel attack on implementation, which enables the secret key recovery. This attack differs from existing attacks in using two separately secure implementations with different computation orders. As a result of the analysis, the conditions under which secret key recovery is possible were revealed. The attack requires 300, 000 signatures and two implementations to recover key. The probability of successful attack ranges from 70 % to 76 %. This probability is explained by the structure of the Gaussian sampling algorithm used in the Falcon digital signature. At the same time, a necessary condition for conducting an attack is identical seed during signature generation. This condition makes the attack more theoretical than practical since the correct implementation of the Falcon makes probability of two identical seeds negligible. However, the possible usage of floating-point noise shows potential existence of additional attack vectors for the Falcon that should be covered in security models. The results could be used in the construction of digital signature security models and their implementation in existing information and communication systems © 2024, Authors. This is an open access article under the Creative Commons CC BY license","2024","2026-05-02 10:46:32","2026-05-03 10:20:38","","52-59","","9(127)","1","","","","","","","","","","","","","Scopus","","","","","<p>Export Date: 02 May 2026; Cited By: 3</p>; <p>Export Date: 02 May 2026; Cited By: 3; Correspondence Address: Y. Kaptol; Information Protection Systems Analyst, Ukraine; email: kaptevg@gmail.com</p>","","","attack on implementation; lattice-based cryptography; NIST PQC; NTRU; quantum-resistant transformations","","","","","","","","","","","","","","","","","","","","","","","","","","","","","","","","","","","","","","","","","","","","","","",""
"HWVQFJWV","journalArticle","2025","Al-Shareeda, M.A.; Ghadban, A.A.H.; Glass, A.A.H.; Hadi, E.M.A.; Almaiah, M.A.","Efficient implementation of post-quantum digital signatures on Raspberry Pi","Discover Applied Sciences","","","10.1007/s42452-025-07201-z","https://www.scopus.com/pages/publications/105007225370?origin=resultslist","While quantum computing poses a threat to many classical cryptographic schemes such as RSA and ECC, the quest for quantum-resistant alternatives has seen rapid growth. We provide one of the most detailed yet real-world demonstrations of the NIST-PQC lattice-based digital signature schemes, being the Dilithium family: Dilithium2, Dilithium3, and Dilithium5, being implemented and evaluated on a single-embedded platform, Raspberry Pi 4 Model B. We deliver a more deep-seated portrayal, giving details on platform-determined performance optimizations, performance trade-offs, and energy consumption characteristics, identifying Dilithium2 as a well-balanced prospect for quantum-safe deployments in the context of IoT and the edge. Notably, our work encompasses an empirical comparison with Dilithium and Falcon schemes with respect to implementation practicality, side-channel consideration, and resource overhead. Falcon has compact signatures, but its integration in an embedded context poses a challenge because it uses floating-point arithmetic and Gaussian sampling. Our experiments, performed on stress-tested hardware, show that Dilithium is not only as secure as required by post-quantum security standards but also operates reliably in low-resource environments. An interactive benchmarking toolkit and open-source codebase provide further reproducibility and potential for future work. We thereby give an applied basis to the practical use of quantum-secure digital signatures in constrained devices. © The Author(s) 2025.","2025","2026-05-02 10:46:32","2026-05-03 10:09:01","","","","6","7","","","","","","","","","","","","","Scopus","","","","","<p>Export Date: 02 May 2026; Cited By: 17</p>; <p>Export Date: 02 May 2026; Cited By: 17; Correspondence Address: M.A. Al-Shareeda; Department of Electronic Technologies, Basra Technical Institute, Southern Technical University, Basra, 61001, Iraq; email: mahmood.alshareedah@stu.edu.iq</p>","","","Cryptographic benchmarking; CryptoGraphics; Digital arithmetic; Digital signature; Dilithium; Efficient implementation; IoT security; Lattice-based cryptography; Post quantum cryptography; Post-quantum cryptography; Public key cryptography; Public key infrastructure; Public-key infrastructure; Public-key infrastructure (PKI); Quantum channel; Quantum cryptography; Quantum electronics; Quantum-resistant algorithm; Quantum-resistant algorithms; Qubits","","","","","","","","","","","","","","","","","","","","","","","","","","","","","","","","","","","","","","","","","","","","","","",""
"85BWZQAJ","conferencePaper","2023","Howe, J.; Westerbaan, B.","Benchmarking and Analysing the NIST PQC Lattice-Based Signature Schemes Standards on the ARM Cortex M7","","","","10.1007/978-3-031-37679-5_19","https://www.scopus.com/pages/publications/85169057614?origin=resultslist","This paper presents an analysis of the two lattice-based digital signature schemes, Dilithium and Falcon, which have been chosen by NIST for standardisation, on the ARM Cortex M7 using the STM32F767ZI NUCLEO-144 development board. This research is motivated by the ARM Cortex M7 device being the only processor in the Cortex-M family to offer a double precision (i.e., 64-bit) floating-point unit, making Falcon’s implementations, requiring 53 bits of double precision, able to fully run native floating-point operations without any emulation. When benchmarking natively, Falcon shows significant speed-ups between 6.2–8.3x in clock cycles, 6.2-11.8x in runtime, and Dilithium does not show much improvement other than those gained by the slightly faster processor. We then present profiling results of the two schemes on the ARM Cortex M7 to show their respective bottlenecks and operations where the improvements are and can be made. This demonstrates, for example, that some operations in Falcon’s procedures observe speed-ups by an order of magnitude. Finally, since Falcon’s use of floating points is so rare in cryptography, we test the native FPU instructions on 4 different STM32 development boards with the ARM Cortex M7 and also a Raspberry Pi 3 which is used in some of Falcon’s official benchmarking results. We find constant-time irregularities in all of these devices, which makes Falcon insecure on these devices for applications where signature generation can be timed by an attacker. © 2023, The Author(s), under exclusive license to Springer Nature Switzerland AG.","2023","2026-05-02 10:46:32","2026-05-03 09:51:57","","442-462","","","14064 LNCS","","","","","","","","","","","","","Scopus","","","","","<p>Export Date: 02 May 2026; Cited By: 8</p>; <p>Export Date: 02 May 2026; Cited By: 8; Correspondence Address: J. Howe; SandboxAQ, Palo Alto, United States; email: james.howe@sandboxaq.com</p>","","","ARM processors; Authentication; Benchmarking; Clock cycles; Cortexes; Digital arithmetic; Digital signature schemes; Dilithium; Double precision; Floating point operations; Floating point units; Lattice-based; Runtimes; Signature Scheme","","","","","","","","","","","","","","","","","","","","","","","","","","","","","","","","Lecture Notes in Computer Science (including subseries Lecture Notes in Artificial Intelligence and Lecture Notes in Bioinformatics)","","","","","","","","","","","","","","",""
"KCUTCVQH","journalArticle","2026","Zhang, J.; Zhang, J.","Vectorized Falcon-Sign Implementations using SSE2, AVX2, AVX-512F, NEON, and RVV","IACR Transactions on Cryptographic Hardware and Embedded Systems","","","10.46586/tches.v2026.i1.302-324","https://www.scopus.com/pages/publications/105028809255?origin=resultslist","Falcon, a NTRU-based digital signature algorithm, has been selected by NIST as one of the post-quantum cryptography (PQC) standards. Compared to verification, the signature generation of Falcon is relatively slow. One of the core operations in signature generation is discrete Gaussian sampling, which involves a component known as the BaseSampler. The BaseSampler accounts for up to 30% of the time required for signature generation, making it a significant performance bottleneck. This work aims to address this bottleneck. We design a vectorized version of the BaseSample and provide optimized implementations across six different instruction sets: SSE2, AVX2, AVX-512F, NEON, RISC-V Vector (RVV), and RV64IM. The AVX2 implementation, for instance, achieves an 8.4× speedup over prior work. Additionally, we optimize the FFT/iFFT operations using RVV and RV64D. For the RVV implementation, we introduce a new method using strided load/store instructions, with 4+4 and 4+5 layer merging strategies for Falcon-{512,1024}, respectively, resulting in a speedup of more than 4×. Finally, we present the results of our optimized implementations across eight different instruction sets for signature generation of Falcon. For instance, our AVX2, AVX-512F, and RV64GCVB implementations achieve performance improvements of 23%, 36%, and 59%, respectively, for signature generation of Falcon-512. © 2026, Ruhr-University of Bochum. All rights reserved.","2026","2026-05-02 10:46:32","2026-05-03 09:58:36","","302-324","","1","2026","","","","","","","","","","","","","Scopus","","","","","<p>Export Date: 02 May 2026; Cited By: 0</p>; <p>Export Date: 02 May 2026; Cited By: 0</p>","","","Authentication; AVX-512; AVX2; Digital signature algorithms; Electronic document identification systems; Falcon; Fast Fourier transforms; FFT; Instruction set; Neon; NEON; Optical communication; Optimized implementation; Quantum cryptography; Reduced instruction set computing; RISC-V; Signature generation; SIMD; SSE2","","","","","","","","","","","","","","","","","","","","","","","","","","","","","","","","","","","","","","","","","","","","","","",""
"PB7VQZGI","journalArticle","2022","Guerreau, M.; Martinelli, A.; Ricosset, T.; Rossi, M.","The Hidden Parallelepiped Is Back Again: Power Analysis Attacks on Falcon","IACR Transactions on Cryptographic Hardware and Embedded Systems","","","10.46586/tches.v2022.i3.141-164","https://www.scopus.com/pages/publications/85135252736?origin=resultslist","Falcon is a very efficient and compact lattice-based signature finalist of the NIST’s Post-Quantum standardization campaign. This work assesses Falcon’s side-channel resistance by analyzing two vulnerabilities, namely the pre-image computation and the trapdoor sampling. The first attack is an improvement of Karabulut and Aysu (DAC 2021). It overcomes several difficulties inherent to the structure of the stored key like the Fourier representation and directly recovers the key with a limited number of traces and a reduced complexity. The main part of this paper is dedicated to our second attack: we show that a simple power analysis during the signature execution could provide the exact value of the output of a subroutine called the base sampler. This intermediate value does not directly lead to the secret and we had to adapt the so-called hidden parallelepiped attack initially introduced by Nguyen and Regev in Eurocrypt 2006 and reused by Ducas and Nguyen in Asiacrypt 2012. We extensively quantify the resources for our attacks and experimentally demonstrate them with Falcon’s reference implementation on the ELMO simulator (McCann, Oswald and Whitnall USENIX 2017) and on a ChipWhisperer Lite with STM32F3 target (ARM Cortex M4). These new attacks highlight the need for side-channel protection for one of the three finalists of NIST’s standardization campaign by pointing out the vulnerable parts and quantifying the resources of the attacks. © 2022, Ruhr-University of Bochum. All rights reserved.","2022","2026-05-02 10:46:32","2026-05-03 10:07:34","","141-164","","3","2022","","","","","","","","","","","","","Scopus","","","","","<p>Export Date: 02 May 2026; Cited By: 31</p>; <p>Export Date: 02 May 2026; Cited By: 31</p>","","","Channel resistance; Falcon signature scheme; Falcon Signature Scheme; Geometry; Hidden paral-lelepiped attack; Hidden Paral-lelepiped Attack; Lattice; Lattice-based; Lattices; Post quantum; Power analysis; Power Analysis; Preimages; Side channel attack; Side-channel; Signature Scheme; Standardization","","","","","","","","","","","","","","","","","","","","","","","","","","","","","","","","","","","","","","","","","","","","","","",""
"89Q7SMIV","conferencePaper","2023","Yu, Y.; Jia, H.; Wang, X.","Compact Lattice Gadget and Its Applications to Hash-and-Sign Signatures","","","","10.1007/978-3-031-38554-4_13","https://www.scopus.com/pages/publications/85173064027?origin=resultslist","Lattice gadgets and the associated algorithms are the essential building blocks of lattice-based cryptography. In the past decade, they have been applied to build versatile and powerful cryptosystems. However, the practical optimizations and designs of gadget-based schemes generally lag their theoretical constructions. For example, the gadget-based signatures have elegant design and capability of extending to more advanced primitives, but they are far less efficient than other lattice-based signatures. This work aims to improve the practicality of gadget-based cryptosystems, with a focus on hash-and-sign signatures. To this end, we develop a compact gadget framework in which the used gadget is a square matrix instead of the short and fat one used in previous constructions. To work with this compact gadget, we devise a specialized gadget sampler, called semi-random sampler, to compute the approximate preimage. It first deterministically computes the error and then randomly samples the preimage. We show that for uniformly random targets, the preimage and error distributions are simulatable without knowing the trapdoor. This ensures the security of the signature applications. Compared to the Gaussian-distributed errors in previous algorithms, the deterministic errors have a smaller size, which lead to a substantial gain in security and enables a practically working instantiation. As the applications, we present two practically efficient gadget-based signature schemes based on NTRU and Ring-LWE respectively. The NTRU-based scheme offers comparable efficiency to Falcon and Mitaka and a simple implementation without the need of generating the NTRU trapdoor. The LWE-based scheme also achieves a desirable overall performance. It not only greatly outperforms the state-of-the-art LWE-based hash-and-sign signatures, but also has an even smaller size than the LWE-based Fiat-Shamir signature scheme Dilithium. These results fill the long-term gap in practical gadget-based signatures. © 2023, International Association for Cryptologic Research.","2023","2026-05-02 10:46:32","2026-05-03 09:55:51","","390-420","","","14085 LNCS","","","","","","","","","","","","","Scopus","","","","","<p>Export Date: 02 May 2026; Cited By: 21</p>; <p>Export Date: 02 May 2026; Cited By: 21; Correspondence Address: H. Jia; Guangzhou Center for Applied Mathematics, Guangzhou University, Guangzhou, China; email: hwjia@gzhu.edu.cn</p>","","","Authentication; Building blockes; Cryptography; Elegant designs; Errors; ITS applications; Lattice-based; Lattice-based cryptography; Network security; Optimization and design; Preimages; Semi-random; Signature Scheme; Square matrix","","","","","","","","","","","","","","","","","","","","","","","","","","","","","","","","Lecture Notes in Computer Science","","","","","","","","","","","","","","",""
"WSWRYTKD","conferencePaper","2024","Lin, X.; Suzuki, M.; Zhang, S.; Espitau, T.; Yu, Y.; Tibouchi, M.; Abe, M.","Cryptanalysis of the Peregrine Lattice-Based Signature Scheme","","","","10.1007/978-3-031-57718-5_13","https://www.scopus.com/pages/publications/85192189074?origin=resultslist","The Peregrine signature scheme is one of the candidates in the ongoing Korean post-quantum cryptography competition. It is proposed as a high-speed variant of Falcon, which is a hash-and-sign signature scheme over NTRU lattices and one of the schemes selected by NIST for standardization. To this end, Peregrine replaces the lattice Gaussian sampler in the Falcon signing procedure with a new sampler based on the centered binomial distribution. While this modification offers significant advantages in terms of efficiency and implementation, it does not come with a provable guarantee that signatures do not leak information about the signing key. Unfortunately, lattice-based signature schemes in the hash-and-sign paradigm that lack such a guarantee (such as GGH, NTRUSign or DRS) have generally proved insecure. In this paper, we show that Peregrine is no exception, by demonstrating a practical key recovery attack against it. We observe that the distribution of Peregrine signatures is a hidden transformation of some public distribution and still leaks information about the signing key. By adapting the parallelepiped-learning technique of Nguyen and Regev (Eurocrypt 2006), we show that the signing key can be recovered from a relatively small number of signatures. The learning technique alone yields an approximate version of the key, from which we can recover the exact key using a decoding technique due to Thomas Prest (PKC 2023). For the reference implementation (resp. the official specification version) of Peregrine–512, we fully recover the secret key with good probability in a few hours given around 25,000 (resp. 11 million) signature samples. © International Association for Cryptologic Research 2024.","2024","2026-05-02 10:46:33","2026-05-03 09:54:56","","387-412","","","14601 LNCS","","","","","","","","","","","","","Scopus","","","","","<p>Export Date: 02 May 2026; Cited By: 6</p>; <p>Export Date: 02 May 2026; Cited By: 6; Correspondence Address: Y. Yu; Institute for Advanced Study, Tsinghua University, Beijing, China; email: yu-yang@mail.tsinghua.edu.cn</p>","","","Authentication; Cryptanalyse; Cryptanalysis; High Speed; Lattice-based; Lattice-based signature; Learning algorithms; Learning systems; Learning techniques; NTRU; Post quantum cryptography; Quantum cryptography; Recovery; Signature Scheme; Signing key; Statistical learning","","","","","","","","","","","","","","","","","","","","","","","","","","","","","","","","Lecture Notes in Computer Science (including subseries Lecture Notes in Artificial Intelligence and Lecture Notes in Bioinformatics)","","","","","","","","","","","","","","",""
"7SW7MRG9","journalArticle","2025","Ouyang, Y.; Zhu, Y.; Zhu, W.; Yang, B.; Zhang, Z.; Wang, H.; Tao, Q.; Zhu, M.; Wei, S.; Liu, L.","FalconSign: An Efficient and High-Throughput Hardware Architecture for Falcon Signature Generation","IACR Transactions on Cryptographic Hardware and Embedded Systems","","","10.46586/tches.v2025.i1.203-226","https://www.scopus.com/pages/publications/85215269522?origin=resultslist","Falcon is a lattice-based quantum-resistant digital signature scheme renowned for its high signature generation/verification speed and compact signature size. The scheme has been selected to be drafted in the third round of the post-quantum cryptography (PQC) standardization process due to its unique attributes and robust security features. Despite its strengths, there has been a lack of research on hardware acceleration, primarily due to its complex calculation flow and floating-point operations, which hinders its widespread adoption. To address this issue, we propose FalconSign, a high-performance, configurable crypto-processor designed to accelerate Falcon signature generation on FPGA/ASIC through algorithmhardware co-design. Our approach involves a new scheduling flow and architecture for Fast-Fourier Sampling to enhance computing unit reuse and reduce processing time. Additionally, we introduce several optimized modules, including configurable randomness generation units, parallel floating-point processing units, and an optimized SamplerZ module, to improve execution efficiency. Furthermore, this paper presents a finely optimized hardware accelerator for the Falcon scheme. Our FPGA implementation results demonstrate a throughput improvement of approximately 5.1 × compared to state-of-the-art designs, with 2.8×/4.5×/4.2×/3.2× fewer in the area (LUTs/FFs/DSPs/BRAMs)-time product, for NIST security level V. The crypto-processor occupies an area of 0.71 mm2 and achieves 5.2k OPS at throughput on the TSMC 28nm process for NIST security level I. © 2025, Ruhr-University of Bochum. All rights reserved.","2025","2026-05-02 10:46:33","2026-05-03 10:21:49","","203-226","","1","2025","","","","","","","","","","","","","Scopus","","","","","<p>Export Date: 02 May 2026; Cited By: 17</p>; <p>Export Date: 02 May 2026; Cited By: 17; Correspondence Address: L. Liu; Beijing National Research Center for Information Science and Technology (BNRist), School of Integrated Circuits, Tsinghua University, Beijing, China; email: liulb@tsinghua.edu.cn</p>","","","Authentication; Configurable; Digital storage; Falcon; Fast fourier; Fast Fourier transforms; Fast-fourier sampling; Fast-Fourier Sampling; Floating points; Floating-point; Fourier sampling; FPGA; High-performance; Image analysis; Image coding; Image compression; Image texture; Image thinning; Integrated circuit design; Lattice; Medium access control; Performance; Post quantum cryptography; Post-quantum cryptography; Printed circuit design; Quantum cryptography","","","","","","","","","","","","","","","","","","","","","","","","","","","","","","","","","","","","","","","","","","","","","","",""
"2GPHV4F3","journalArticle","2024","Kachko, O.; Gorbenko, Y.; Kandii, S.; Kaptol, Y.","IMPROVING PROTECTION OF FALCON ELECTRONIC SIGNATURE SOFTWARE IMPLEMENTATIONS AGAINST ATTACKS BASED ON FLOATING POINT NOISE","Eastern-European Journal of Enterprise Technologies","","","10.15587/1729-4061.2024.310521","https://www.scopus.com/pages/publications/85204046933?origin=resultslist","The object of this study is digital signatures. The Falcon digital signature scheme is one of the finalists in the NIST post-quantum cryptography competition. Its distinctive feature is the use of floating-point arithmetic, which leads to the possibility of a key recovery attack with two non-matching signatures formed under special conditions. The work considers the task to improve the Falcon in order to prevent such attacks, as well as the use of fixed-point calculations instead of floating-point calculations in the Falcon scheme. The main results of the work are proposals for methods on improving Falcon’s security against attacks based on the use of floating-point calculations. These methods for improving security differ from others in the use of fixed-point calculations with specific experimentally determined orders of magnitude in one case and proposals for modifying procedures during the execution of which the conditions for performing an attack on implementation level arise in the second case. As a result of the analysis, the probability of a successful attack on the recovery of the secret key for the reference implementation of the Falcon was clarified. Specific places in the code that make the attack possible have been localized and code modifications have been suggested that make the attack impossible. In addition, the necessary scale for fixed-point calculations was determined, at which it is possible to completely get rid of floating-point calculations. The results could be used to qualitatively improve the security of existing digital signatures. This will make it possible to design more reliable and secure information systems using digital signatures. In addition, the results could be implemented in existing systems to ensure their resistance to modern threats © 2024, Authors.","2024","2026-05-02 10:46:33","2026-05-03 10:16:44","","6-17","","9(130)","4","","","","","","","","","","","","","Scopus","","","","","<p>Export Date: 02 May 2026; Cited By: 1</p>; <p>Export Date: 02 May 2026; Cited By: 1</p>","","","Falcon; floating point; NIST PQC; NTRU; quantum-resistant transformations","","","","","","","","","","","","","","","","","","","","","","","","","","","","","","","","","","","","","","","","","","","","","","",""
"YX8M9YD4","conferencePaper","2020","Howe, J.; Prest, T.; Ricosset, T.; Rossi, M.","Isochronous Gaussian Sampling: From Inception to Implementation: With Applications to the Falcon Signature Scheme","","","","10.1007/978-3-030-44223-1_4","https://www.scopus.com/pages/publications/85084008875?origin=resultslist","Gaussian sampling over the integers is a crucial tool in lattice-based cryptography, but has proven over the recent years to be surprisingly challenging to perform in a generic, efficient and provable secure manner. In this work, we present a modular framework for generating discrete Gaussians with arbitrary center and standard deviation. Our framework is extremely simple, and it is precisely this simplicity that allowed us to make it easy to implement, provably secure, portable, efficient, and provably resistant against timing attacks. Our sampler is a good candidate for any trapdoor sampling and it is actually the one that has been recently implemented in the Falcon signature scheme. Our second contribution aims at systematizing the detection of implementation errors in Gaussian samplers. We provide a statistical testing suite for discrete Gaussians called SAGA (Statistically Acceptable GAussian). In a nutshell, our two contributions take a step towards trustable and robust Gaussian sampling real-world implementations. © 2020, Springer Nature Switzerland AG.","2020","2026-05-02 10:46:33","2026-05-03 10:08:19","","53-71","","","12100 LNCS","","","","","","","","","","","","","Scopus","","","","","<p>Export Date: 02 May 2026; Cited By: 25</p>; <p>Export Date: 02 May 2026; Cited By: 25; Correspondence Address: M. Rossi; ANSSI, Paris, France; email: melissa.rossi@ens.fr</p>","","","Authentication; Discrete Gaussians; Gaussian distribution; Gaussian sampler; Gaussian sampling; Implementation error; Isochrony; Lattice based cryptography; Lattice-based cryptography; Modular framework; Quantum cryptography; Real-world implementation; Standard deviation; Statistical testing; Statistical verification tools","","","","","","","","","","","","","","","","","","","","","","","","","","","","","","","","Lecture Notes in Computer Science (including subseries Lecture Notes in Artificial Intelligence and Lecture Notes in Bioinformatics)","","","","","","","","","","","","","","",""
"GEZXC6ME","journalArticle","2024","Chen, K.-Y.; Chen, J.-P.","Masking Floating-Point Number Multiplication and Addition of Falcon First-and Higher-order Implementations and Evaluations","IACR Transactions on Cryptographic Hardware and Embedded Systems","","","10.46586/tches.v2024.i2.276-303","https://www.scopus.com/pages/publications/85187788631?origin=resultslist","In this paper, we provide the first masking scheme for floating-point number multiplication and addition to defend against recent side-channel attacks on Falcon’s pre-image vector computation. Our approach involves a masked nonzero check gadget that securely identifies whether a shared value is zero. This gadget can be utilized for various computations such as rounding the mantissa, computing the sticky bit, checking the equality of two values, and normalizing a number. To support the masked floating-point number addition, we also developed a masked shift and a masked normalization gadget. Our masking design provides both first-and higher-order mask protection, and we demonstrate the theoretical security by proving the (Strong)-Non-Interference properties in the probing model. To evaluate the performance of our approach, we implemented unmasked, first-order, and second-order algorithms on an Arm Cortex-M4 processor, providing cycle counts and the number of random bytes used. We also report the time for one complete signing process with our countermeasure on an Intel-Core CPU. In addition, we assessed the practical security of our approach by conducting the test vector leakage assessment (TVLA) to validate the effectiveness of our protection. Specifically, our TVLA experiment results for second-order masking passed the test in 100,000 measured traces. © 2024, Ruhr-University of Bochum. All rights reserved.","2024","2026-05-02 10:46:33","2026-05-03 10:05:28","","276-303","","2","2024","","","","","","","","","","","","","Scopus","","","","","<p>Export Date: 02 May 2026; Cited By: 9</p>; <p>Export Date: 02 May 2026; Cited By: 9</p>","","","Digital arithmetic; Falcon; First order; Floating point numbers; Floating-point arithmetic; Floating-Point Arithmetic; High-order; Higher-order; Masking; Post quantum; Post-quantum cryptogra-phy; Post-Quantum Cryptogra-phy; Side channel attack; Side-channel analysis; Side-Channel Analysis","","","","","","","","","","","","","","","","","","","","","","","","","","","","","","","","","","","","","","","","","","","","","","",""
"KWNQRHCM","conferencePaper","2019","McCarthy, S.; Howe, J.; Smyth, N.; Brannigan, S.; O’Neill, M.","Bearz attack Falcon: Implementation attacks with countermeasures on the Falcon signature scheme","","","","10.5220/0007834800610071","https://www.scopus.com/pages/publications/85073056460?origin=resultslist","Post-quantum cryptography is an important and growing area of research due to the threat of quantum computers, as recognised by the National Institute of Standards and Technology (NIST) recent call for standardisation. FALCON is a lattice-based signature candidate submitted to NIST, which has good performance but lacks in research with respect to implementation attacks and resistance. This research proposes the first fault attack analysis of FALCON and finds its lattice trapdoor sampler is as vulnerable to fault attacks as the GPV sampler used in alternative signature schemes. We simulate the post-processing component of this fault attack and achieve a 100% success rate at retrieving the private-key. This research then proposes an evaluation of countermeasures to prevent this fault attack and timing attacks of FALCON. We provide cost evaluations on the overheads of the proposed countermeasures which shows that FALCON has only up to 30% deterioration in performance of its key generation, and only 5% in signing, compared to runtimes without countermeasures. Copyright © 2019 by SCITEPRESS – Science and Technology Publications, Lda. All rights reserved","2019","2026-05-02 10:46:33","2026-05-03 09:51:55","","61-71","","","2","","","","","","","","","","","","","Scopus","","","","","<p>Export Date: 02 May 2026; Cited By: 7</p>; <p>Export Date: 02 May 2026; Cited By: 7</p>","","","Authentication; BEARZ; Cost evaluations; Countermeasures; Deterioration; Digital Signatures; Electronic commerce; Electronic document identification systems; FALCON; Fault Attacks; Implementation attacks; Lattice-based cryptography; Lattice-based Cryptography; National Institute of Standards and Technology; Post quantum cryptography; Post-quantum Cryptography; Quantum computers; Quantum cryptography; Radar countermeasures; Side channel attack; Signature Scheme","","","","","","","","","","","","","","","","","","","","","","","","","","","","","","","","ICETE 2019 - Proceedings of the 16th International Joint Conference on e-Business and Telecommunications","","","","","","","","","","","","","","",""
"8UFC2YGN","conferencePaper","2022","Espitau, T.; Fouque, P.-A.; Gérard, F.; Rossi, M.; Takahashi, A.; Tibouchi, M.; Wallet, A.; Yu, Y.","Mitaka: A Simpler, Parallelizable, Maskable Variant of Falcon","","","","10.1007/978-3-031-07082-2_9","https://www.scopus.com/pages/publications/85132106666?origin=resultslist","This work describes the Mitaka signature scheme: a new hash-and-sign signature scheme over NTRU lattices which can be seen as a variant of NIST finalist Falcon. It achieves comparable efficiency but is considerably simpler, online/offline, and easier to parallelize and protect against side-channels, thus offering significant advantages from an implementation standpoint. It is also much more versatile in terms of parameter selection. We obtain this signature scheme by replacing the FFO lattice Gaussian sampler in Falcon by the “hybrid” sampler of Ducas and Prest, for which we carry out a detailed and corrected security analysis. In principle, such a change can result in a substantial security loss, but we show that this loss can be largely mitigated using new techniques in key generation that allow us to construct much higher quality lattice trapdoors for the hybrid sampler relatively cheaply. This new approach can also be instantiated on a wide variety of base fields, in contrast with Falcon’s restriction to power-of-two cyclotomics. We also introduce a new lattice Gaussian sampler with the same quality and efficiency, but which is moreover compatible with the integral matrix Gram root technique of Ducas et al., allowing us to avoid floating point arithmetic. This makes it possible to realize the same signature scheme as Mitaka efficiently on platforms with poor support for floating point numbers. Finally, we describe a provably secure masking of Mitaka. More precisely, we introduce novel gadgets that allow provable masking at any order at much lower cost than previous masking techniques for Gaussian sampling-based signature schemes, for cheap and dependable side-channel protection. © 2022, International Association for Cryptologic Research.","2022","2026-05-02 10:46:33","2026-05-03 10:15:26","","222-253","","","13277 LNCS","","","","","","","","","","","","","Scopus","","","","","<p>Export Date: 02 May 2026; Cited By: 41</p>; <p>Export Date: 02 May 2026; Cited By: 41; Correspondence Address: Y. Yu; BNRist, Tsinghua University, Beijing, China; email: yu-yang@mail.tsinghua.edu.cn</p>","","","Authentication; Digital arithmetic; Efficiency; Gaussian distribution; Gaussian sampler; High quality; Key generation; New approaches; Offline; Parameter selection; Security analysis; Side channel attack; Side-channel; Signature Scheme; Simple++","","","","","","","","","","","","","","","","","","","","","","","","","","","","","","","","Lecture Notes in Computer Science (including subseries Lecture Notes in Artificial Intelligence and Lecture Notes in Bioinformatics)","","","","","","","","","","","","","","",""
"PLWWDGID","journalArticle","2024","Karabulut, E.; Aysu, A.","Masking FALCON’s Floating-Point Multiplication in Hardware","IACR Transactions on Cryptographic Hardware and Embedded Systems","","","10.46586/tches.v2024.i4.483-508","https://www.scopus.com/pages/publications/85204194971?origin=resultslist","Floating-point arithmetic is a cornerstone in a wide array of computational domains, and it recently became a building block for the FALCON post-quantum digital signature algorithm. As a consequence, the side-channel security of these operations became under scrutiny. Recent works unveiled the first side-channel attack specifically targeting floating-point multiplication to steal secret cryptographic keys. Despite these new attacks on floating point arithmetic, there is no secure hardware design for side-channel leakage to date. A concurrent work has applied masking of floating-point multiplication in software [CC24], but their empirical validation still demonstrated significant first-order leakages. This paper presents the first hardware masking scheme for floating-point multiplication to mitigate side-channel attacks. Our technique extends the cryptographic masking principles that split all intermediate computations into multiple, random shares while preserving the output functionality. Our innovation also provides a design-time configurable first-order masked multiplier gadget that carries out integer multiplication, which can support future designs. To that end, we propose new hardware gadgets including Integer Multiplier, Carry Calculator, Secure MUX, Zero Check, and Mantissa Selection, and we prove their security in the PINI model. Moreover, we validate the desired first-order side-channel security of our implementation on a Sakura-X FPGA board using 10 million measurements. We explore the design space with different architectural choices to trade-off performance for the area. Our implementation results show that masking overhead ranges between 5.42×-43.31× in the area and 2×-440× in throughput. © 2024, Ruhr-University of Bochum. All rights reserved.","2024","2026-05-02 10:46:34","2026-05-03 10:16:57","","483-508","","4","2024","","","","","","","","","","","","","Scopus","","","","","<p>Export Date: 02 May 2026; Cited By: 5</p>; <p>Export Date: 02 May 2026; Cited By: 5</p>","","","Authentication; Channel securities; Digital arithmetic; FALCON; First order; Floating point multiplication; Floating points; Floating-point; Floating-point arithmetic; Hardware security; Integrated circuit design; Masking; Medium access control; Network security; Public key cryptography; Quantum channel; Quantum cryptography; Side channel attack; Side-channel; Side-channel analysis; Side-channel Analysis; Side-channel attacks; Structural dynamics","","","","","","","","","","","","","","","","","","","","","","","","","","","","","","","","","","","","","","","","","","","","","","",""
"IWV65WQ9","conferencePaper","2023","Wisiol, N.; Gersch, P.; Seifert, J.-P.","Cycle-Accurate Power Side-Channel Analysis Using the ChipWhisperer: A Case Study on Gaussian Sampling","","","","10.1007/978-3-031-25319-5_11","https://www.scopus.com/pages/publications/85147992017?origin=resultslist","This paper presents an approach to uncover and analyze power side-channel leakages on a processor cycle level precision. By carefully designing and evaluating the measurement setup, accurate trace timing is enabled, which is used to overlay the trace with the corresponding assembly code. This methodology allows to expose the sources of leakage on a processor cycle scale, which allows for evaluating new implementations. It also exposes that the default ChipWhisperer configuration for STM32F4 targets used in prior work includes wait cycles that are rarely used in real-world applications, but affect power side-channel leakage. As an application for our setup, we target the widely used function of Gaussian sampling code used in multiple Post-Quantum Key-Exchange Mechanisms and Signature schemes. We propose new implementations for the function based on our analysis on the original implementation and further evaluate their leakage. Our findings allow the conclusion that unmasked cryptographic implementations of schemes based on Gaussian random numbers for STM32F4 cannot be secure against power side-channel, and that masking just the Gaussian sampler is not a viable option. © 2023, The Author(s), under exclusive license to Springer Nature Switzerland AG.","2023","2026-05-02 10:46:34","2026-05-03 09:55:58","","205-224","","","13820 LNCS","","","","","","","","","","","","","Scopus","","","","","<p>Export Date: 02 May 2026; Cited By: 1</p>; <p>Export Date: 02 May 2026; Cited By: 1; Correspondence Address: P. Gersch; Security in Telecommunications, Department of Electrical Engineering and Computer Science, TU Berlin, Berlin, 10587, Germany; email: patrick.gersch@tu-berlin.de</p>","","","Chipwhisperer; ChipWhisperer; Codes (symbols); FALCON; Frodokem; FrodoKEM; Function evaluation; GALACTICS; Gaussian distribution; Gaussian sampler; Power; Power side-channel analyse; Power side-channel analysis; Processor cycle level analyse; Processor cycle level analysis; Quantum cryptography; Side channel attack; Side-channel analysis; Sign-flip; Sign-Flip","","","","","","","","","","","","","","","","","","","","","","","","","","","","","","","","Lecture Notes in Computer Science (including subseries Lecture Notes in Artificial Intelligence and Lecture Notes in Bioinformatics)","","","","","","","","","","","","","","",""
"78VT4WXI","conferencePaper","2023","Nguyen, D.T.; Gaj, K.","Fast Falcon Signature Generation and Verification Using ARMv8 NEON Instructions","","","","10.1007/978-3-031-37679-5_18","https://www.scopus.com/pages/publications/85169013674?origin=resultslist","We present our speed records for Falcon signature generation and verification on ARMv8-A architecture. Our implementations are benchmarked on Apple M1 ‘Firestorm’, Raspberry Pi 4 Cortex-A72, and Jetson AGX Xavier. Our optimized signature generation is 2 × slower, but signature verification is 3–3.9 × faster than the state-of-the-art CRYSTALS-Dilithium implementation on the same platforms. Faster signature verification may be particularly useful for the client side on constrained devices. Our Falcon implementation outperforms the previous work targeting Jetson AGX Xavier by the factors 1.48 × for signing in falcon512 and falcon1024, 1.52 × for verifying in falcon512, and 1.70 × for verifying in falcon1024. We achieve improvement in Falcon signature generation by supporting a larger subset of possible parameter values for FFT-related functions and applying our compressed twiddle-factor table to reduce memory usage. We also demonstrate that the recently proposed signature scheme Hawk, sharing optimized functionality with Falcon, has 3.3 × faster signature generation and 1.6–1.9 × slower signature verification when implemented on the same ARMv8 processors as Falcon. © 2023, The Author(s), under exclusive license to Springer Nature Switzerland AG.","2023","2026-05-02 10:46:35","2026-05-03 10:24:58","","417-441","","","14064 LNCS","","","","","","","","","","","","","Scopus","","","","","<p>Export Date: 02 May 2026; Cited By: 20</p>; <p>Export Date: 02 May 2026; Cited By: 20; Correspondence Address: D.T. Nguyen; George Mason University, Fairfax, 22030, United States; email: dnguye69@gmu.edu</p>","","","ARM processors; ARMv8; Cortexes; Dilithium; Falcon; Fast Fourier Transform; Fast Fourier transforms; Hawk; Neon; NEON; Number Theoretic Transform; Number-theoretic transforms; Post quantum cryptography; Post-Quantum Cryptography; Quantum cryptography; Signature generation; Signature verification; State of the art","","","","","","","","","","","","","","","","","","","","","","","","","","","","","","","","Lecture Notes in Computer Science (including subseries Lecture Notes in Artificial Intelligence and Lecture Notes in Bioinformatics)","","","","","","","","","","","","","","",""
"N56PKPME","conferencePaper","2026","Zhang, S.; Jia, H.; Ran, D.; Yu, Y.; Yu, Y.; Wang, X.","GPV Preimage Sampling with Weak Smoothness and Its Applications to Lattice Signatures","","","","10.1007/978-981-95-5099-9_8","https://www.scopus.com/pages/publications/105025370359?origin=resultslist","The lattice trapdoor associated with Ajtai’s function is the cornerstone of many lattice-based cryptosystems. The current provably secure trapdoor framework, known as the GPV framework, uses a strong smoothness condition, i.e. ϵ≪1n2 for smoothing parameter ηϵ(Zn), to ensure the correctness of the security reduction. In this work, we investigate the feasibility of weak smoothness, e.g. ϵ=O(1n) or even O(1) in the GPV framework and present several positive results. First, we provide a theoretical security proof for GPV with weak smoothness under a new assumption. Then, we present Gaussian samplers that are compatible with the weak smoothness condition. As direct applications, we present two practical GPV signature instantiations based on a weak smoothness condition. Our first instantiation is a variant of Falcon achieving smaller size and higher security. The public key sizes are 21% to 28% smaller, and the signature sizes are 23.5% to 29% smaller than Falcon. We also showcase an NTRU-based GPV signature scheme that employs the Peikert sampler with weak smoothness. This offers a simple implementation while the security level is greatly lower. Nevertheless, at the NIST-3 security level, our scheme achieves a 49% reduction in size compared to Dilithium-3. © International Association for Cryptologic Research 2026.","2026","2026-05-02 10:46:35","2026-05-03 09:58:44","","233-264","","","16247 LNCS","","","","","","","","","","","","","Scopus","","","","","<p>Export Date: 02 May 2026; Cited By: 0</p>; <p>Export Date: 02 May 2026; Cited By: 0; Correspondence Address: Y. Yu; Institute for Advanced Study, Tsinghua University, Beijing, China; email: yu-yang@mail.tsinghua.edu.cn</p>","","","Authentication; Falcon signature scheme; Falcon Signature Scheme; Gaussian distribution; Gaussian sampling; Gaussians; GPV trapdoor; ITS applications; Lattice-based cryptography; Network security; Preimage samplings; Public key cryptography; Security level; Signature Scheme; Smoothness conditions","","","","","","","","","","","","","","","","","","","","","","","","","","","","","","","","Lecture Notes in Computer Science","","","","","","","","","","","","","","",""
"MQFVCVSP","conferencePaper","2020","Fouque, P.-A.; Kirchner, P.; Tibouchi, M.; Wallet, A.; Yu, Y.","Key recovery from gram–schmidt norm leakage in hash-and-sign signatures over NTRU lattices","","","","10.1007/978-3-030-45727-3_2","https://www.scopus.com/pages/publications/85090007465?origin=resultslist","In this paper, we initiate the study of side-channel leakage in hash-and-sign lattice-based signatures, with particular emphasis on the two efficient implementations of the original GPV lattice-trapdoor paradigm for signatures, namely NIST second-round candidate Falcon and its simpler predecessor DLP. Both of these schemes implement the GPV signature scheme over NTRU lattices, achieving great speed-ups over the general lattice case. Our results are mainly threefold. First, we identify a specific source of side-channel leakage in most implementations of those schemes, namely, the one-dimensional Gaussian sampling steps within lattice Gaussian sampling. It turns out that the implementations of these steps often leak the Gram–Schmidt norms of the secret lattice basis. Second, we elucidate the link between this leakage and the secret key, by showing that the entire secret key can be efficiently reconstructed solely from those Gram–Schmidt norms. The result makes heavy use of the algebraic structure of the corresponding schemes, which work over a power-of-two cyclotomic field. Third, we concretely demonstrate the side-channel attack against DLP (but not Falcon due to the different structures of the two schemes). The challenge is that timing information only provides an approximation of the Gram–Schmidt norms, so our algebraic recovery technique needs to be combined with pruned tree search in order to apply it to approximate values. Experimentally, we show that around 235 DLP traces are enough to reconstruct the entire key with good probability. © International Association for Cryptologic Research 2020.","2020","2026-05-02 10:46:35","2026-05-03 10:16:14","","34-63","","","12107 LNCS","","","","","","","","","","","","","Scopus","","","","","<p>Export Date: 02 May 2026; Cited By: 12</p>; <p>Export Date: 02 May 2026; Cited By: 12; Correspondence Address: Y. Yu; Univ Rennes, CNRS, IRISA, Rennes, France; email: yang.yu0986@gmail.com</p>","","","Algebra; Algebraic structures; Cyclotomic field; Different structure; Efficient implementation; Recovery techniques; Sampling steps; Side channel attack; Signature Scheme; Timing information; Trees (mathematics)","","","","","","","","","","","","","","","","","","","","","","","","","","","","","","","","Lecture Notes in Computer Science (including subseries Lecture Notes in Artificial Intelligence and Lecture Notes in Bioinformatics)","","","","","","","","","","","","","","",""
"A887LIVU","journalArticle","2025","Parra, H.G.; Guacaneme, J.A.; Gaona, E.E.; Cerón-Muñoz, H.D.","Experimental and Spectral Analysis of the Wake Velocity Effect in a 3D Falcon Prototype with Oscillating Feathers and Its Application in HAWT with Biomimetic Vortex Generators Using CFD","Biomimetics","","23137673 (ISSN)","10.3390/biomimetics10090622","https://www.scopus.com/pages/publications/105017000364?origin=resultslist","The peregrine falcon, known as the fastest bird in the world, has been studied for its ability to stabilize during high-speed dives, a capability attributed to the configuration of its dorsal feathers. These feathers have inspired the design of vortex generators devices that promote controlled turbulence to delay boundary layer separation on aircraft wings and turbine blades. This study presents an experimental wind tunnel investigation of a bio-inspired peregrine falcon prototype, equipped with movable artificial feathers, a hot-wire anemometer, and a 3D accelerometer. Wake velocity profiles measured behind the prototype revealed fluctuations associated with feather motion. Spectral analysis of the velocity signals, recorded with oscillating feathers at a wind tunnel speed of 10 m/s, showed attenuation of specific frequency components, suggesting that feather dynamics may help mitigate wake fluctuations induced by structural vibrations. Three-dimensional acceleration measurements indicated that prototype vibrations remained below 1 g, with peak differences along the X and Z axes ranging from −0.06 g to 0.06 g, demonstrating the sensitivity of the vibration sensing system. Root Mean Square (RMS) values of velocity signals increased with wind tunnel speed but decreased as the feather inclination angle rose. When the mean value was subtracted from the signal, higher RMS variability was observed, reflecting increased flow disturbance from feather movement. Fast Fourier Transform (FFT) analysis revealed that, for fixed feather angles, spectral magnitudes increased uniformly with wind speed. In contrast, dynamic feather oscillation produced distinctive frequency peaks, highlighting the feather’s influence on the wake structure in the frequency domain. To complement the experimental findings, 3D CFD simulations were conducted on two HAWT-type wind turbines—one with bio-inspired vortex generators and one without. The simulations showed a significant reduction in turbulent kinetic energy contours in the wake of the modified turbine, particularly in the Y-Z plane, compared to the baseline configuration. © 2025 by the authors.","2025","2026-05-02 11:02:29","2026-05-02 11:02:29","","","","9","10","","Biomimetics","","","","","","Multidisciplinary Digital Publishing Institute (MDPI)","","English","","","Scopus","","","","","<p>Export Date: 02 May 2026; Cited By: 3; Correspondence Address: H.G. Parra; Engineering Faculty Cajicá, Universidad Militar Nueva Granada, Bogotá, 111321, Colombia; email: hector.parra@unimilitar.edu.co</p>","","","Wind turbines; Fighter aircraft; Spectrum analysis; Structural dynamics; Vibration analysis; Accelerometers; Biomimetics; Wings; Boundary layers; Anemometers; Boundary layer flow; CFD simulations; Experimental analysis; HAWT; peregrine falcon; Peregrine falcon; Root Mean Square; Signal analysis; Spectra's; Spectral analyze; spectrum; Turbine components; Turbomachine blades; Velocity signals; Vortex flow; vortex generators; Vortex generators; Wake velocity; Wakes; Wind stress; Wind tunnels","","","","","","","","","","","","","","","","","","","","","","","","","","","","","","","","","","","","","","","","","","","","","","",""
"MBJKUYIX","journalArticle","2024","","19th International Workshop on Security, IWSEC 2024","Lecture Notes in Computer Science (including subseries Lecture Notes in Artificial Intelligence and Lecture Notes in Bioinformatics)","","03029743 (ISSN); 978-981977736-5 (ISBN)","","https://www.scopus.com/pages/publications/85205107385?origin=resultslist","The proceedings contain 17 papers. The special focus in this conference is on Security. The topics include: Higher-Order Mixture Differentials for AES-Based Block Ciphers and Applications to TweAES; Weak Keys of the Full MISTY1 Recovered in Practical Time; efficient Card-Based Protocols with a Standard Deck of Playing Cards Using Partial Opening; attribute-Based Inner Product Functional Encryption in Key-Policy Setting from Pairing; formal Verification of Emulated Floating-Point Arithmetic in Falcon; experimental Analysis of Integer Factorization Methods Using Lattices; Sieving Method for SDP with the Zero Window: An Improvement in Low Memory Environments; race Condition Vulnerabilities in WordPress Plug-ins; Finding (and Exploiting) Vulnerabilities on IP Cameras: The Tenda CP3 Case Study; File System Shield (FSS): A Pass-Through Strategy Against Unwanted Encryption in Network File Systems; Implementation for Malicious Software Using ChatGPT-4; a Markov Game Model for Evaluating Cybersecurity Attacks on Cloud; few Edges are Enough: Few-Shot Network Attack Detection with Graph Neural Networks; Information Leakage Through Packet Lengths in RTC Traffic; A Study on Anonymization Through Participation in iPWS Cup 2023.","2024","2026-05-02 11:02:29","2026-05-02 11:02:29","","","","","14977 LNCS","","Lect. Notes Comput. Sci.","","","","","","Springer Science and Business Media Deutschland GmbH","","English","","","Scopus","","","","","<p>Export Date: 02 May 2026; Cited By: 0</p>","","","","","Minematsu K.; Mimura M.","","","","","","","","","","","","","","","","","","","","","","","","","","","","","","","","","","","","","","","","","","","","",""
"UZZ45NVC","journalArticle","2008","Kwan, R.","Computer systems","Aerospace America","","0740722X (ISSN)","","https://www.scopus.com/pages/publications/58049142602?origin=resultslist","Computing had made a major impact on aerospace activities with its ever-increasing power in simulation and its roles in flight and exploration. A supercomputer named Roadrunner became the first to pass 1 petaflop (one thousand trillion floating point operations per second). The TOP500 site, which tracks the fastest computers, computes 122 Mflops/W and consumes 257 kW, a typical TOP1O system computes 248 Mflops/W and consumes 1.32 MW. Space Exploration Technologies (SpaceX) intends to drive down the cost of reaching orbit through a dual emphasis on simplicity and sophisticated automation. Falcon 1 avionics by SpaceX includes a ruggedized PC/104 Pentium-class computer and an inertial measurement unit. DARPA and the Air Force have funded SpaceX to demonstrate Falcon 1 as part of their responsive space initiative. The Martian network of computers uses a RAD6000 computer running the VxWorks real-time operating system.","2008","2026-05-02 11:02:29","2026-05-02 11:02:29","","52","","12","46","","Aerosp. Am.","","","","","","","","English","","","Scopus","","","","","<p>Export Date: 02 May 2026; Cited By: 0; CODEN: AEAME</p>","","","","","","","","","","","","","","","","","","","","","","","","","","","","","","","","","","","","","","","","","","","","","","","","","",""
"DD5TQHU7","conferencePaper","1996","Villars, F.; Conrad, V.; Rouais, F.; Lefebvre, F.; Amédée, J.; Bordenave, L.","Ability of various inserts to promote endothelium cell culture for the establishment of coculture models","CELL BIOL. TOXICOL.","07422091 (ISSN)","","10.1007/BF00438147","https://www.scopus.com/pages/publications/0029806481?origin=resultslist","To select an insert suitable for human umbilical vein endothelial cell (HUVEC) culture, we compared several available inserts of 0.2 to 0.45 μm porosity: Cellagen (ICN), Transwell-COL (Costar), Millicell-HA and CM (Millipore), Anopore (Nunc), Cyclopore (Falcon) in comparison with a control surface (Thermanox). The requirements were: (i) to promote attachment, adhesion and proliferation of HUVEC (judged by [3H]thymidine incorporation into DNA at days 1, 3, 7); (ii) to allow HUVEC visualization by inverted, fluorescence microscopy for uptake of DiI-Ac-LDL and scanning electron microscopy, performed at day 9 after seeding. Because Transwell and Cellagen are collagen precoated and CM has to be coated for cell culture, we performed collagen coating (types I + III or IV) for non-pretreated inserts for the purpose of comparison. Our preferences comprise Transwell-COL, Cyclopore not coated or coated (whatever the collagen type), and Cellagen. However, on a quality/price ratio criterion, Cyclopore, even uncoated, is the insert of choice. The HA, CM and Anopore inserts, even coated, do not allow HUVEC growth but do not alter positive uptake of acetylated LDL.","1996","2026-05-02 11:02:29","2026-05-02 11:02:29","","207-214","","4-6","12","","","","","","","","","","English","","","Scopus","","","","Journal Abbreviation: CELL BIOL. TOXICOL.","<p>Export Date: 02 May 2026; Cited By: 11; CODEN: CBTOE</p>","","","cell adhesion; cell growth; cell proliferation; controlled study; human; human cell; Humans; female; differentiation; cell culture; cell differentiation; Cells, Cultured; priority journal; coculture; Coculture Techniques; conference paper; Culture Media; endothelial cell; endothelium cell; Endothelium, Vascular; human cell culture; model; umbilical vein; Umbilical Veins","","","","","","","","","","","","","","","","","","","","","","","","","","","","","","","","Cell Biology and Toxicology","","","","","","","","","","","","","","",""
"Z4CNFN2E","conferencePaper","2026","Jiao, D.; Lin, J.; Chen, J.; Xiong, J.; Meng, W.; Su, C.","Parallel FHE-Based Neural Network Inference with Knowledge Distillation for Efficient Privacy-Preserving Image Classification","Lect. Notes Comput. Sci.","03029743 (ISSN); 978-981953057-1 (ISBN)","","10.1007/978-981-95-3058-8_3","https://www.scopus.com/pages/publications/105022978447?origin=resultslist","We present a novel parallel FHE-based inference framework specifically designed for encrypted image classification, substantially improving computational efficiency while preserving high accuracy. Although Fully Homomorphic Encryption (FHE) provides strong privacy guarantees, its computational overhead typically hinders real-world applicability. To address this issue, we propose three key innovations: (1) a patch-level parallel inference architecture that partitions images for simultaneous encrypted computation, (2) an overlapping patch mechanism integrated with a dual-stage knowledge distillation pipeline to mitigate global feature loss while maintaining efficient encrypted inference, and (3) use of the CKKS scheme, which natively supports floating-point arithmetic and SIMD operations. Experiments on benchmark datasets highlight the effectiveness of our approach: on MNIST, it achieves 99.05% accuracy with a latency of only 1.09 s, while on CIFAR-10, it attains 82.74% accuracy in 47.3 s of encrypted inference. Compared with classical baselines such as CryptoNets and CryptoDL, our framework reduces latency by 35.9×∼ 293.6×, and it outperforms cutting-edge solutions (LoLa, Falcon, bi-CryptoNets) by a 1.1×∼ 2.3× speedup, while maintaining comparable or acceptable accuracy. Overall, this work advances practical Privacy-Preserving Machine Learning (PPML) by striking a favorable balance among accuracy, latency, and data privacy, paving the way for secure, real-world machine learning deployments. © The Author(s), under exclusive license to Springer Nature Singapore Pte Ltd. 2026.","2026","2026-05-02 11:02:29","2026-05-02 11:02:29","","28-39","","","15922 LNAI","","","","","","","","Springer Science and Business Media Deutschland GmbH","","English","","","Scopus","","","","Journal Abbreviation: Lect. Notes Comput. Sci.","<p>Export Date: 02 May 2026; Cited By: 0; Correspondence Address: J. Chen; School of Computer, and Hubei Provincial Key Laboratory of Artificial Intelligence and Smart Learning, Central China Normal University, Wuhan, China; email: jiageng.chen@ccnu.edu.cn</p>","","","Network security; Digital arithmetic; Neural networks; Learning systems; Neural-networks; Real-world; Computational efficiency; Computer vision; Machine-learning; Privacy preserving; Information Security; Distillation; Privacy-preserving techniques; Parallel architectures; Classification (of information); Image classification; Machine learning; Fully homomorphic encryption; Knowledge distillation; Fully Homomorphic Encryption (FHE); Images classification; Inference engines; Knowledge Distillation (KD); Parallelized encrypted inference; Parallelized Encrypted Inference; Privacy-preserving machine learning; Privacy-Preserving Machine Learning (PPML)","","Zhu T.; Zhou W.; Zhu C.","","","","","","","","","","","","","","","","","","","","","","","","","","","","","","Lecture Notes in Computer Science","","","","","","","","","","","","","","",""
"KNANBJ7P","journalArticle","2023","Bindel, N.; McCarthy, S.","The Need for Being Explicit: Failed Attempts to Construct Implicit Certificates from Lattices","Computer Journal","","00104620 (ISSN)","10.1093/comjnl/bxac132","https://www.scopus.com/pages/publications/85163862315?origin=resultslist","Global efforts such as the National Institute of Standards and Technology (NIST)'s post-quantum standardization center on cryptographic primitives like public-key encryption and signature schemes that are secure even in the presence of quantum adversaries. In addition, one must also consider efficient certificate management as new technologies like the Internet of Things and 5G wireless networks rely on them. For example, the IEEE Standard for vehicle-to-vehicle communication depends on implicit certificates. However, the only efficient construction available is over elliptic curves, and hence not quantum-secure. This paper investigates approaches to construct implicit certificate schemes from lattices, employing the NIST Round 3 signature schemes Dilithium and Falcon. We consider emulation of the existing implicit certificate scheme and proceed to more innovative techniques like combining the two schemes or pairing them with encryption. Unfortunately, we encounter problems with each design, due to recurring causes like conflicting secret key and signature sizes, unique sampler requirements and the rigidity of the parameter sets. By explaining each of these issues, this paper will hopefully spark ideas for more successful constructions. © 2022 The Author(s).","2023","2026-05-02 11:02:29","2026-05-02 11:02:29","","1320-1334","","6","66","","Comput J","","","","","","Oxford University Press","","English","","","Scopus","","","","","<p>Export Date: 02 May 2026; Cited By: 3; Correspondence Address: S. McCarthy; Institute for Quantum Computing, University of Waterloo, Waterloo, 200 University Ave W, N2L 3G1, Canada; email: sarah.mccarthy@uwaterloo.ca; CODEN: CMPJA</p>","","","Authentication; Network security; Post quantum cryptography; Quantum cryptography; Signature Scheme; Post quantum; Lattice-based cryptography; National Institute of Standards and Technology; Public key cryptography; lattice-based cryptography; Public-key signatures; IEEE Standards; 5G mobile communication systems; Cryptographic primitives; Implicit certificate; implicit certificates; Post-quantum cryptography constrained environment; post-quantum cryptography constrained environments; Public-key encryption scheme; Vehicle to vehicle communications","","","","","","","","","","","","","","","","","","","","","","","","","","","","","","","","","","","","","","","","","","","","","","",""
"QIFMW8C6","journalArticle","2020","","11th International Conference on Post-Quantum Cryptography, PQCrypto 2020","Lecture Notes in Computer Science (including subseries Lecture Notes in Artificial Intelligence and Lecture Notes in Bioinformatics)","","03029743 (ISSN); 978-303044222-4 (ISBN)","","https://www.scopus.com/pages/publications/85083981092?origin=resultslist","The proceedings contain 29 papers. The special focus in this conference is on Post-Quantum Cryptography. The topics include: Many a Mickle Makes a Muckle: A Framework for Provably Quantum-Secure Hybrid Key Exchange; on Quantum Distinguishers for Type-3 Generalized Feistel Network Based on Separability; the Power of Few Qubits and Collisions – Subset Sum Below Grover’s Bound; a Rank Attack Against Extension Field Cancellation; short Zero-Knowledge Proof of Knowledge for Lattice-Based Commitment; compact Privacy Protocols from Post-quantum and Timed Classical Assumptions; decryption Failure Is More Likely After Success; randomized Decoding of Gabidulin Codes Beyond the Unique Decoding Radius; preface; LegRoast: Efficient Post-quantum Signatures from the Legendre PRF; efficient Key Generation for Rainbow; Benchmarking Post-quantum Cryptography in TLS; isochronous Gaussian Sampling: From Inception to Implementation: With Applications to the Falcon Signature Scheme; a Note on the Instantiability of the Quantum Random Oracle; improved Quantum Circuits for Elliptic Curve Discrete Logarithms; multivariate Encryption Schemes Based on Polynomial Equations over Real Numbers; A Structural Attack on Block-Anti-Circulant UOV at SAC 2019; combinatorial Rank Attacks Against the Rectangular Simple Matrix Encryption Scheme; COSAC: COmpact and Scalable Arbitrary-Centered Discrete Gaussian Sampling over Integers; Efficient Post-quantum SNARKs for RSIS and RLWE and Their Applications to Privacy; defeating NewHope with a Single Trace; Sashimi: Cutting up CSI-FiSh Secret Keys to Produce an Actively Secure Distributed Signing Protocol; About Low DFR for QC-MDPC Decoding; practical Cryptanalysis of k-ary C*; generalization of Isomorphism of Polynomials with Two Secrets and Its Application to Public Key Encryption; CSIDH on the Surface.","2020","2026-05-02 11:02:29","2026-05-02 11:02:29","","","","","12100 LNCS","","Lect. Notes Comput. Sci.","","","","","","Springer","","English","","","Scopus","","","","","<p>Export Date: 02 May 2026; Cited By: 0</p>","","","","","Ding J.; Tillich J.-P.","","","","","","","","","","","","","","","","","","","","","","","","","","","","","","","","","","","","","","","","","","","","",""
"XS2AD4U3","conferencePaper","2022","Espitau, T.; Tibouchi, M.; Wallet, A.; Yu, Y.","Shorter Hash-and-Sign Lattice-Based Signatures","Lect. Notes Comput. Sci.","03029743 (ISSN); 978-303115978-7 (ISBN)","","10.1007/978-3-031-15979-4_9","https://www.scopus.com/pages/publications/85141739374?origin=resultslist","Lattice-based digital signature schemes following the hash-and-sign design paradigm of Gentry, Peikert and Vaikuntanathan (GPV) tend to offer an attractive level of efficiency, particularly when instantiated with structured compact trapdoors. In particular, NIST postquantum finalist Falcon is both quite fast for signing and verification and quite compact: NIST notes that it has the smallest bandwidth (as measured in combined size of public key and signature) of all round 2 digital signature candidates. Nevertheless, while Falcon–512, for instance, compares favorably to ECDSA–384 in terms of speed, its signatures are well over 10 times larger. For applications that store large number of signatures, or that require signatures to fit in prescribed packet sizes, this can be a critical limitation. In this paper, we explore several approaches to further improve the size of hash-and-sign lattice-based signatures, particularly instantiated over NTRU lattices like Falcon and its recent variant Mitaka. In particular, while GPV signatures are usually obtained by sampling lattice points according to some spherical discrete Gaussian distribution, we show that it can be beneficial to sample instead according to a suitably chosen ellipsoidal discrete Gaussian: this is because only half of the sampled Gaussian vector is actually output as the signature, while the other half is recovered during verification. Making the half that actually occurs in signatures shorter reduces signature size at essentially no security loss (in a suitable range of parameters). Similarly, we show that reducing the modulus q with respect to which signatures are computed can improve signature size as well as verification key size almost “for free”; this is particularly true for constructions like Falcon and Mitaka that do not make substantial use of NTT-based multiplication (and rely instead on transcendental FFT). Finally, we show that the Gaussian vectors in signatures can be represented in a more compact way with appropriate coding-theoretic techniques, improving signature size by an additional 7 to 14%. All in all, we manage to reduce the size of, e.g., Falcon signatures by 30–40% at the cost of only 4–6 bits of Core-SVP security. © 2022, International Association for Cryptologic Research.","2022","2026-05-02 11:02:29","2026-05-02 11:02:29","","245-275","","","13508 LNCS","","","","","","","","Springer Science and Business Media Deutschland GmbH","","English","","","Scopus","","","","Journal Abbreviation: Lect. Notes Comput. Sci.","<p>Export Date: 02 May 2026; Cited By: 29; Correspondence Address: Y. Yu; BNRist, Tsinghua University, Beijing, China; email: yu-yang@mail.tsinghua.edu.cn</p>","","","Authentication; Network security; Digital signature schemes; Lattice-based; Electronic document identification systems; Gaussians; Cryptography; Gaussian distribution; Public keys; Key sizes; Design paradigm; Gaussian vector; Lattice points; Packet size; Sampling lattices","","Dodis Y.; Shrimpton T.","","","","","","","","","","","","","","","","","","","","","","","","","","","","","","Lecture Notes in Computer Science","","","","","","","","","","","","","","",""
"PW3X7P3Z","journalArticle","1992","Raper, S.E.; Wilson, J.M.; Grossman, M.","Retroviral-mediated gene transfer in human hepatocytes","Surgery","","00396060 (ISSN)","","https://www.scopus.com/pages/publications/0026656889?origin=resultslist","Background. The ability to modify human hepatocytes genetically is an essential first step in the development of liver-directed ex vivo gene therapy for inherited metabolic disease. The purpose of these studies was to prove that the genome of human hepatocytes can be altered successfully to express foreign genetic material. Methods. Human hepatocytes were plated at 2 or 4 × 106 cells/10 cm Primaria (Falcon, Oxnard, Calif.) plates. Fresh virus from the amphotropic viral producer cell line BAG, containing the Escherichia coli β-galactosidase gene lacZ, was placed directly onto hepatocyte cultures and quantitative analysis of cells staining positive for the lacZ gene was undertaken. In a different human liver, a variety of viruses from producer cell lines containing clones of the human low-density lipoprotein (LDL) receptor were plated directly on cultures of human hepatocytes, and gene transfer was demonstrated by increased uptake of fluorescent-labeled LDL. Results. β-Galactosidase production in hepatocytes was assayed histochemically with the chromogenic substrate X-gal. The highest percentage of cells staining positive for expression of enzyme was seen at 4 × 106 cells/plate (43.66% ± 1.02% vs 27.99% ± 2.31%). Gene transfer was also documented by the uptake of fluorescent-labeled LDL with a variety of different vectors containing the human LDL receptor. Conclusions. (1) Human hepatocytes can be cultured in vitro and are susceptible to retroviral infection, (2) functional gene transfer is demonstrated by intracellular function of foreign genes, and (3) the level of expression appears dependent on plating density. We conclude that human hepatocytes are suitable targets for genetic manipulation and may play an important role in human gene therapy trials. © 1992.","1992","2026-05-02 11:02:30","2026-05-02 11:02:30","","333-340","","2","112","","Surgery (USA)","","","","","","","","English","","","Scopus","","","","","<p>Export Date: 02 May 2026; Cited By: 14; CODEN: SURGA</p>","","","human; human cell; adult; Cells, Cultured; priority journal; human tissue; conference paper; beta galactosidase; beta-Galactosidase; Carbocyanines; Cell Separation; cytochemistry; fluorescence analysis; Fluorescent Dyes; gene therapy; gene transfer; genetic recombination; Histocytochemistry; Human; Lipoproteins, LDL; Liver; liver cell; low density lipoprotein; low density lipoprotein receptor; Middle Age; mutation; Retroviridae; retrovirus; southern blotting; Transfection","","","","","","","","","","","","","","","","","","","","","","","","","","","","","","","","","","","","","","","","","","","","","","",""
"TDQVFZQU","conferencePaper","2024","Bauer, S.; De Santis, F.","A Differential Fault Attack Against Deterministic Falcon Signatures","Lect. Notes Comput. Sci.","03029743 (ISSN); 978-303154408-8 (ISBN)","","10.1007/978-3-031-54409-5_3","https://www.scopus.com/pages/publications/85187714231?origin=resultslist","We describe a fault attack against the deterministic variant of the FALCON signature scheme. It is the first fault attack that exploits specific properties of deterministic FALCON. The attack works under a very relaxed and realistic single fault random model. The main idea is to inject a fault into the pseudo-random generator of the pre-image trapdoor sampler, generate different signatures for the same input, find reasonably short lattice vectors this way, and finally use lattice reduction techniques to obtain the private key. We investigate the relationship between fault location, the number of faults, computational effort for a possibly remaining exhaustive search step and success probability. © The Author(s), under exclusive license to Springer Nature Switzerland AG 2024.","2024","2026-05-02 11:02:30","2026-05-02 11:02:30","","43-61","","","14530 LNCS","","","","","","","","Springer Science and Business Media Deutschland GmbH","","English","","","Scopus","","","","Journal Abbreviation: Lect. Notes Comput. Sci.","<p>Export Date: 02 May 2026; Cited By: 1; Correspondence Address: S. Bauer; Siemens AG, Technology, Munich, Germany; email: svenbauer@siemens.com</p>","","","Authentication; Falcon; Network security; Post quantum cryptography; Quantum cryptography; Digital signature schemes; Signature Scheme; Post-quantum cryptography; Side channel attack; Lattice-based cryptography; Deterministics; Faults attacks; Differential fault attack; Fault attack; Single fault; Specific properties","","Bhasin S.; Roche T.","","","","","","","","","","","","","","","","","","","","","","","","","","","","","","Lecture Notes in Computer Science (including subseries Lecture Notes in Artificial Intelligence and Lecture Notes in Bioinformatics)","","","","","","","","","","","","","","",""
"DITCT7SS","journalArticle","2024","Li, Z.; Wang, W.; Li, W.; Duan, H.; Xu, C.; Tian, X.; Ning, F.; Zhang, D.","Co-methylation analyses identify CpGs associated with lipid traits in Chinese discordant monozygotic twins","Human Molecular Genetics","","09646906 (ISSN)","10.1093/hmg/ddad207","https://www.scopus.com/pages/publications/85188334114?origin=resultslist","To control genetic background and early life milieu in genome-wide DNA methylation analysis for blood lipids, we recruited Chinese discordant monozygotic twins to explore the relationships between DNA methylations and total cholesterol (TC), high-density lipoprotein cholesterol (HDL-C), low-density lipoprotein cholesterol (LDL-C), and triglycerides (TG). 132 monozygotic (MZ) twins were included with discordant lipid levels and completed data. A linear mixed model was conducted in Epigenome-wide association study (EWAS). Generalized estimating equation model was for gene expression analysis. We conducted Weighted correlation network analysis (WGCNA) to build co-methylated interconnected network. Additional Qingdao citizens were recruited for validation. Inference about Causation through Examination of Familial Confounding (ICE FALCON) was used to infer the possible direction of these relationships. A total of 476 top CpGs reached suggestively significant level (P<10−4), of which, 192 CpGs were significantly associated with TG (FDR <0.05). They were used to build interconnected network and highlight crucial genes from WGCNA. Finally, four CpGs in GATA4 were validated as risk factors for TC; six CpGs at ITFG2-AS1 were negatively associated with TG; two CpGs in PLXND1 played protective roles in HDL-C. ICE FALCON indicated abnormal TC was regarded as the consequence of DNA methylation in CpGs at GATA4, rather than vice versa. Four CpGs in ITFG2-AS1 were both causes and consequences of modified TG levels. Our results indicated that DNA methylation levels of 12 CpGs in GATA4, ITFG2-AS1, and PLXND1 were relevant to TC, TG, and HDL-C, respectively, which might provide new epigenetic insights into potential clinical treatment of dyslipidemia. © The Author(s) 2023.","2024","2026-05-02 11:02:30","2026-05-02 11:02:30","","583-593","","7","33","","Hum. Mol. Genet.","","","","","","Oxford University Press","","English","","","Scopus","","","","","<p>Export Date: 02 May 2026; Cited By: 3; Correspondence Address: D. Zhang; Department of Epidemiology and Health Statistics, the College of Public Health of Qingdao University, Qingdao, 308 Ningxia Road, Shandong, 266071, China; email: zhangdf1961@126.com; CODEN: HMGEE</p>","","","Article; gene expression; genetics; human; Humans; adult; female; male; middle aged; China; Chinese; cholesterol blood level; Cholesterol, LDL; co-methylation; discordant monozygotic twins design; DNA methylation; DNA Methylation; Epigenesis, Genetic; EWAS; genetic epigenesis; genome-wide association study; high density lipoprotein cholesterol; lipid; lipid blood level; Lipids; low density lipoprotein cholesterol; monozygotic twins; normal human; transcription factor GATA 4; triacylglycerol; triglycerides; Triglycerides; twin discordance; twin study; Twins, Monozygotic; weighted gene co expression network analysis","","","","","","","","","","","","","","","","","","","","","","","","","","","","","","","","","","","","","","","","","","","","","","",""
"N5XJCW2L","journalArticle","2009","Abe, H.; Yamazaki, F.; Yamagucin, J.; Kawamura, Y.; Ohno, Y.; Nakanishi, Y.; Takano, T.; Takamura, T.","Doppler observations with the millimeter-wave clouds profiling radar FALCON-I","IEEJ Transactions on Fundamentals and Materials","","13475533 (ISSN)","10.1541/ieejfms.129.177","https://www.scopus.com/pages/publications/67650469738?origin=resultslist","We developed a cloud profiling radar, named FALCON-I, transmitting frequency modulated continuous wave (FM-CW) at 95GHz. The radar can observe vertical radar reflectivity factor of clouds with high sensitivity and high spatial resolution. The observation of Doppler velocity is more necessary to know the inside structure of clouds and interaction with aerosol. Doppler velocities of clouds can be obtained from the phase shift of the signal by using double-FFT method. As a result of the observations at Chiba University, Doppler velocities of thin clouds were successfully obtained as well as of bright band, and rainfall. © 2009 The Institute of Electrical Engineers of Japan.","2009","2026-05-02 11:02:30","2026-05-02 11:02:30","","177-182+2","","4","129","","IEEJ Trans. Fundam. Mater.","","","","","","","","Japanese","","","Scopus","","","","","<p>Export Date: 02 May 2026; Cited By: 2; Correspondence Address: H. Abe; Graduate School of Engineering, Chiba University, Inage-ku, Chiba 263-8522, 1-33, Yayoicho, Japan; email: h_abe@graduate.chiba-u.jp</p>","","","Bright band; Cloud particles; Cloud Profiling Radars; Clouds; Doppler; Doppler velocity; Doppler velocity of clouds; FM-CW radar; High sensitivity; High spatial resolution; Meteorological radar; Millimeter wave devices; Millimeter waves; Millimeter-wave radar; Profiling radar; Radar reflectivity factor; Transmitting frequency; Velocity","","","","","","","","","","","","","","","","","","","","","","","","","","","","","","","","","","","","","","","","","","","","","","",""
"MV5BAZW5","conferencePaper","2022","Ducas, L.; Postlethwaite, E.W.; Pulles, L.N.; Woerden, W.","Hawk: Module LIP Makes Lattice Signatures Fast, Compact and Simple","Lect. Notes Comput. Sci.","03029743 (ISSN); 978-303122971-8 (ISBN)","","10.1007/978-3-031-22972-5_3","https://www.scopus.com/pages/publications/85149705992?origin=resultslist","We propose the signature scheme Hawk, a concrete instantiation of proposals to use the Lattice Isomorphism Problem (LIP) as a foundation for cryptography that focuses on simplicity. This simplicity stems from LIP, which allows the use of lattices such as Zn, leading to signature algorithms with no floats, no rejection sampling, and compact precomputed distributions. Such design features are desirable for constrained devices, and when computing signatures inside FHE or MPC. The most significant change from recent LIP proposals is the use of module lattices, reusing algorithms and ideas from NTRUSign and Falcon. Its simplicity makes Hawk competitive. We provide cryptanalysis with experimental evidence for the design of Hawk and implement two parameter sets, Hawk-512 and Hawk-1024. Signing using Hawk-512 and Hawk-1024 is four times faster than Falcon on x86 architectures, produces signatures that are about 15% more compact, and is slightly more secure against forgeries by lattice reduction attacks. When floating-points are unavailable, Hawk signs 15 times faster than Falcon. We provide a worst case to average case reduction for module LIP. For certain parametrisations of Hawk this applies to secret key recovery and we reduce signature forgery in the random oracle model to a new problem called the one more short vector problem. © 2022, International Association for Cryptologic Research.","2022","2026-05-02 11:02:30","2026-05-02 11:02:30","","65-94","","","13794 LNCS","","","","","","","","Springer Science and Business Media Deutschland GmbH","","English","","","Scopus","","","","Journal Abbreviation: Lect. Notes Comput. Sci.","<p>Export Date: 02 May 2026; Cited By: 36; Correspondence Address: E.W. Postlethwaite; CWI, Cryptology Group, Amsterdam, Netherlands; email: ewp@cwi.nl</p>","","","Network security; Post quantum cryptography; Quantum cryptography; Signature Scheme; Simple++; Post-Quantum Cryptography; Number theory; Rejection samplings; Signature; Signature algorithms; Computation theory; Concrete design; Concrete Design; Concretes; Isomorphism problems; Module lattice isomorphism problem; Module Lattice Isomorphism Problem; Quadratic form; Quadratic Forms; Set theory; Signatures","","Agrawal S.; Lin D.","","","","","","","","","","","","","","","","","","","","","","","","","","","","","","Lecture Notes in Computer Science","","","","","","","","","","","","","","",""
"G7HPUKLE","journalArticle","2019","Wüst, S.; Schmidt, C.; Hannawald, P.; Bittner, M.; Mlynczak, M.G.; Russell, J.M.","Observations of OH airglow from ground, aircraft, and satellite: Investigation of wave-like structures before a minor stratospheric warming","Atmospheric Chemistry and Physics","","16807316 (ISSN)","10.5194/acp-19-6401-2019","https://www.scopus.com/pages/publications/85065846660?origin=resultslist","In January and February 2016, the OH airglow camera system FAIM (Fast Airglow Imager) measured during six flights on board the research aircraft FALCON in northern Scandinavia. Flight 1 (14 January 2016) covering the same ground track in several flight legs and flight 5 (28 January 2016) along the shoreline of Norway are discussed in detail in this study. The images of the OH airglow intensity are analysed with a two-dimensional FFT regarding horizontal periodic structures between 3 and 26 km horizontal wavelength and their direction of propagation. Two ground-based spectrometers (GRIPS, Ground-based Infrared P-branch Spectrometer) provided OH airglow temperatures. One was placed at ALOMAR, Northern Norway (Arctic Lidar Observatory for Middle Atmosphere Research; 69.28° N, 16.01° E) and the other one at Kiruna, northern Sweden (67.86° N, 20.24° E). Especially during the last third of January 2016, the weather conditions at Kiruna were good enough for the computation of nightly means of gravity wave potential energy density. Coincident TIMEDSABER (Thermosphere Ionosphere Mesosphere Energetics Dynamics-Sounding of the Atmosphere using Broadband Emission Radiometry) measurements complete the data set. They allow for the derivation of information about the Brunt-Väisälä frequency and about the height of the OH airglow layer as well as its thickness. The data are analysed with respect to the temporal and spatial evolution of mesopause gravity wave activity just before a minor stratospheric warming at the end of January 2016. Wave events with periods longer (shorter) than 60 min might mainly be generated in the troposphere (at or above the height of the stratospheric jet). Special emphasis is placed on small-scale signatures, i.e. on ripples, which may be signatures of local instability and which may be related to a step in a wave-breaking process. The most mountainous regions are characterized by the highest occurrence rate of wave-like structures in both flights. © Author(s) 2019.","2019","2026-05-02 11:02:30","2026-05-02 11:02:30","","6401-6418","","9","19","","Atmos. Chem. Phys.","","","","","","Copernicus GmbH","","English","","","Scopus","","","","","<p>Export Date: 02 May 2026; Cited By: 12; Correspondence Address: S. Wüst; Deutsches Fernerkundungsdatenzentrum, Deutsches Zentrum für Luft-und Raumfahrt, Oberpfaffenhofen, 82234, Germany; email: sabine.wuest@dlr.de</p>","","","satellite imagery; airborne survey; airglow; atmospheric chemistry; atmospheric structure; atmospheric wave; ground-based measurement; hydroxide; Scandinavia; stratosphere","","","","","","","","","","","","","","","","","","","","","","","","","","","","","","","","","","","","","","","","","","","","","","",""
"VENHLJDQ","journalArticle","2015","Ren, Y.; Baumann, R.; Schlager, H.","An airborne perfluorocarbon tracer system and its first application for a Lagrangian experiment","Atmospheric Measurement Techniques","","18671381 (ISSN)","10.5194/amt-8-69-2015","https://www.scopus.com/pages/publications/84920666831?origin=resultslist","A perfluorocarbon tracer system (PERTRAS), specifically designed for Lagrangian aircraft experiments, has been developed by the Deutsches Zentrum für Luft- und Raumfahrt (German Aerospace Center, DLR). It consists of three main parts: a tracer release unit (RU), an adsorption tube sampler (ATS), and a tracer analytical system. The RU was designed for airborne tracer release experiments; meanwhile, it can be used on various platforms for different experimental purposes (here research vessel). PERTRAS was for the first time applied in the field campaign Stratospheric ozone: Halogen Impacts in a Varying Atmosphere (SHIVA) in November 2011. An amount of 8.8 kg perfluoromethylcyclopentane (PMCP) was released aboard the research vessel Sonne (RV Sonne) near the operational site of this campaign, Miri, Malaysia, on 21 November. The tracer samples collected using the ATS onboard the DLR research aircraft Falcon were analyzed in the laboratory using a thermal desorber-gas chromatography-mass spectrometry (TD-GC-MS) system. Guided by forecasts calculated with the Lagrangian model Hybrid Single Particle Lagrangian Integrated Trajectory (HYSPLIT), 64 tracer samples were collected onboard the Falcon approximately 5 and 25 h after the release, mostly with a time resolution of 1 min. Enhanced PMCP concentrations relative to ambient PMCP background values (mean: 6.62 fmol mol-1) were detected during three intersects of the fresh tracer plume (age 5 h), with a maximum value of 301.33 fmol mol-1. This indicates that the fresh tracer plume was successfully intercepted at the forecast position. During the second flight, 25 h after the release, the center of tracer plume was not detected by the sampling system due to a faster advection of the plume than forecast. The newly developed PERTRAS system has been successfully deployed for the first time. The instrumental setup and comparisons between the measurements and HYSPLIT simulations are presented in this study. © Author(s) 2015.","2015","2026-05-02 11:02:30","2026-05-02 11:02:30","","69-80","","1","8","","Atmos. Meas. Tech.","","","","","","Copernicus GmbH","","English","","","Scopus","","","","","<p>Export Date: 02 May 2026; Cited By: 5</p>","","","Falconidae; numerical model; Malaysia; stratosphere; adsorption; concentration (composition); East Malaysia; experimental study; forecasting method; Germany; halogen; Lagrangian analysis; Miri; organic compound; ozone; Sarawak","","","","","","","","","","","","","","","","","","","","","","","","","","","","","","","","","","","","","","","","","","","","","","",""
"T7GWMAXI","journalArticle","2025","Yin, G.; Chen, X.; Zhao, M.; Xu, J.; Xu, Q.","Complex metal interaction networks and the mediating role of biological aging in dyslipidemia","Environmental Pollution","","02697491 (ISSN)","10.1016/j.envpol.2025.126047","https://www.scopus.com/pages/publications/86000749268?origin=resultslist","Metal mixture exposure is a major risk factor for dyslipidemia. Numerous studies have shown an association between metal mixture exposure, biological aging, and dyslipidemia. However, the interactions between metals, their directions, and the potential mechanisms through which they influence dyslipidemia remain unclear. This study utilized data from a repeated-measures cohort collected between 2016 and 2021, including 403 participants (1612 observations). Levels of metals, including chromium (Cr), cadmium (Cd), lead (Pb), and manganese (Mn), were measured in urine, along with four dyslipidemia biomarkers and their extended indicators. Generalized Estimating Equations (GEE) and Bayesian Kernel Machine Regression (BKMR) were used to analyze the effects of single and combined metal exposures on dyslipidemia. BKMR and the Synergy Index were employed to explore binary metal interactions and their directions. Marginal effects analysis assessed the impact of multiple metal interactions on dyslipidemia, and mediation analysis was conducted to explore the role of KDM.Accel in mediating the relationship between metal exposure and dyslipidemia. The findings indicated that both individual and combined exposures to Cr, Cd, Pb, and Mn significantly affected dyslipidemia. Multiple binary metal interactions exhibited synergistic effects on lipid outcomes. Pb∗Cd∗Cr and Pb∗Cd∗Mn showed an antagonistic effect on non-high-density lipoprotein cholesterol (NHC), while Cd∗Cr∗Mn∗Pb demonstrated synergistic effects on NHC. Additionally, KDM.Accel was identified as a key mediator in the relationship between Pb exposure and dyslipidemia, influencing the associations between Pb and HDL-C, LDL-C, and AC abnormalities. Mixed heavy metal exposure and their interactions are associated with dyslipidemia outcomes, with KDM.Accel playing a mediating role in the relationship between metals and dyslipidemia. This study highlights the potential interactions between metals and the mechanisms by which KDM.Accel may influence dyslipidemia, offering new insights into the connection between metal mixtures and dyslipidemia. © 2025 Elsevier Ltd","2025","2026-05-02 11:02:30","2026-05-02 11:02:30","","","","","372","","Environ. Pollut.","","","","","","Elsevier Ltd","","English","","","Scopus","","","","","<p>Export Date: 02 May 2026; Cited By: 2; Correspondence Address: Q. Xu; Center for Rare Diseases, State Key Laboratory of Complex, Severe, and Rare Diseases, Peking Union Medical College Hospital, Chinese Academy of Medical Sciences, Beijing, 100730, China; email: xuqun@ibms.cams.cn; CODEN: ENPOE</p>","","","Article; human; Humans; metabolism; adult; female; Female; male; Male; accuracy; chromium; manganese; risk factor; Adult; aged; Aged; middle aged; Middle Aged; Dyslipidemia; Dyslipidemias; germanium; Manganese; environmental exposure; Environmental Pollutants; heavy metal; Heavy metals; metal; questionnaire; sensitivity analysis; risk assessment; cholesterol blood level; high density lipoprotein cholesterol; low density lipoprotein cholesterol; triacylglycerol; aging; Aging; atherosclerosis; Bayesian; Bayesian analysis; bayesian kernel machine regression; Biological age; Biological aging; biological marker; biomarker; Biomarkers; body mass; cadmium; Cadmium; complex metal interaction network; coronary risk; correlation analysis; diastolic blood pressure; dyslipidemia; Environmental Exposure; estimated glomerular filtration rate; false discovery rate; generalized estimating equation; heavy metal pollution; Interaction; lead; leukocyte count; limit of detection; Mediating roles; Mediation; mediation analysis; Metal exposures; Metal interactions; Metal mixtures; Metals; Metals, Heavy; molecular interaction; monocyte lymphocyte ratio; pollutant; pollution; regression analysis; reliability; statistical concepts; synergistic effect; systolic blood pressure; urea nitrogen blood level; yttrium","","","","","","","","","","","","","","","","","","","","","","","","","","","","","","","","","","","","","","","","","","","","","","",""
"TD8DQBHV","journalArticle","2022","Sun, S.; Zhou, Y.; Ji, Y.; Zhang, R.; Tao, Y.","Generic, efficient and isochronous Gaussian sampling over the integers","Cybersecurity","","20964862 (ISSN)","10.1186/s42400-022-00113-0","https://www.scopus.com/pages/publications/85129226985?origin=resultslist","Gaussian sampling over the integers is one of the fundamental building blocks of lattice-based cryptography. Among the extensively used trapdoor sampling algorithms, it is ineluctable until now. Under the influence of numerous side-channel attacks, it is still challenging to construct a Gaussian sampler that is generic, efficient, and resistant to timing attacks. In this paper, our contribution is three-fold. First, we propose a secure, efficient exponential Bernoulli sampling algorithm. It can be applied to Gaussian samplers based on rejection samplings. We apply it to FALCON, a candidate of round 3 of the NIST post-quantum cryptography standardization project, and reduce its signature generation time by 13–14%. Second, we develop an isochronous Gaussian sampler based on rejection sampling. Our Algorithm can securely sample from Gaussian distributions with different standard deviations and arbitrary centers. We apply it to PALISADE (S&P 2018), an open-source lattice-based cryptography library. During the online phase of trapdoor sampling, the running time of the G-lattice sampling algorithm is reduced by 44.12% while resisting timing attacks. Third, we improve the efficiency of the COSAC sampler (PQC 2020). The new COSAC sampler is 1.46x–1.63x faster than the original and has the lowest expected number of trials among all Gaussian samplers based on rejection samplings. But it needs a more efficient algorithm sampling from the normal distribution to improve its performance. © 2022, The Author(s).","2022","2026-05-02 11:02:30","2026-05-02 11:02:30","","","","1","5","","Cybersecur.","","","","","","Springer Science and Business Media B.V.","","English","","","Scopus","","","","","<p>Export Date: 02 May 2026; Cited By: 3; Correspondence Address: Y. Zhou; Institute of Information Engineering, Chinese Academy of Sciences, Beijing, China; email: zhouyongbin@iie.ac.cn</p>","","","Quantum cryptography; Side channel attack; Side-channel attacks; Lattice-based cryptography; Gaussians; Gaussian sampler; Rejection samplings; Sampling algorithm; Gaussian distribution; Timing circuits; Learning algorithms; Normal distribution; Exponentials; Fundamental building blocks; Rejection sampling; Three folds; Timing attacks; Trapdoor","","","","","","","","","","","","","","","","","","","","","","","","","","","","","","","","","","","","","","","","","","","","","","",""
"XKV8FFWB","conferencePaper","2024","Meng, X.; Chen, W.; Benbaki, R.; Mazumder, R.","FALCON: FLOP-Aware Combinatorial Optimization for Neural Network Pruning","Proc. Mach. Learn. Res.","26403498 (ISSN)","","","https://www.scopus.com/pages/publications/85194170719?origin=resultslist","The increasing computational demands of modern neural networks present deployment challenges on resource-constrained devices. Network pruning offers a solution to reduce model size and computational cost while maintaining performance. However, most current pruning methods focus primarily on improving sparsity by reducing the number of nonzero parameters, often neglecting other deployment costs such as inference time, which are closely related to the number of floating-point operations (FLOPs). In this paper, we propose FALCON, a novel combinatorial-optimization-based framework for network pruning that jointly takes into account model accuracy (fidelity), FLOPs, and sparsity constraints. A main building block of our approach is an integer linear program (ILP) that simultaneously handles FLOP and sparsity constraints. We present a novel algorithm to approximately solve the ILP. We propose a novel first-order method for our optimization framework which makes use of our ILP solver. Using problem structure (e.g., the low-rank structure of approx. Hessian), we can address instances with millions of parameters. Our experiments demonstrate that FALCON achieves superior accuracy compared to other pruning approaches within a fixed FLOP budget. For instance, for ResNet50 with 20% of the total FLOPs retained, our approach improves the accuracy by 48% relative to state-of-the-art. Furthermore, in gradual pruning settings with re-training between pruning steps, our framework outperforms existing pruning methods, emphasizing the significance of incorporating both FLOP and sparsity constraints for effective network pruning. Copyright 2024 by the author(s).","2024","2026-05-02 11:02:30","2026-05-02 11:02:30","","4384-4392","","","238","","","","","","","","ML Research Press","","English","","","Scopus","","","","Journal Abbreviation: Proc. Mach. Learn. Res.","<p>Export Date: 02 May 2026; Cited By: 4</p>","","","Artificial intelligence; Digital arithmetic; Neural-networks; Floating point operations; Budget control; Cost reduction; Integer programming; Resourceconstrained devices; Combinatorial optimization; Computational demands; Integer linear programs; Model size; Network pruning; Operation constraint; Pruning methods; Sparsity constraints","","Dasgupta S.; Mandt S.; Li Y.","","","","","","","","","","","","","","","","","","","","","","","","","","","","","","Proceedings of Machine Learning Research","","","","","","","","","","","","","","",""
"NJKZ7KZ9","conferencePaper","2024","Hwang, V.","Formal Verification of Emulated Floating-Point Arithmetic in Falcon","Lect. Notes Comput. Sci.","03029743 (ISSN); 978-981977736-5 (ISBN)","","10.1007/978-981-97-7737-2_7","https://www.scopus.com/pages/publications/85205097345?origin=resultslist","We show that there is a discrepancy between the emulated floating-point multiplication in the submission package of the digital signature Falcon and the claimed behavior. In particular, we show that some floating-point products with absolute values the smallest normal positive floating-point number are incorrectly zeroized. However, we show that the discrepancy doesn’t affect the complex fast Fourier transform in the signature generation of Falcon by modeling the floating-point addition, subtraction, and multiplication in CryptoLine. We later implement our own floating-point multiplications in Armv7-M assembly and Jasmin and prove their equivalence with our model, demonstrating the possibility of transferring the challenging verification task (verifying highly-optimized assembly) to the presumably more readable code base (Jasmin). © The Author(s), under exclusive license to Springer Nature Singapore Pte Ltd. 2024.","2024","2026-05-02 11:02:30","2026-05-02 11:02:30","","125-141","","","14977 LNCS","","","","","","","","Springer Science and Business Media Deutschland GmbH","","English","","","Scopus","","","","Journal Abbreviation: Lect. Notes Comput. Sci.","<p>Export Date: 02 May 2026; Cited By: 2; Correspondence Address: V. Hwang; Max Planck Institute for Security and Privacy, Bochum, Germany; email: vincentvbh7@gmail.com</p>","","","Authentication; Falcon; Fast fourier; Digital arithmetic; Floating-point arithmetic; Fast Fourier transforms; Floating point numbers; Floating points; Signature generation; Floating point multiplication; Absolute values; Cryptoline; CryptoLine; Floating-point addition; Formal verification","","Minematsu K.; Mimura M.","","","","","","","","","","","","","","","","","","","","","","","","","","","","","","Lecture Notes in Computer Science (including subseries Lecture Notes in Artificial Intelligence and Lecture Notes in Bioinformatics)","","","","","","","","","","","","","","",""
"RZG8HKEU","journalArticle","2023","Parra, H.G.; Ceron, H.D.; Gomez, W.; Gaona, E.E.","Experimental Analysis of Bio-Inspired Vortex Generators on a Blade with S822 Airfoil","Energies","","19961073 (ISSN)","10.3390/en16124538","https://www.scopus.com/pages/publications/85163880110?origin=resultslist","Vortex generators are used in aircraft wings and wind turbine blades. These devices allow them to maintain a stable turbulent behavior in the wind wake. Vortex generators, or VGs, improve the transition from laminar to turbulent boundary layer regime, avoiding abrupt shedding. HAWT wind turbines have high rotational velocity. Currently, HAWT turbines are being redesigned with fixed vortex generators, achieving higher energy production. This paper presents a wind tunnel analysis of a fixed-wire blade with S822 airfoil and active VGs bio-inspired by the flight-stabilizing feathers of the peregrine falcon. Vibrations measured on the blade show a reduction in intensity at wind velocities close to 15 m/s. The measured wake velocities show fluctuations at higher tunnel wind velocities. An FFT spectral analysis of the wind wake velocities showed differences between the spectral components. When activating the VGs in oscillation at a constant frequency, a reduction of the vibrations on the blade was observed for wind velocities around 20 m/s. © 2023 by the authors.","2023","2026-05-02 11:02:30","2026-05-02 11:02:30","","","","12","16","","Energies","","","","","","MDPI","","English","","","Scopus","","","","","<p>Export Date: 02 May 2026; Cited By: 8; Correspondence Address: H.G. Parra; Faculty of Engineering, Universidad Distrital Francisco José de Caldas, Bogotá, 110231, Colombia; email: hgparrap@correo.udistrital.edu.co</p>","","","Wind turbines; Spectrum analysis; Vibration analysis; % reductions; Wings; Experimental analysis; Turbomachine blades; Vortex flow; vortex generators; Vortex generators; Wake velocity; Wakes; Wind tunnels; A-stable; Atmospheric thermodynamics; bio-inspired; Bio-inspired; CFD; Laminar boundary layer; S822; Turbulent behavior; vibration; Vibration; wind tunnel; Wind turbine blades; Wind velocities","","","","","","","","","","","","","","","","","","","","","","","","","","","","","","","","","","","","","","","","","","","","","","",""
"S5PKHVW2","conferencePaper","2003","Bone, D.; San Martín, G.","Ecological aspects of syllids (Annelida: Polychaeta: Syllidae) on Thalassia testudinum beds in Venezuela","Hydrobiologia","00188158 (ISSN)","","10.1023/A:1026117503709","https://www.scopus.com/pages/publications/0242487794?origin=resultslist","The spatial and temporal variations of syllids associated with the tropical Thalassia testudinum were studied at four seagrass beds in the Morrocoy National Park. The epifaunal syllids were collected at quarterly intervals throughout one year using a modified suction sampler. Possible relationships between sampling sites, months and species were evaluated by Principal Components Analysis. The spatial-temporal variability of the predominant species was tested by means of a 2-factor ANOVA with the sampling sites and months as factors. A total of 1138 individual syllids were collected, belonging to 41 species and 12 genera, of which Branchiosyllis, Exogone, Odontosyllis, Sphaemsyllis and Syllis showed the highest diversity. Spatial variations were defined by the species of Branchiosyllis (B. exilis, B. lorenae, B. oculata) whereas temporal variability was defined by certain species of Syllis (S. beneliahui, S. broomensis and S. prolifera), the latter also being the most species rich genus present. Of the 41 species found, only these six showed consistent presence-absence and abundance patterns. Species richness and abundance were significantly higher in March at all sampling sites. Collectively, the syllid fauna of the Morrocoy seagrass beds was richer than recorded from other similar habitats. These findings are discussed in relation to the physical and biotic factors that may affect the variability of syllid populations in these seagrass habitats.","2003","2026-05-02 11:02:30","2026-05-02 11:02:30","","289-298","","","496","","","","","","","","","","English","","","Scopus","","","","Journal Abbreviation: Hydrobiologia","<p>Export Date: 02 May 2026; Cited By: 16; Correspondence Address: D. Bone; Depto. de Biol. de Organismos, Inst. de Tecn. y Ciencias Marinas, Univ. Simón Bolívar, Caracas, 1080 A. P. 89000, Venezuela; email: dbone@usb.ve; CODEN: HYDRB</p>","","","Falcon; Venezuela; Principal component analysis; Ecology; Population statistics; abundance; Annelida; Branchiosyllis; Branchiosyllis exilis; Branchiosyllis oculata; Caribbean; Exogone; Halophila; Invertebrata; Marine biology; Morrocoy National Park; Ocean habitats; Odontosyllis; Polychaeta; Polychaetes; seagrass; Seagrasses; South America; Spatial and temporal variations; spatial variation; Species; species richness; Syllidae; Syllis; temporal variation; Thalassia; Thalassia testudinum; Typosyllis variegata","","","","","","","","","","","","","","","","","","","","","","","","","","","","","","","","Hydrobiologia","","","","","","","","","","","","","","",""
"2S5LGG8I","journalArticle","2024","Li, Z.-C.; Zheng, H.-M.","A New Blind Signature Scheme Based on Falcon","Journal of Cryptologic Research","","20957025 (ISSN)","10.13868/j.cnki.jcr.000716","https://www.scopus.com/pages/publications/85204476176?origin=resultslist","Lattice based cryptosystem is a mainstream research direction in post quantum cryptography. Therefore, it is of great significance to construct blind signature schemes on lattices. Based on the theory of blind signature and NTRU lattice, and combining the winning algorithm Falcon of the NIST post quantum cryptography standardization project, this paper designs a compact blind signature scheme. During the process of message blinding, the user performs a bitwise XOR operation on a random binary string with a size of 320 bits generated by the signer and a locally uniformly generated random string of equal length to obtain a 320-bit random binary string in a real signature combination, thereby achieving the blindness of this part of the signature. Splicing the original message with the uniformly generated random string described above can get a message with multiple legitimate signatures. Under the “Hash-then-Sign” paradigm, the signer uses the fast Fourier trapdoor sampler to find a closest lattice point to a point on its coset on an NTRU lattice. After that, the blind signature that meets the requirements can be calculated. The user can obtain a legal signature of the message by performing an unblind operation on the blind signature. Based on the hardness assumption of the SIS problem on NTRU lattice, it is proved that the proposed scheme satisfies strong unforgeability in a random oracle model. The efficiency analysis shows that, both the size of the public key and that of signature combination generated by this scheme are small, which can effectively save bandwidth resources. © 2024 Chinese Association for Cryptologic Research. All rights reserved.","2024","2026-05-02 11:02:30","2026-05-02 11:02:30","","911-923","","4","11","","J. Cryptol Res","基于 Falcon 的盲签名方案","","","","","Chinese Association for Cryptologic Research","","Chinese","","","Scopus","","","","","<p>Export Date: 02 May 2026; Cited By: 0; Correspondence Address: Z.-C. Li; Digital Rights Management Research Center, Beijing Institute of Graphic Communication, Beijing, 102600, China; email: lizc2020@163.com</p>","","","Falcon; blind signature; strong unforgeability","","","","","","","","","","","","","","","","","","","","","","","","","","","","","","","","","","","","","","","","","","","","","","",""
"2QVXT4LV","journalArticle","2014","Sala, S.; Bönisch, H.; Keber, T.; Oram, D.E.; Mills, G.; Engel, A.","Deriving an atmospheric budget of total organic bromine using airborne in situ measurements from the western Pacific area during SHIVA","Atmospheric Chemistry and Physics","","16807316 (ISSN)","10.5194/acp-14-6903-2014","https://www.scopus.com/pages/publications/84903828601?origin=resultslist","During the recent SHIVA (Stratospheric Ozone: Halogen Impacts in a Varying Atmosphere) project an extensive data set of all halogen species relevant for the atmospheric budget of total organic bromine was collected in the western Pacific region using the Falcon aircraft operated by the German Aerospace agency DLR (Deutsches Zentrum für Luft- und Raumfahrt) covering a vertical range from the planetary boundary layer up to the ceiling altitude of the aircraft of 13 km. In total, more than 700 measurements were performed with the newly developed fully automated in situ instrument GHOST-MS (Gas chromatograph for the Observation of Tracers - coupled with aMass Spectrometer) by the Goethe University of Frankfurt (GUF) and with the onboard whole-air sampler WASP with subsequent groundbased state-of-the-art GC/MS analysis by the University of East Anglia (UEA). Both instruments yield good agreement for all major (CHBr 3 and CH2Br2) and minor (CH2BrCl, CHBrCl2 and CHBr2Cl) VSLS (very short-lived substances), at least at the level of their 2σ,measurement uncertainties. In contrast to the suggestion that the western Pacific could be a region of strongly increased atmospheric VSLS abundance (Pyle et al., 2011), we found only in the upper troposphere a slightly enhanced amount of total organic bromine from VSLS relative to the levels reported in Montzka and Reimann et al. (2011) for other tropical regions. From the SHIVA observations in the upper troposphere, a budget for total organic bromine, including four halons (H- 1301, H-1211, H-1202, H-2402), CH3Br and the VSLS, is derived for the level of zero radiative heating (LZRH), the input region for the tropical tropopause layer (TTL) and thus also for the stratosphere. With the exception of the two minor VSLS CHBrCl2 and CHBr 2Cl, excellent agreement with the values reported in Montzka and Reimann et al. (2011) is found, while being slightly higher than previous studies from our group based on balloon-borne measurements. © 2014 Author(s).","2014","2026-05-02 11:02:30","2026-05-02 11:02:30","","6903-6923","","13","14","","Atmos. Chem. Phys.","","","","","","Copernicus GmbH","","English","","","Scopus","","","","","<p>Export Date: 02 May 2026; Cited By: 45; Correspondence Address: S. Sala; Goethe University Frankfurt/Main, Frankfurt/Main, Germany; email: s.sala@iau.uni-frankfurt.de</p>","","","Falconidae; atmospheric chemistry; stratosphere; organic compound; boundary layer; bromine; in situ measurement; tropopause; troposphere","","","","","","","","","","","","","","","","","","","","","","","","","","","","","","","","","","","","","","","","","","","","","","",""
"UC6G3YMM","journalArticle","2026","Sahu, A.; Gautam, R.K.; Singh, M.","CONSTRUCTION OF A LOW-COST PORTABLE eDNA WATER SAMPLER FOR METABARCODING STUDIES","Journal of Experimental Zoology India","","09720030 (ISSN)","10.51470/jez.2026.29.1.111","https://www.scopus.com/pages/publications/105028969477?origin=resultslist","Environmental DNA (eDNA) sampling plays a vital role in aquatic biodiversity monitoring and conservation planning. However, traditional water sampling systems (e.g., manual sampling, bailers, submersible pumps, bladder pumps, motorized pumps) are often financially prohibitive, bulky, and prone to contamination. Compared to traditional biodiversity assessment methods, eDNA offers a non-invasive, highly sensitive, and cost-effective approach that enables the detection of rare, cryptic, or low-abundance species with minimal disturbance to the habitat. In this study, we constructed a portable, low-cost eDNA water sampler from chlorinated polyvinyl chloride (CPVC) polymer components. The total cost of constructing the eDNA sampler is approximately ` 1300 (INR) or 15.05 (USD). This eDNA sampler is easy to carry in the field for sampling due to its lightweight design (<1/ kg) and its ability to be manually reassembled, folded, and packed into the duffel bag. This can efficiently collect surface water from the banks or middle sections of waterbodies due to long handle (87² or 2.2 meters) without requiring wading or boat hire. This sampler allows for the water collection of multiple replicates using sterile 50/ mL Falcon tubes, while minimizing habitat disturbance and reducing contamination risk. We checked its performance against the bottle sampling method in freshwater habitat by capturing isolated DNA concentration (ng/µL). The portable eDNA sampler yielded higher DNA concentration (174.36 ± 59.78 ng/µL), whereas the water bottle sampling method yielded lower concentration (87.48 ± 36.34 ng/µL). The results demonstrated its reliability, ease of use and suitability for eDNA metabarcoding applications. This study highlights the sampler’s potential to democratize eDNA research by offering an accessible and scalable solution for biodiversity monitoring. © 2026, Prof (Dr.) P. R. Yadav. All rights reserved.","2026","2026-05-02 11:02:30","2026-05-02 11:02:30","","111-118","","1","29","","J. Exp. Zool. India","","","","","","Prof (Dr.) P. R. Yadav","","English","","","Scopus","","","","","<p>Export Date: 02 May 2026; Cited By: 0; Correspondence Address: M. Singh; ICAR-National Bureau of Fish Genetic Resources, Lucknow, 226 002, India; email: dr.mahendersingh29@gmail.com</p>","","","sampler; aquatic ecosystem; eDNA; Environmental DNA; low-cost eDNA sampler; metabarcoding; water sampling","","","","","","","","","","","","","","","","","","","","","","","","","","","","","","","","","","","","","","","","","","","","","","",""
"84UFFJ5F","journalArticle","2025","Middleton, S.J.; Markússon, S.; Åkerlund, M.; Deme, J.C.; Tseng, M.; Li, W.; Zuberi, S.R.; Kuteyi, G.; Sarkies, P.; Baskozos, G.; Perez-Sanchez, J.; Farah, A.; Hébert, H.L.; Toikumo, S.; Yu, Z.; Maxwell, S.; Dong, Y.Y.; Kessler, B.M.; Kranzler, H.R.; Linley, J.E.; Smith, B.H.; Lea, S.M.; Parker, J.L.; Lyssenko, V.; Newstead, S.; Bennett, D.L.","SLC45A4 is a pain gene encoding a neuronal polyamine transporter","Nature","","00280836 (ISSN)","10.1038/s41586-025-09326-y","https://www.scopus.com/pages/publications/105013638076?origin=resultslist","Polyamines are regulatory metabolites with key roles in transcription, translation, cell signalling and autophagy1. They are implicated in multiple neurological disorders, including stroke, epilepsy and neurodegeneration, and can regulate neuronal excitability through interactions with ion channels2. Polyamines have been linked to pain, showing altered levels in human persistent pain states and modulation of pain behaviour in animal models3. However, the systems governing polyamine transport within the nervous system remain unclear. Here, undertaking a genome-wide association study (GWAS) of chronic pain intensity in the UK Biobank (UKB), we found a significant association between pain intensity and variants mapping to the SLC45A4 gene locus. In the mouse nervous system, Slc45a4 expression is enriched in all sensory neuron subtypes within the dorsal root ganglion, including nociceptors. Cell-based assays show that SLC45A4 is a selective plasma membrane polyamine transporter, and the cryo-electron microscopy (cryo-EM) structure reveals a regulatory domain and basis for polyamine recognition. Mice lacking SLC45A4 show normal mechanosensitivity but reduced sensitivity to noxious heat- and algogen-induced tonic pain that is associated with reduced excitability of C-polymodal nociceptors. Our findings therefore establish a role for neuronal polyamine transport in pain perception and identify a target for therapeutic intervention in pain treatment. © The Author(s) 2025.","2025","2026-05-02 11:02:30","2026-05-02 11:02:30","","404-412","","8084","646","","Nature","","","","","","Nature Research","","English","","","Scopus","","","","","<p>Export Date: 02 May 2026; Cited By: 5; Correspondence Address: D.L. Bennett; Nuffield Department of Clinical Neurosciences, The University of Oxford, Oxford, United Kingdom; email: David.bennett@ndcn.ox.ac.uk; S. Newstead; Department of Biochemistry, University of Oxford, Oxford, United Kingdom; email: Simon.newstead@bioch.ox.ac.uk; CODEN: NATUA</p>","","","Article; gene; gene expression; genetics; human; human cell; Humans; metabolism; adult; animal; Animals; female; Female; genotype; male; Male; nonhuman; unclassified drug; animal experiment; follow up; prospective study; cryoelectron microscopy; Cryoelectron Microscopy; image analysis; animal tissue; cytology; Mice; mouse; phenotype; animal model; cell component; gene mutation; histology; immunofluorescence; immunohistochemistry; RNA sequencing; signal transduction; questionnaire; chemistry; genome-wide association study; affinity chromatography; autophagy (cellular); C57BL 6 mouse; carrier protein; cell membrane; Cell Membrane; cerebrovascular accident; chronic pain; Chronic Pain; cohort analysis; CRISPR-CAS9 system; differential scanning fluorimetry; electroporation; epilepsy; fluorometry; Ganglia, Spinal; genetic transcription; Genome-Wide Association Study; HEK293-F cell line; in situ hybridization; laminectomy; mapping method; mass fragmentography; mass spectrometry; Membrane Transport Proteins; metabolite; metabolome; nerve cell; nerve degeneration; nervous system; neurologic disease; neuronal polyamine transporter; Neurons; Nociceptors; pain; Pain; pain receptor; perception; polyamine; Polyamines; protein; real time polymerase chain reaction; RNA translation; Saccharomyces cerevisiae; sensory nerve cell; Sensory Receptor Cells; single nucleotide polymorphism; size exclusion chromatography; slc45a4 gene; spinal ganglion; thermostability; ultrastructure","","","","","","","","","","","","","","","","","","","","","","","","","","","","","","","","","","","","","","","","","","","","","","",""
"V9C79K5J","journalArticle","2022","Fouque, P.-A.; Kirchner, P.; Pornin, T.; Yu, Y.","BAT: Small and Fast KEM over NTRU Lattices","IACR Transactions on Cryptographic Hardware and Embedded Systems","","25692925 (ISSN)","10.46586/tches.v2022.i2.240-265","https://www.scopus.com/pages/publications/85127560008?origin=resultslist","We present BAT – an IND-CCA secure key encapsulation mechanism (KEM) that is based on NTRU but follows an encryption/decryption paradigm distinct from classical NTRU KEMs. It demonstrates a new approach of decrypting NTRU ciphertext since its introduction 25 years ago. Instead of introducing an artificial masking parameter p to decrypt the ciphertext, we use 2 linear equations in 2 unknowns to recover the message and the error. The encryption process is therefore close to the GGH scheme. However, since the secret key is now a short basis (not a vector), we need to modify the decryption algorithm and we present a new NTRU decoder. Thanks to the improved decoder, our scheme works with a smaller modulus and yields shorter ciphertexts, smaller than RSA-4096 for 128-bit classical security with comparable public-key size and much faster than RSA or even ECC. Meanwhile, the encryption and decryption are still simple and fast in spite of the complicated key generation. Overall, our KEM has more compact parameters than all current lattice-based schemes and a practical efficiency. Moreover, due to the similar key pair structure, BAT can be of special interest in some applications using Falcon signature that is also the most compact signature in the round 3 of the NIST post-quantum cryptography standardization. However, different from Falcon, our KEM does not rely on floating-point arithmetic and can be fully implemented over the integers. © 2022, Ruhr-University of Bochum. All rights reserved.","2022","2026-05-02 11:02:30","2026-05-02 11:02:30","","240-265","","2","2022","","IACR Trans. Cryptogr. Hardw. Embed. Syst.","","","","","","Ruhr-University of Bochum","","English","","","Scopus","","","","","<p>Export Date: 02 May 2026; Cited By: 18; Correspondence Address: Y. Yu; BNRist, Tsinghua University, Beijing, China; email: yang.yu0986@gmail.com</p>","","","Falcon; Network security; Quantum cryptography; Lattice-based cryptography; Digital arithmetic; Key encapsulation mechanisms; Public key cryptography; Short base; NTRU; Secret key; Decoding; New approaches; Ciphertexts; Encryption/decryption; IND-CCA; KEM","","","","","","","","","","","","","","","","","","","","","","","","","","","","","","","","","","","","","","","","","","","","","","",""
"VFS684VW","conferencePaper","2025","Shi, J.; Li, N.; Li, F.; Liu, M.; Zhang, X.","Constant-Time Discrete Gaussian Sampling for Edge Computing Based on DPWGAN","Lect. Notes Electr. Eng.","18761100 (ISSN); 978-981965317-1 (ISBN)","","10.1007/978-981-96-5318-8_16","https://www.scopus.com/pages/publications/105005655867?origin=resultslist","Edge computing reduces latency and optimizes resource allocation by moving data processing to the network’s edge, ideal for tasks like post-quantum encryption. Lattice cryptography, particularly discrete Gaussian distribution, is crucial in this field. The mainstream approach for discrete Gaussian sampling involves generation trees, which require storing table information, leading to unnecessary memory usage. Balancing computational and memory loads while ensuring time consistency is crucial for post-quantum blockchain applications. Additionally, ensuring consistent sampling times for binary trees of different depths is also challenging. Accordingly, we propose a generative model that builds upon Generative Adversarial Networks (GAN) by incorporating rigorous privacy guarantees and parameter obfuscation, fully utilizing the advantages of having a fixed structure for generative models and allowing them to retain constant time. Through extensive experiments, including comparison with Falcon, which is a NIST Round-3 finalist for the post-quantum digital signature standard. Simulation results indicate that the proposed method can achieve enhanced security in the signature process while keeping computational overhead within manageable limits. © The Author(s), under exclusive license to Springer Nature Singapore Pte Ltd. 2025.","2025","2026-05-02 11:02:31","2026-05-02 11:02:31","","173-181","","","1414 LNEE","","","","","","","","Springer Science and Business Media Deutschland GmbH","","English","","","Scopus","","","","Journal Abbreviation: Lect. Notes Electr. Eng.","<p>Export Date: 02 May 2026; Cited By: 0; Correspondence Address: J. Shi; The 15th Research Institute of China Electronics Technology Group Corporation, Beijing, China; email: 1767623751@qq.com</p>","","","Network security; Quantum cryptography; Post quantum; Lattice-based cryptography; Discrete Gaussians; Discrete gaussian sampling; Discrete Gaussian sampling; Block-chain; Constant time; Resource allocation; Edge computing; Blockchain signature; Blockchain Signature; Data curation; Data obfuscation; Generative adversarial networks; Generative model; Generative models; Time discrete","","Liu W.; Wang Q.; Feng J.; Zhang W.","","","","","","","","","","","","","","","","","","","","","","","","","","","","","","Lecture Notes in Electrical Engineering","","","","","","","","","","","","","","",""
"RIWNPQJI","journalArticle","2009","Madhujith, T.; Shahidi, F.","Antioxidant potential of barley as affected by alkaline hydrolysis and release of insoluble-bound phenolics","Food Chemistry","","03088146 (ISSN)","10.1016/j.foodchem.2009.04.055","https://www.scopus.com/pages/publications/67649370751?origin=resultslist","Phenolic constituents of six barley varieties, namely Falcon, AC Metcalfe, Tyto, Tercel, Phoenix and Peregrine were separated into free, soluble conjugate and insoluble-bound fractions. Soluble conjugates and insoluble-bound phenolics were extracted into diethyl ether after consecutive alkaline hydrolysis for 4 h. Total phenolic content of each of the three fractions was determined by using Folin-Ciocalteau method. Total antioxidant capacity of the phenolic fractions was determined by trolox equivalent antioxidant capacity (TEAC) assay. The extracts were evaluated for their efficacy in scavenging of 1,1-diphenyl-2-picrylhydrazyl (DPPH) radical. Oxygen radical scavenging capacity (ORACFL) of the extracts was determined using a fluorometric assay. Effectiveness of phenolic extracts in inhibiting oxidation of human LDL cholesterol and radical-induced supercoiled DNA breakage was also evaluated. The contribution of insoluble-bound phenolics toward total phenolic content was significantly (p < 0.05) higher than the soluble phenolics for all barley extracts tested. The ratio of soluble to insoluble phenolics ranged from 1:27 to 1:35. TEAC and ORAC values and DPPH radical scavenging capacity of the insoluble phenolic fraction were significantly (p < 0.05) higher than those of their insoluble counterparts. A similar trend was observed against inhibition of LDL cholesterol oxidation and radical-induced DNA breakage. © 2009 Elsevier Ltd.","2009","2026-05-02 11:02:31","2026-05-02 11:02:31","","615-620","","4","117","","Food Chem.","","","","","","","","English","","","Scopus","","","","","<p>Export Date: 02 May 2026; Cited By: 163; Correspondence Address: F. Shahidi; Department of Biochemistry, Memorial University of Newfoundland, St. John's, Nfld. A1B 3X9, Canada; email: fshahidi@mun.ca; CODEN: FOCHD</p>","","","Falconidae; controlled study; article; unclassified drug; low density lipoprotein cholesterol; 1,1 diphenyl 2 picrylhydrazyl; absorptiometry; alkaline hydrolysis; Alkaline hydrolysis; antioxidant activity; Antioxidants; Barley; barley extract; chemical composition; DNA strand breakage; ether; Hordeum; hydrolysis; hydroxyl radical; ORAC; oxygen radical; peroxy radical; phenol derivative; plant extract; plasmid DNA; scavenger; TEAC; Tyto","","","","","","","","","","","","","","","","","","","","","","","","","","","","","","","","","","","","","","","","","","","","","","",""
"FCPHZWGS","journalArticle","2026","Kuninets, A.; Malygina, E.; Nesterenko, A.; Kurochkin, A.","On a lattice-based post-quantum ring signature scheme","Journal of Computer Virology and Hacking Techniques","","22638733 (ISSN)","10.1007/s11416-025-00593-x","https://www.scopus.com/pages/publications/105027917279?origin=resultslist","This work describes a post-quantum lattice-based linkable ring signature scheme over NTRU lattices, constructed within the Raptor framework. Our design incorporates the Ducas–Prest Gaussian sampler, the signature generation and verification algorithms from the Falcon scheme, and the key generation algorithm from the Mitaka scheme. This hybrid approach combines Falcon’s compact signatures and fast verification with Mitaka’s efficient key generation and enhanced resistance to side-channel attacks. We obtain our scheme by adapting Falcon’s signing and verification procedures to operate with the Ducas–Prest sampler and Mitaka-style trapdoor generation. This yields a construction that maintains competitive performance for small ring sizes while avoiding floating-point arithmetic, making it more suitable for constrained or embedded platforms. The resulting scheme leverages the advantages of the original Raptor framework and the Mitaka scheme, offering a favorable balance between signature size, verification speed, and computational complexity, while enabling instantiation over a wide range of cyclotomic parameters. An additional feature of the proposed ring signature is the ability to choose an arbitrary number of ring members. Moreover, for the small ring sizes required in most blockchain applications, we achieve public key and signature sizes comparable to other lattice-based ring signatures that do not allow such flexibility in the number of ring members. Finally, we discuss signature applicability in privacy-focused blockchain protocols such as Monero, where linkable ring signatures enable unlinkability and accountability, and in confidential asset systems, where multi-asset transaction integrity and anonymity must be preserved. © The Author(s), under exclusive licence to Springer-Verlag France SAS, part of Springer Nature 2026.","2026","2026-05-02 11:02:31","2026-05-02 11:02:31","","","","1","22","","J. Comput. Virol. Hacking Tech.","","","","","","Springer-Verlag Italia s.r.l.","","English","","","Scopus","","","","","<p>Export Date: 02 May 2026; Cited By: 0; Correspondence Address: A. Kuninets; MIEM, National Research University Higher School of Economics, Moscow, Russian Federation; email: artkuninets@yandex.ru; E. Malygina; MIEM, National Research University Higher School of Economics, Moscow, Russian Federation; email: EMalygina@hse.ru; A. Kurochkin; Blockchain Laborotory, Sberbank of Russia, Moscow, Russian Federation; email: AVyKurochkin@sberbank.ru</p>","","","Authentication; Network security; Post quantum cryptography; Quantum cryptography; Lattice-based; Electronic document identification systems; Post quantum; Post-quantum cryptography; Side channel attack; Lattice-based cryptography; Digital arithmetic; Public key cryptography; Embedded systems; Crystal lattices; Block-chain; Blockchain; Key generation; Blockchain technology; Generation algorithm; Linkable ring signatures; Ring signature schemes","","","","","","","","","","","","","","","","","","","","","","","","","","","","","","","","","","","","","","","","","","","","","","",""
"WNTQPPEI","conferencePaper","2023","Espitau, T.; Nguyen, T.T.Q.; Sun, C.; Tibouchi, M.; Wallet, A.","Antrag: Annular NTRU Trapdoor Generation: Making Mitaka as Secure as Falcon","Lect. Notes Comput. Sci.","03029743 (ISSN); 978-981998738-2 (ISBN)","","10.1007/978-981-99-8739-9_1","https://www.scopus.com/pages/publications/85180637062?origin=resultslist","In this paper, we introduce a novel trapdoor generation technique for Prest’s hybrid sampler over NTRU lattices. Prest’s sampler is used in particular in the recently proposed Mitaka signature scheme (Eurocrypt 2022), a variant of the Falcon signature scheme, one of the candidates selected by NIST for standardization. Mitaka was introduced to address Falcon’s main drawback, namely the fact that the lattice Gaussian sampler used in its signature generation is highly complex, difficult to implement correctly, to parallelize or protect against side-channels, and to instantiate over rings of dimension not a power of two to reach intermediate security levels. Prest’s sampler is considerably simpler and solves these various issues, but when applying the same trapdoor generation approach as Falcon, the resulting signatures have far lower security in equal dimension. The Mitaka paper showed how certain randomness-recycling techniques could be used to mitigate this security loss, but the resulting scheme is still substantially less secure than Falcon (by around 20 to 50 bits of CoreSVP security depending on the parameters), and has much slower key generation. Our new trapdoor generation techniques solves all of those issues satisfactorily: it gives rise to a much simpler and faster key generation algorithm than Mitaka’s (achieving similar speeds to Falcon), and is able to comfortably generate trapdoors reaching the same NIST security levels as Falcon as well. It can also be easily adapted to rings of intermediate dimensions, in order to support the same versatility as Mitaka in terms of parameter selection. All in all, this new technique combines all the advantages of both Falcon and Mitaka (and more) with none of the drawbacks. © 2023, International Association for Cryptologic Research.","2023","2026-05-02 11:02:31","2026-05-02 11:02:31","","3-36","","","14444 LNCS","","","","","","","","Springer Science and Business Media Deutschland GmbH","","English","","","Scopus","","","","Journal Abbreviation: Lect. Notes Comput. Sci.","<p>Export Date: 02 May 2026; Cited By: 7; Correspondence Address: C. Sun; Osaka University, Suita, Japan; email: c-sun@ist.osaka-u.ac.jp</p>","","","Authentication; Network security; Post quantum cryptography; Quantum cryptography; Lattice-based; Signature Scheme; Post-quantum cryptography; Side channel attack; Simple++; Gaussians; Discrete gaussian sampling; Discrete Gaussian sampling; NTRU trapdoor; NTRU trapdoors; Security level; Generation techniques; Hash-and-sign lattice-based signature; Hash-and-sign lattice-based signatures","","Guo J.; Steinfeld R.","","","","","","","","","","","","","","","","","","","","","","","","","","","","","","Lecture Notes in Computer Science","","","","","","","","","","","","","","",""
"563VYTUE","journalArticle","2007","Madhujith, T.; Shahidi, F.","Antioxidative and antiproliferative properties of selected barley (Hordeum vulgarae L.) cultivars and their potential for inhibition of Low-Density Lipoprotein (LDL) cholesterol oxidation","Journal of Agricultural and Food Chemistry","","00218561 (ISSN)","10.1021/jf070072a","https://www.scopus.com/pages/publications/34447303337?origin=resultslist","Aqueous methanolic extracts of whole kernels from six different barley cultivars, namely, Falcon, AC Metcalfe, Tyto, Tercel, Phoenix, and Peregrine, were examined for their total phenolic content (TPC), oxygen radical scavenging capacity (ORACFL), hydroxyl radical scavenging capacity (HORAC FL), potency in prevention of lipid oxidation using the Rancimat method, efficacy in inhibition of Cu(II)-induced human LDL cholesterol oxidation, and antiproliferative activities using Caco-2 colorectal adenocarcinoma cell line. Total phenolic content as measured by Folin-Ciocalteu's method ranged from 0.68 to 1.19 mg of ferulic acid equiv/g of defatted material, whereas ORACFL and HORACFL values were 11.28-19.10 and 9.06-12.99 μmol of Trolox equiv/g of defatted material, respectively. Protection factor (PF), a measure of the effect of extracts on the prevention of oxidation of stripped corn oil as measured by Rancimat, ranged from 0.97 to 1.59. Furthermore, barley extracts showed 19.64-33.93% inhibition against Cu(II)-induced human LDL cholesterol oxidation at a final concentration of 0.02 mg/mL. The proliferation of Caco-2 colon cancer cells was significantly (p < 0.05) inhibited in a dose-dependent fashion in the presence of all barley extracts tested at the end of the day 4 of incubation. At the end of day 4, barley extracts rendered 29.3-51.2 and 9.3-15.9% inhibition of cell proliferation at 0.5 and 0.05 mg/mL, respectively. Phenolic extracts from whole barley kernel tested possessed high antioxidant, antiradical, and antiproliferative potentials. Therefore, inclusion of whole barley into the daily diet may render beneficial health benefits. © 2007 American Chemical Society.","2007","2026-05-02 11:02:31","2026-05-02 11:02:31","","5018-5024","","13","55","","J. Agric. Food Chem.","","","","","","","","English","","","Scopus","","","","","<p>Export Date: 02 May 2026; Cited By: 150; Correspondence Address: F. Shahidi; Department of Biochemistry, Memorial University of Newfoundland, St. John's, Nfld. A1B 3X9, Canada; email: fshahidi@mun.ca; CODEN: JAFCA</p>","","","Falconidae; human; Humans; article; copper; drug effect; chemistry; Cholesterol, LDL; low density lipoprotein cholesterol; Antioxidants; Barley; Hordeum; ORAC; phenol derivative; plant extract; Tyto; antineoplastic agent; Antineoplastic Agents, Phytogenic; antioxidant; Antiproliferation; barley; Caco-2 Cells; Caco-2 colon cancer cell line; cell division; Cell Division; cell strain CACO 2; Copper; HORAC; LDL oxidation; lipid peroxidation; Lipid Peroxidation; Phenols; Plant Extracts; plant seed; Rancimat; Seeds; Zea mays","","","","","","","","","","","","","","","","","","","","","","","","","","","","","","","","","","","","","","","","","","","","","","",""
"2YEY8TMV","journalArticle","2026","Kim, G.; Lee, J.; Lee, M.; Hong, S.; Kim, H.S.","Secret Key Recovery of FALCON using Simple Power Analysis in Conditional Calculator","IACR Transactions on Cryptographic Hardware and Embedded Systems","","25692925 (ISSN)","10.46586/tches.v2026.i2.953-975","https://www.scopus.com/pages/publications/105036806632?origin=resultslist","Among the NIST-standardized algorithms, FALCON is a lattice-based digital signature scheme that offers strong security and compactness. However, FALCON’s reliance on floating-point arithmetic makes it vulnerable to side-channel attacks. In particular, certain operations in FALCON, such as floating-point conversion and floating-point addition within the FFT transform, may result in data-dependent power consumption patterns. These patterns can be exploited by Simple Power Analysis to extract secret key information, even from a single trace. We present a Simple Power Analysis against the FALCON digital signature scheme, focusing on the Conditional calculator involved in floating-point conversion and floating-point addition. We also analyze the effectiveness of two countermeasures for the Conditional calculator. We propose a post-processing procedure that computes all possible candidates and applies a pruning strategy to eliminate impossible ones. The secret key can be recovered within 0.12 seconds for secret keys generated from a discrete Gaussian distribution and 21.02 seconds for those generated from a uniform distribution. We further propose an advanced post-processing procedure that ranks candidate keys based on their consistency with observed side-channel information, enabling full secret key recovery even when partial information is incorrect. The proposed attack is evaluated with up to 5,000 intentionally corrupted side-channel information entries (≈ 9.3% of the leakage bits); within this range, the correct key was consistently recovered with a 100% success rate. Additionally, we successfully recovered the correct secret key across 1,000 distinct FALCON secret keys. © 2026, Ruhr-University of Bochum. All rights reserved.","2026","2026-05-02 11:02:31","2026-05-02 11:02:31","","953-975","","2","2026","","IACR Trans. Cryptogr. Hardw. Embed. Syst.","","","","","","Ruhr-University of Bochum","","English","","","Scopus","","","","","<p>Export Date: 02 May 2026; Cited By: 0; Correspondence Address: H.S. Kim; Korea University, Sejong, South Korea; email: 80khs@korea.ac.kr</p>","","","Authentication; Digital signature schemes; Electronic document identification systems; Side channel attack; Digital arithmetic; Recovery; Key recovery; FALCON; Floating points; Secret key; Information leakage; Floating-point addition; Conditional calculator; Key Recovery; Mathematical instruments; Post-processing procedure; Side-channel information; Simple power analysis; Simple Power Analysis","","","","","","","","","","","","","","","","","","","","","","","","","","","","","","","","","","","","","","","","","","","","","","",""
"T7JY9QLW","journalArticle","2025","Makdissi, S.; Malick, A.; Matak, A.M.; Maschek, J.A.; Kang, X.; Cox, J.E.; Edgar, B.A.; Di Cara, F.","Protocol for cell-specific RNA expression profiling and lipidomics analyses of Drosophila melanogaster intestinal progenitor cells","STAR Protocols","","26661667 (ISSN)","10.1016/j.xpro.2025.104188","https://www.scopus.com/pages/publications/105021118796?origin=resultslist","Research in the model system  Drosophila melanogaster  has highlighted the importance of cell-specific  in vivo  omics analyses to study intestinal epithelial homeostasis. Here, we present an optimized protocol for profiling intestinal progenitor cells (PGs) at the transcriptome and lipidome levels. We describe steps to dissect midguts, isolate fluorescently labeled PGs using fluorescence-activated cell sorting (FACS), and obtain high-quality RNA for library preparation or total lipid extraction for untargeted lipidomics. This protocol yields high-quality transcriptomic and lipidomic data under various experimental conditions. For complete details on the use and execution of this protocol, please refer to Makdissi et al. 1 © 2025 The Author(s).","2025","2026-05-02 11:02:31","2026-05-02 11:02:31","","","","4","6","","STAR. Protoc.","","","","","","Cell Press","","English","","","Scopus","","","","","<p>Export Date: 02 May 2026; Cited By: 0; Correspondence Address: F. Di Cara; Department of Microbiology and Immunology, Dalhousie University, Halifax, B3H 4R2, Canada; email: dicara@dal.ca</p>","","","Article; genetics; metabolism; transcriptome; Transcriptome; animal; Animals; nonhuman; procedures; cytology; flow cytometry; lipidomics; transcriptomics; autofluorescence; cell selection; Drosophila melanogaster; Flow Cytometry; fluorescence activated cell sorting; gene expression profiling; Gene Expression Profiling; Intestinal Mucosa; intestinal progenitor cell; intestine; intestine mucosa; Intestines; lipidome; Lipidomics; midgut; progenitor cell line; RNA; RNA expression profiling; stem cell; Stem Cells","","","","","","","","","","","","","","","","","","","","","","","","","","","","","","","","","","","","","","","","","","","","","","",""
"UD83R4TN","conferencePaper","1990","Benson, Christopher G.; Bowsher, Brian R.; Nichols, Alan L.","Interaction of fission product vapors with aerosols in severe reactor accidents","Proc Int Cent Heat Mass Transfer","0272880X (ISSN)","","","https://www.scopus.com/pages/publications/0025586968?origin=resultslist","Complex mechanistic codes have been developed to model the physical and chemical characteristics of the radioactive materials transported through a nuclear power plant during the course of a severe reactor accident. However, a significant source of uncertainty in such calculations is the interaction of labile fission product vapours with aerosols generated from other reactor materials within the overheated region of the core. The surface area of these aerosols could be approximately 500 times greater than the total surface area of the primary circuit, implying that fission product vapour-aerosol interactions could dominate the transport behaviour of the radioactive emission. An induction furnace and associated equipment have been incorporated within a glove box system (Falcon) to study the transport of fission products and aerosols as they pass from the high-temperature reducing conditions of the primary circuit to the predominantly oxidising and steam-condensing environment in the containment. The furnace has been used to heat simulant and trace-irradiated UO2 fuel samples clad in Zircaloy. The resulting airborne debris has been characterised in studies with thermal gradient tubes, filter samplers and a stainless steel containment vessel, using analytical techniques such as gamma-ray spectroscopy, aerosol particle-size analysers and scanning electron microscopy. These experiments have been conducted in the presence and absence of substantial concentrations of aerosol generated by heating silver-indium-cadmium control rod alloy clad in stainless steel. The data have been analysed in terms of the overall vapour and aerosol deposition profiles and their microscopic features.","1990","2026-05-02 11:02:31","2026-05-02 11:02:31","","433-446","","","","","","","","","","","Publ by Hemisphere Publ Corp","","English","","","Scopus","","","","Journal Abbreviation: Proc Int Cent Heat Mass Transfer","<p>Export Date: 02 May 2026; Cited By: 1; CODEN: PCHTD</p>","","","Accidents; Aerosols--Transport Properties; Chemical Reactions; Nuclear Reactors; Radioactive Releases","","","","","","","","","","","","","","","","","","","","","","","","","","","","","","","","Proceedings of the International Centre for Heat and Mass Transfer","","","","","","","","","","","","","","",""
"YUWW3HRK","journalArticle","2025","Piauilino, L.S.; Oliveira Junior, V.C.; Barbosa, V.C.F.","A Scalable and Consistent Method for Multi-Component Gravity-Gradient Data Processing","Applied Sciences (Switzerland)","","20763417 (ISSN)","10.3390/app15158396","https://www.scopus.com/pages/publications/105013195214?origin=resultslist","We demonstrate the potential of using the convolutional equivalent layer to jointly process large gravity-gradient datasets. Based on the equivalent-layer principle, we assume a single fictitious physical property distribution on a planar layer can approximate all components of the gravity-gradient tensor. Estimating this distribution using the classical technique ensures physical consistency among components. However, the classical approach becomes computationally prohibitive for large datasets due to the need to solve a large-scale inversion with a massive sensitivity matrix. To overcome this limitation, we exploit the block-Toeplitz Toeplitz-block structure of the sensitivity matrix for data on a regular horizontal grid. This structure significantly reduces computational cost—by orders of magnitude—compared to the classical method. Applications to synthetic and real datasets show that our method offers a computationally efficient alternative for processing large gravity-gradient data from various acquisition systems (AGG and FTG), even when data are irregularly spaced or flight lines are misaligned. On a standard laptop configuration, our method processed over 290,000 AGG data points in a few tens of seconds. It also handled between 726,000 FTG and 1,250,000 AGG data points within seconds to a couple of minutes, demonstrating practical computational efficiency for large-scale datasets. © 2025 by the authors.","2025","2026-05-02 11:02:31","2026-05-02 11:02:31","","","","15","15","","Appl. Sci.","","","","","","Multidisciplinary Digital Publishing Institute (MDPI)","","English","","","Scopus","","","","","<p>Export Date: 02 May 2026; Cited By: 2; Correspondence Address: V.C.F. Barbosa; Observatório Nacional, Rio de Janeiro, Gal. José Cristino, 77, RJ, 20921-400, Brazil; email: valcris@on.br</p>","","","Digital arithmetic; Computational efficiency; Floating point operations; Test site; Data reduction; Gravitation; Large datasets; Acquisition systems; Airborne gravities; Canobie airborne gravity survey; Equivalent layer; equivalent-layer technique; Equivalent-layer technique; FTG and falcon AGG acquisition system; FTG and Falcon AGG acquisition systems; Gravitational prospecting; Gravity gradients; Gravity gradiometry; Gravity survey; jointly processing; Jointly processing; Kauring gravity gradiometry test site; large-scale gravity-gradient data; Large-scale gravity-gradient data; Large-scales; Reduced floating-point operation; reduced floating-point operations; Salt domes; Scale gravity; Tensors; Vinton salt dome","","","","","","","","","","","","","","","","","","","","","","","","","","","","","","","","","","","","","","","","","","","","","","",""
"DLLNDZ7K","journalArticle","2026","","21st International Conference on Information Security and Cryptology, Inscrypt 2025","Lecture Notes in Computer Science","","03029743 (ISSN); 978-981956205-3 (ISBN)","","https://www.scopus.com/pages/publications/105028241925?origin=resultslist","The proceedings contain 79 papers. The special focus in this conference is on Information Security and Cryptology. The topics include: Accelerating NTRU-Based Bootstrapping with Block Key Distributions; Lattice IBE from Non-spherical Gaussian Sampling with Tight Security; Fast Multi-key Bootstrapping Instantiated with NTRU and (R)LWE; An Area-Performance Balanced Hardware Accelerator of NTT for Kyber; a Framework for Fully Compact Transparent Ring Signature on Lattice and Its Instantiation; tighter Security Proof of Falcon+ in the Quantum Random Oracle Model; speedy Error Reconciliation; A Note on the Simpler Construction to Achieve Dynamic FE via IBE; onion Encryption Revisited: Relations Among Security Notions; new Key Combiner Schemes for Multiple Keys; Wildcarded Identity-Based Inner Product Encryption Based on SM9; dual-Threshold Verifiable Witness Encryption for Signatures and Its Applications; improved Quantum Cryptanalysis on Generalized Feistel Structure; Algebraic Cryptanalysis on Reduced-Round Trivium-LE; Automated Periodic Distinguisher Search for AND-RX Ciphers; Efficient Reconstruction of S-Boxes from Partial Cryptographic Tables via MILP Modeling; quantum Bisimulation-Based Acceleration Method for Quantum Cryptographic Protocol Verification; arithmetic Autocorrelation of Certain Binary Half-ℓ-Sequences; Related-Key Rectangle Attacks on Round-Reduced TWINE; TwoLayerF: A Two-Layer Framework of PNB-Based Key Recovery Attacks on ChaCha; Exploring AI-Assisted Cryptanalytic Attacks on Multisets; distributed Quantum Key Recovery Attack on Pseudorandom Functions; An Area-Efficient Design of ZUC-256 Through Hardware Optimization; revisit Bitslice Implementation of Dummy Shuffling; TS-Seg: Temporal-Spatial Feature Fusion Based Side-Channel Trace Segmentation; Leakage-Abuse Attack Against Substring-SSE with Partially Known Dataset; Bit-By-Bit Total Collapse: A Novel Side-Channel Attack on HQC-128 Decapsulation; multi-feature Fusion Leakage Abuse Attacks Against Dynamic Searchable Symmetric Encryption; a Novel Checking Scheme for Parallel Key Recovery Side-Channel Attack Against Kyber.","2026","2026-05-02 11:02:31","2026-05-02 11:02:31","","","","","16408 LNCS","","Lect. Notes Comput. Sci.","","","","","","Springer Science and Business Media Deutschland GmbH","","English","","","Scopus","","","","","<p>Export Date: 02 May 2026; Cited By: 0</p>","","","","","Chen R.; Deng R.H.; Yung M.","","","","","","","","","","","","","","","","","","","","","","","","","","","","","","","","","","","","","","","","","","","","",""
"4V4XX2BD","journalArticle","2026","Chen, K.-Y.; Ching, M.Q.; Chen, J.-P.; Yang, B.-Y.","When Masking Multiplication Isn’t Enough: Exploiting Floating-Point Leakage in Falcon’s Pre-Image Computation","IACR Transactions on Cryptographic Hardware and Embedded Systems","","25692925 (ISSN)","10.46586/tches.v2026.i2.686-708","https://www.scopus.com/pages/publications/105036845890?origin=resultslist","In this paper, we present an improved correlation power analysis (CPA) attack on the pre-image computation of the digital signature scheme Falcon. Our attack exploits new side-channel leakage that multiplication masking schemes fail to protect. To enhance both the efficiency and accuracy of the attack, we develop new theoretical insights for recovering the secret floating-point numbers, which can also be leveraged to improve prior attacks. For mantissa recovery, we identify and correct a flaw in an earlier work and provide a more complete and practical analysis. For exponent recovery, we analyze the distribution of Falcon’s secret key after the fast Fourier transform, reduce the number of required traces, and mitigate false positives. To validate our attack, we conducted two experiments targeting existing countermeasures on floating-point multiplication. In our environment, we successfully recovered the secret key using only around one thousand power traces. Our results demonstrate that protecting floating-point multiplication alone is insufficient to defend Falcon against side-channel attacks. A comprehensive masking including at least floating-point addition is necessary. © 2026, Ruhr-University of Bochum. All rights reserved.","2026","2026-05-02 11:02:31","2026-05-02 11:02:31","","686-708","","2","2026","","IACR Trans. Cryptogr. Hardw. Embed. Syst.","","","","","","Ruhr-University of Bochum","","English","","","Scopus","","","","","<p>Export Date: 02 May 2026; Cited By: 0</p>","","","Authentication; Falcon; Side channel attack; Side-channel analysis; Digital arithmetic; Floating-point arithmetic; Recovery; Power analysis; Side-Channel Analysis; Fast Fourier transforms; Image analysis; Floating points; Floating-Point Arithmetic; Secret key; Computation theory; Masking; Preimages; Floating point multiplication; Image computation; Image enhancement","","","","","","","","","","","","","","","","","","","","","","","","","","","","","","","","","","","","","","","","","","","","","","",""