"Key","Item Type","Publication Year","Author","Title","Publication Title","ISBN","ISSN","DOI","Url","Abstract Note","Date","Date Added","Date Modified","Access Date","Pages","Num Pages","Issue","Volume","Number Of Volumes","Journal Abbreviation","Short Title","Series","Series Number","Series Text","Series Title","Publisher","Place","Language","Rights","Type","Archive","Archive Location","Library Catalog","Call Number","Extra","Notes","File Attachments","Link Attachments","Manual Tags","Automatic Tags","Editor","Series Editor","Translator","Contributor","Attorney Agent","Book Author","Cast Member","Commenter","Composer","Cosponsor","Counsel","Interviewer","Producer","Recipient","Reviewed Author","Scriptwriter","Words By","Guest","Number","Edition","Running Time","Scale","Medium","Artwork Size","Filing Date","Application Number","Assignee","Issuing Authority","Country","Meeting Name","Conference Name","Court","References","Reporter","Legal Status","Priority Numbers","Programming Language","Version","System","Code","Code Number","Section","Session","Committee","History","Legislative Body"
"SXQCTJPY","journalArticle","2022","Sarker, Ausmita; Mozaffari Kermani, Mehran; Azarderakhsh, Reza","Efficient Error Detection Architectures for Postquantum Signature Falcon’s Sampler and KEM SABER","IEEE Transactions on Very Large Scale Integration (VLSI) Systems","","1557-9999","10.1109/TVLSI.2022.3156479","https://ieeexplore.ieee.org/document/9736448/","Among the National Institute for Standards and Technology (NIST) postquantum cryptography (PQC) standardization Round 3 finalists (announced in 2020 and anticipated to conclude in 2022–2024), SABER and Falcon are efficient key encapsulation mechanism (KEM) and compact signature scheme, respectively. SABER is a simple and flexible cryptographic scheme, highly suitable for thwarting potential attacks in the postquantum era. Implementing SABER can be performed solely in hardware (HW) or on HW/software coprocessors. On the other hand, the compact key size, efficient design, and strong reliability proof in the quantum random oracle model (QROM) make Falcon a highly suitable signature algorithm for PQC. Although Falcon is crucial as a PQC signature scheme, the utilization of the Gaussian sampler makes it vulnerable to malicious attacks, e.g., fault attacks. This is the first work to present error detection schemes embedded efficiently in SABER as well as Falcon’s sampler architectures, which can detect both transient and permanent faults. Moreover, we implement HW design for the ModFalcon signature algorithm as well as the Gaussian sampler. These schemes are implemented on a formerly Xilinx field-programmable gate array (FPGA) family, for both SABER and Falcon variants, where we assess the error coverage and the performance. The proposed schemes incur low overhead (the area, delay, and power overheads being 22.59%, 19.77%, and 10.67%, respectively, in the worst case) while providing a high fault detection rate (99.9975% in the worst case scenario), making them suitable for high efficiency and compact HW implementations of constrained applications.","2022-06","2026-04-09 14:40:27","2026-05-03 10:23:45","2026-04-09 14:39:48","794-802","","6","30","","","","","","","","","","","","","","","IEEE Xplore","","","<p>Export Date: 02 May 2026; Cited By: 39</p>; <p>Export Date: 02 May 2026; Cited By: 39; Correspondence Address: M. Mozaffari Kermani; University of South Florida, Department of Computer Science and Engineering, Tampa, 33620, United States; email: mehran2@usf.edu; CODEN: IEVSE</p>; <p>Export Date: 02 May 2026; Cited By: 39; Correspondence Address: M. Mozaffari Kermani; University of South Florida, Department of Computer Science and Engineering, Tampa, 33620, United States; email: mehran2@usf.edu; CODEN: IEVSE</p>; <p>Export Date: 02 May 2026; Cited By: 39; Correspondence Address: M. Mozaffari Kermani; University of South Florida, Department of Computer Science and Engineering, Tampa, 33620, United States; email: mehran2@usf.edu; CODEN: IEVSE</p>","/Users/mac/Zotero/storage/GYHK7XM7/Sarker et al. - 2022 - Efficient Error Detection Architectures for Postquantum Signature Falcon’s Sampler and KEM SABER.pdf","","Authentication; Network security; Post quantum cryptography; Quantum cryptography; Lattice; Side channel attack; Field programmable gate arrays (FPGA); Integrated circuit design; Key encapsulation mechanisms; Public key cryptography; Field-programmable gate array; Learning with Errors; Computer architecture; Timing circuits; Fault detection; Circuit faults; Error detection; Field-programmable gate array (FPGA); Key encapsulation mechanism; key encapsulation mechanisms (KEM); Learning with error; learning with errors (LWEs); Learning with rounding; learning with rounding (LWR); Logic gates; National institute for standards and technologies; Postquantum cryptography; postquantum cryptography (PQC); Quantum random oracle model .; quantum random oracle model (QROM); Random Oracle model","","","","","","","","","","","","","","","","","","","","","","","","","","","","","","","","","","","","","","","","","","","","","","",""
"LCXP2TW8","conferencePaper","2025","Ebrahimabadi, Mohammad; Viera, Raphael; Guilley, Sylvain; Danger, Jean-Luc; Dutertre, Jean-Max; Karimi, Naghmeh","Multi-Sensor Data Fusion for Enhanced Detection of Laser Fault Injection Attacks in Cryptographic Hardware: Practical Results","2025 Design, Automation & Test in Europe Conference (DATE)","","1558-1101","10.23919/DATE64628.2025.10992902","https://ieeexplore.ieee.org/document/10992902/","Though considered secure the cryptographic hardware can be compromised by fault injection attack, especially laser illumination due to its precision in targeting specific areas and its fine temporal control. To address this threat, this paper presents a low-cost detection scheme that utilizes Time-to-Digital Converters (TDCs) to sense the IR drops induced by laser illumination. To achieve a high detection rate while minimizing false alarms, the proposed approach incorporates multiple sensors, with as few as two sensors demonstrated in the study. The effectiveness of the scheme is validated using a real laser setup to illuminate a targeted AES module implemented on an AMD/Xilinx Artix-7 FPGA.","2025-03","2026-04-09 20:59:14","2026-05-03 10:11:58","2026-04-09 20:57:20","1-2","","","","","","Multi-Sensor Data Fusion for Enhanced Detection of Laser Fault Injection Attacks in Cryptographic Hardware","","","","","","","","","","","","IEEE Xplore","","ISSN: 1558-1101","","/Users/mac/Zotero/storage/CA6LB3VT/Ebrahimabadi et al. - 2025 - Multi-Sensor Data Fusion for Enhanced Detection of Laser Fault Injection Attacks in Cryptographic Ha.pdf","","","","","","","","","","","","","","","","","","","","","","","","","","","","","","","","","","2025 Design, Automation & Test in Europe Conference (DATE)","","","","","","","","","","","","","","",""
"TFP8V76Q","conferencePaper","2023","Li., Aobo; Lu, Jiahao; Liu, Dongsheng; Hu, Ang; Li, Xiang; Yang, Shuo; Huang, Tianze","Multi-Probability Hash-based Random Number Generator for Post-Quantum Cryptography","2023 IEEE 66th International Midwest Symposium on Circuits and Systems (MWSCAS)","","1558-3899","10.1109/MWSCAS57524.2023.10406008","https://ieeexplore.ieee.org/document/10406008/","The security of a cryptographic system depends on the reliability and irreversibility of random numbers. Secure Hash Algorithm-3 (SHA-3) is widely utilized in cryptography due to its robust security, computational efficiency, and versatile hashing capabilities. SHA-3 and discrete sampling are vital components in post-quantum cryptography, providing essential defense against quantum computing attacks. This paper presents a multi-probability random number generator for lattice-based post-quantum cryptography. The design utilizes a cascaded Keccak core and single-stage registers to build a SHA-3 module. Random numbers with different probability distributions are generated through variable binomial sampling, rejection sampling, and Gaussian sampling. The proposed design consumes 11520 LUTs and 3252 FFs at the frequency of 300MHz on the Xilinx UltraScale+ FPGA, achieving a throughput rate of 14.4Gbps. The ASIC evaluation indicates a hardware overhead of 68.5 kGE (NAND2) under the 40nm process. Compared with similar designs, our design demonstrates 11% and 27% frequency and throughput improvements under the same hardware resources, respectively.","2023-08","2026-04-09 20:59:14","2026-05-03 10:36:10","2026-04-09 20:57:22","694-697","","","","","","","","","","","","","","","","","","IEEE Xplore","","ISSN: 1558-3899","<p>Export Date: 02 May 2026; Cited By: 0; Correspondence Address: J. Lu; School of Integrated Circuits Huazhong, University of Science and Technology, Wuhan, China; email: lujiahaohust@foxmail.com; CODEN: MSCSD</p>","/Users/mac/Zotero/storage/HWC39ASE/Li. et al. - 2023 - Multi-Probability Hash-based Random Number Generator for Post-Quantum Cryptography.pdf","","Post quantum cryptography; Quantum computers; Quantum cryptography; Hardware implementations; Public key cryptography; efficiency; Cryptographic systems; Number theory; High-throughput; Random number generation; Computational efficiency; Random Numbers; Hash functions; Probability distributions; Keccak; hardware implementation; Random number generators; high throughput; Secure Hash Algorithm (); Algorithm-3; discrete sampling; Discrete sampling","","","","","","","","","","","","","","","","","","","","","","","","","","","","","","","","2023 IEEE 66th International Midwest Symposium on Circuits and Systems (MWSCAS)","","","","","","","","","","","","","","",""
"HWSLR494","conferencePaper","2022","Wang, Antian; Tan, Weihang; Parhi, Keshab K.; Lao, Yingjie","Integral Sampler and Polynomial Multiplication Architecture for Lattice-based Cryptography","2022 IEEE International Symposium on Defect and Fault Tolerance in VLSI and Nanotechnology Systems (DFT)","","2765-933X","10.1109/DFT56152.2022.9962361","https://ieeexplore.ieee.org/document/9962361/","With the surge of the powerful quantum computer, lattice-based cryptography proliferated the latest cryptography hardware implementation due to its resistance against quantum computers. Among the computational blocks of lattice-based cryptography, the random errors produced by the sampler play a key role in ensuring the security of these schemes. This paper proposes an integral architecture for the sampler, which can reduce the overall resource consumption by reusing the multipliers and adders within the modular polynomial computation. For instance, our experimental results show that the proposed design can effectively reduce the discrete Ziggurat sampling method in DSP usage.","2022-10","2026-04-09 20:59:14","2026-05-03 10:05:07","2026-04-09 20:57:25","1-6","","","","","","","","","","","","","","","","","","IEEE Xplore","","ISSN: 2765-933X","","/Users/mac/Zotero/storage/QQJEIK2K/Wang et al. - 2022 - Integral Sampler and Polynomial Multiplication Architecture for Lattice-based Cryptography.pdf","","","","","","","","","","","","","","","","","","","","","","","","","","","","","","","","","","2022 IEEE International Symposium on Defect and Fault Tolerance in VLSI and Nanotechnology Systems (DFT)","","","","","","","","","","","","","","",""
"2FHKDQSN","conferencePaper","2022","Shahbazi, Karim; Ko, Seok-Bum","Lightweight and CCA2-Secure Hardware Implementation of Binary Ring-LWE","2022 IEEE International Symposium on Circuits and Systems (ISCAS)","","2158-1525","10.1109/ISCAS48785.2022.9937306","https://ieeexplore.ieee.org/document/9937306/","Due to increasing the number of connected devices to IoT network, providing end-to-end security is essential. Lattice-based cryptography (LBC) is a promising method for IoT by providing the reasonable security against classic and quantum attacks. Binary Ring-LWE is a type of LBC that is suitable for IoT devices. However, a reliable cryptosystem should also be secure against different side-channel attacks, such as power analysis or fault injection ones. In this work, a fault resilient hardware implementation for an optimized hardware design of Ring Binary LWE for resource-constraint IoT devices is presented. The design was implemented on the FPGA platform. The maximum frequency and occupied slices on Virtex-7 are 210.5MHz and 423, respectively. Based on the result, the proposed design occupied only 1% of the total available slices.","2022-05","2026-04-09 20:59:14","2026-05-03 10:24:32","2026-04-09 20:57:27","1170-1174","","","","","","","","","","","","","","","","","","IEEE Xplore","","ISSN: 2158-1525","<p>Export Date: 02 May 2026; Cited By: 1; CODEN: PICSD</p>","/Users/mac/Zotero/storage/RYGLDMGC/Shahbazi and Ko - 2022 - Lightweight and CCA2-Secure Hardware Implementation of Binary Ring-LWE.pdf","","Hardware security; Post quantum cryptography; Quantum cryptography; Side channel attack; Side-channel attacks; Hardware implementations; Post-Quantum Cryptography; Lattice-based cryptography; Power analysis; Internet of things; Hardware implementation; Binary ring-LWE; Binary Ring-LWE; End-to-end security; CCA2-secure; CCA2-Secure; Fault resiliency; Power faults","","","","","","","","","","","","","","","","","","","","","","","","","","","","","","","","2022 IEEE International Symposium on Circuits and Systems (ISCAS)","","","","","","","","","","","","","","",""
"ZML4KEY5","conferencePaper","2024","Wang, Nuo; Wu, Liji; Li, Lei; Chinbat, Munkhbaatar; Zhang, Xiangmin","Design and Implementation of a NTT Accelerator Based on RISC-V for PQC Kyber","2024 IEEE 18th International Conference on Anti-counterfeiting, Security, and Identification (ASID)","","2163-5056","10.1109/ASID63618.2024.10839700","https://ieeexplore.ieee.org/document/10839700/","RISC-V, as a new generation open-source Reduced Instruction Set Computing (RISC) architecture, has the advantages of low power consumption, small footprint, and high performance. Especially, RISC-V processors realized based on FPGA can be applied in different fields such as embedded systems, Artificial Intelligence (AI) chips, security devices and high-performance computing. It is foreseeable that a breakthrough in quantum computers will jeopardize all communications. Therefore, processors must integrate secure quantum computer anti-encryption techniques. Currently, the security and reliability aspects of processor implementations are still greatly underexplored. To address this gap, we propose three contributions. First, we augment the open-source IP Hummingbird E203 with a hardware module for implementing the Number-Theoretic Transform (NTT) operations of the Post-Quantum Cryptography (kyber). Second, we employ the hardware/software co-design techniques to accelerate NTT operations. Third, analyze the results of implementation. Prototyping was performed on FPGA to evaluate our designed processor NTT extension instructions. The cycle count for NTT operations is reduced by 84.55% and the instruction count is reduced by 81.25%. Enhanced computational efficiency applicable to information security systems under potential quantum computing threats is shown. The scalability of Post-Quantum Cryptography (kyber) based on riscv is realized.","2024-11","2026-04-09 20:59:14","2026-05-03 10:04:40","2026-04-09 20:57:29","24-27","","","","","","","","","","","","","","","","","","IEEE Xplore","","ISSN: 2163-5056","<p>Export Date: 02 May 2026; Cited By: 2; Correspondence Address: L. Li; School of Electronic Engineerings, Heilongjiang University, Harbin, China; email: lileidtk@hlju.edu.cn; L. Wu; School of Integrated Circuits, Tsinghua University, Beijing, China; email: lijiwu@mail.tsinghua.edu.cn</p>","/Users/mac/Zotero/storage/AY7334K9/Wang et al. - 2024 - Design and Implementation of a NTT Accelerator Based on RISC-V for PQC Kyber.pdf","","Hardware security; Post quantum cryptography; Quantum communication; Quantum computers; Quantum cryptography; Quantum electronics; Post quantum; Hardware/software codesign; Integrated circuit design; Printed circuit design; Hardware-software codesign; NTT; Number-theoretic transforms; Quanta computers; Reduced instruction set computing; RISC-V; Medium access control; Open-source; Design and implementations; Conformal mapping; Hardware/Software Co-design; Post quantum cryptograuphy; Post Quantum Cryptograuphy(PQC); Reduced instruction set computing-V; Reduced instruction sets","","","","","","","","","","","","","","","","","","","","","","","","","","","","","","","","2024 IEEE 18th International Conference on Anti-counterfeiting, Security, and Identification (ASID)","","","","","","","","","","","","","","",""
"VQIRCA2K","conferencePaper","2023","Cintas-Canto, Alvaro; Mozaffari-Kermani, Mehran; Azarderakhsh, Reza","Reliable Code-Based Post-Quantum Cryptographic Algorithms through Fault Detection on FPGA","2023 IEEE Nordic Circuits and Systems Conference (NorCAS)","","","10.1109/NorCAS58970.2023.10305475","https://ieeexplore.ieee.org/document/10305475/","Code-based cryptography is a promising post-quantum cryptographic solution against attacks enabled by classical and quantum computers. The Niederreiter cryptosystem is a well-known code-based cryptographic algorithm that has been traditionally scrutinized due to its key size and its computational requirements. However, with the advent of quantum computers, the Niederreiter cryptosystem is becoming more popular as it is thought that code-based cryptography is quantum resistant. Nevertheless, security does not mean reliability, and the finite field operational blocks used in some code-based algorithms are vulnerable to fault injection. This paper derives error detection mechanisms based on normal and interleaved parity for code-based cryptosystems. Moreover, such techniques are applied to the Key Generator of the Niederreiter cryptosystem and implemented on Xilinx field-programmable gate array (FPGA) family Kintex UltraScale+ (device xcku5p-ffvd900-1-i). This is done to assess the overheads and the decrease in performance when the derived fault detection techniques are included to the original designs.","2023-10","2026-04-09 20:59:14","2026-05-03 10:06:21","2026-04-09 20:57:32","1-5","","","","","","","","","","","","","","","","","","IEEE Xplore","","","<p>Export Date: 02 May 2026; Cited By: 33; Correspondence Address: A. Cintas-Canto; Marymount University, School of Technology and Innovation, Arlington, United States; email: acintas@marymount.edu</p>","/Users/mac/Zotero/storage/MBLKP5U7/Cintas-Canto et al. - 2023 - Reliable Code-Based Post-Quantum Cryptographic Algorithms through Fault Detection on FPGA.pdf","","Post quantum cryptography; post-quantum cryptography; Quantum cryptography; Post quantum; Code-based cryptography; Field programmable gate arrays (FPGA); Qubits; Field programmables; Field-programmable gate array; Programmable gate array; Cryptographic algorithms; Quanta computers; Fault detection; Logic gates; field-programmable gate array (FPGA); Faults detection; Niederreiter cryptosystem","","","","","","","","","","","","","","","","","","","","","","","","","","","","","","","","2023 IEEE Nordic Circuits and Systems Conference (NorCAS)","","","","","","","","","","","","","","",""
"6USNUR8C","conferencePaper","2024","Ni, Ziying; Khalid, Ayesha; Liu, Weiqiang; O'Neill, Máire","Bitstream Fault Injection Attacks on CRYSTALS Kyber Implementations on FPGAs","2024 Design, Automation & Test in Europe Conference & Exhibition (DATE)","","1558-1101","10.23919/DATE58400.2024.10546550","https://ieeexplore.ieee.org/document/10546550/","CRYSTALS-Kyber is the only Public-key Encryption (PKE)/ Key-encapsulation Mechanism (KEM) scheme that was chosen for standardization by the National Institute of Standards and Technology initiated Post-quantum Cryptography competition (so called NIST PQC). In this paper, we show the first successfully malicious modifications of the bitstream of a Kyber FPGA implementation. We successfully demonstrate 4 different attacks on Kyber hardware implementations on Artix-7 FPGAs that either reduce the complexity of polynomial multiplication operations or enable direct secret key/ message recovery by: disabling BRAMs, disabling DSPs, zeroing NTT ROM and tampering with CBD2 results. Two of our attacks are generic in nature and the other two require reverse-engineering or a detailed knowledge of the design. We evaluate the feasibility of the four attacks, among which the zeroing NTT ROM and tampering with the CBD2 result attacks produce higher public key and ciphertext complexity and thus are difficult to be detected. Two countermeasures are proposed to prevent the attacks proposed in this paper.","2024-03","2026-04-09 20:59:14","2026-05-03 09:53:28","2026-04-09 20:57:34","1-6","","","","","","","","","","","","","","","","","","IEEE Xplore","","ISSN: 1558-1101","<p>Export Date: 02 May 2026; Cited By: 5; Correspondence Address: Z. Ni; Queen's University Belfast, Centre For Secure Information Technologies (CSIT), Belfast, United Kingdom; email: zni03@qub.ac.uk; A. Khalid; Queen's University Belfast, Centre For Secure Information Technologies (CSIT), Belfast, United Kingdom; email: a.khalid@qub.ac.uk; M. O'neill; Queen's University Belfast, Centre For Secure Information Technologies (CSIT), Belfast, United Kingdom; email: m.oneill@ecit.qub.ac.uk</p>","/Users/mac/Zotero/storage/GVBPA3B5/Ni et al. - 2024 - Bitstream Fault Injection Attacks on CRYSTALS Kyber Implementations on FPGAs.pdf","","Network security; Post quantum cryptography; Quantum cryptography; Post-quantum cryptography; Field programmable gate arrays (FPGA); Lattice-based cryptography; Public key cryptography; Software testing; CRYSTALS-kyber; CRYSTALS-Kyber; Fault injection; Fault injection attacks; Chromium compounds; Binary sequences; FPGA security; bitstream fault injection; Bitstream fault injection; Bitstreams; Lattice-based Cryptography (LBC); Post-quantum Cryptography (PQC)","","","","","","","","","","","","","","","","","","","","","","","","","","","","","","","","2024 Design, Automation & Test in Europe Conference & Exhibition (DATE)","","","","","","","","","","","","","","",""
"JMVBJAXE","conferencePaper","2021","Bellizia, Davide; Mrabet, Nadia El; Fournaris, Apostolos P.; Pontié, Simon; Regazzoni, Francesco; Standaert, François-Xavier; Tasso, Élise; Valea, Emanuele","Post-Quantum Cryptography: Challenges and Opportunities for Robust and Secure HW Design","2021 IEEE International Symposium on Defect and Fault Tolerance in VLSI and Nanotechnology Systems (DFT)","","2765-933X","10.1109/DFT52944.2021.9568301","https://ieeexplore.ieee.org/document/9568301/","Post-Quantum Cryptography (PQC) will become soon the standard for many systems of the future. With the advent of quantum computers, all encrypted communications based on traditional asymmetric cryptography (e.g., RSA, ECC) will become insecure. The definition the PQC standards is an on going process proceeding at a fast pace, involving new and largely unexplored cryptographic primitives. For this reason, the design of hardware implementations of PQC algorithms is still under study. In this paper, we introduce the fundamentals of PQC, with a focus on lattice-based cryptography and its hardware security issues, namely side-channel and fault-based attacks. Then, we focus on isogeny-based cryptography and the SIKE algorithm. We highlight the importance of fault-tolerant design choices through the presentation of a fault attack, based on the electromagnetic injection of transient faults, targeting this cryptographic primitive. Finally, we show an interesting idea that starts from the observation that some PQC algorithms have an intrinsic probabilistic behavior. We argue that this characteristic is a clear opportunity that paves the way for the application of approximate (or inexact) computing to the implementation of PQC cryptography.","2021-10","2026-04-09 20:59:14","2026-05-03 10:06:28","2026-04-09 20:57:36","1-6","","","","","","Post-Quantum Cryptography","","","","","","","","","","","","IEEE Xplore","","ISSN: 2765-933X","","/Users/mac/Zotero/storage/MY7LB6PK/Bellizia et al. - 2021 - Post-Quantum Cryptography Challenges and Opportunities for Robust and Secure HW Design.pdf","","","","","","","","","","","","","","","","","","","","","","","","","","","","","","","","","","2021 IEEE International Symposium on Defect and Fault Tolerance in VLSI and Nanotechnology Systems (DFT)","","","","","","","","","","","","","","",""
"92QVHPEZ","conferencePaper","2024","Grignani, Wesley; Santana, Khalil G. Q.; Santos, Douglas A.; Dilillo, Luigi; Melo, Douglas R.","Implementation and Reliability Evaluation of a ChaCha20 Stream Cipher Hardware Accelerator","2024 IEEE International Symposium on Defect and Fault Tolerance in VLSI and Nanotechnology Systems (DFT)","","2765-933X","10.1109/DFT63277.2024.10753530","https://ieeexplore.ieee.org/document/10753530/","Cryptography is fundamental to ensuring the security and privacy of space communications, enabling the reliable exchange of sensitive data between spacecraft, ground stations, and other components of space infrastructure. However, using encryption can be computationally costly, resulting in lower throughput or higher latencies. One strategy to mitigate the costs imposed by cryptography is using accelerators. In addition, these systems that operate in space are susceptible to faults due to adverse conditions and require the implementation of protection techniques to mitigate these faults and ensure correct operation. In this context, this paper presents a fault-tolerant and high-performance encryption accelerator for the ChaCha20 stream cipher. We present a low-cost optimized implementation and a fault-tolerant version using Hamming Error Correction Code (ECC) and Triple Modular Redundancy (TMR). Results show that the optimized and hardened versions accelerated the application by 23 × and 17 × compared to the software solution. The optimized solution can process 281.25 MB/s, presenting a higher throughput than state-of-the-art works that rely on FPGA implementation. The hardened solution can process 187.50 MB/s, leading to an overhead of 1.52× more Look-Up Tables (LUTs) and 1.03× more Flip-Flops (FFs) compared to the optimized solution of this work.","2024-10","2026-04-09 20:59:14","2026-05-03 10:07:42","2026-04-09 20:57:39","1-4","","","","","","","","","","","","","","","","","","IEEE Xplore","","ISSN: 2765-933X","<p>Export Date: 02 May 2026; Cited By: 1; Correspondence Address: W. Grignani; University of Vale Do Itajaí, Leds, Itajaí, Brazil; email: wesley.grignani@edu.univali.br; K.G.Q. Santana; University of Vale Do Itajaí, Leds, Itajaí, Brazil; email: khalil.santana@edu.univali.br; D.R. Melo; University of Vale Do Itajaí, Leds, Itajaí, Brazil; email: drm@univali.br</p>","/Users/mac/Zotero/storage/7GLN6KJ4/Grignani et al. - 2024 - Implementation and Reliability Evaluation of a ChaCha20 Stream Cipher Hardware Accelerator.pdf","","Hardware security; Network security; Hardware acceleration; Hardware Acceleration; Cryptography; Forward error correction; Table lookup; Data privacy; Hardware accelerators; Digital storage; Redundancy; Ground stations; Fault tolerance; Age hardening; Fault Tolerance; Fault-tolerant; Flip flop circuits; Optimized solutions; Reliability Evaluation; RFC 8439; Security and privacy; Space communications; Stream Ciphers","","","","","","","","","","","","","","","","","","","","","","","","","","","","","","","","2024 IEEE International Symposium on Defect and Fault Tolerance in VLSI and Nanotechnology Systems (DFT)","","","","","","","","","","","","","","",""
"M6ZGY9LL","conferencePaper","2025","Fernandes, Keith Raymond; Shreyas, S.; Sinchana, S.; Sathish, Dayakshini; Kamath, Varun; Sanjana","Implementation of RSA Algorithm using FPGA and Analysis of Post Quantum Cryptography","2025 International Conference on Electrical Engineering and Informatics (ICEEI)","","2155-6830","10.1109/ICEEI68459.2025.11331029","https://ieeexplore.ieee.org/document/11331029/","The importance of secure communication has never been higher than it is in today's digital age. Among the many reliable and widely used approaches to public-key encryption, RSA remains a top choice. In this paper, we investigate the use of the Artix-7 FPGA board to implement RSA encryption in hardware. FPGA implementation improves speed, performance, and efficiency. The approach makes use of Montgomery multiplication to expedite modular exponentiation, the central operation in RSA. The complete architecture is built using Verilog HDL and synthesized with the Xilinx Vivado. The results demonstrate that FPGA-based RSA encryption provides superior speed and reliability. For embedded systems and IoT applications, this provides a very effective option for secure communication. The proposed implementation highlights how hardware acceleration can help to meet the increasing need for cryptographic security","2025-11","2026-04-09 20:59:14","2026-05-03 10:15:35","2026-04-09 20:57:41","1-6","","","","","","","","","","","","","","","","","","IEEE Xplore","","ISSN: 2155-6830","<p>Export Date: 02 May 2026; Cited By: 0</p>","/Users/mac/Zotero/storage/727Q5VH9/Fernandes et al. - 2025 - Implementation of RSA Algorithm using FPGA and Analysis of Post Quantum Cryptography.pdf","","Hardware security; Post quantum cryptography; Quantum cryptography; Field programmable gate arrays (FPGA); Hardware implementations; Public key cryptography; Computer hardware; Embedded systems; Encryption algorithms; Public-key encryption; FPGA implementations; Secure communication; hardware implementation; post quantum cryptography; FPGAs implementation; RSA algorithms; modular exponentiation; Modular Exponentiation; Digital age; FPGA boards; RSA algorithm; RSA encryption","","","","","","","","","","","","","","","","","","","","","","","","","","","","","","","","2025 International Conference on Electrical Engineering and Informatics (ICEEI)","","","","","","","","","","","","","","",""
"G52VLBRM","conferencePaper","2017","Říha, Jan; Miškovský, Vojtěch; Kubátová, Hana; Novotný, Martin","Influence of Fault-Tolerance Techniques on Power-Analysis Resistance of Cryptographic Design","2017 Euromicro Conference on Digital System Design (DSD)","","","10.1109/DSD.2017.76","https://ieeexplore.ieee.org/document/8049794/","As the security is becoming more and more important these days, we still should not forget about reliability. When designing a cryptographic device for some mission-critical or another reliability demanding system, we need to make the device not only attack-resistant, but also fault-tolerant. There are many common fault-tolerant digital design techniques, however, it is questionable, how these techniques affect the attack-resistance. Do they make the device more vulnerable e.g. to side-channel attacks?In our work we focused on finding the answer to this question. We experimentally evaluated the influence of information redundancy, space redundancy and time redundancy techniques on resistance against power analysis attack. In this paper we present our observations.","2017-08","2026-04-09 20:59:14","2026-05-03 10:21:27","2026-04-09 20:57:43","260-267","","","","","","","","","","","","","","","","","","IEEE Xplore","","","","/Users/mac/Zotero/storage/E5675X9R/Říha et al. - 2017 - Influence of Fault-Tolerance Techniques on Power-Analysis Resistance of Cryptographic Design.pdf","","","","","","","","","","","","","","","","","","","","","","","","","","","","","","","","","","2017 Euromicro Conference on Digital System Design (DSD)","","","","","","","","","","","","","","",""
"Z42NPNF4","conferencePaper","2017","Dhar, Tonmoy; Bhunia, Swarup; Trivedi, Amit Ranjan","A solitary protection measure against scan chain, fault injection, and power analysis attacks on AES","2017 IEEE 60th International Midwest Symposium on Circuits and Systems (MWSCAS)","","1558-3899","10.1109/MWSCAS.2017.8052988","https://ieeexplore.ieee.org/document/8052988/","With the increase in usage of low-power electronics in security critical area, demand for secure transmission of private and confidential information is on the rise. Implementation of dedicated hardware for cryptography is essential nowadays, even in the resource-constrained devices, to meet high-security concerns. However, hardware implementation of cryptographic algorithms may result in security vulnerabilities. Scan-chain-based attack (SBA), fault-injection attack (FIA), and power analysis attack (PAA) are three popular cryptanalysis techniques in exploiting vulnerabilities of crypto-chips. Employing multiple strategies for counteracting the attacks results in significant resource overheads in the cryptographic chips. In this paper, we present a novel and solitary approach to prevent either type of attacks on the hardware implementation of Advanced Encryption Standard (AES). Two additional layers, controlled by true random number generator, are introduced in the proposed technique to conceal sensitive data stored in memory bank. One layer permutes and masks intermediate state before storing in registers, and the other layer is used to reconstruct intermediate state at the start of the round operations of AES. With a two-third increase in resource overhead and negligible increase in timing overhead compared to the regular AES datapath, the proposed technique makes the system resilient against SBA, FIA as well as PAA.","2017-08","2026-04-09 20:59:14","2026-05-03 09:35:08","2026-04-09 20:57:45","575-578","","","","","","","","","","","","","","","","","","IEEE Xplore","","ISSN: 1558-3899","","/Users/mac/Zotero/storage/ASKANZIN/Dhar et al. - 2017 - A solitary protection measure against scan chain, fault injection, and power analysis attacks on AES.pdf","","","","","","","","","","","","","","","","","","","","","","","","","","","","","","","","","","2017 IEEE 60th International Midwest Symposium on Circuits and Systems (MWSCAS)","","","","","","","","","","","","","","",""
"NPJSRIAJ","conferencePaper","2022","Cintas-Canto, Alvaro; Mozaffari-Kermani, Mehran; Azarderakhsh, Reza; Gaj, Kris","CRC-Oriented Error Detection Architectures of Post-quantum Cryptography Niederreiter Key Generator on FPGA","2022 IEEE Nordic Circuits and Systems Conference (NorCAS)","","","10.1109/NorCAS57515.2022.9934378","https://ieeexplore.ieee.org/document/9934378/","Providing error detection constructions for Internet of nano-Things in constrained applications is of prominent importance. The Niederreiter cryptosystem falls into the category of code-based public-key cryptography. It is a relatively well-established scheme, but its key size and performance overheads have traditionally hindered its efficiency to be utilized for traditional computers. However, with the arrival of quantum computers, the Niederreiter cryptosystem is believed to be secure against attacks enabled by such computers, even though it has been previously shown that it is still vulnerable to fault injection and natural hardware defects. In this paper, we present fault detection schemes for the different blocks in the key generation of the Niederreiter cryptosystem using binary Goppa codes. These blocks perform finite field operations such as addition, multiplication, squaring, and inversion. The schemes are derived for different parameter sizes in order to have more flexibility and be able to choose according to the overheads to be tolerated and the required level of security. Moreover, we implement our fault detection schemes on Xilinx field-programmable gate array (FPGA) family Kintex UltraScale+ (device xcku5p-ffvd900-1-i) to benchmark the overhead induced of the proposed approaches.","2022-10","2026-04-09 20:59:14","2026-05-03 09:54:46","2026-04-09 20:57:47","1-7","","","","","","","","","","","","","","","","","","IEEE Xplore","","","<p>Export Date: 02 May 2026; Cited By: 27</p>","/Users/mac/Zotero/storage/QRRJ4SDV/Cintas-Canto et al. - 2022 - CRC-Oriented Error Detection Architectures of Post-quantum Cryptography Niederreiter Key Generator o.pdf","","Post quantum cryptography; post-quantum cryptography; Quantum cryptography; Field programmable gate arrays (FPGA); Public key cryptography; Field programmables; Field-programmable gate array; Programmable gate array; Fault detection; Error detection; Logic gates; Key sizes; field-programmable gate array (FPGA); Faults detection; Key generator; Niederreiter cryptosystem; Fault detection schemes; Niederreiter","","","","","","","","","","","","","","","","","","","","","","","","","","","","","","","","2022 IEEE Nordic Circuits and Systems Conference (NorCAS)","","","","","","","","","","","","","","",""
"LKGDSVML","journalArticle","2020","He, Zhangqing; Chen, Wanbo; Zhang, Lingchao; Chi, Gaojun; Gao, Qi; Harn, Lein","A Highly Reliable Arbiter PUF With Improved Uniqueness in FPGA Implementation Using Bit-Self-Test","IEEE Access","","2169-3536","10.1109/ACCESS.2020.3028514","https://ieeexplore.ieee.org/document/9211464/","Physically unclonable functions (PUFs) promise to be a critical hardware primitive for billions of Internet of Things (IoT) devices. The arbiter PUF (A-PUF) is one of the most well-known PUF circuits. However, its FPGA implementation has a poor reliability, and error correction codes (ECCs) are usually needed to eliminate the noise in the responses, which incur additional high hardware overhead and require NVM for helper data storage. In this paper, we present a highly reliable arbiter PUF with improved uniqueness using the bit-self-test (BST) strategy. A delay detection circuit is added into a classical arbiter PUF to test the delay deviation that produces each bit of the PUF response in real-time and mark the response as reliable using a reliability flag when the delay deviation is significantly more than a predefined threshold. Then, the robust responses can be used. We implemented the BST-arbiter PUF on a Xilinx Artix 7 FPGA. The test results show that the selected responses achieve outstanding performance where the bit error rate is less than 10-9, the bias is 50.3%, and the uniqueness is 49.1%. Thus, the BST-APUF, which drastically reduced the ECC overhead, can be applied to lightweight cryptography applications.","2020","2026-04-09 20:59:14","2026-05-03 09:34:34","2026-04-09 20:57:49","181751-181762","","","8","","","","","","","","","","","","","","","IEEE Xplore","","","","/Users/mac/Zotero/storage/P3IIA3CY/He et al. - 2020 - A Highly Reliable Arbiter PUF With Improved Uniqueness in FPGA Implementation Using Bit-Self-Test.pdf","","","","","","","","","","","","","","","","","","","","","","","","","","","","","","","","","","","","","","","","","","","","","","","","",""
"DSFG3UR6","conferencePaper","2024","Ni, Ziying; Khalid, Ayesha; Liu, Weiqiang; O’Neill, Máire","FPGA Bitstream Fault Injection Attack and Countermeasures on the Sampling Counter in CRYSTALS Kyber","2024 IEEE International Symposium on Circuits and Systems (ISCAS)","","2158-1525","10.1109/ISCAS58744.2024.10557946","https://ieeexplore.ieee.org/document/10557946/","The CRYSTALS Kyber algorithm is the public key encryption (PKE)/ key encapsulation mechanism (KEM) protocol undertaken for standardization by the US National Institute of Standards and Technology (NIST) the PQC competition and serves as the foundation for the Module-Lattice-Based (ML)-KEM scheme. The inherently strong security properties of the Kyber algorithm are considered to be resistant to attacks under quantum computers, but the security of its FPGA-based hardware implementation circuitry is still worth considering. In this work, we introduce the Nonce counter disabling attack, which targets the binomial distribution sampling process. We demonstrate that, in the modified primes of Kyber from Round 2, it is also effectively deduce the secret key s by equating it with the noise e. Our implementation of this attack on a Nexys 4 FPGA, with an additional DSP disabling filtering process to pinpoint the LUT. This attack is applicable to both the key generation and key encapsulation phases, and only need to modify 32-bit bitstream. Finally, We propose the Nonce counter check and the splitting of the Nonce computation cycles methods to to prevent this attack in hardware design-level.","2024-05","2026-04-09 20:59:14","2026-05-03 10:24:23","2026-04-09 20:57:52","1-5","","","","","","","","","","","","","","","","","","IEEE Xplore","","ISSN: 2158-1525","<p>Export Date: 02 May 2026; Cited By: 1; Correspondence Address: Z. Ni; Queen's University Belfast, Centre For Secure Information Technologies (CSIT), Belfast, United Kingdom; email: zni03@qub.ac.uk; A. Khalid; Queen's University Belfast, Centre For Secure Information Technologies (CSIT), Belfast, United Kingdom; email: a.khalid@qub.ac.uk; M. O'neill; Queen's University Belfast, Centre For Secure Information Technologies (CSIT), Belfast, United Kingdom; email: m.oneill@ecit.qub.ac.uk; CODEN: PICSD</p>","/Users/mac/Zotero/storage/BDMWLCGH/Ni et al. - 2024 - FPGA Bitstream Fault Injection Attack and Countermeasures on the Sampling Counter in CRYSTALS Kyber.pdf","","Post quantum cryptography; Quantum cryptography; Post-quantum cryptography; Side channel attack; Field programmable gate arrays (FPGA); Key encapsulation mechanisms; Public key cryptography; Faults attacks; Public-key encryption; CRYSTALS-kyber; CRYSTALS-Kyber; Fault injection attacks; Chromium compounds; Binary sequences; FPGA security; Bitstreams; bitstream fault attack; Bitstream fault attack; FPGA bitstreams","","","","","","","","","","","","","","","","","","","","","","","","","","","","","","","","2024 IEEE International Symposium on Circuits and Systems (ISCAS)","","","","","","","","","","","","","","",""
"S668FQ2L","conferencePaper","2021","Anitha, Komma; Kumar Gopathoti, Kiran; Rajeswari, J; Majji, Sankararao; Radhika Patnala, Tulasi; Sri Sai Satyanarayana, Damaraju","FPGA Implementation of Arbiter PUFs for ideal Cryptographic Key Generation","2021 5th International Conference on Electronics, Communication and Aerospace Technology (ICECA)","","","10.1109/ICECA52323.2021.9676119","https://ieeexplore.ieee.org/document/9676119/","It is critical in today's security-conscious environments and communications to create unique identities, and this can be done with software or hardware. Hardware can create a reliable and unique identity with less complexity than software because software requires more complex algorithms to keep the secret hidden from the adversaries. PUF is the name of one such basic circuit. Even when made using a nominally identical process, no two physical objects are exactly the same. When presented with a binary input, a PUF circuit responds with a binary, device-unique output. A PUF circuit is designed to be sensitive to manufacturing process variations. PUF as a hardware primitive is used as an authentication device in the real-world practical application scheme. The proposed IoT node-to-node mutual authentication algorithm does not require a server or a trusted third party. FPGA boards are used to implement the algorithm's main modules, such as the Nonce generation logic and the unclonable response generation logic. In spite of identity theft, PUF-based authentication schemes have the assurance that malicious parties cannot replace the intended PUF-based node.","2021-12","2026-04-09 20:59:14","2026-05-03 10:10:39","2026-04-09 20:57:57","754-757","","","","","","","","","","","","","","","","","","IEEE Xplore","","","","/Users/mac/Zotero/storage/KJYRJJAQ/Anitha et al. - 2021 - FPGA Implementation of Arbiter PUFs for ideal Cryptographic Key Generation.pdf","","","","","","","","","","","","","","","","","","","","","","","","","","","","","","","","","","2021 5th International Conference on Electronics, Communication and Aerospace Technology (ICECA)","","","","","","","","","","","","","","",""
"NIL7WWGL","conferencePaper","2024","R, Sivaraman; S, Gowtham; G, Gopalakrishnan; D, Muralidharan; R, Muthaiah; V S, Shankar Sriram","FPGA Governed Edge Device Confidentiality: Lightweight Cryptography with Enhanced Security","2024 Control Instrumentation System Conference (CISCON)","","","10.1109/CISCON62171.2024.10696143","https://ieeexplore.ieee.org/document/10696143/","This work addresses edge devices' urgent security challenges by introducing a highly efficient lightweight cryptosystem based on the conventional KATAN algorithm on a Field Programmable Gate Array (FPGA). Recognizing the need for improvements to overcome keyspace and differential cryptanalysis problems, Substitution boxes (S-box) and chaotic functions have been incorporated to strengthen both security and performance. AES substitution boxes enhance security through byte substitution, complementing the KATAN algorithm's use of input-dependent S-boxes for efficient encryption. Simultaneously, the chaotic logistic map adds unpredictability, crucial for generating randomness in cryptographic applications. These components collectively form a robust framework for secure data encryption, ensuring confidentiality in cryptographic systems. This tailored algorithm has undergone rigorous testing, with statistical and hardware analyses confirming its efficacy and reliability. Notably, using lookup tables for encryption and decryption consumes minimal logic elements, less than 5%, with power dissipation values for encryption and decryption at 421.99 mW and 419.60 mW, respectively. The proposed modified KATAN algorithm successfully passed NIST SP 800-22 tests with a significance level of 0.01, demonstrating a randomness level of 99.9% and robust cryptographic properties. These findings highlight our proposed algorithm's effectiveness and lightweight nature, making it an ideal solution for deployment in resourceconstrained edge devices.","2024-08","2026-04-09 20:59:14","2026-05-03 10:20:23","2026-04-09 20:57:59","1-6","","","","","","FPGA Governed Edge Device Confidentiality","","","","","","","","","","","","IEEE Xplore","","","<p>Export Date: 02 May 2026; Cited By: 1; Correspondence Address: R. Sivaraman; Sastra Deemed University, School of Computing, Thanjavur, India; email: sivaraman@cse.sastra.edu</p>","/Users/mac/Zotero/storage/KM3QG3ZP/R et al. - 2024 - FPGA Governed Edge Device Confidentiality Lightweight Cryptography with Enhanced Security.pdf","","Cryptography; Field programmables; Programmable gate array; Table lookup; Light-weight cryptography; Digital storage; Encryption and decryption; statistical analysis; chaotic functions; Chaotic functions; Edge device; Edge devices; Substitution box; substitution boxes; Field programmable gate array and reliability; FPGA and reliability; KATAN; lightweight cryptosystem; Lightweight cryptosystem","","","","","","","","","","","","","","","","","","","","","","","","","","","","","","","","2024 Control Instrumentation System Conference (CISCON)","","","","","","","","","","","","","","",""
"RAMVJB3C","conferencePaper","2023","Arunachalamani, A.; Venkatasubramani, V.R.; Thyagarajan, V. Vinoth; Rajaram, S.","High Radix Design for Montgomery Multiplier in FPGA platform","2023 International Conference on Recent Advances in Electrical, Electronics, Ubiquitous Communication, and Computational Intelligence (RAEEUCCI)","","","10.1109/RAEEUCCI57140.2023.10134351","https://ieeexplore.ieee.org/document/10134351/","Cryptographic systems, such as RSA, ECC, and SHE, rely heavily on the design of modular multiplication. As these systems involve large integers, the bit-width of the modulus is a critical factor in determining performance. Therefore, creating efficient hardware implementation of the Montgomery Multiplier (MM) algorithm is a significant challenge. Specifically, the performance of a modulus with a variable bit-width N is a key consideration. The Montgomery Multiplication algorithm can improve iterative modular multiplications and squaring required for point multiplication. This algorithm puts back the time-consuming divisions with multiplications and shifts, resulting in faster computations. A fixed-precision Montgomery Modular Multiplier with radix 2m(FPR2tm) performs an iterative computation of intermediate results connected to m bits of the multiplier. However, this method assumes that the bit-width N of the modulus is fixed. While the intermediate results must be computed around one multiplier bit at a time, the Radix 2 design introduces a significant cycle delay. This delay can be reduced to 1/m when m > 1. Unfortunately, the resulting design is highly expensive in terms of the circuit's delay and area, which prevents the design of a high-radix Montgomery MM. When the radix is greater than 2, the cycle count decreases, but the multiplication becomes the clock period's bottleneck. To address these issues, a variety of low-latency, high-radix Montgomery Multiplication designs are shown in this paper. According to the experimental results, the design achieves a clock period of 41.75MHz and 140 Slice LUTs with low Area-Latency characteristics.","2023-04","2026-04-09 20:59:14","2026-05-03 10:06:55","2026-04-09 20:58:02","1-5","","","","","","","","","","","","","","","","","","IEEE Xplore","","","","/Users/mac/Zotero/storage/TE8ICKUY/Arunachalamani et al. - 2023 - High Radix Design for Montgomery Multiplier in FPGA platform.pdf","","","","","","","","","","","","","","","","","","","","","","","","","","","","","","","","","","2023 International Conference on Recent Advances in Electrical, Electronics, Ubiquitous Communication, and Computational Intelligence (RAEEUCCI)","","","","","","","","","","","","","","",""
"4QCEZKMW","conferencePaper","2024","Casado-Galán, A.; Potestad-Ordóñez, F. E.; Acosta, A. J.; Tena-Sánchez, E.","Electromagnetic Fault Injection Attack Methodology against AES Hardware Implementation","2024 39th Conference on Design of Circuits and Integrated Systems (DCIS)","","2640-5563","10.1109/DCIS62603.2024.10769137","https://ieeexplore.ieee.org/document/10769137/","Implementation attacks are a serious threat in the field of cryptography and the IoT. One particular type of implementation attack is Fault Injection Attacks (FIA). These attacks aim to modify the functionality of a certain cryptographic scheme by altering the value of certain bits or bytes inside the electronic circuit. Differential Fault Analysis (DFA) is a technique that exploits these introduced faults to retrieve sensible information about the cryptographic algorithm, like the secret key. There are several ways to perform an FIA, one of them is the electromagnetic FIA, which aims to insert faults in a circuit by generating an electromagnetic pulse (EMP) to induce Foucault currents inside the chip that affect the components inside. In this paper, a methodology to find the optimal locations to perform an electromagnetic FIA and test it in two circuits is presented: The first one is an implementation of a single S-Box of the Advanced Encryption Standard (AES) algorithm and the second one is a full implementation of the AES, both on an Artix-7 FPGA. Both examples show that inserting several types of faults that the DFA literature uses to break the cipher is possible.","2024-11","2026-04-09 20:59:14","2026-05-03 10:05:42","2026-04-09 20:58:04","1-6","","","","","","","","","","","","","","","","","","IEEE Xplore","","ISSN: 2640-5563","<p>Export Date: 02 May 2026; Cited By: 2; Correspondence Address: A. Casado-Galan; Instituto de Microelectrónica de Sevilla IMSE-CNM (CSIC / University of Seville), Spain; email: casado@imse-cnm.csic.es</p>","/Users/mac/Zotero/storage/5EI2C65W/Casado-Galán et al. - 2024 - Electromagnetic Fault Injection Attack Methodology against AES Hardware Implementation.pdf","","Hardware security; FPGA; Hardware implementations; Fault injection attacks; Implementation attacks; Cryptographic schemes; Electromagnetic Fault injections; Advanced Encryption Standard; AES; Electromagnetic fault injection attack; electromagnetic fault injection attacks; Fault analysis; Hardware attack; hardware attacks; Standard hardware","","","","","","","","","","","","","","","","","","","","","","","","","","","","","","","","2024 39th Conference on Design of Circuits and Integrated Systems (DCIS)","","","","","","","","","","","","","","",""
"KWJ6LCCR","conferencePaper","2022","Koufopoulou, Amalia-Artemis; Xevgeni, Kalliopi; Papadimitriou, Athanasios; Psarakis, Mihalis; Hely, David","Security and Reliability Evaluation of Countermeasures implemented using High-Level Synthesis","2022 IEEE 28th International Symposium on On-Line Testing and Robust System Design (IOLTS)","","1942-9401","10.1109/IOLTS56730.2022.9897824","https://ieeexplore.ieee.org/document/9897824/","As the complexity of digital circuits increases, High-Level Synthesis (HLS) is becoming a valuable tool to increase productivity and design reuse by utilizing relevant Electronic Design Automation (EDA) flows, either for Application-Specific Integrated Circuits (ASIC) or for Field Programmable Gate Arrays (FPGA). Side Channel Analysis (SCA) and Fault Injection (FI) attacks are powerful hardware attacks, capable of greatly weakening the theoretical security levels of secure implementations. Furthermore, critical applications demand high levels of reliability including fault tolerance. The lack of security and reliability driven optimizations in HLS tools makes it necessary for the HLS-based designs to validate that the properties of the algorithm and the countermeasures have not been compromised due to the HLS flow. In this work, we provide results on the resilience evaluation of HLS-based FPGA implementations for the aforementioned threats. As a test case, we use multiple versions of an on-the-fly SBOX algorithm integrating different countermeasures (hiding and masking), written in C and implemented using Vivado HLS. We perform extensive evaluations for all the designs and their optimization scenarios. The results provide evidence of issues arising from HLS optimizations on the security and reliability of cryptographic implementations. Furthermore, the results put HLS algorithms to the test of designing secure accelerators and can lead to improving them towards the goal of increasing productivity in the domain of secure and reliable cryptographic implementations.","2022-09","2026-04-09 20:59:14","2026-05-03 10:17:51","2026-04-09 20:58:06","1-8","","","","","","","","","","","","","","","","","","IEEE Xplore","","ISSN: 1942-9401","","/Users/mac/Zotero/storage/LE38NGQP/Koufopoulou et al. - 2022 - Security and Reliability Evaluation of Countermeasures implemented using High-Level Synthesis.pdf","","","","","","","","","","","","","","","","","","","","","","","","","","","","","","","","","","2022 IEEE 28th International Symposium on On-Line Testing and Robust System Design (IOLTS)","","","","","","","","","","","","","","",""
"2UQI9DII","conferencePaper","2025","Chowdhury, Siddhartha; Mishra, Nimish; Bhattacharya, Sarani; Mukhopadhyay, Debdeep","Unified FPGA Design of Kyber and Dilithium with Provable Fault Tolerance","2025 IEEE 36th International Conference on Application-specific Systems, Architectures and Processors (ASAP)","","2160-052X","10.1109/ASAP65064.2025.00033","https://ieeexplore.ieee.org/document/11113552/","Efficient and secure hardware implementations of post-quantum cryptographic schemes are critical for real-world adoption. In this work, we propose a unified FPGA-based architecture for Kyber and Dilithium that combines flexibility, lightweight design, and fault tolerance. The architecture adopts a microcoded, programmable datapath supporting both schemes with minimal area overhead, enabling seamless integration of modules such as SHAKE, sampling, and coefficient rounding. To enhance resilience against propagation-based fault attacks-which exploit effective/ineffective fault behavior in public-domain computations-we embed a probabilistic verification mechanism using rejection sampling. This countermeasure transforms deterministic operations into cryptographically constrained probabilistic processes that remain efficient under normal conditions while significantly degrading under adversarial faults. The result is a robust and compact design that not only supports both a lattice-based KEM and signature scheme, but also provides the first unified fault countermeasure architecture for Kyber and Dilithium, maintaining low retry counts and minimal performance degradation in fault-free environments.","2025-07","2026-04-09 20:59:14","2026-05-03 10:06:24","2026-04-09 20:58:09","158-165","","","","","","","","","","","","","","","","","","IEEE Xplore","","ISSN: 2160-052X","<p>Export Date: 02 May 2026; Cited By: 0; CODEN: PIAAF</p>","/Users/mac/Zotero/storage/6M56J9JL/Chowdhury et al. - 2025 - Unified FPGA Design of Kyber and Dilithium with Provable Fault Tolerance.pdf","","Dilithium; Hardware security; Kyber; Quantum cryptography; Post quantum; Field programmable gate arrays (FPGA); FPGA; Hardware implementations; Integrated circuit design; Real-world; Architecture; Computation theory; Fault tolerance; Fault tolerant computer systems; Lightweight design; Cryptographic schemes; FPGA design; Data paths; FPGA-based architectures; Fault-Tolerance","","","","","","","","","","","","","","","","","","","","","","","","","","","","","","","","2025 IEEE 36th International Conference on Application-specific Systems, Architectures and Processors (ASAP)","","","","","","","","","","","","","","",""
"89PQCP3F","conferencePaper","2023","Baideldinov, Marat; Usserbaev, Muratbek; Mukanova, Zhanna","Implementation of a Physically Unclonable Function on an FPGA","2023 IEEE International Conference on Smart Information Systems and Technologies (SIST)","","","10.1109/SIST58284.2023.10223521","https://ieeexplore.ieee.org/document/10223521/","This paper shows the implementation of a physically unclonable function (PUF) of the arbiter type and its modifications, the generation of random numbers and unique identifiers, and a statistical analysis of the generated sequences of random numbers. Within the framework of this work, experiments were carried out on different SoC, SoM crystals and within the same crystal with different placement on it, experiments with PUF modeling based on machine learning were simulated. The results and conclusions provide recommendations for the optimal and safe use of PUF.","2023-05","2026-04-09 20:59:14","2026-05-03 10:06:46","2026-04-09 20:58:11","512-515","","","","","","","","","","","","","","","","","","IEEE Xplore","","","","/Users/mac/Zotero/storage/XCS5T4G2/Baideldinov et al. - 2023 - Implementation of a Physically Unclonable Function on an FPGA.pdf","","","","","","","","","","","","","","","","","","","","","","","","","","","","","","","","","","2023 IEEE International Conference on Smart Information Systems and Technologies (SIST)","","","","","","","","","","","","","","",""
"FSYJKYMZ","conferencePaper","2019","Fritzmann, Tim; Sharif, Uzair; Müller-Gritschneder, Daniel; Reinbrecht, Cezar; Schlichtmann, Ulf; Sepulveda, Johanna","Towards Reliable and Secure Post-Quantum Co-Processors based on RISC-V","2019 Design, Automation & Test in Europe Conference & Exhibition (DATE)","","1558-1101","10.23919/DATE.2019.8715173","https://ieeexplore.ieee.org/document/8715173/","Increasingly complex and powerful Systems-on-Chips (SoCs), connected through a 5G network, form the basis of the Internet-of-Things (IoT). These technologies will drive the digitalization in all domains, e.g. industry automation, automotive, avionics, and healthcare. A major requirement for all above domains is the long-term (10 to 30 years) secure communication between the SoCs and the cloud over public 5G networks. The foreseeable breakthrough of quantum computers represents a risk for all communication. In order to prepare for such an event, SoCs must integrate secure quantum-computer-resistant cryptography which is reliable and protected against SW and HW attacks. Empowering SoCs with such strong security poses a challenging problem due to limited resources, tight performance requirements and long-term life-cycles. While current works are focused on efficient implementations of post-quantum cryptography, implementation-security and reliability aspects for SoCs are still largely unexplored. To this end, we present three contributions. First, we present a RISC-V co-processor for post-quantum security, able to support lattice-based cryptography. Second, we use HW/SW co-design techniques to accelerate the NTT transformation and hash generation. Third, we perform the fault analysis of the implementation. We show that our coprocessor achieves high reliability and security capabilities while preserving good performance.","2019-03","2026-04-09 20:59:14","2026-05-03 10:16:06","2026-04-09 20:58:13","1148-1153","","","","","","","","","","","","","","","","","","IEEE Xplore","","ISSN: 1558-1101","","/Users/mac/Zotero/storage/QVP5PBDZ/Fritzmann et al. - 2019 - Towards Reliable and Secure Post-Quantum Co-Processors based on RISC-V.pdf","","","","","","","","","","","","","","","","","","","","","","","","","","","","","","","","","","2019 Design, Automation & Test in Europe Conference & Exhibition (DATE)","","","","","","","","","","","","","","",""
"W9FFJVJX","conferencePaper","2025","K, Jayamani; R, Jayanita Devi; K, Balamurugan","An Efficient VLSI Design Of Pipelined Advanced Encryption Standard For Cryptography","2025 2nd International Conference on Research Methodologies in Knowledge Management, Artificial Intelligence and Telecommunication Engineering (RMKMATE)","","","10.1109/RMKMATE64874.2025.11042866","https://ieeexplore.ieee.org/document/11042866/","This article presents a VLSI design of a pipe-led 128-bit Advanced Encryption Standard (AES) adapted to image cryptography, focusing on the use of effective area in FPGA implementation. The design improves subbits and MixColumns transformation, which greatly contributes to the consumption of AES machine -machine resources. By evaluating the balance between clock cycles and efficiency in the area, a customized date is developed to increase performance by reducing resource use. A new 32-bit Datapath architecture has been introduced to facilitate parallel encryption of 128-bit data blocks with low hardware complexity. The implementation benefits from the shift register in shifts, MixColumns and larger expansion stages, significantly reduces consumption of the area, which ensures high throws. The proposed AES architecture is developed in Verilog HDL and tested using models 6.4C and Matlab, and achieves a throw of 692.65 MB/s with a street number of only 5.65K when it is synthesized using the Xilinx tool.","2025-05","2026-04-09 20:59:14","2026-05-03 09:38:17","2026-04-09 20:58:15","1-6","","","","","","","","","","","","","","","","","","IEEE Xplore","","","","/Users/mac/Zotero/storage/257G23HX/K et al. - 2025 - An Efficient VLSI Design Of Pipelined Advanced Encryption Standard For Cryptography.pdf","","","","","","","","","","","","","","","","","","","","","","","","","","","","","","","","","","2025 2nd International Conference on Research Methodologies in Knowledge Management, Artificial Intelligence and Telecommunication Engineering (RMKMATE)","","","","","","","","","","","","","","",""
"W3HWBXAR","conferencePaper","2019","Mestiri, Hassen; Benhadjyoussef, Noura; Machhout, Mohsen","Fault Attacks Resistant AES Hardware Implementation","2019 IEEE International Conference on Design & Test of Integrated Micro & Nano-Systems (DTS)","","","10.1109/DTSS.2019.8914979","https://ieeexplore.ieee.org/document/8914979/","The protection of the symmetric cryptographic algorithm, specially the Advanced Encryption Standard (AES), against fault injection attacks is very inportant to guarantee the security of transmitted data. In this paper, we proposed a new fault detection scheme based information redundancy for the AES. We analysis the detection scheme robustness against the fault injection attacks. The simulation fault attacks results prove that the fault coverage reaches 71.43%. In addition, the original and the protected AES hardware implementation have been implemented on the Xilinx Virtex-5 FPGA. We confirm that the protected AES is very effective while keeping the frequency overhead very low.","2019-04","2026-04-09 20:59:14","2026-05-03 10:18:52","2026-04-09 20:58:18","1-6","","","","","","","","","","","","","","","","","","IEEE Xplore","","","","/Users/mac/Zotero/storage/6RBXE2XI/Mestiri et al. - 2019 - Fault Attacks Resistant AES Hardware Implementation.pdf","","","","","","","","","","","","","","","","","","","","","","","","","","","","","","","","","","2019 IEEE International Conference on Design & Test of Integrated Micro & Nano-Systems (DTS)","","","","","","","","","","","","","","",""
"ST497PEJ","conferencePaper","2024","Sala, Riccardo Della; Scotti, Giuseppe","Evaluation and Comparison of Physical Unclonable Functions suitable for FPGA Implementation","2024 39th Conference on Design of Circuits and Integrated Systems (DCIS)","","2640-5563","10.1109/DCIS62603.2024.10769166","https://ieeexplore.ieee.org/document/10769166/","In this study, cutting-edge FPGA-based Physical Unclonable Functions (PUFs) are analyzed and compared. We present measurements results on some of the most popular FPGA-oriented weak PUF architectures taken from the literature, in order to compare them in terms of statistical performance, resources usage, and the different tradeoffs achieved. Six PUF primitives, namely the DD-PUF, the NAND-PUF, the XOR-PUF, the PICO-PUF, the TERO-PUF, and the SS-RO-PUF have been implemented on the same AMD-Xilinx Artix-7 FPGA device, and measurements on 16 FPGA boards are provided for the comparisons. An evaluation of performance variations under different supply voltage and temperature conditions is presented. The statistical performance of the different PUFs is assessed by using the National Institute of Standards and Technology (NIST) tests to quantify the achieved randomness. The comparison is based also on a Figure of Merit which accounts for the tradeoff between statistical performance and resources usage.","2024-11","2026-04-09 20:59:14","2026-05-03 10:23:50","2026-04-09 20:58:20","1-6","","","","","","","","","","","","","","","","","","IEEE Xplore","","ISSN: 2640-5563","","/Users/mac/Zotero/storage/A74MZ6L3/Sala and Scotti - 2024 - Evaluation and Comparison of Physical Unclonable Functions suitable for FPGA Implementation.pdf","","","","","","","","","","","","","","","","","","","","","","","","","","","","","","","","","","2024 39th Conference on Design of Circuits and Integrated Systems (DCIS)","","","","","","","","","","","","","","",""
"MMS9LRYM","conferencePaper","2020","Nazarov, Anton; Babenko, Mikhail; Golimblevskaia, Elena","Efficient Hardware Implementation of Forward Conversion WNS-RNS on FPGA","2020 International Conference Engineering and Telecommunication (En&T)","","","10.1109/EnT50437.2020.9431304","https://ieeexplore.ieee.org/document/9431304/","The Residue number system is a modern powerful tool for solving a number of specialized tasks: digital signal processing, cryptography, increasing reliability, accelerating computations, etc. The effectiveness of its use largely depends on the solution of the problem of reducing the delay and area costs for the forward conversion of numerical data from the weighted number system to the residue number system and reverse conversion. The paper proposes a method of forward conversion to the residue number system based on distributed data processing. It's hardware implementation on FPGA and comparison with the standard algorithm of the IEEE Numeric_std library are presented.","2020-11","2026-04-09 20:59:14","2026-05-03 10:25:03","2026-04-09 20:58:22","1-4","","","","","","","","","","","","","","","","","","IEEE Xplore","","","","/Users/mac/Zotero/storage/SNM9942V/Nazarov et al. - 2020 - Efficient Hardware Implementation of Forward Conversion WNS-RNS on FPGA.pdf","","","","","","","","","","","","","","","","","","","","","","","","","","","","","","","","","","2020 International Conference Engineering and Telecommunication (En&T)","","","","","","","","","","","","","","",""
"PTUDFBEP","conferencePaper","2024","G, Chinni Prabhunath; Shah, Ambika Prasad","Fredkin Gate-Based Feed-Forward Arbiter PUF Design on FPGA","2024 International Conference on Microelectronics (ICM)","","2159-1679","10.1109/ICM63406.2024.10815789","https://ieeexplore.ieee.org/document/10815789/","This paper describes the design, implementation and evaluation of Fredkin Gate (FRG) based Feed-forward Arbiter Physically Unclonable Function (PUF). The proposed design is implemented and tested using 28nm Artix-7 FPGA. The Fredkin gate-based switch blocks and arbiter are manually placed inside the FPGA, the challenges for the design are generated through XNOR based 64-bit LFSR, the response outputs generated were 48 bits and the CRPs were statistically analysed for determining the PUF metrics. The uniformity and uniqueness of the proposed design are 49.37% and 48.32% respectively. This proposed design is compared against conventional feed-forward Arbiter PUF. The comparison shows that there is an increase of 0.65% uniformity and 2.72% uniqueness in the proposed design. The Reliability, BER, and KER for the proposed design are 84.25%, 12.75%, and 0.99665 respectively. It is also described how the FRG based feedforward arbiter PUF is maintaining its reliability even with the variation in the operating temperature. The NIST tests were carried out using NIST SP 800–22 to evaluate the suitablisity of the proposed design for randonmess and it is shown that the proposed design shall function as a good source of random or pseudo-random generators and be suitable for cryptographic applications when compared with the conventional design.","2024-12","2026-04-09 20:59:14","2026-05-03 10:15:58","2026-04-09 20:58:25","1-5","","","","","","","","","","","","","","","","","","IEEE Xplore","","ISSN: 2159-1679","","/Users/mac/Zotero/storage/G95PZK5F/G and Shah - 2024 - Fredkin Gate-Based Feed-Forward Arbiter PUF Design on FPGA.pdf","","","","","","","","","","","","","","","","","","","","","","","","","","","","","","","","","","2024 International Conference on Microelectronics (ICM)","","","","","","","","","","","","","","",""
"T29HCYWF","conferencePaper","2025","Kattamanchi, Hemanth Reddy; Mahesh, Vanga; Srinivasarao, B.K.N.; E, Suresh Babu","FPGA Implementation of Lorenz System Based RO-PUF","TENCON 2025 - 2025 IEEE Region 10 Conference (TENCON)","","2159-3450","10.1109/TENCON66050.2025.11375515","https://ieeexplore.ieee.org/document/11375515/","This paper presents the design and implementation of a Lorenz chaotic system-based Ring Oscillator Physically Unclonable Function (RO PUF) on Field Programmable Gate Arrays (FPGAs). PUFs have evolved as an important component of hardware security, providing unique IDs derived from inherent process variations during integrated circuit fabrication. The chaotic dynamics of the Lorenz system, which is recognised for its unpredictability and sensitivity to initial conditions, give a unique technique to creating random and secure challenges for PUF. The present research demonstrates the viability of incorporating chaotic systems into PUF designs to enhance security. The proposed system offers a reliable and adaptable way to generate secure and distinctive IDs that can be applied to a range of embedded systems, IoT, and cybersecurity applications. The results emphasise the potential of chaotic dynamics to considerably enhance the security features of hardware-based cryptographic primitives. By utilising the intrinsic variability of the Lorenz system, the proposed design optimises the security features of the PUF, guaranteeing a high degree of unpredictability and uniqueness. The experimental results indicate that the design is relatively low in hardware overhead, has a reliability of 97.79%, and a uniqueness of \mathbf4 8. 9 1 %. Additionally, the design parameters can be adjusted to alter the output response by the design parameters.","2025-10","2026-04-09 20:59:14","2026-05-03 10:17:20","2026-04-09 20:58:27","1385-1389","","","","","","","","","","","","","","","","","","IEEE Xplore","","ISSN: 2159-3450","<p>Export Date: 02 May 2026; Cited By: 0; CODEN: 85QXA</p>","/Users/mac/Zotero/storage/VKJWHWFY/Kattamanchi et al. - 2025 - FPGA Implementation of Lorenz System Based RO-PUF.pdf","","Hardware security; Field programmable gate arrays (FPGA); Integrated circuit design; Cryptography; Embedded systems; Cybersecurity; Design and implementations; Ring oscillator; Security features; PUF; Oscillators (electronic); Field-programmable gate array implementations; Chaotic systems; Integrated circuit manufacture; LFSR; Chaotic dynamics; Design parameters; Lorenz chaotic system; Lorenz system","","","","","","","","","","","","","","","","","","","","","","","","","","","","","","","","TENCON 2025 - 2025 IEEE Region 10 Conference (TENCON)","","","","","","","","","","","","","","",""
"JQTIG8WR","journalArticle","2025","Monopoli, Matteo; Biondi, Matteo; Nannipieri, Pietro; Moranti, Silvia; Fanucci, Luca","RADSAFiE: A Netlist-Level Fault Injection User Interface Application for FPGA-Based Digital Systems","IEEE Access","","2169-3536","10.1109/ACCESS.2025.3539932","https://ieeexplore.ieee.org/document/10877826/","Field Programmable Gate Arrays are extensively utilized across numerous domains, including telecommunications, cryptography, Machine Learning, and safety-critical applications. In critical applications, FPGAs are often exposed to environmental challenges, such as Single Event Upsets, which can affect the reliability of the design. Therefore, assessing the robustness of FPGA-based systems becomes crucial to ensure their correct functionality under normal operation and mitigate potential risks. This can be done by developing a fault injection environment to simulate the effect of Single Event Effects over the specified Device Under Test. Firstly, this paper briefly reviews other related works, highlighting the differences between the various approaches. Then, our novel netlist-level fault injection tool called RADSAFiE is introduced. The tool is characterized by a Python-based User Interface that allows users to modify an input netlist by inserting fault injection logic primitives. The user can select between two interfaces: a Graphical User Interface or a Command Line Interface, both taking an HDL netlist as input. We discuss the supported fault types and highlight the compatibility with different FPGA vendors. We also conduct code profiling on the application and analyze, for specific operations, both execution time and memory usage. Specifically, we focus on a use case that features the Soft Graphic Processing Unit IP provided by IngeniArs S.r.l., namely GPU@SAT. We present performance results across netlists of different sizes and offer a concise overview of the simulation environment. Finally, in the last section of the paper, we hint at possible future development and conclude the work.","2025","2026-04-09 20:59:14","2026-05-03 10:35:35","2026-04-09 20:58:29","28809-28823","","","13","","","RADSAFiE","","","","","","","","","","","","IEEE Xplore","","","<p>Export Date: 02 May 2026; Cited By: 7; Correspondence Address: M. Monopoli; University of Pisa, Department of Information Engineering, Pisa, 56122, Italy; email: matteo.monopoli@phd.unipi.it</p>","/Users/mac/Zotero/storage/7HTDYJ8Y/Monopoli et al. - 2025 - RADSAFiE A Netlist-Level Fault Injection User Interface Application for FPGA-Based Digital Systems.pdf","","Integrated circuit design; Field programmables; Programmable gate array; Forward error correction; Field programmable gate array; Problem oriented languages; Computer graphics equipment; Graphics processing unit; Radiation hardening; Fault injection; Graphical user interfaces; Digital system; field programmable gate arrays; Netlist; application; code profiling; Code profiling; digital systems; Health hazards; Interface applications; netlist; Soft error; soft errors; soft GPU; Soft GPU; user interface","","","","","","","","","","","","","","","","","","","","","","","","","","","","","","","","","","","","","","","","","","","","","","",""
"W2B44BHP","conferencePaper","2023","Kusuma, M Jaya Hadi; Khairunnisa, Rizka; Amelia, Fetty","Mobile Forensic Imaging Prototype with Data Integrity","2023 IEEE International Conference on Cryptography, Informatics, and Cybersecurity (ICoCICs)","","","10.1109/ICoCICs58778.2023.10277112","https://ieeexplore.ieee.org/document/10277112/","Although it is a useful tool in criminal investigations, digital evidence is easily altered. This might result in misinterpretation, deletions, or privacy violations. To protect digital evidence, it is important to ensure its integrity, authentication, and non-repudiation. This can be done using hash functions, digital signatures, and traceability functions. However, in Indonesia, the storage of digital evidence integrity data relies on handwriting, which is vulnerable to tampering. A prototype of mobile forensic imaging tools that can help protect the reliability of digital evidence is shown in this study. The prototype uses a more secure SHA-256 hash function, an ED25519 digital signature, and a traceability function. An RFID tag automatically stores and secures the digital evidence’s integrity data. The prototype also offers entity authentication to prevent hash value forgery. The Raspberry Pi single-board computer is the platform for the prototype. These procedures are carried out automatically by the system, which promotes accuracy and consistency.","2023-08","2026-04-09 20:59:14","2026-05-03 10:18:02","2026-04-09 20:58:32","53-58","","","","","","","","","","","","","","","","","","IEEE Xplore","","","","/Users/mac/Zotero/storage/CUE29Z8P/Kusuma et al. - 2023 - Mobile Forensic Imaging Prototype with Data Integrity.pdf","","","","","","","","","","","","","","","","","","","","","","","","","","","","","","","","","","2023 IEEE International Conference on Cryptography, Informatics, and Cybersecurity (ICoCICs)","","","","","","","","","","","","","","",""
"JYFUEHSP","conferencePaper","2024","A, Babu Karuppiah; R, Rajaraja; K, Resma Madhu P; N, Susithra; N, Pradeepika; G, Gopika","Resource Analysis of Lightweight Cryptography Algorithms for Compact Devices","2024 International Conference on Smart Systems for Electrical, Electronics, Communication and Computer Engineering (ICSSEECC)","","","10.1109/ICSSEECC61126.2024.10649478","https://ieeexplore.ieee.org/document/10649478/","The increasing number of sensitive electronic transactions highlights the need for fast and secure communication networks. Cryptographic algorithms offer a means to securely transmit information over communication channels. As data rates rise, software-based encryption becomes inadequate. Hardware implementation of cryptographic algorithms and their associated keys provides greater physical security, as they are not easily accessed or altered by external users. Enhancing the reliability of the algorithms, as well as their speed performance and implementation flexibility, are key areas of focus. This study proposes to compare the resource utilization of lightweight cryptography algorithms, specifically LED and ZORRO. The ZORRO algorithm uses 128-bit block and key sizes and operates through 24 rounds, with each round consisting of four transforms, the last two being identical operations. These rounds enhance security and operational efficiency. Additionally, the LED algorithm, known for its compactness and versatility in providing various security services, is also examined. It is widely used in applications such as RFID, smart cards, and sensor networks. This research aims to analyse the resource utilization of these algorithms using Xilinx FPGA.","2024-06","2026-04-09 20:59:14","2026-05-03 10:00:59","2026-04-09 20:58:34","579-584","","","","","","","","","","","","","","","","","","IEEE Xplore","","","<p>Export Date: 02 May 2026; Cited By: 1</p>","/Users/mac/Zotero/storage/KNIFZT54/A et al. - 2024 - Resource Analysis of Lightweight Cryptography Algorithms for Compact Devices.pdf","","FPGA; Cryptography; Cryptographic algorithms; Cryptography algorithms; Light-weight cryptography; Resource analysis; Resources utilizations; Smart cards; Communications networks; Compact devices; Electronic transaction; LED; Sensitive electronics; Zorro","","","","","","","","","","","","","","","","","","","","","","","","","","","","","","","","2024 International Conference on Smart Systems for Electrical, Electronics, Communication and Computer Engineering (ICSSEECC)","","","","","","","","","","","","","","",""
"27YWW4KA","conferencePaper","2023","O'Flynn, Colin","PicoEMP: A Low-Cost EMFI Platform Compared to BBI and Voltage Fault Injection using TDC & External VCC Measurements","2023 Workshop on Fault Detection and Tolerance in Cryptography (FDTC)","","2995-0252","10.1109/FDTC60478.2023.00015","https://ieeexplore.ieee.org/document/10495121/","Electromagnetic Fault Injection (EMFI) has been demonstrated to be useful for both academic and industrial research. Due to the dangerous voltages involved, most work is done with commercial tools. This paper introduces a safety-focused low-cost and open-source design that can be built for less than $50 using only off-the-shelf parts. The paper also introduces an iCE40 based Time-to-Digital Converter (TDC), which is used to visualize the glitch inserted by the EMFI tool. This demonstrates the internal voltage perturbations between voltage, body biasing injection (BBI), and EMFI all result in similar waveforms. In addition, a link between an easy-to-measure external voltage measurement and the internal measurement is made. Attacks are also made on a hardware AES engine, and a soft-core RISC-V processor, all running on the same iCE40 FPGA. The platform is used to demonstrate several aspects of fault injection, including that the spatial positioning of the EMFI probe can impact the glitch strength, and that the same physical device may require widely different glitch parameters when running different designs.","2023-09","2026-04-09 20:59:14","2026-05-03 10:23:12","2026-04-09 20:58:36","60-71","","","","","","PicoEMP","","","","","","","","","","","","IEEE Xplore","","ISSN: 2995-0252","","/Users/mac/Zotero/storage/NBVYC2I8/O'Flynn - 2023 - PicoEMP A Low-Cost EMFI Platform Compared to BBI and Voltage Fault Injection using TDC & External V.pdf","","","","","","","","","","","","","","","","","","","","","","","","","","","","","","","","","","2023 Workshop on Fault Detection and Tolerance in Cryptography (FDTC)","","","","","","","","","","","","","","",""
"NGVBRC82","conferencePaper","2020","Amiet, Dorian; Leuenberger, Lukas; Curiger, Andreas; Zbinden, Paul","FPGA-based SPHINCS+ Implementations: Mind the Glitch","2020 23rd Euromicro Conference on Digital System Design (DSD)","","","10.1109/DSD51259.2020.00046","https://ieeexplore.ieee.org/document/9217834/","The digital signature scheme SPHINCS+ is a candidate in the NIST post-quantum project, whose aim is to standardize cryptographic systems that are secure against attacks originating from both quantum and classical computers. We present an efficient and, to our knowledge, first hardware implementation for SPHINCS+. Our systematic approach of a performance-optimized FPGA architecture results in a 100x speed-up compared to the reference software-only implementation. Our investigation on a real-world implementation revealed a weakness regarding fault injection. The attack breaks the scheme completely. Collecting enough private information to forge a signature is a matter of seconds on our setup. We discuss possible countermeasures. A “sign-then-verify” operation unfortunately does not detect a faulty signature, but a full replication of the hardware might make a detection possible.","2020-08","2026-04-09 20:59:14","2026-05-03 10:09:28","2026-04-09 20:58:39","229-237","","","","","","FPGA-based SPHINCS+ Implementations","","","","","","","","","","","","IEEE Xplore","","","","/Users/mac/Zotero/storage/26HSRTI9/Amiet et al. - 2020 - FPGA-based SPHINCS+ Implementations Mind the Glitch.pdf","","","","","","","","","","","","","","","","","","","","","","","","","","","","","","","","","","2020 23rd Euromicro Conference on Digital System Design (DSD)","","","","","","","","","","","","","","",""
"UVHCGCMZ","conferencePaper","2025","Majumdar, Alip; Shrestha, Rahul","CRIS-b: A High-Speed Unified Modulo Reduction Algorithm and Hardware Architecture for CRYSTALS-Kyber","2025 38th International Conference on VLSI Design and 2024 23rd International Conference on Embedded Systems (VLSID)","","2380-6923","10.1109/VLSID64188.2025.00022","https://ieeexplore.ieee.org/document/10900705/","This paper presents highly reliable algorithm and high-speed hardware architecture for a unified modulo reduction for CRYSTALS-Kyber. This new architecture for modulo reduction is capable of operating at a maximum clock frequency of 351.62 MHz on Artix-7 FPGA platform, consuming a latency of 5 clock cycles, which is approximately 35.24% faster than state-of-the-art implementations. In this work, we have alleviated the size expansion problem of intermediate value of the conventional Barrett algorithm (which is one of the fastest and most reliable algorithm for modulo reduction, reported in literature) by suggesting a new technique, referred as “Conditional R-index Switching for b-value Minimization (CRIS-b)”. We propose a unified modulo reduction design handling both positive and negative spectrum numbers for all arithmetic modulo operations in a butterfly unit of Number Theoretic Transform(NTT).","2025-01","2026-04-09 20:59:14","2026-05-03 09:54:51","2026-04-09 20:58:41","49-54","","","","","","CRIS-b","","","","","","","","","","","","IEEE Xplore","","ISSN: 2380-6923","","/Users/mac/Zotero/storage/5C7BJL7T/Majumdar and Shrestha - 2025 - CRIS-b A High-Speed Unified Modulo Reduction Algorithm and Hardware Architecture for CRYSTALS-Kyber.pdf","","","","","","","","","","","","","","","","","","","","","","","","","","","","","","","","","","2025 38th International Conference on VLSI Design and 2024 23rd International Conference on Embedded Systems (VLSID)","","","","","","","","","","","","","","",""
"N4U7E9JI","conferencePaper","2025","James, Sanjana; Anshul; Bhunia, Sayantika; Gokulanathan, Sumathi","Advanced FPGA Hybrid PUF: Boosting Distinctiveness and Security Resilience","2025 International Conference on Communication and Smart Devices (ICCoSD)","","","10.1109/ICCoSD66074.2025.11348463","https://ieeexplore.ieee.org/document/11348463/","Hardware security primitives called physically unclonable functions (PUFs) utilize natural manufacturing variability to generate random and unique responses. They form the foundation for cryptographic key generation and secure authentication. Focusing on enhanced uniqueness and security, this paper demonstrates how to implement an Hybrid PUF on an FPGA. While maintaining low hardware overhead, the proposed method enhances the dependability and resilience of traditional PUFs. Our approach optimizes the architecture to reduce dependability issues Experimental results demonstrate improved uniqueness and longevity compared to standard implementations, making the design an excellent option for cryptographic use and secure authentication.","2025-07","2026-04-09 20:59:14","2026-05-03 09:37:20","2026-04-09 20:58:43","1-6","","","1","","","Advanced FPGA Hybrid PUF","","","","","","","","","","","","IEEE Xplore","","","","/Users/mac/Zotero/storage/SGHB53TA/James et al. - 2025 - Advanced FPGA Hybrid PUF Boosting Distinctiveness and Security Resilience.pdf","","","","","","","","","","","","","","","","","","","","","","","","","","","","","","","","","","2025 International Conference on Communication and Smart Devices (ICCoSD)","","","","","","","","","","","","","","",""
"485F7UGE","conferencePaper","2024","Papadopoulos, Marios; Lampropoulos, Kostas; Kitsos, Paris","FPGA-Based Cloud Security Solutions for 5G Networks","2024 IEEE International Conference on Cyber Security and Resilience (CSR)","","","10.1109/CSR61664.2024.10679410","https://ieeexplore.ieee.org/document/10679410/","The primary goal of this work is to introduce possible hardware solutions regarding cryptographic key management and generation, which ensure uniqueness, high security standards, and of course applicability in multi-tenancy environments over 5G networks. It is also proposed to design an integrated system that combines elliptic curve key generation, client content encryption, and decryption process with FPGA devices, and a user interface that can be implemented with conventional web implementation methods. This paper will describe a cryptographic key generation system with FPGA that can work on Zynq or ultra-scale devices. Essentially this is a hardware IP block that performs the computation of the scalar multiplication [\boldsymbolk]\boldsymbolP on any elliptic curve defined in a finite field of characteristic \boldsymbolp > \mathbf3. Intended as a hardware accelerator embedded in a silicon matrix to ensure highly reliable and yet efficient elliptic curve signature authentication and secure Diffie-Hellman key exchange.","2024-09","2026-04-09 20:59:14","2026-05-03 10:21:21","2026-04-09 20:58:46","913-918","","","","","","","","","","","","","","","","","","IEEE Xplore","","","","/Users/mac/Zotero/storage/XV2YGAM7/Papadopoulos et al. - 2024 - FPGA-Based Cloud Security Solutions for 5G Networks.pdf","","","","","","","","","","","","","","","","","","","","","","","","","","","","","","","","","","2024 IEEE International Conference on Cyber Security and Resilience (CSR)","","","","","","","","","","","","","","",""
"RS8EGBBB","journalArticle","2017","Koteshwara, Sandhya; Das, Amitabh","Comparative Study of Authenticated Encryption Targeting Lightweight IoT Applications","IEEE Design & Test","","2168-2364","10.1109/MDAT.2017.2682234","https://ieeexplore.ieee.org/document/7878595/","This article focuses on detecting attacks to power system with the help of cyber-physical co-modeling. The foundational algorithm used to detect attacks is a new dynamic state estimator that can provide real-tie models of the system improving over legacy state estimators and three-phase linear state estimators. This new system can help operators of the power grid detect when device settings have been tampered, and help identified the context of a command (i.e., under which conditions of the system are specific commands allowed). -Alvaro Cardenas, University of Texas at Dallas.","2017-08","2026-04-09 20:59:14","2026-04-09 20:59:14","2026-04-09 20:58:48","26-33","","4","34","","","","","","","","","","","","","","","IEEE Xplore","","","","/Users/mac/Zotero/storage/Q9YEXLNB/Koteshwara and Das - 2017 - Comparative Study of Authenticated Encryption Targeting Lightweight IoT Applications.pdf","","","","","","","","","","","","","","","","","","","","","","","","","","","","","","","","","","","","","","","","","","","","","","","","",""
"MRVYCRC4","conferencePaper","2022","Shuvo, Amit Mazumder; Pundir, Nitin; Park, Jungmin; Farahmandi, Farimah; Tehranipoor, Mark","LDTFI: Layout-aware Timing Fault-Injection Attack Assessment Against Differential Fault Analysis","2022 IEEE Computer Society Annual Symposium on VLSI (ISVLSI)","","2159-3477","10.1109/ISVLSI54635.2022.00036","https://ieeexplore.ieee.org/document/9912012/","Attackers can target a cryptographic hardware design with a low-cost setup and little effort to inject timing faults, which can be exploited to leak secret keys when paired with differential fault analysis (DFA). In the literature, proposed analysis methods and countermeasures against such attacks target higher design abstractions (e.g., RTL and gate level), and incur large area and latency overhead. Moreover, none of these proposed methodologies account for timing variations incurred by design during layout generation. In this paper, we propose an LDTFI framework to automatically analyze the viability of clock-glitch-based timing faults to perform DFA and then apply countermeasures at the layout level. LDTFI first assesses the feasibility of injecting controlled timing faults into crypto designs needed for successful DFA and then provides its vulnerability, After that, to render DFA ineffective, we ingeniously modify the design's layout to alter the path delays of security-critical registers. In contrast to system-wide countermeasures, we ad-minister countermeasures locally to security-critical paths. As a result, these countermeasures incur minimal area and no latency overhead to the design. The framework's efficacy is shown by accounting for the DFA attack on the pipelined implementation of an AES design,","2022-07","2026-04-09 20:59:14","2026-05-03 10:36:56","2026-04-09 20:58:50","134-139","","","","","","LDTFI","","","","","","","","","","","","IEEE Xplore","","ISSN: 2159-3477","","/Users/mac/Zotero/storage/CNRZXARR/Shuvo et al. - 2022 - LDTFI Layout-aware Timing Fault-Injection Attack Assessment Against Differential Fault Analysis.pdf","","","","","","","","","","","","","","","","","","","","","","","","","","","","","","","","","","2022 IEEE Computer Society Annual Symposium on VLSI (ISVLSI)","","","","","","","","","","","","","","",""
"4Y4G97A3","conferencePaper","2024","Upadhyaya, Devanshi; Polian, Ilia","Optimizing Waveform Accurate Fault Attacks Using Formal Methods","2024 IEEE International Symposium on Defect and Fault Tolerance in VLSI and Nanotechnology Systems (DFT)","","2765-933X","10.1109/DFT63277.2024.10753549","https://ieeexplore.ieee.org/document/10753549/","State-of-the-art fault attacks demand either a large number of low-precision fault injections (statistical attacks) or very few injections using sophisticated equipment (algebraic attacks) to break modern cryptosystems. For example, a popular attack breaks AES-128 with one injection, but the fault effects must be restricted to one 4-bit nibble of its state. This paper combines the advantages of the two by optimizing the probability of achieving the desired failing state bit patterns, and thus the attack's success rate, during conventional, low-cost clock manipulation. The problem bears similarities with small-delay fault test generation, and we extend formal (Boolean satisfiability, or SAT) models that were initially developed for waveform-accurate SDF ATPG procedures. A fundamental distinction of our analysis is the presence of fixed-yet-unknown secret bits, which influence the failing state bit patterns. For this reason, we use a model-counting (#SAT) approach to estimate the success probability as an average across secret bit combinations.","2024-10","2026-04-09 20:59:14","2026-05-03 10:05:16","2026-04-09 20:58:52","1-6","","","","","","","","","","","","","","","","","","IEEE Xplore","","ISSN: 2765-933X","","/Users/mac/Zotero/storage/A5J8EVQ4/Upadhyaya and Polian - 2024 - Optimizing Waveform Accurate Fault Attacks Using Formal Methods.pdf","","","","","","","","","","","","","","","","","","","","","","","","","","","","","","","","","","2024 IEEE International Symposium on Defect and Fault Tolerance in VLSI and Nanotechnology Systems (DFT)","","","","","","","","","","","","","","",""
"H6ZU4644","conferencePaper","2020","Surya, G; Maistri, Paolo; Sankaran, Sriram","Local Clock Glitching Fault Injection with Application to the ASCON Cipher","2020 IEEE International Symposium on Smart Electronic Systems (iSES) (Formerly iNiS)","","","10.1109/iSES50453.2020.00067","https://ieeexplore.ieee.org/document/9426171/","Lightweight ciphers such as ASCON facilitate ease of implementation as well as provide better performance over conventional ciphers, thus making it suitable for resource-constrained devices. However, hardware implementations of these ciphers are vulnerable to a multitude of physical attacks (such as fault injections) requiring dedicated countermeasures thus causing a negative impact on security, performance and power consumption. Modeling and understanding the impact of these attacks on cipher operations and end users is mandatory. Further, detection and mitigation of such fault injection attacks is challenging due to the interconnected nature of cipher design, coupled with the varying number of possible design choices and with the forced trade-offs that need to be done in order to implement expensive countermeasures at the lowest possible cost. In this work, we aim to model a fault injection attack on ASCON and analyze its impact on FPGA. In particular, we implement the ASCON cipher and propose a methodology for fault injection attacks using synchronous clock glitching by Digital Clock Manager (DCM) introducing a novel approach of locality, which can be exploited to emulate general delay faults on focused parts of the design, such those induced by pulsed EM injections.","2020-12","2026-04-09 20:59:14","2026-05-03 10:20:09","2026-04-09 20:58:55","271-276","","","","","","","","","","","","","","","","","","IEEE Xplore","","","","/Users/mac/Zotero/storage/3PMZV6JR/Surya et al. - 2020 - Local Clock Glitching Fault Injection with Application to the ASCON Cipher.pdf; /Users/mac/Zotero/storage/89V3SXMQ/Surya et al. - 2020 - Local Clock Glitching Fault Injection with Application to the ASCON Cipher.pdf","","","","","","","","","","","","","","","","","","","","","","","","","","","","","","","","","","2020 IEEE International Symposium on Smart Electronic Systems (iSES) (Formerly iNiS)","","","","","","","","","","","","","","",""
"8WCACEPG","conferencePaper","2022","Mittal, Shikha; Monga, Chetna; Upreti, Kamal; Kumar, Nishant; Raut, Ranjana Dinkar; Alam, Mohammad Shabbir","Light Weight Cryptography for Cloud-Based E-Health Records","2022 7th International Conference on Communication and Electronics Systems (ICCES)","","","10.1109/ICCES54183.2022.9835827","https://ieeexplore.ieee.org/document/9835827/","Cloud computing is currently a popular research topic among academics. It is an internet-based resource pool with a wide range of resources. The cloud environment is extremely dependable in terms of making resources available to internet users when they are needed. Reliable computing services can be provided without the need for any additional infrastructure, making it a cost-effective alternative. The majority of the businesses relied on cloud computing to host their apps. The health-care unit service is the most important service for the population. It is critical to keep sensitive information about a patient's medical history in a secure location. As a result, the most secure encryption and decryption should be used. The maintenance of Electronic Health Records is one of the advanced technologies in cloud computing. There is very little research and development in the areas of personal health records and electronic health records. The ultimate goal of this work is to offer a system for exchanging personal health information in a safe cloud setting. The medical information about a patient is likewise kept in this EHR by cloud environment in a dispersed manner. The saved information of user can be collected, shared, exchanged, and organised by other users. In addition, this research study demonstrates an effective way for securing an e-health cloud system in a cloud computing environment utilising identity-based cryptographic technique.","2022-06","2026-04-09 20:59:14","2026-05-03 10:18:46","2026-04-09 20:58:57","690-696","","","","","","","","","","","","","","","","","","IEEE Xplore","","","","/Users/mac/Zotero/storage/DQ8S4WCJ/Mittal et al. - 2022 - Light Weight Cryptography for Cloud-Based E-Health Records.pdf","","","","","","","","","","","","","","","","","","","","","","","","","","","","","","","","","","2022 7th International Conference on Communication and Electronics Systems (ICCES)","","","","","","","","","","","","","","",""
"GCB3RPAX","conferencePaper","2017","Chorage, S. S.; Somwanshi, V. A.","Fault resistant encryption system using high speed AES algorithm on FPGA","2017 International conference of Electronics, Communication and Aerospace Technology (ICECA)","","","10.1109/ICECA.2017.8212858","https://ieeexplore.ieee.org/document/8212858/","In confidential data transmission data security is an important factor. Advance Encryption Standard is symmetric cryptography standard used for confidential data transmission. However, some faults are injected during implementation of AES to reduce its reliability and may cause information leakage. Fault detection scheme includes the details of each transformation in AES algorithm. Simulation results shows outputs of encryption and decryption process and flag error shows the state of faults that is detected or not detected. After fault detection one operation is performed that is redundancy check. Detected error or fault is corrected using redundancy check. The scheme is implemented using FPGA platform.","2017-04","2026-04-09 20:59:14","2026-05-03 10:06:24","2026-04-09 20:59:00","466-470","","","2","","","","","","","","","","","","","","","IEEE Xplore","","","","/Users/mac/Zotero/storage/9GVSM4LU/Chorage and Somwanshi - 2017 - Fault resistant encryption system using high speed AES algorithm on FPGA.pdf","","","","","","","","","","","","","","","","","","","","","","","","","","","","","","","","","","2017 International conference of Electronics, Communication and Aerospace Technology (ICECA)","","","","","","","","","","","","","","",""
"VCCTS5KT","conferencePaper","2019","Chauhan, Arjun Singh; Sahula, Vineet; Mandal, A. S.","Novel Randomized & Biased Placement for FPGA Based Robust Random Number Generator with Enhanced Uniqueness","2019 32nd International Conference on VLSI Design and 2019 18th International Conference on Embedded Systems (VLSID)","","2380-6923","10.1109/VLSID.2019.00079","https://ieeexplore.ieee.org/document/8710956/","The physical unclonable functions (PUF) have widely been used to provide software as well as hardware security for the cyber-physical systems. They are used for performing significant cryptography tasks such as generating keys, device authentication and securing against IP piracy. They have also been used to produce the root of trust. However, they lack in reliability metric. We present a novel approach for improving the uniqueness as well as the reliability of field programmable gated arrays (FPGAs) based ring oscillator PUF and derive a random number, consuming a very small area concerning look up tables (LUTs). We use profiling method for observing frequency variations in ring oscillators (RO), spatially placed across the FPGA floor, and are able to spot the suitable locations for RO mapping, which leads to enhanced ROPUF reliability. We have implemented proposed methodology on Xilinx -7 series FPGAs and tested the robustness against environmental variations e.g. temperature and supply voltage variations. The proposed approach achieves 6% higher uniqueness of 49.83% along with the reliability of 99.35%, which as a group of PUF characteristics, is a significant improvement as compared to characteristics provided by existing ROPUF methods. The random number generator so realized passes all applicable nine tests of NIST uniformity statistical test suite.","2019-01","2026-04-09 20:59:14","2026-05-03 10:05:34","2026-04-09 20:59:02","353-358","","","","","","","","","","","","","","","","","","IEEE Xplore","","ISSN: 2380-6923","","/Users/mac/Zotero/storage/T74A9KFK/Chauhan et al. - 2019 - Novel Randomized & Biased Placement for FPGA Based Robust Random Number Generator with Enhanced Uniq.pdf","","","","","","","","","","","","","","","","","","","","","","","","","","","","","","","","","","2019 32nd International Conference on VLSI Design and 2019 18th International Conference on Embedded Systems (VLSID)","","","","","","","","","","","","","","",""
"HE4A7S3F","journalArticle","2022","Costa, Vinícius L. R. Da; Camponogara, Ândrei; López, Julio; Ribeiro, Moisés V.","The Feasibility of the CRYSTALS-Kyber Scheme for Smart Metering Systems","IEEE Access","","2169-3536","10.1109/ACCESS.2022.3229521","https://ieeexplore.ieee.org/document/9987505/","This paper investigates the feasibility of a quantum-secure Key Encapsulation Mechanism (KEM) in hardware constrained Smart Meter (SM) equipment. In this sense, the Cryptographic Suite for Algebraic Lattices (CRYSTALS)-Kyber scheme, the new standard for post-quantum Public-Key Encryption (PKE) systems chosen by the post-quantum cryptography (PQC) standardization process, is scrutinized and implemented in a System-on-a-Chip (SoC) Field Programmable Gate Array (FPGA) device. Experimental results show that the proposed hardware/software co-design implementation of the CRYSTALS-Kyber scheme in an SoC FPGA device reduces its execution time by around 70% compared to its software implementation. Moreover, the hardware resource analysis shows that the proposed hardware/software co-design implementation of the CRYSTALS-Kyber scheme in an SoC device is feasible for SM equipment.","2022","2026-04-09 20:59:14","2026-05-03 10:10:52","2026-04-09 20:59:05","131303-131317","","","10","","","","","","","","","","","","","","","IEEE Xplore","","","","/Users/mac/Zotero/storage/KI4D7E22/Costa et al. - 2022 - The Feasibility of the CRYSTALS-Kyber Scheme for Smart Metering Systems.pdf","","","","","","","","","","","","","","","","","","","","","","","","","","","","","","","","","","","","","","","","","","","","","","","","",""
"TUR4ETL7","conferencePaper","2018","Zaccaria, Vittorio; Molteni, Maria Chiara; Melzani, Filippo; Bertoni, Guido","Darth's Saber: A Key Exfiltration Attack for Symmetric Ciphers Using Laser Light","2018 Workshop on Fault Diagnosis and Tolerance in Cryptography (FDTC)","","","10.1109/FDTC.2018.00012","https://ieeexplore.ieee.org/document/8573930/","This paper evaluates the effectiveness of exfiltrating a key from an AES primitive by injecting double transient faults into the digital circuit using two laser lights. We present some theoretical consideration on the effectiveness of this approach and show a few experimental results supporting our reasoning.","2018-09","2026-04-09 20:59:14","2026-05-03 09:55:05","2026-04-09 20:59:07","23-26","","","","","","Darth's Saber","","","","","","","","","","","","IEEE Xplore","","","","/Users/mac/Zotero/storage/JWXNFTX5/Zaccaria et al. - 2018 - Darth's Saber A Key Exfiltration Attack for Symmetric Ciphers Using Laser Light.pdf","","","","","","","","","","","","","","","","","","","","","","","","","","","","","","","","","","2018 Workshop on Fault Diagnosis and Tolerance in Cryptography (FDTC)","","","","","","","","","","","","","","",""
"328WHGXT","conferencePaper","2025","Swathi, B P; A, Tejashree; G P, Aishwarya; N, Rahul; N, Shylashree","Design and Timing Analysis of LFSR with Variable Order of Interleaving Sequence","2025 9th International Conference on Computational System and Information Technology for Sustainable Solutions (CSITSS)","","2767-1097","10.1109/CSITSS67709.2025.11295764","https://ieeexplore.ieee.org/document/11295764/","In cryptography and communication system applications, Linear Feedback Shift Registers (LFSRs) are commonly used for pseudorandom number generation due to their simplicity and capability of generating long periodic sequences. But the linear characteristics of basic LFSRs weaken their resistance to cryptanalytic attacks. This work presents a new interleaved LFSR system design that promotes randomness and security through output combination from various LFSRs, each governed by distinct primitive polynomials of equal degree, using a dynamic interleaving process. Control-based sequence determines interleaving order, substituting the fixed cyclic approach with a programmable strategy. Register Transfer Level (RTL) implementation is designed using Verilog and verified for correctness through Cadence tools, supplemented with static timing analysis conducted on the synthesized gate-level netlist. The results confirm functional correctness and demonstrate that the design meets setup and hold timing constraints, with a setup slack of 4.758 ns and a hold slack of 0.164 ns, thereby validating the effectiveness and reliability of the proposed interleaved LFSR approach.","2025-11","2026-04-09 20:59:14","2026-05-03 10:20:07","2026-04-09 20:59:09","1-6","","","","","","","","","","","","","","","","","","IEEE Xplore","","ISSN: 2767-1097","<p>Export Date: 02 May 2026; Cited By: 0</p>","/Users/mac/Zotero/storage/LNRF9WQP/Swathi et al. - 2025 - Design and Timing Analysis of LFSR with Variable Order of Interleaving Sequence.pdf","","Hardware security; Network security; Feedback; Cryptography; Number theory; Random number generation; Polynomials; Timing circuits; Interleavings; Cryptographic hardware; Random processes; Computer hardware description languages; Linear feedback shift register; Linear Feedback Shift Register (LFSR); Linear feedback shift registers; Cryptographic Hardware; Design Analysis; Interleaving technique; Interleaving Techniques; Pseudo-random sequence generation; Pseudo-random Sequence Generation; Pseudorandom sequences; Sequence generation; Static timing analysis; Static Timing Analysis; Timing devices","","","","","","","","","","","","","","","","","","","","","","","","","","","","","","","","2025 9th International Conference on Computational System and Information Technology for Sustainable Solutions (CSITSS)","","","","","","","","","","","","","","",""
"XAZ9UZC2","conferencePaper","2025","Swathi, B P; A, Tejashree; P, Aishwarya G; N, Rahul; N, Shylashree","Design and Timing Analysis of LFSR with Variable Order of Interleaving Sequence","2025 9th International Conference on Computational System and Information Technology for Sustainable Solutions (CSITSS)","","2767-1097","10.1109/CSITSS67709.2025.11295802","https://ieeexplore.ieee.org/document/11295802/","In cryptography and communication system applications, Linear Feedback Shift Registers (LFSRs) are commonly used for pseudorandom number generation due to their simplicity and capability of generating long periodic sequences. But the linear characteristics of basic LFSRs weaken their resistance to cryptanalytic attacks. This work presents a new interleaved LFSR system design that promotes randomness and security through output combination from various LFSRs, each governed by distinct primitive polynomials of equal degree, using a dynamic interleaving process. Control-based sequence determines interleaving order, substituting the fixed cyclic approach with a programmable strategy. Register Transfer Level (RTL) implementation is designed using Verilog and verified for correctness through Cadence tools, supplemented with static timing analysis conducted on the synthesized gate-level netlist. The results confirm functional correctness and demonstrate that the design meets setup and hold timing constraints, with a setup slack of 4.758 ns and a hold slack of 0.164 ns, thereby validating the effectiveness and reliability of the proposed interleaved LFSR approach.","2025-11","2026-04-09 20:59:14","2026-05-03 10:38:28","2026-04-09 20:59:11","1-6","","","","","","","","","","","","","","","","","","IEEE Xplore","","ISSN: 2767-1097","","/Users/mac/Zotero/storage/6KI3LZUR/Swathi et al. - 2025 - Design and Timing Analysis of LFSR with Variable Order of Interleaving Sequence.pdf","","","","","","","","","","","","","","","","","","","","","","","","","","","","","","","","","","2025 9th International Conference on Computational System and Information Technology for Sustainable Solutions (CSITSS)","","","","","","","","","","","","","","",""
"RNR62BX8","journalArticle","2021","Canto, Alvaro Cintas; Mozaffari-Kermani, Mehran; Azarderakhsh, Reza","Reliable CRC-Based Error Detection Constructions for Finite Field Multipliers With Applications in Cryptography","IEEE Transactions on Very Large Scale Integration (VLSI) Systems","","1557-9999","10.1109/TVLSI.2020.3031170","https://ieeexplore.ieee.org/document/9239379/","Finite-field multiplication has received prominent attention in the literature with applications in cryptography and error-detecting codes. For many cryptographic algorithms, this arithmetic operation is a complex, costly, and time-consuming task that may require millions of gates. In this work, we propose efficient hardware architectures based on cyclic redundancy check (CRC) as error-detection schemes for postquantum cryptography (PQC) with case studies for the Luov cryptographic algorithm. Luov was submitted for the National Institute of Standards and Technology (NIST) PQC standardization competition and was advanced to the second round. The CRC polynomials selected are in-line with the required error-detection capabilities and with the field sizes as well. We have developed verification codes through which software implementations of the proposed schemes are performed to verify the derivations of the formulations. Additionally, hardware implementations of the original multipliers with the proposed error-detection schemes are performed over a Xilinx field-programmable gate array (FPGA), verifying that the proposed schemes achieve high error coverage with acceptable overhead.","2021-01","2026-04-09 20:59:14","2026-05-03 10:05:48","2026-04-09 20:59:14","232-236","","1","29","","","","","","","","","","","","","","","IEEE Xplore","","","","/Users/mac/Zotero/storage/XTPQGQL2/Canto et al. - 2021 - Reliable CRC-Based Error Detection Constructions for Finite Field Multipliers With Applications in C.pdf","","","","","","","","","","","","","","","","","","","","","","","","","","","","","","","","","","","","","","","","","","","","","","","","",""
"4GH36FWG","conferencePaper","2025","Rayhan, Brian Nasywa; Ogi, Dion; Wijaya, Faqih Rangga; Sabiya, Siti Manayra","Design of RFID and SHA-3 Based Access Control System for Monitoring and Accountability in Fuel Dispensing Process","2025 IEEE 2nd International Conference on Cryptography, Informatics, and Cybersecurity (ICoCICs)","","","10.1109/ICoCICs68032.2025.11384069","https://ieeexplore.ieee.org/document/11384069/","This study presents the design and implementation of a fuel dispensing access control and monitoring system aimed at improving accountability in gas stations. The system integrates RFID-based authentication and SHA-3 hashing to ensure that only authorized personnel can initiate the fuel dispensing process. By logging authenticated user activity and refueling data to a cloud-based MySQL platform, the system provides traceable digital records for each transaction. Although the proposed approach does not directly prevent calibration tampering within the fuel dispenser, it serves as a preventive measure against unauthorized usage and supports fraud detection through activity monitoring. The prototype was tested for authentication accuracy, transaction latency, and usability. Results show that the system can successfully log user identities and fuel amounts, offering a potential tool for enhancing operational transparency and accountability in fuel stations.","2025-10","2026-04-09 21:05:16","2026-05-03 10:21:31","2026-04-09 21:03:24","374-378","","","","","","","","","","","","","","","","","","IEEE Xplore","","","","/Users/mac/Zotero/storage/RUHNVMHW/Rayhan et al. - 2025 - Design of RFID and SHA-3 Based Access Control System for Monitoring and Accountability in Fuel Dispe.pdf","","","","","","","","","","","","","","","","","","","","","","","","","","","","","","","","","","2025 IEEE 2nd International Conference on Cryptography, Informatics, and Cybersecurity (ICoCICs)","","","","","","","","","","","","","","",""
"K4AQB4X2","conferencePaper","2020","Nazarov, Anton; Babenko, Mikhail; Golimblevskaia, Elena","Hardware Implementation of the Reverse Conversion RNS-WNS on FPGA","2020 International Conference Engineering and Telecommunication (En&T)","","","10.1109/EnT50437.2020.9431249","https://ieeexplore.ieee.org/document/9431249/","The Residue Number System is a modern powerful tool for solving a number of specialized tasks: digital signal processing, cryptography, increasing reliability, accelerating computations, etc. The effectiveness of its use largely depends on the solution of the problem of reducing the delay and area costs for the reverse conversion of numerical data to the weighted number system. The paper considers the main methods of reverse conversion from the residue number system to the weighted number system. Their hardware implementation on FPGA and a comparative analysis are presented.","2020-11","2026-04-09 21:05:16","2026-04-09 21:05:16","2026-04-09 21:03:27","1-5","","","","","","","","","","","","","","","","","","IEEE Xplore","","","","/Users/mac/Zotero/storage/ZL9JZQEM/Nazarov et al. - 2020 - Hardware Implementation of the Reverse Conversion RNS-WNS on FPGA.pdf","","","","","","","","","","","","","","","","","","","","","","","","","","","","","","","","","","2020 International Conference Engineering and Telecommunication (En&T)","","","","","","","","","","","","","","",""
"SKJ774MC","journalArticle","2022","Potestad-Ordóñez, F. E.; Tena-Sánchez, E.; Acosta-Jiménez, A. J.; Jiménez-Fernández, C. J.; Chaves, Ricardo","Design and Evaluation of Countermeasures Against Fault Injection Attacks and Power Side-Channel Leakage Exploration for AES Block Cipher","IEEE Access","","2169-3536","10.1109/ACCESS.2022.3183764","https://ieeexplore.ieee.org/document/9797724/","Differential Fault Analysis (DFA) and Power Analysis (PA) attacks, have become the main methods for exploiting the vulnerabilities of physical implementations of block ciphers, currently used in a multitude of applications, such as the Advanced Encryption Standard (AES). In order to minimize these types of vulnerabilities, several mechanisms have been proposed to detect fault attacks. However, these mechanisms can have a significant cost, not fully covering the implementations against fault attacks or not taking into account the leakage of the information exploitable by the power analysis attacks. In this paper, four different approaches are proposed with the aim of protecting the AES block cipher against DFA. The proposed solutions are based on Hamming code and parity bits as signature generators for the internal state of the AES cipher. These allow to detect DFA exploitable faults, from bit to byte level. The proposed solutions have been applied to a T-box based AES block cipher implemented on Field Programmable Gate Array (FPGA). Experimental results suggest a fault coverage of 98.5% and 99.99% with an area penalty of 9% and 36% respectively, for the parity bit signature generators and a fault coverage of 100% with an area penalty of 18% and 42% respectively when Hamming code signature generator is used. In addition, none of the proposed countermeasures impose a frequency degradation, in respect to the unprotected cipher. The proposed work goes further in the evaluation of the proposed DFA countermeasures by evaluating the impact of these structures in terms of power side-channel. The obtained results suggest that no extra information leakage is produced that can be exploited by PA. Overall, the proposed DFA countermeasures provide a high fault coverage protection with a low cost in terms of area and power consumption and no PA security degradation.","2022","2026-04-09 21:05:16","2026-04-09 21:05:16","2026-04-09 21:03:29","65548-65561","","","10","","","","","","","","","","","","","","","IEEE Xplore","","","","/Users/mac/Zotero/storage/KRIA79NJ/Potestad-Ordóñez et al. - 2022 - Design and Evaluation of Countermeasures Against Fault Injection Attacks and Power Side-Channel Leak.pdf","","","","","","","","","","","","","","","","","","","","","","","","","","","","","","","","","","","","","","","","","","","","","","","","",""
"DDU43BBU","journalArticle","2025","Grossi, Marco; Omaña, Martin; Metra, Cecilia; Acquaviva, Andrea","Novel Physical Unclonable Function Implementation for Microcontrollers and Field Programmable Gate Arrays","IEEE Access","","2169-3536","10.1109/ACCESS.2025.3555438","https://ieeexplore.ieee.org/document/10942602/","Physical Unclonable Functions (PUFs) are frequently exploited for security purposes. In particular, they are adopted to generate unique authentication passwords and cryptographic keys, with no need to store any secret information in non-volatile memories that can be easily attacked. In this paper, we present a novel PUF based structure, that can be implemented at low costs in microcontrollers and FPGAs, by exploiting the circuitry that is already present in their General Purpose Input-Output (GPIO) interface. The proposed PUF based scheme has been implemented on five different FPGA devices, in order to experimentally verify their correct operation under various realistic operating conditions. We will show that our proposed PUF based structure features a good uniqueness (of the 49.75%), a uniformity close to the ideal value of the 50%, an average steadiness of the 99.33%, and a maximum reliability of the 99.61%, for a temperature ranging from 5°C to 65°C.","2025","2026-04-09 21:05:16","2026-05-03 10:07:41","2026-04-09 21:03:32","55970-55983","","","13","","","","","","","","","","","","","","","IEEE Xplore","","","<p>Export Date: 02 May 2026; Cited By: 4; Correspondence Address: M. Grossi; University of Bologna, Department of Electrical Energy and Information Engineering “Guglielmo Marconi” (DEI), Bologna, 40136, Italy; email: marco.grossi8@unibo.it</p>","/Users/mac/Zotero/storage/RH63RRBV/Grossi et al. - 2025 - Novel Physical Unclonable Function Implementation for Microcontrollers and Field Programmable Gate A.pdf","","Authentication; Network security; Microcontrollers; FPGA; Cryptography; Field programmables; Programmable gate array; Internet of Things; Security; security; microcontroller; Low-costs; FPGA devices; Cryptographic key; Non-volatile memory; General Purpose Input/Outputs; Input/output interface; Nonvolatile storage; Physical unclonable functions; Secret information","","","","","","","","","","","","","","","","","","","","","","","","","","","","","","","","","","","","","","","","","","","","","","",""
"KLI3NUVI","conferencePaper","2020","Azizollahi, Mahdieh; Sheikhpour, Saeideh; Mahani, Ali","PRESENT Hardware Implementation for Concurrent Fault Detection Architecture","2020 28th Iranian Conference on Electrical Engineering (ICEE)","","2642-9527","10.1109/ICEE50131.2020.9260980","https://ieeexplore.ieee.org/document/9260980/","Efficient fault tolerant implementation of lightweight cryptography hardware is a main challenge of secure hardware in IoT, RFID and sensor network. In this paper, we propose low cost PRESENT architecture using 80-bit key and 64-bit input data with fault detection capability. Our proposed architecture utilizes different S-Boxes implementations in which both encryption and decryption processes are integrated in one data path. The simulation results of our fault detection structure are compared with previous related works. The results are compared in terms of area, throughput and efficiency. This comparison illustrate that our fault dedetectiontection architecture outperforms related works in the comparison metrics.","2020-08","2026-04-09 21:05:16","2026-04-09 21:05:16","2026-04-09 21:03:34","1-5","","","","","","","","","","","","","","","","","","IEEE Xplore","","ISSN: 2642-9527","","","","","","","","","","","","","","","","","","","","","","","","","","","","","","","","","","","","2020 28th Iranian Conference on Electrical Engineering (ICEE)","","","","","","","","","","","","","","",""
"N9DB7LBD","conferencePaper","2018","Singh Chauhan, Arjun; Sahula, Vineet; Mandal, A. S.","Novel Placement Bias For Realizing Highly Reliable Physical Unclonable Functions on FPGA","2018 IEEE International Conference on Electronics, Computing and Communication Technologies (CONECCT)","","","10.1109/CONECCT.2018.8482381","https://ieeexplore.ieee.org/document/8482381/","The Physical Unclonable Functions have been widely used to provide software as well as hardware security for the cyber-physical systems. They are used for performing significant tasks such as generating cryptography keys, device authentication, securing against IP Piracy; and have also been used to produce root of Trust. However, they lack in reliability issues. We present a novel approach for improving the reliability of Ring Oscillator PUF with the minimum area concerning LUTs. We use variation-aware method to find out the more suitable location for PUF mapping, thus leading to enhanced the PUF reliability. We have designed and tested proposed methodology on Xilinx -7 Series FPGAs. The proposed approach achieves higher reliability of 99.7%, which is significant improvement compared to existing ROPUF methods.","2018-03","2026-04-09 21:05:16","2026-04-09 21:05:16","2026-04-09 21:03:36","1-6","","","","","","","","","","","","","","","","","","IEEE Xplore","","","","","","","","","","","","","","","","","","","","","","","","","","","","","","","","","","","","","","2018 IEEE International Conference on Electronics, Computing and Communication Technologies (CONECCT)","","","","","","","","","","","","","","",""
"C7NMYJJ3","conferencePaper","2022","Mhaouch, Ayoub; Elhamzi, Wajdi; Abdelali, Abdessalem Ben; Atri, Mohamed","Efficient Serial Architecture for PRESENT Block Cipher","2022 IEEE 9th International Conference on Sciences of Electronics, Technologies of Information and Telecommunications (SETIT)","","","10.1109/SETIT54465.2022.9875564","https://ieeexplore.ieee.org/document/9875564/","In recent years, the use of the Internet of Things (IoT) has increased rapidly in different areas. Due to many IoT applications, many limitations have emerged such as power consumption and limited resources. The security of connected devices is becoming more and more a primary need for the reliability of systems. Among other things, power consumption remains an essential constraint with a major impact on the quality of the encryption system. For these, several lightweight cryptography algorithms were proposed and developed. The PRESENT algorithm is one of the lightweight block cipher algorithms that has been proposed for a highly restrictive application. In this paper, we have proposed an efficient hardware serial architecture that uses 16 bits for data path encryption. It uses fewer FPGA resources and achieves higher throughput compared to other existing hardware applications.","2022-05","2026-04-09 21:05:16","2026-05-03 10:18:49","2026-04-09 21:03:39","45-49","","","","","","","","","","","","","","","","","","IEEE Xplore","","","<p>Export Date: 02 May 2026; Cited By: 7</p>","","","Field programmable gate arrays (FPGA); FPGA; Hardware implementations; Cryptography; Internet of things; Cryptography algorithms; Light-weight cryptography; Lightweight cryptography; Hardware implementation; Security of data; Internet of thing; Internet of Things (IoT); Block ciphers; Electric power utilization; Block cipher algorithms; Encryption system; Lightweight block ciphers; PRESENT algorithm; Serial architecture","","","","","","","","","","","","","","","","","","","","","","","","","","","","","","","","2022 IEEE 9th International Conference on Sciences of Electronics, Technologies of Information and Telecommunications (SETIT)","","","","","","","","","","","","","","",""
"SGASVBCH","journalArticle","2025","El-Hadedy, Mohamed; Abelian, Andrea; Lee, Kenny; Cheng, Benny N.; Hwu, Wen-Mei","ANUBIS: Hybrid FPAA-FPGA Architecture for Entropy-Based True Random Number Generation in Secure UAV Communication","IEEE Embedded Systems Letters","","1943-0671","10.1109/LES.2024.3510365","https://ieeexplore.ieee.org/document/10783001/","Field-programmable gate arrays (FPGAs) and field-programmable analog arrays (FPAAs) are reconfigurable circuits that enable flexible digital and analog implementations post-manufacturing. FPGAs are widely used in telecommunications, mixed-signal, and embedded systems due to their parallel processing and reconfigurability. Meanwhile, FPAAs provide flexibility for analog systems, which is crucial for modern mixed-signal processing. This letter introduces ANUBIS, a hybrid system combining FPGA and FPAA technologies to generate true random number generators (TRNGs) for secure UAV communication. Due to its reliability and cost efficiency, ANUBIS leverages a thermistor circuit as an entropy source. The FPAA amplifies the analog noise generated by the thermistor, while the FPGA digitizes and processes the signal using Von Neumann whitening (VNW) to remove bias. The ASCON hash function is applied to the whitened bitstream to generate cryptographically secure keys. These keys are utilized in a DHKE to enable secure communication via Bluetooth low energy (BLE), an ideal protocol for energy-constrained UAV applications. ANUBIS demonstrates reconfigurability, power efficiency, and ease of implementation, showcasing its potential for secure communication applications. It achieves robust randomization, setting a new standard for UAV communication security and addressing applications requiring reliable TRNG solutions. The system consumes 1.615 W in total, with 1.54 W consumed by the FPGA and 75 mW by the FPAA. Resource utilization on the PYNQ-Z1 board includes 5186 LUTs (9.75%), 549 units of memory (3.15%), and 5.5 units of BRAM (3.93%), indicating moderate resource usage with room for future enhancements. By integrating reliable analog noise harvesting with efficient digital post-processing, ANUBIS offers a novel approach to TRNG design, demonstrating the potential for broader cryptographic applications in resource-constrained environments.","2025-06","2026-04-09 21:05:16","2026-04-09 21:05:16","2026-04-09 21:03:41","164-167","","3","17","","","ANUBIS","","","","","","","","","","","","IEEE Xplore","","","","","","","","","","","","","","","","","","","","","","","","","","","","","","","","","","","","","","","","","","","","","","","","","","","","",""
"APQSINHT","conferencePaper","2019","Bedoui, Mouna; Bouallegue, Belgacem; Hamdi, Belgacem; Machhout, Mohsen","An Efficient Fault Detection Method for Elliptic Curve Scalar Multiplication Montgomery Algorithm","2019 IEEE International Conference on Design & Test of Integrated Micro & Nano-Systems (DTS)","","","10.1109/DTSS.2019.8914743","https://ieeexplore.ieee.org/document/8914743/","Elliptical curve cryptography (ECC) is being used more and more in public key cryptosystems. Its main advantage is that, at a given security level, key sizes are much smaller compared to classical asymmetric cryptosystems like RSA. Smaller keys imply less power consumption, less cryptographic computation and require less memory. Besides performance, security is another major problem in embedded devices. Cryptosystems, like ECC, that are considered mathematically secure, are not necessarily considered safe when implemented in practice. An attacker can monitor these interactions in order to mount attacks called fault attacks. A number of countermeasures have been developed to protect Montgomery Scalar Multiplication algorithm against fault attacks. In this work, we proposed an efficient countermeasure premised on duplication scheme and the scrambling technique for Montgomery Scalar Multiplication algorithm against fault attacks. Our approach is simple and easy to hardware implementation. In addition, we perform injection-based error simulations and demonstrate that the error coverage is about 99.996%.","2019-04","2026-04-09 21:05:16","2026-04-09 21:05:16","2026-04-09 21:03:44","1-5","","","","","","","","","","","","","","","","","","IEEE Xplore","","","","","","","","","","","","","","","","","","","","","","","","","","","","","","","","","","","","","","2019 IEEE International Conference on Design & Test of Integrated Micro & Nano-Systems (DTS)","","","","","","","","","","","","","","",""
"UCNYT3ZJ","conferencePaper","2024","Akter, Sonia; Khalil, Kasem; Bayoumi, Magdy","Efficient Pseudo Random Number Generator (PRNG) Design on FPGA","2024 IEEE 17th Dallas Circuits and Systems Conference (DCAS)","","2766-5186","10.1109/DCAS61159.2024.10539915","https://ieeexplore.ieee.org/document/10539915/","Random Number Generators (RNGs) are substantially used in many security domains, providing a fundamental source of unpredictability essential for tasks such as cryptography, simulations, and statistical analyses. The efficiency and quality of an RNG directly impact the reliability and security of diverse applications, making advancements in RNG design, as explored in this study, of significant importance for enhancing computational processes. This paper presents an innovative Pseudo-Random Number Generator (PRNG) that leverages the efficiency of two carefully selected Linear Feedback Shift Registers (LFSRs) and a connecting XOR gate. The investigation of five polynomials identified an optimal pair, resulting in a notable improvement of over 200X in the length of random bit sequences compared to a single LFSR-based PRNG. The Basys3 FPGA board with the xc7a35tcpg236-1 FPGA chip was used to implement and synthesize the proposed design. Two significant findings emerge from this research. Firstly, using variable polynomials demonstrates a huge enhancement in the duration of randomness, outperforming the impact of variable seeds. A noteworthy observation is that employing the same polynomials in different branches does not result in optimal results. Secondly, managing more seeds is associated with an increased area cost, underscoring the efficiency of handling two polynomials.","2024-04","2026-04-09 21:05:16","2026-05-03 10:09:04","2026-04-09 21:03:46","1-5","","","","","","","","","","","","","","","","","","IEEE Xplore","","ISSN: 2766-5186","<p>Export Date: 02 May 2026; Cited By: 12; Correspondence Address: K. Khalil; University Of Mississippi, Department Of Electrical And Computer Engineering, United States; email: kmkhalil@olemiss.edu</p>","","","Field programmable gate arrays (FPGA); FPGA; Integrated circuit design; Number theory; Random number generation; Polynomials; Timing circuits; Security; Efficiency; Integrated circuits; Pseudorandom number generators; Random bits; Random number generators; Random Number Generator; Flip flop circuits; Linear feedback shift registers; Shift registers; Generator design; Basys3; Computational process; Diverse applications; FLip Flop; Integrated circuit; LFSR; PRNG; Random Bit; Security domains","","","","","","","","","","","","","","","","","","","","","","","","","","","","","","","","2024 IEEE 17th Dallas Circuits and Systems Conference (DCAS)","","","","","","","","","","","","","","",""
"HE8EZ36K","conferencePaper","2024","Ghayoula, Ridha; Amara, Wided; Smida, Amor; Fattahi, Jaouhar; Waly, Mohamed I.; Bahroun, Sahbi; Gmati, Issam El","RSA-1024 Cryptography on Artix-7 FPGA: Medical Imaging Application","2024 16th International Conference on Electronics, Computers and Artificial Intelligence (ECAI)","","","10.1109/ECAI61503.2024.10607394","https://ieeexplore.ieee.org/document/10607394/","In the domain of medical imaging, ensuring the security of confidential patient data stands as a paramount concern. The imperative for robust encryption to safeguard medical images against unauthorized access has driven the widespread adoption of the RSA algorithm, celebrated for its efficacy in data security assurance. This study specifically centers on the deployment of RSA-1024 cryptography on an Artix-7 FPGA, targeting applications in medical imaging. Acknowledging the demand for heightened security and accelerated processing, we have engineered RSA crypto-accelerators as hardware implementations of the RSA algorithm. We present a comprehensive methodology for implementing the 1024-bit RSA encryption/decryption algorithm, leveraging the square and multiply technique for modular exponentiation. Our algorithms are meticulously instantiated through VHDL code, tailored for execution on the Artix-7 xc7a35tcsg324-1 FPGA manufactured by Xilinx. Rigorous testing using the Vivado 2022.2 tool validates the functionality and dependability of our design. This research underscores the pivotal role of advanced cryptographic methodologies in safeguarding medical images and underscores the strides made in FPGA-based security solutions.","2024-06","2026-04-09 21:05:16","2026-04-09 21:05:16","2026-04-09 21:03:48","1-6","","","","","","RSA-1024 Cryptography on Artix-7 FPGA","","","","","","","","","","","","IEEE Xplore","","","","","","","","","","","","","","","","","","","","","","","","","","","","","","","","","","","","","","2024 16th International Conference on Electronics, Computers and Artificial Intelligence (ECAI)","","","","","","","","","","","","","","",""
"WLMZ4PG9","journalArticle","2025","Aghapour, Saeed; Sedghighadikolaei, Kiarash; Yavuz, Attila A.; Hamdaoui, Bechir; Mozaffari-Kermani, Mehran","Efficient Fault-Detection Architectures for Barrett Reduction and Multiplication in Classical and Post-Quantum Cryptographic Systems","IEEE Transactions on Very Large Scale Integration (VLSI) Systems","","1557-9999","10.1109/TVLSI.2025.3609666","https://ieeexplore.ieee.org/document/11169756/","Barrett modular reduction and multiplication are essential primitives for efficient modular computation in cryptographic schemes, including post-quantum standards such as module lattice-based (ML) key encapsulation mechanism (KEM) and ML-digital signature algorithm (DSA). To protect against faults that compromise correctness and security, we introduce the first efficient fault-detection mechanisms tailored to these operations. For modular reduction, we leverage word-based representations with compact word-sum checks that exploit algebraic input-output relations to ensure computational integrity. For modular multiplication, we adopt a tunable hybrid strategy: early stages apply word-sum checks, while later stages use partial recomputation with encoded inputs, providing robust protection against injected faults. Formal analysis, fault-injection simulations, and hardware/software implementations show that our methods detect a wide range of faults with minimal performance and area overhead. Evaluation results demonstrate overheads of 3.43% and 7.15% for 512-bit and 1024-bit inputs in modular reduction, and 26.47% and 27.22% for 2048-bit inputs in modular multiplication in the number of clock cycles in software. Moreover, in hardware, we observed reasonable overheads: less than 27.5% in area and 2.1% in delay for modular reduction, and less than 23.5% in area and 16.2% in delay for modular multiplication. These results confirm the practicality of our methods for secure yet efficient integration.","2025-12","2026-04-09 21:05:16","2026-05-03 10:01:58","2026-04-09 21:03:50","3465-3477","","12","33","","","","","","","","","","","","","","","IEEE Xplore","","","<p>Export Date: 02 May 2026; Cited By: 0; Correspondence Address: M. Mozaffari-Kermani; University of South Florida, College of AI, Cybersecurity, and Computing, Tampa, 33620, United States; email: mehran2@usf.edu; CODEN: IEVSE</p>","","","Hardware security; Network security; Quantum cryptography; Post quantum; FPGA; Learning systems; Computer hardware; Computer software; Machine-learning; Barrett reduction; Modular Multiplication; Fault detection; Cost reduction; Algebra; cryptography; Modular reduction; Faults detection; fault detection; Advanced RISC machine  processor; Advanced RISC machines; Advanced RISC machines (ARMs) processor; Barrett modular multiplication; Barrett modular multiplication (BMM); Barrett modular reduction; Barrett modular reductions; Formal methods; Reduction","","","","","","","","","","","","","","","","","","","","","","","","","","","","","","","","","","","","","","","","","","","","","","",""
"VZIEZUB7","journalArticle","2024","Ahmadi, Kasra; Aghapour, Saeed; Mozaffari Kermani, Mehran; Azarderakhsh, Reza","Efficient Error Detection Cryptographic Architectures Benchmarked on FPGAs for Montgomery Ladder","IEEE Transactions on Very Large Scale Integration (VLSI) Systems","","1557-9999","10.1109/TVLSI.2024.3419700","https://ieeexplore.ieee.org/document/10587011/","Elliptic curve scalar multiplication (ECSM) is a fundamental element of public key cryptography. The ECSM implementations on deeply embedded architectures and Internet-of-nano-Things have been vulnerable to both permanent and transient errors, as well as fault attacks. Consequently, error detection is crucial. In this work, we present a novel algorithm-level error detection scheme on Montgomery Ladder often used for a number of elliptic curves featuring highly efficient point arithmetic, known as Montgomery curves. Our error detection simulations achieve high error coverage on loop abort and scalar bit flipping fault model using binary tree data structure. Assuming n is the size of the private key, the overhead of our error detection scheme is O(n) . Finally, we conduct a benchmark of our proposed error detection scheme on both ARMv8 and field-programmable gate array (FPGA) platforms to illustrate the implementation and resource utilization. Deployed on Cortex-A72 processors, our proposed error detection scheme maintains a clock cycle overhead of less than 5.2%. In addition, integrating our error detection approach into FPGAs, including AMD/Xilinx Zynq Ultrascale+ and Artix Ultrascale+, results in a comparable throughput and less than 2% increase in area compared with the original hardware implementation. We note that we envision using adoptions of the proposed architectures in the postquantum cryptography (PQC) based on elliptic curves.","2024-11","2026-04-09 21:05:16","2026-05-03 10:09:08","2026-04-09 21:03:53","2154-2158","","11","32","","","","","","","","","","","","","","","IEEE Xplore","","","<p>Export Date: 02 May 2026; Cited By: 13; Correspondence Address: M. Mozaffari Kermani; University of South Florida, Department of Computer Science and Engineering, Tampa, 33620, United States; email: mehran2@usf.edu; CODEN: IEVSE</p>","","","Network security; Benchmarking; Field programmables; Field-programmable gate array; Programmable gate array; Architecture; Trees (mathematics); Digital storage; field-programmable gate array (FPGA); reliability; Elliptic curve; Cryptographic architecture; Scalar multiplication; Faults detection; ARM processor; Binary trees; Detection scheme; fault detection; Fault tree analysis; Ladders; Montgomery; Montgomery ladder; Montgomery Ladder; Solar buildings","","","","","","","","","","","","","","","","","","","","","","","","","","","","","","","","","","","","","","","","","","","","","","",""
"K6CPEBRX","journalArticle","2026","Maatallah, Nada; Abdelli, Ali; Youssef, Wajih El Hadj; Khriji, Lazhar; Machhout, Mohsen","Lightweight Fault-Resilient KLEIN Cipher for IoT Encryption","IEEE Access","","2169-3536","10.1109/ACCESS.2026.3662133","https://ieeexplore.ieee.org/document/11373712/","The KLEIN lightweight block cipher provides an effective encryption method suitable for IoT devices with limited computational resources, memory, and energy capacity. Despite its efficiency, the compact design of KLEIN is vulnerable to fault injection attacks, which can disrupt encryption and compromise data security. In this study, we propose a comprehensive fault detection and correction framework for KLEIN that combines parity verification, cyclic redundancy checks (CRC), and a Secure Rollback Recovery mechanism with deceptive output. This approach enables real-time fault identification, produces misleading ciphertext to thwart attackers, and restores the system to the last known correct state, ensuring uninterrupted and reliable encryption. The framework was implemented on an FPGA using Vivado 2022 and validated under various fault scenarios. Results show that the design achieves high fault coverage while maintaining efficiency, with only a 1.73% reduction in operating frequency for detection, a 1.13% hardware overhead for fault detection and a 66.28% increase in hardware area for correction. Overall, the proposed solution significantly strengthens KLEIN against fault injection threats, providing a secure and lightweight cryptographic option for resource-constrained IoT applications.","2026","2026-04-09 21:05:16","2026-05-03 10:18:56","2026-04-09 21:03:55","22404-22416","","","14","","","","","","","","","","","","","","","IEEE Xplore","","","<p>Export Date: 02 May 2026; Cited By: 0; Correspondence Address: L. Khriji; Sultan Qaboos University, College of Engineering, Department of Electrical and Computer Engineering, Muscat, 124, Oman; email: lazhar@squ.edu.om</p>","/Users/mac/Zotero/storage/WF6WZNUP/Maatallah et al. - 2026 - Lightweight Fault-Resilient KLEIN Cipher for IoT Encryption.pdf","","Hardware security; Network security; Computer hardware; Cryptography; Fault detection; Efficiency; Fault injection attacks; IoT security; Ciphertext; Fault tolerance; Fault tolerant computer systems; Computer hardware description languages; fault injection attacks; Faults detection; Lightweight block ciphers; Computational resources; Encryption methods; fault-tolerant design; Fault-tolerant designs; KLEIN cipher; lightweight block cipher; Resource capacity; VHDL implementation","","","","","","","","","","","","","","","","","","","","","","","","","","","","","","","","","","","","","","","","","","","","","","",""
"MCK54G38","conferencePaper","2020","Yang, Peng; Luo, Fang; Ou, Qingyu; Zhou, Dawei","Design and Analysis of Clock Fault Injection for AES","2020 International Conference on Computer Communication and Network Security (CCNS)","","","10.1109/CCNS50731.2020.00027","https://ieeexplore.ieee.org/document/9240762/","Traditional cryptography security often relies on the security of the cryptographic algorithm itself. However, in practice, cryptographic algorithms are always implemented based on software or hardware. In fault attack, attackers induce errors during encryption calculations to extract key information in embedded systems. Clock glitch injection poses a serious threat to cryptographic algorithms, which is a kind of fault attack. This paper proposes a built-in faulty clock generator integrated on FPGA to evaluate fault injection attacks and their impact on encryption modules. The platform generates glitches in a normal clock cycle, and can change the influence range of clock failures by accurately controlling the position and shape of the glitches. The research in this paper shows that the glitch can appear in any assigned cycle, and the width can be adjusted with increments of 0.14ns when the clock cycle is 20ns. This platform has great significance and value for standardizing the failure evaluation process of resource-constrained cryptosystems and building a unified security evaluation framework.","2020-08","2026-04-09 21:05:16","2026-04-09 21:05:16","2026-04-09 21:03:57","87-91","","","","","","","","","","","","","","","","","","IEEE Xplore","","","","","","","","","","","","","","","","","","","","","","","","","","","","","","","","","","","","","","2020 International Conference on Computer Communication and Network Security (CCNS)","","","","","","","","","","","","","","",""
"T4LFQIGG","conferencePaper","2019","Pillutla, Siva Ramakrishna; Boppana, Lakshmi","A high-throughput fully digit-serial polynomial basis finite field \textGF(2^m) multiplier for IoT applications","TENCON 2019 - 2019 IEEE Region 10 Conference (TENCON)","","2159-3450","10.1109/TENCON.2019.8929556","https://ieeexplore.ieee.org/document/8929556/","The performance of many data security and reliability applications depends on computations in finite fields GF (2m). In finite field arithmetic, field multiplication is a complex operation and is also used in other operations such as inversion and exponentiation. By considering the application domain needs, a variety of efficient algorithms and architectures are proposed in the literature for field GF (2m) multiplier. With the rapid emergence of Internet of Things (IoT) and Wireless Sensor Networks (WSN), many resource-constrained devices such as IoT edge devices and WSN end nodes came into existence. The data bus width of these constrained devices is typically smaller. Digit-level architectures which can make use of the full data bus are suitable for these devices. In this paper, we propose a new fully digit-serial polynomial basis finite field GF (2m) multiplier where both the operands enter the architecture concurrently at digit-level. Though there are many digit-level multipliers available for polynomial basis multiplication in the literature, it is for the first time to propose a fully digit-serial polynomial basis multiplier. The proposed multiplication scheme is based on the multiplication scheme presented in the literature for a redundant basis multiplication. The proposed polynomial basis multiplication results in a high-throughput architecture. This multiplier is applicable for a class of trinomials, and this class of irreducible polynomials is highly desirable for IoT edge devices since it allows the least area and time complexities. The proposed multiplier achieves better throughput when compared with previous digit-level architectures.","2019-10","2026-04-09 21:05:16","2026-04-09 21:05:16","2026-04-09 21:04:01","920-924","","","","","","","","","","","","","","","","","","IEEE Xplore","","ISSN: 2159-3450","","","","","","","","","","","","","","","","","","","","","","","","","","","","","","","","","","","","TENCON 2019 - 2019 IEEE Region 10 Conference (TENCON)","","","","","","","","","","","","","","",""
"XRHEJY8Y","conferencePaper","2017","Santiago, Leandro; Patil, Vinay C.; Prado, Charles B.; Alves, Tiago A. O.; Marzulo, Leandro A. J.; França, Felipe M. G.; Kundu, Sandip","Realizing strong PUF from weak PUF via neural computing","2017 IEEE International Symposium on Defect and Fault Tolerance in VLSI and Nanotechnology Systems (DFT)","","2377-7966","10.1109/DFT.2017.8244433","https://ieeexplore.ieee.org/document/8244433/","Physically Unclonable Functions (PUFs) are hardware-based security primitives that promise to provide an advantage in terms of area and power compared to hardware implementations of standard cryptography algorithms. PUFs harness manufacturing process variations to realize binary keys (Weak PUFs) or binary functions (SStrong PUFs). An ideal Strong PUF realizes a binary function that maps an m-bit input challenge to a random n-bit output response and offers an exponential number of such unique challenge-response pairs (CRPs). Hence, it is attractive for authentication applications. Unfortunately, most Strong PUF implementations are non-ideal, where an adversary can build a machine-learning model by observing a relatively few CRPs, making it possible to predict the output response of a PUF to a future challenge. Existence of such a model, or clone, constitutes a breach of security. In this paper, we make two contributions: first, we demonstrate that by leveraging a Weightless Neural Network (WNN), we can realize a CMOS Strong PUF from a Weak PUF. Next, we demonstrate that WNN based Strong PUFs offer robust resistance to machine-learning, while also delivering on uniqueness and reliability metrics - bringing it closer to an ideal Strong PUF. Neural network hardware is gaining importance for pattern matching and classification. This work demonstrates how such a design may be re-purposed for security. In the rest of the paper, we present architecture, practical implementation and analysis of Neural Network based PUFs.","2017-10","2026-04-09 21:05:16","2026-04-09 21:05:16","2026-04-09 21:04:03","1-6","","","","","","","","","","","","","","","","","","IEEE Xplore","","ISSN: 2377-7966","","","","","","","","","","","","","","","","","","","","","","","","","","","","","","","","","","","","2017 IEEE International Symposium on Defect and Fault Tolerance in VLSI and Nanotechnology Systems (DFT)","","","","","","","","","","","","","","",""
"TWXM6BMC","conferencePaper","2024","Apon, Imtiaz Ahamed; Hasan, Md Ratul; Haque, Md. Salman","Hardware Implementations of Interleaved Modular Multiplications Over F256","2024 3rd International Conference on Advancement in Electrical and Electronic Engineering (ICAEEE)","","","10.1109/ICAEEE62219.2024.10561684","https://ieeexplore.ieee.org/document/10561684/","Very-large-scale integration (VLSI) of elliptic curve cryptography (ECC) is vital for efficiently securing the digital world. This research demonstrates a description of elliptic curve cryptography (ECC), with a focus on both hardware and software approaches. An effective technique is used to create a modified interleaved modular multiplication architecture that maximizes performance while minimizing hardware use. Almost 532 and 522 slice registers are available for Spartan-6 and others with 4 unique control sets each. ECC processors must carefully balance area, time, and frequency to achieve maximum efficiency, as these factors always involve limitations. In this study, a 256-bit encryption method is used with a modified algorithm for interleaved modular multiplication (IMM) in the prime field. This method requires more resources and time, but it still operates at a satisfactory speed. In addition, a new hardware circuit methodology is introduced and implemented utilizing the Xilinx ISE software on various FPGA platforms, such as Kintex-7, Virtex-5, Virtex-6, and Spartan-6. The proposed 256-bit modular multiplication design occupies only 1478, 1497, 1478 and 1483 look-up tables (LUTs) and attains noteworthy completion with 1.9 μs, 2.09 μs, 3.83 μs, and 2.11 μs on Kintex-7, Virtex-5, Spartan-6, and Virtex-6, respectively, at maximum frequencies of 134.7 MHz, 77.9 MHz, 67.097 MHz, and 121.527 MHz individually. Taking the National Institute of Standards suggested prime fields into consideration. Rigorous simulation and verification procedures are conducted employing Modelsim and Maple’s software to ensure the accuracy and reliability of the obtained results.","2024-04","2026-04-09 21:05:16","2026-05-03 10:10:55","2026-04-09 21:04:05","1-5","","","","","","","","","","","","","","","","","","IEEE Xplore","","","<p>Export Date: 02 May 2026; Cited By: 0; Correspondence Address: I.A. Apon; Bangladesh Army University of Science and Technology (BAUST), Department of Electrical and Electronic Engineering, Saidpur, 5311, Bangladesh; email: imti8509@gmail.com</p>","","","Field programmable gate arrays (FPGA); Public key cryptography; Geometry; Field programmables; Programmable gate array; Table lookup; Field programmable gate array; Verification; VLSI circuits; Elliptic curve cryptography; Hardware architecture; Elliptic curve; Cryptographic processors; Field Programmable Gate Array (FPGA); Curve cryptography; Elliptic Curve (EC); Elliptic curve cryptographic processor; Elliptic Curve Cryptographic Processor (ECP); Elliptic Curve Cryptography (ECC); Hardware Architecture (HA); Interleaved modular multiplication; Interleaved Modular Multiplication (IMM); Software reliability; The national institute of standard and technology; The National Institute of Standards and Technology (NIST)","","","","","","","","","","","","","","","","","","","","","","","","","","","","","","","","2024 3rd International Conference on Advancement in Electrical and Electronic Engineering (ICAEEE)","","","","","","","","","","","","","","",""
"ZU7PWMK6","journalArticle","2025","Dang, Tuan-Kiet; Nguyen, Khai-Duy; Hoang, Trong-Thuc; Pham, Cong-Kha","A Unified Approach to Strong PUF and TRNG Using Ring Generator for Cryptography","IEEE Internet of Things Journal","","2327-4662","10.1109/JIOT.2025.3582869","https://ieeexplore.ieee.org/document/11048893/","Physical unclonable functions (PUFs) and true random number generators (TRNGs) primitives always come in pairs to provide authenticity and unpredictability for cryptographic applications. Specifically, PUF-based authentication presents huge potential for a lightweight, low-power, and efficient solution to secure communication in the Internet of Things Internet of Things (IoT) networks. In any PUF-based scheme, the exchanging materials comprise PUF’s responses and random nonces to generate shared session keys. PUFs offer authentication properties to a device by generating reproducible and device-specific randomness, whereas TRNGs harvest random entropy from physical phenomena to produce completely unpredictable output. This article introduces a design approach to a unified circuit of PUF and TRNG targeting lightweight and versatile to meet the constrained requirements of IoT devices. The design employs the xor-latch (XL) cell to extract uncontrollable manufacturing variances to yield a stable and unique output. Additionally, with specific excitation, it can operate as an oscillator. Multiple XL cells are connected to a ring generator, which serves as a back-end obfuscation structure, to construct a robust strong PUF. Our final design on Xilinx Artix-7 field programmable gate array (FPGA) features a compact hardware footprint of 102 Look-Up tables (LUTs) and 32 flip-flops (FFs), which can be positioned within 26 SLICEs. Various design strategies were employed to assess the feasibility of application-specific integrated circuit (ASIC) implementation. Experimental analyzes of the PUF mode performance have shown that the uniformity, uniqueness, and reliability metrics satisfy the standards, and the design is resistant to state-of-the-art modeling attacks. Furthermore, the TRNG function has undergone rigorous testing, including various health checks and standard random tests recommended by the National Institute of Standards and Technology (NIST) and the German Federal Office for Information Security (BSI).","2025-09","2026-04-09 21:05:16","2026-05-03 09:35:33","2026-04-09 21:04:07","36590-36603","","17","12","","","","","","","","","","","","","","","IEEE Xplore","","","<p>Export Date: 02 May 2026; Cited By: 6; Correspondence Address: T.-K. Dang; The University of Electro-Communications, Department of Computer and Network Engineering, Chofu, Japan; email: tuankiet@vlsilab.ee.uec.ac.jp</p>","","","Authentication; Hardware security; Network security; Field programmable gate arrays (FPGA); Integrated circuit design; Cryptography; Internet of things; Number theory; Random number generation; Table lookup; Cryptographic applications; Random number generators; True randoms; True random number generator; Physical unclonable function; physical unclonable function (PUF); Electric generators; field programmable gate array (FPGA); ring generator; Ring generators; true random number generator (TRNG); Unified approach; Unified physical unclonable function and true random number generator; unified PUF and TRNG","","","","","","","","","","","","","","","","","","","","","","","","","","","","","","","","","","","","","","","","","","","","","","",""
"23J2KHKC","conferencePaper","2023","Hernández-Álvarez, Luis; de la Torre, Miguel Ángel González; Hernández, Eva Iglesias; Encinas, Luis Hernández","How to Attack a Galaxy: From Star Wars to Star Trek","2023 Congress in Computer Science, Computer Engineering, & Applied Computing (CSCE)","","","10.1109/CSCE60160.2023.00381","https://ieeexplore.ieee.org/document/10487421/","Recently, the National Institute of Standards and Technology set CRYSTALS-Kyber as post-quantum public key encryption/key encapsulation mechanism standard, and CRYSTALS-Dilithium as post-quantum digital signature standard. These post quantum cryptosystems are also recommended for national security systems. As a result, it is important to identify and analyze the weaknesses and potential information leakage points, so that they can be resolved. In this work, we study the newest side channel attacks based on artificial intelligence models against Kyber and Dilithium, focusing on the specific function attacked. We also examine the artificial intelligence algorithms employed in these attacks and their configurations, discussing which parameters and setting are suitable, and identifying different tools that might be useful.","2023-07","2026-04-09 21:05:16","2026-04-09 21:05:16","2026-04-09 21:04:10","2347-2354","","","","","","How to Attack a Galaxy","","","","","","","","","","","","IEEE Xplore","","","","","","","","","","","","","","","","","","","","","","","","","","","","","","","","","","","","","","2023 Congress in Computer Science, Computer Engineering, & Applied Computing (CSCE)","","","","","","","","","","","","","","",""
"QCKSBESP","conferencePaper","2024","Safa, A S; Reddy Vanga, Siva","Parallel Prefix Adders Based Linear Congruential Generator","2024 Third International Conference on Electrical, Electronics, Information and Communication Technologies (ICEEICT)","","","10.1109/ICEEICT61591.2024.10718471","https://ieeexplore.ieee.org/document/10718471/","In cryptography pseudo-random generators play a key role; to generate these random bits linear congruential generator is implemented with different parallel prefix adders to increase the speed of operation. LCG module consists of a shifter, adder, multiplexer, and register. In parallel prefix adders, the operation is performed in parallel by dividing into smaller pieces that are done in parallel. To further reduce the number of grey cells and black cells Ladner-Fischer adder is implemented for further reduction in the proposed LCG. In the place of the adder is replaced with different adder structures and is verified with different FPGA families for the utilization and timing report. The architecture is implemented using Verilog HDL, simulated, and synthesized using Vivado.","2024-07","2026-04-09 21:05:16","2026-04-09 21:05:16","2026-04-09 21:04:12","1-6","","","","","","","","","","","","","","","","","","IEEE Xplore","","","","","","","","","","","","","","","","","","","","","","","","","","","","","","","","","","","","","","2024 Third International Conference on Electrical, Electronics, Information and Communication Technologies (ICEEICT)","","","","","","","","","","","","","","",""
"4LYJCTCZ","journalArticle","2024","Heo, Donghoe; Lee, Jeonghwan; Kang, Taehoon; Kim, Suhri; Hong, Seokhie","Comprehensive Analysis and Implementation of Isogeny-Based Hash Functions","IEEE Access","","2169-3536","10.1109/ACCESS.2024.3491790","https://ieeexplore.ieee.org/document/10743187/","This paper analyzes the security and performance of the isogeny-based hash functions. The isogeny-based hash function was first proposed by Charles, Goren, and Lauter, and is referred to as the CGL hash function. However, Lauter and Petit demonstrated that a collision could be found if the endomorphism ring of the starting curve is known. Subsequently, isogeny hash functions that mitigate the Lauter-Petit attack have been proposed. This paper analyzes three methods that counter the Lauter-Petit attack: the methods proposed by Panny, Zaman and Min, and Larsson. In particular, we propose a new isogeny-based hash function SHH, which exploits Panny’s method with Hessian curves. We then analyze the security and performance of the proposed SHH along with the methods by Zaman and Min (SCH) and Larsson (SLH). More specifically, the security was analyzed in the context of the Lauter-Petit attack, collision resistance, and fault tolerance. The analysis in this paper shows that all three algorithms can counter the Lauter-Petit attack. However, for SCH, we demonstrated that collision pairs could be found with carelessly chosen parameters. This paper also provides guidelines for selecting parameters to make SCH collision-resistant. From a fault-tolerance perspective, SCH and SLH are not fault-tolerant. We also present the results of implementing the three algorithms in SageMath. The implementation results show that at the 128-bit security level, hashing a 256-bit message takes 0.130s for SCH, 0.125s for projective-SLH, and 0.162s for SHH. As can be seen from the implementation results, projective-SLH is the most efficient, while SHH performs slower due to the use of a larger finite field.","2024","2026-04-09 21:05:16","2026-04-09 21:05:16","2026-04-09 21:04:14","162870-162881","","","12","","","","","","","","","","","","","","","IEEE Xplore","","","","/Users/mac/Zotero/storage/D3XRENZH/Heo et al. - 2024 - Comprehensive Analysis and Implementation of Isogeny-Based Hash Functions.pdf","","","","","","","","","","","","","","","","","","","","","","","","","","","","","","","","","","","","","","","","","","","","","","","","",""
"76YTHRT8","conferencePaper","2019","Addabbo, T.; Fort, A.; Moretti, R.; Mugnaini, M.; Vignoli, V.; Garcia Bosque, Miguel","Lightweight True Random Bit Generators in PLDs: Figures of Merit and Performance Comparison","2019 IEEE International Symposium on Circuits and Systems (ISCAS)","","2158-1525","10.1109/ISCAS.2019.8702791","https://ieeexplore.ieee.org/document/8702791/","We investigate and compare three low complexity circuit topologies to be implemented in programmable logic devices, for the design of True Random Bit Generators for Lightweight Cryptography. The architectures, based on the general idea of Digital Nonlinear Oscillators (DNOs), have been compared on the basis of measurement campaigns, carried out referring to figures of merit specifically introduced to assess the quality and reliability of the oscillators under test.","2019-05","2026-04-09 21:05:16","2026-04-09 21:05:16","2026-04-09 21:04:16","1-5","","","","","","Lightweight True Random Bit Generators in PLDs","","","","","","","","","","","","IEEE Xplore","","ISSN: 2158-1525","","","","","","","","","","","","","","","","","","","","","","","","","","","","","","","","","","","","2019 IEEE International Symposium on Circuits and Systems (ISCAS)","","","","","","","","","","","","","","",""
"EIVLMIE6","journalArticle","2025","Rajaiyan, Abolfazl; Atarodi, Seyed Mojtaba","TVI PUF: A Temperature- and Voltage-Independent PUF With High Resistance to Modeling Attacks","IEEE Embedded Systems Letters","","1943-0671","10.1109/LES.2025.3548895","https://ieeexplore.ieee.org/document/10915580/","Key generation in cryptography is very important, as it helps secure digital communication. physically unclonable functions (PUFs) are among the circuits that ensure security at the hardware level by generating unique keys. However, PUFs are often affected by changes in temperature and voltage, which can impact their reliability. Additionally, PUFs are vulnerable to electromagnetic and modeling attacks, making it essential to use circuits that can resist such threats. In this letter, a temperature- and voltage-independent PUF (TVI PUF) is proposed. This circuit uses a novel two-step (pipeline) structure. This circuit incorporates pipelining and challenge obfuscation. This leads to enhanced reliability and improved resistance to modeling attacks. The proposed circuit is implemented on a Xilinx Zynq7 FPGA and tested under various conditions. The proposed circuit is resilient against both modeling and electromagnetic attacks and operates reliably across a temperature range of - 40 <sup>\circ </sup> C to 150 <sup>\circ </sup> C. Measurement results show that the proposed circuit achieves a bit error rate (BER) of 1.21\times 10^-11 , uniformity of 50.11%, and uniqueness of 49.89%. The proposed TVI PUF shows a vulnerability rate of 50.47% to modeling attacks. The high reliability (approximately zero BER) and low vulnerability to modeling attacks highlight the advantages of this circuit.","2025-12","2026-04-09 21:05:16","2026-05-03 10:20:50","2026-04-09 21:04:18","443-446","","6","17","","","TVI PUF","","","","","","","","","","","","IEEE Xplore","","","<p>Export Date: 02 May 2026; Cited By: 0; Correspondence Address: S.M. Atarodi; Sharif University of Technology, Electrical Engineering Department, Tehran, 11365-11155, Iran; email: atarodi@sharif.edu</p>","","","Machine-learning; Security; security; Key generation; Physically unclonable functions; Modeling attack; modeling attacks; Machine learning (ML); Bit-error rate; High resistance; physically unclonable function (PUF); reliable; Reliable; robust; Robust","","","","","","","","","","","","","","","","","","","","","","","","","","","","","","","","","","","","","","","","","","","","","","",""
"JKCERBZH","conferencePaper","2026","Thakor, Deepika Ben; Singh, Jeetendra; Raj, Balwinder","Design and Image Encryption Implementation of High Performance and Resource-Efficient AES-128 Encryption Architecture","2025 IEEE 19th International Conference on Industrial and Information Systems (ICIIS)","","2690-3423","10.1109/ICIIS69028.2026.11450885","https://ieeexplore.ieee.org/document/11450885/","This paper presents an optimized hardware implementation of the Advanced Encryption Standard (AES-128) encryption algorithm, specifically designed to minimize resource consumption while achieving high throughput. Key optimizations include a fully parallel SubBytes operation utilizing 16 simultaneous S-boxes, runtime key derivation, and a loop-iterated architecture for round execution. This approach enhances processing speed while maintaining hardware efficiency. Functional correctness was rigorously verified using the NIST FIPS-197 standard test vectors, confirming reliable encryption and decryption for all specified cases. The implemented AES architecture achieves a throughput of 4.92 Gbps at 384.6 MHz on a Xilinx Artix-7 FPGA, encrypting 128-bit blocks in 11 clock cycles. Post-synthesis results demonstrate exceptional resource efficiency: utilization rates were 2.14% for Slice LUTs, 1.05% for registers, and 13.7% for BRAM. I/O utilization reached 96.25%, underscoring the design’s compact footprint. To demonstrate practical application, the design was adapted for image processing, successfully encrypting and decrypting a 128×128 pixel grayscale image. The encrypted output exhibited characteristic random noise, while the decrypted image perfectly reconstructed the original. These findings validate the design’s suitability for deploying AES-128 on FPGAs in secure, real-time embedded systems, IoT devices, and defense communication networks.","2026-01","2026-04-09 21:05:16","2026-04-09 21:05:16","2026-04-09 21:04:20","223-227","","","19","","","","","","","","","","","","","","","IEEE Xplore","","ISSN: 2690-3423","","","","","","","","","","","","","","","","","","","","","","","","","","","","","","","","","","","","2025 IEEE 19th International Conference on Industrial and Information Systems (ICIIS)","","","","","","","","","","","","","","",""
"RRNHWICZ","conferencePaper","2021","Tran, Tuan-Kiet; Dang, Tan-Phat; Bui, Trong-Tu; Huynh, Huu-Thuan","A Reliable Approach to Secure IoT Systems Using Cryptosystems Based on SoC FPGA Platforms","2021 International Symposium on Electrical and Electronics Engineering (ISEE)","","","10.1109/ISEE51682.2021.9418709","https://ieeexplore.ieee.org/document/9418709/","The use of cryptography algorithms based on hardware to protect the security and privacy of the loT systems is in huge demand. However, hardware-based security systems are similar to software-based in that they can be attacked by a type of malicious code called malware. In this article, we used the self-applied cryptography algorithm on the hardware-based to protect the data security of loT systems, and that gives the trustee than using software-based of hardware-based inform of ASIC chip. Detailly, we have developed an SoC FPGA system including main factors are a built-in ARM processor core, a self-implemented IP core acting as 128-bit AES co-processors, and SDRAM memory. Furthermore, this system has been placed on the DE10-Standard board and ran with an application in Linux operations. Besides, we have applied the DMA technique to obtain high-speed data transfer. As a result, our cryptosystem is compact and can achieve high performance with low frequencies. Details, the DMA Controller and 128-bit AES IP core operate at a frequency of 150 MHz, and they can reach the speed of 1200 Mbps and above 700 Mbps, respectively.","2021-04","2026-04-09 21:05:16","2026-04-09 21:05:16","2026-04-09 21:04:23","53-58","","","","","","","","","","","","","","","","","","IEEE Xplore","","","","","","","","","","","","","","","","","","","","","","","","","","","","","","","","","","","","","","2021 International Symposium on Electrical and Electronics Engineering (ISEE)","","","","","","","","","","","","","","",""
"7S6HBVQ7","journalArticle","2024","Guo, Ying; Liu, Wenfen; Chen, Wen; Yan, Qingwen; Lu, Yongcan","ECLBC: A Lightweight Block Cipher With Error Detection and Correction Mechanisms","IEEE Internet of Things Journal","","2327-4662","10.1109/JIOT.2024.3376527","https://ieeexplore.ieee.org/document/10468604/","Lightweight block ciphers are proposed for Internet of Things (IoT) edge devices to ensure secure data transmission with limited resources. However, past research has been designed on ideal channel models, disregarding the possibility of ciphertext errors caused by channel interference during actual transmission. This omission poses difficulties in ensuring the reliability of the ciphertext, especially in the Internet of Medical Things (IoMT) where resources are limited and data accuracy requirements are high. Designing a highly secure and reliable lightweight block cipher for such situations is one of the most challenging tasks. Hence, we propose a lightweight block cipher ECLBC with error detection and correction mechanisms. For security, ECLBC not only achieves a certain security level in fewer rounds but also achieves a mode transition within AND-rotation-XOR (AND-RX) lightweight block ciphers. This transition involves a shift from the Feistel to the substitution-permutation network (SPN) and from half-round key XOR to full-round key XOR. For reliability, ECLBC supports detecting and correcting erroneous ciphertext due to channel interference. Given the resource-constrained nature of IoMT devices, we implement the detection and correction mechanism of ECLBC based on the linear block code. Finally, various classical cryptography methods are employed to analyze the performance and security of the ECLBC.","2024-06","2026-04-09 21:05:16","2026-04-09 21:05:16","2026-04-09 21:04:25","21727-21740","","12","11","","","ECLBC","","","","","","","","","","","","IEEE Xplore","","","","","","","","","","","","","","","","","","","","","","","","","","","","","","","","","","","","","","","","","","","","","","","","","","","","",""
"B39TZJI3","journalArticle","2023","Jiang, Wei; Liao, Xinke; Zhan, Jinyu; Adhikari, Deepak; Jiang, Ke","DESCO: Decomposition-Based Co-Design to Improve Fault Tolerance of Security-Critical Tasks in Cyber Physical Systems","IEEE Transactions on Computers","","1557-9956","10.1109/TC.2022.3218987","https://ieeexplore.ieee.org/document/9935295/","Confidentiality-Specific Faults (CSFs) will put cyber physical systems in threat, since they can result in corrupted information or even retrieve the cryptographic key of security-critical applications. In this paper, we will look into fault-tolerant co-design optimization for security-critical cyber physical systems with resource constraints, such that the encryption/decryption of confidential messages are protected against transient CSF faults. We consider imperfect fault detection mechanisms to identify transient CSF faults happened on confidentiality protection, and utilize duplication code to recovery from such faults. We utilize FPGA to accelerate the executions of security tasks, reducing the overheads of fault-tolerant implementations. The system-level design problem is formulated as a two-objective optimization problem, i.e., to minimize the average reliability degradation of the fault tolerant assignments and to minimize the balanced degree of the reliability degradation, subject to available FPGA budget, deadline, and application execution constraints. Since finding Pareto-optimal solutions is NP-hard, we propose an improved multi-objective optimization algorithm, called DEcomposition-based Security Co-design Optimization (DESCO), to search for Pareto-optimal solutions of fault-tolerant assignments. Experimental results demonstrate that DESCO is effective and can outperform other candidates, proving that our approach is promising in dealing with system-level optimization problem for security-critical applications on cyber physical systems.","2023-06","2026-04-09 21:05:16","2026-05-03 10:37:48","2026-04-09 21:04:27","1652-1665","","6","72","","","DESCO","","","","","","","","","","","","IEEE Xplore","","","<p>Export Date: 02 May 2026; Cited By: 3; Correspondence Address: J. Zhan; University of Electronic Science and Technology of China, School of Information and Software Engineering, Chengdu, Sichuan, 610054, China; email: zhanjy@uestc.edu.cn; CODEN: ITCOB</p>","","","Field programmable gate arrays (FPGA); Integrated circuit design; Cryptography; Embedded systems; Field programmables; Programmable gate array; Cybersecurity; Field programmable gate array; Security; Fault detection; Cyber Physical System; Budget control; Multiobjective optimization; Cybe-physical systems; Cyber-physical systems; Fault tolerance; Co-designs; Task analysis; Security-critical; Confidentiality-specific fault; Confidentiality-specific faults; decomposition-based optimization; Decomposition-based optimization; Fault- tolerant systems; Optimal systems; Pareto principle; security co-design; Security co-design; Security-critical cybe physical system; security-critical cyber physical systems; Transient analysis","","","","","","","","","","","","","","","","","","","","","","","","","","","","","","","","","","","","","","","","","","","","","","",""
"KG7LJ9QD","conferencePaper","2025","Nozaki, Yusuke; Takemoto, Shu; Yoshikawa, Masaya","Hamming Distance aware Fault Analysis for LTLBC","2025 IEEE International Conference on Smart Internet of Things (SmartIoT)","","2770-2677","10.1109/SmartIoT66867.2025.00047","https://ieeexplore.ieee.org/document/11311670/","Low-latency lightweight cryptography is attracting attention as a promising security solution for Internet of Things (IoT) devices. LTLBC is a low-latency lightweight cryptography introduced in 2024, which has a smaller circuit size and lower latency than conventional cryptographic algorithms. These cryptographic algorithms ensure computational security. However, risks such as fault analysis using information from cryptographic hardware implementations have been reported, and it is important to evaluate the tamper resistance (security) against this analysis. Therefore, this study evaluates the security of LTLBC against fault analysis. Experimental results show that all subkeys can be recovered with as few as 20 ciphertext pairs when the fault injection probability is 20%.","2025-11","2026-04-09 21:05:16","2026-05-03 10:23:14","2026-04-09 21:04:29","286-291","","","","","","","","","","","","","","","","","","IEEE Xplore","","ISSN: 2770-2677","<p>Export Date: 02 May 2026; Cited By: 0; Correspondence Address: Y. Nozaki; Meijo University, Dept. Information Engineering, Nagoya, Japan; email: 143430019@ccalumni.meijo-u.ac.jp</p>","","","Hardware security; Mobile security; Network security; Side channel attack; Side-channel analysis; Cryptographic algorithms; Security; Low latency; Light-weight cryptography; security; Ciphertext; Security solutions; side-channel analysis; Hamming distance; lightweight cryptography; Fault analysis; Failure analysis; Circuit size; fault analysis; ltlbc; Ltlbc; Risk analysis; Smallest circuits","","","","","","","","","","","","","","","","","","","","","","","","","","","","","","","","2025 IEEE International Conference on Smart Internet of Things (SmartIoT)","","","","","","","","","","","","","","",""
"25ITX42P","conferencePaper","2024","R, Sivaraman; Madhukar, Varada Sai; V, Sriranjana; S, Kavyadharshni; H, Naresh Kumar; J, Siva","Wireless Reseeding Scheme for Lightweight PRNG Architecture on FPGA -Design and Analysis","2024 Control Instrumentation System Conference (CISCON)","","","10.1109/CISCON62171.2024.10696289","https://ieeexplore.ieee.org/document/10696289/","Internet of Things (IoT) devices need to be developed with security considerations in mind for security reasons. Creating quick and safe cryptography modules is necessary for designing secure IoT devices. These modules include the Pseudo Random Number Generator (PRNG), which can be constructed in various ways. Specific techniques include using chaotic maps; in these situations, the chosen chaotic map must be easily implemented in a digital device utilizing the IEEE-754 floating-point standard. Additionally, the chaotic map must produce number sequences with a uniform statistical distribution. This study illustrates the implementation of a PRNG using a Tinkerbell map on FPGA. It takes only a few milliseconds to construct the pseudo-random sequences. The suggested PRNG has proven successful, as demonstrated by NIST SP 800-22 randomization, Hamming, and Shannon-Entropy tests. The resources used to reinforce the security measures reflect 0.73mW of power dissipation and <1% Hardware Utility, thereby increasing the system's overall efficiency.","2024-08","2026-04-09 21:05:16","2026-04-09 21:05:16","2026-04-09 21:04:31","1-6","","","","","","","","","","","","","","","","","","IEEE Xplore","","","","","","","","","","","","","","","","","","","","","","","","","","","","","","","","","","","","","","2024 Control Instrumentation System Conference (CISCON)","","","","","","","","","","","","","","",""
"3JD4Z3J5","journalArticle","2023","Cintas-Canto, Alvaro; Kermani, Mehran Mozaffari; Azarderakhsh, Reza","Error Detection Constructions for ITA Finite Field Inversions Over \textGF(2^m) on FPGA Using CRC and Hamming Codes","IEEE Transactions on Reliability","","1558-1721","10.1109/TR.2022.3216014","https://ieeexplore.ieee.org/document/9934024/","Finite field arithmetic operations over \textGF(2^m) are widely used in critical applications, such as cryptography, coding theory, error-correcting codes, and digital signal processing. Finite field inversions are the most time-consuming operations among other widely-used ones and require a large footprint as well as power/energy to be performed. To reduce such complexity, the Itoh–Tsujii algorithm (ITA) has received prominent attention in the literature; however, implementations using ITA are still vulnerable to natural very-large-scale integration defects. To overcome the challenge of detecting naturally-induced faults in such constructions, for the first time, we propose error detection schemes based on Hamming codes for architectures performing finite field inversions using the ITA algorithm over \textGF(2^m) with polynomial basis. Additionally, CRC-oriented error detection schemes for inversions in \textGF(2^m) with normal basis are also studied and new approaches to protect them are presented. In this article, general formulations are provided along with different case studies to show the feasibility of our schemes with any finite field size. Moreover, field-programmable gate array (FPGA) implementations are performed on two Xilinx FPGA families, i.e., Kintex UltraScale+ and Xilinx Virtex-7 UltraScale+, to verify that the overheads added by the error detection architectures to provide reliability are suitable for deeply-constrained embedded systems.","2023-06","2026-04-09 21:05:16","2026-05-03 10:06:22","2026-04-09 21:04:33","651-661","","2","72","","","","","","","","","","","","","","","IEEE Xplore","","","<p>Export Date: 02 May 2026; Cited By: 67; Correspondence Address: M.M. Kermani; University of South Florida, Department of Computer Science and Engineering, Tampa, 33620, United States; email: mehran2@usf.edu; CODEN: IEERA</p>","","","Field programmable gate arrays (FPGA); Embedded systems; Field programmables; Field-programmable gate array; Programmable gate array; Fault detection; Error detection; Logic gates; Finite element method; field-programmable gate array (FPGA); Digital signal processing; Arithmetic; Code; Complexity theory; Convolutional codes; Faults detection; Field inversion; Finite element analyse; finite field inversion; Finite field inversion; Finite fields; Gaussian Processes; Hamming code; hamming codes; Verylarge-scale integrations (VLSI)","","","","","","","","","","","","","","","","","","","","","","","","","","","","","","","","","","","","","","","","","","","","","","",""
"B78HC5KV","conferencePaper","2025","Nayak, Kalpana; Bisoyi, Abhyarthana","Low Power Advanced Encryption Standard Design Using Finite State Machine Guided Split SubBytes","2025 International Conference on Modeling, Simulation & Intelligent Computing (MoSICom)","","","10.1109/MoSICom67153.2025.11398323","https://ieeexplore.ieee.org/document/11398323/","Traditional Field Programmable Gate Array (FPGA) based Advanced Encryption Standard (AES) architectures usually suffer from dynamic power consumption due to parallel S-box operations in the SubBytes transformation. To overcome this issue, a finite state machine (FSM) controlled Split SubBytes AES 128 architecture was introduced and synthesized on Zynq 7000 ZC702 Evaluation Board (xc7z020clg484-1) FPGA using Vivado v.2024.2 tool in which eight S-boxes reused over two sequential subcycles achieving 6.107 ns critical path delay, 22% power reduction and 163.7 MHz operating frequency compared with the traditional AES core. The comparative evaluation with existing works confirm that proposed FSM based architecture offers an effective power and performance trade-offs and the fault tolerant design maintains timing with 28% power overhead ensuring balance between efficiency and reliability.","2025-12","2026-04-09 21:05:16","2026-05-03 10:25:05","2026-04-09 21:04:35","650-655","","","","","","","","","","","","","","","","","","IEEE Xplore","","","<p>Export Date: 02 May 2026; Cited By: 0</p>","","","Hardware security; Field programmable gate arrays (FPGA); FPGA; Integrated circuit design; Cryptography; Embedded systems; Field programmables; Programmable gate array; Architecture; Memory architecture; Field programmable gate array; Data privacy; Economic and social effects; Fault detection; IoT; Parallel architectures; Fault tolerance; Systems analysis; Advanced Encryption Standard; Computer hardware description languages; Verilog; Lightweight encryption; Faults detection; Fault-tolerant; Finite states machine; FSM; Advanced encryption standard 128; AES 128; Fault Detection; Fault tolerant encryption; Fault Tolerant Encryption; Lightweight Encryption; Split subbyte; Split SubBytes","","","","","","","","","","","","","","","","","","","","","","","","","","","","","","","","2025 International Conference on Modeling, Simulation & Intelligent Computing (MoSICom)","","","","","","","","","","","","","","",""
"TJPAAJMH","conferencePaper","2025","Vaz, Yuri Silva; Mattos, Júlio C. B.; Soares, Rafael Iankowski","High Throughput-to-Area AES: The Role of Small S-Box in Lightweight Cryptographic Design","2025 IEEE 16th Latin America Symposium on Circuits and Systems (LASCAS)","","2473-4667","10.1109/LASCAS64004.2025.10966232","https://ieeexplore.ieee.org/document/10966232/","Data security is an essential prerequisite for the effective functioning of modern systems. It guarantees the secure transmission of information to thwart unauthorized access and potential data breaches. Cryptography plays an indispensable role in safeguarding sensitive data during communication. The Advanced Encryption Standard (AES) is an esteemed choice among symmetric key algorithms, owing to its proven reliability and robust security features. Despite its extensive adoption, optimizing AES implementations to achieve high throughput while minimizing hardware resource consumption, particularly in area, is a significant challenge. This study addresses the challenge of reducing area usage while enhancing the throughput of the algorithm by focusing on improving the throughput-to-area efficiency of AES through a novel hardware implementation. This approach introduces an optimized SubBytes stage featuring a smaller S-box comprising just 16 elements. The proposed optimization enables an enhanced throughput per area (Mbpslk-gate), providing a more balanced solution for lightweight en-cryption applications. It allowed a notable area reduction of 84%, alongside doubling the maximum frequency compared to the original implementation. In terms of throughput-to-area efficiency, the optimizations resulted in a value 12.5 times greater than the original design's. Furthermore, the security robustness of the modified algorithm is confirmed through three distinct security tests, validating its reliability and suitability for practical deployment.","2025-02","2026-04-09 21:05:16","2026-05-03 10:05:10","2026-04-09 21:04:37","1-5","","","1","","","High Throughput-to-Area AES","","","","","","","","","","","","IEEE Xplore","","ISSN: 2473-4667","<p>Export Date: 02 May 2026; Cited By: 1</p>","","","Hardware security; Hardware implementations; Light-weight cryptography; % reductions; Hardware Implementation; Advanced Encryption Standard; S-boxes; Sensitive data; Advanced encryption standard optimization; AES Optimization; Area efficiency; Lightweight Cryptography; S-box reduction; S-Box Reduction; Standard optimization; Throughput-to-area efficiency; Throughput-to-Area Efficiency","","","","","","","","","","","","","","","","","","","","","","","","","","","","","","","","2025 IEEE 16th Latin America Symposium on Circuits and Systems (LASCAS)","","","","","","","","","","","","","","",""
"2QZ94W27","journalArticle","2026","Aghapour, Saeed; Ahmadi, Kasra; Mozaffari Kermani, Mehran; Azarderakhsh, Reza","Partial Recomputation Fault Detection Architecture for Multiple-Precision Montgomery Modular Multiplication","IEEE Transactions on Computer-Aided Design of Integrated Circuits and Systems","","1937-4151","10.1109/TCAD.2025.3592590","https://ieeexplore.ieee.org/document/11096080/","Detection of soft errors and faults are one of the most critical factors in ensuring the reliability of algorithm implementations. Multiplication, as a fundamental and computationally intensive operation, is particularly vulnerable to such errors. Given its widespread use in cryptography and coding applications, detecting these errors is crucial. For example, in hash functions, even a single-bit change in the input can completely alter the output ([ideally, each bit of the output changes with a probability of (1/2]) . Montgomery multiplication as an efficient multiplication method is an integral part of numerous cryptographic applications expanding both classical and post quantum cryptography. For that reason, this brief introduces a fault detection method for the multiple-precision Montgomery modular multiplication algorithm based on partial recomputation. Through extensive simulations and implementations, we demonstrate that our approach efficiently detects both permanent and transient errors with a high-success rate, while imposing modest area and time overhead on the system.","2026-02","2026-04-09 21:05:16","2026-05-03 10:08:49","2026-04-09 21:04:39","1042-1046","","2","45","","","","","","","","","","","","","","","IEEE Xplore","","","<p>Export Date: 02 May 2026; Cited By: 5; Correspondence Address: M. Mozaffari Kermani; University of South Florida, Department of Computer Science and Engineering, Tampa, 33620, United States; email: mehran2@usf.edu; CODEN: ITCSD</p>","","","Quantum cryptography; FPGA; Cryptography; Hash functions; Fault detection; Error detection; Montgomery modular multiplication; Faults detection; Single-bit; Soft error; fault detection; Algorithm implementation; Critical factors; Integral part; Montgomery multiplication; Recomputation; Soft faults","","","","","","","","","","","","","","","","","","","","","","","","","","","","","","","","","","","","","","","","","","","","","","",""
"Q8HSJ3B4","conferencePaper","2021","El-Hadedy, Mohamed; Margala, Martin; Mosanu, Sergiu; Gligorosk, Danilo; Hwu, Wen-Mei","PRO-GAGE: A High Performance Compact GAGE Hash Function Processor for Small Space Technology","2021 IEEE Space Computing Conference (SCC)","","","10.1109/SCC49971.2021.00009","https://ieeexplore.ieee.org/document/9546284/","There is a growing demand for small devices for aerospace and near-orbit applications such as CubeSats, airships, and others, which demand comprehensive functionality, computational capability and reliability. These small systems depend on limited power budgets, sufficient computational power, and accuracy. Secure and reliable operation of these devices is also a fundamental matter as the interest (from both private and public sectors) in exploring space is continuously increasing. At present, open space is considered an insecure environment and therefore increases the demand for constrained security primitives on these flying devices. However, many such features require significant power, which affects the battery lifetime. In this paper, we propose and evaluate the area, power and performance of a novel High Performance Compact low-power GAGE hash function processor called PRO-GAGE. The results show PRO-GAGE is 29x faster and 7x more power-efficient than the reported implementation of GAGE hash function on the AVR ATMEGA 328p micro-controller.","2021-08","2026-04-09 21:05:16","2026-04-09 21:05:16","2026-04-09 21:04:42","9-16","","","","","","PRO-GAGE","","","","","","","","","","","","IEEE Xplore","","","","","","","","","","","","","","","","","","","","","","","","","","","","","","","","","","","","","","2021 IEEE Space Computing Conference (SCC)","","","","","","","","","","","","","","",""
"XTLWIQGH","journalArticle","2025","Aghapour, Saeed; Ahmadi, Kasra; Mozaffari Kermani, Mehran; Azarderakhsh, Reza","Efficient Partial Recomputation-Based Fault Detection Approaches for Z-transform","IEEE Transactions on Very Large Scale Integration (VLSI) Systems","","1557-9999","10.1109/TVLSI.2025.3560154","https://ieeexplore.ieee.org/document/10981316/","The Z-transform is a fundamental and strong tool being widely utilized in signal processing and various other applications such as communications and networking. By analyzing the Z-transform of a signal, one can extract critical information about its stability, causality, frequency response, energy and power, and overall behavior of the signal. However, errors caused either by environmental changes or malicious injections in large-scale integration (VLSI) implementations can critically compromise the integrity and reliability of its output. Failure to detect such faults may result in unpredictable, erroneous, and misleading function analyses. Therefore, the ability to detect soft errors and faults before accepting the results is of paramount importance. In this article, we propose an efficient fault detection method that combines algorithmic-level checks with partial recomputation to identify both transient and permanent faults with a high error coverage rate across various injection scenarios. The AMD/Xilinx field-programmable gate array (FPGA) implementation of our design demonstrated only a modest increase in time and area overhead. To the best of our knowledge, fault detection for the Z-transform function has not been previously studied.","2025-07","2026-04-09 21:05:16","2026-04-09 21:05:16","2026-04-09 21:04:44","1983-1993","","7","33","","","","","","","","","","","","","","","IEEE Xplore","","","","","","","","","","","","","","","","","","","","","","","","","","","","","","","","","","","","","","","","","","","","","","","","","","","","",""
"QCJKKJ2X","conferencePaper","2023","Oliveira, Rafael; Cabacinho, João; Oliveira, Luís; Casaleiro, João","True Random Number Generator Prototype Implemented in an FPGA","2023 7th International Young Engineers Forum (YEF-ECE)","","","10.1109/YEF-ECE58420.2023.10209297","https://ieeexplore.ieee.org/document/10209297/","True Random Number Generators (TRNGs) are one popular solution in hardware-based cryptographic systems, aiding in the security and reliability of data exchange. Their operation is based on physical phenomena and these can be used in applications such as key generation or random challenges. Implementing this type of circuits in FPGA allows for fast prototyping and easy integration.In this paper, we propose a prototype of a TRNG system based on Ring Oscillator (RO) structures that is lightweight, using less than 100 LookUp Tables (LUTs), and does not use post-processing modules. When compared to other state-of-the-art architectures, our prototype adds to a basic entropy source a simple module that uses only basic logic elements, resulting in greater jitter accumulation while keeping the overall architecture small. These characteristics also allow for easy modifications on the circuit to be done and make the design suitable for ASIC platform porting.The proposed architecture has been implemented on a Xilinx Zynq-7000 Zybo Z7-20 FPGA and it is able to pass all the National Institute of Standards and Technology (NIST) statistical tests, showing promise in future applications.","2023-07","2026-04-09 21:05:16","2026-05-03 10:23:05","2026-04-09 21:04:46","95-99","","","","","","","","","","","","","","","","","","IEEE Xplore","","","<p>Export Date: 02 May 2026; Cited By: 7</p>","/Users/mac/Zotero/storage/F8BQ73TX/Oliveira et al. - 2023 - True Random Number Generator Prototype Implemented in an FPGA.pdf","","Field programmable gate arrays (FPGA); Cryptography; Cryptographic systems; Number theory; Random number generation; Table lookup; TRNG; Security; Key generation; Electronic data interchange; Random number generators; Ring oscillator; True randoms; Security and reliabilities; True random number generator; Entropy; Ring Oscillator; Fast prototyping; Jitter; Physical phenomena","","","","","","","","","","","","","","","","","","","","","","","","","","","","","","","","2023 7th International Young Engineers Forum (YEF-ECE)","","","","","","","","","","","","","","",""
"RJ6N88JF","conferencePaper","2024","Rajpurohit, Mohit; Deka, Kaustubh Moni; Singh, Vaibhav Pratap; P, Haribabu","Advanced QKD Protocols and Practical Challenges","2024 IEEE International Conference on Public Key Infrastructure and its Applications (PKIA)","","","10.1109/PKIA62599.2024.10727858","https://ieeexplore.ieee.org/document/10727858/","Quantum Key Distribution (QKD) is an emerging field in private key cryptography. Recent advancements in quantum cryptography are focused on developing more secure protocols, particularly in response to the real time implementations of quantum hacking. Our research article focuses on Measurement-Device-Independent (MDI) and Twin-Field (TF) Quantum Key Distribution protocols, addressing the challenges associated with their implementation. We have discussed the implementation of a discrete phase randomization technique and phase slicing for Twin-Field (TF) Quantum Key Distribution, along with the integration of a random number generator (RNG). In our work, we designed and implemented initial quantum state preparation and the control electronics for an advanced Quantum Key Distribution system using an FPGA board.","2024-09","2026-04-09 21:05:16","2026-04-09 21:05:16","2026-04-09 21:04:48","1-8","","","","","","","","","","","","","","","","","","IEEE Xplore","","","","","","","","","","","","","","","","","","","","","","","","","","","","","","","","","","","","","","2024 IEEE International Conference on Public Key Infrastructure and its Applications (PKIA)","","","","","","","","","","","","","","",""
"P728H78X","conferencePaper","2026","Realpe-Muñoz, Paulo; Erazo-Aux, Jorge; Velasco-Medina, Jaime","High-Reliability True Random Number Generator With Real-Time Entropy Monitor","2026 IEEE 17th Latin America Symposium on Circuits and System (LASCAS)","","2473-4667","10.1109/LASCAS67804.2026.11457168","https://ieeexplore.ieee.org/document/11457168/","This paper presents the design of a high-reliability True Random Number Generator (TRNG), which consists of a ring oscillator block that incorporates a Von Neumann corrector, a dual-clock First-In First-Out (FIFO) block, a real-time entropy monitor that uses binary Shannon entropy for early fault detection in the entropy source, and two FSMs. To validate the reliability of the proposed TRNG, the repetition count test (RCT) and the adaptive proportion test (APT), as recommended by NIST SP 800-90B, were carried out. Additionally, a Universal Asynchronous Receiver-Transmitter (UART) interface was implemented to transmit the bits generated by the TRNG to a PC. TRNG was synthesized on a Field-Programmable Gate Array (FPGA) device (Cyclone V 5CSEBA6U23IE), evaluated using the NIST 800-22 statistical test suite, and verified in hardware using the DE10-Nano board and the Signal Tap tool. The synthesis results show that TRNG exhibits good performance with a low area resource requirement. According to the results, TRNG achieves a throughput of \mathbf5 0. 7 5 M b p s with a measured entropy of 0.9959 bits/bit, utilizing 274 LUTs, 24-kbit of ROM, and consuming 224.36 mW of power.","2026-02","2026-04-09 21:05:16","2026-04-09 21:05:16","2026-04-09 21:04:50","1-5","","","","","","","","","","","","","","","","","","IEEE Xplore","","ISSN: 2473-4667","","","","","","","","","","","","","","","","","","","","","","","","","","","","","","","","","","","","2026 IEEE 17th Latin America Symposium on Circuits and System (LASCAS)","","","","","","","","","","","","","","",""
"2VZP9MIJ","bookSection","2025","Hung, Patrick; Kan, Hongwei; Knopf, Greg","Coding Design","Edge Computing Acceleration: From 5G to 6G and Beyond","978-1-119-81385-9","","10.1002/9781119813873.ch4","https://ieeexplore.ieee.org/document/10783124/","Summary Chapter 4 investigates the coding design in 5G and 6G networks, focusing on techniques to ensure data integrity and security. It details various error correction codes such as block codes, convolutional codes, Turbo codes, LDPC codes, and Polar codes, explaining their roles in maintaining data accuracy and reliability. The chapter also explores essential security components, including encryption, authentication, access control, intrusion detection, and data loss prevention. Additionally, it covers security codes, discussing Public Key Infrastructure (PKI), symmetric and asymmetric cryptography, and standards like AES, RSA, and ECC. Emerging security topics for 5G/6G, such as blockchain, lightweight encryption algorithms, network codes, post‐quantum cryptography, homomorphic encryption, and zero‐knowledge proof, are examined for their potential to enhance the security and reliability of 5G/6G networks.","2025","2026-04-09 21:05:16","2026-04-09 21:05:16","2026-04-09 21:04:54","89-124","","","","","","","","","","","IEEE","","","","","","","IEEE Xplore","","DOI: 10.1002/9781119813873.ch4","","","","","","","","","","","","","","","","","","","","","","","","","","","","","","","","","","","","","","","","","","","","","","","","","","",""
"HVFJGE2B","conferencePaper","2023","Nabhan, Roukoz; Dutertre, Jean-Max; Rigaud, Jean-Baptiste; Danger, Jean-Luc; Sauvage, Laurent","A Tale of Two Models: Discussing the Timing and Sampling EM Fault Injection Models","2023 Workshop on Fault Detection and Tolerance in Cryptography (FDTC)","","2995-0252","10.1109/FDTC60478.2023.00010","https://ieeexplore.ieee.org/document/10495116/","Investigating the dynamics and mechanisms of Electromagnetic Fault Injection (EMFI) attacks, which expose an active circuit to electromagnetic disturbances, presents a persisting challenge due to the diverse and complex fault mechanisms involved. An improved understanding of EMFI modeling is paramount for developing proficient on-chip detection sensors, serving as countermeasures to these attacks. In light of this, our research evaluated the effectiveness of EMFI detection sensors, introduced by Elbaze et al., which rest on the premise that the sampling fault model accounts for EMFI. To assess the functionality of these sensors, we integrated them into an Advanced Encryption Standard (AES) accelerator of a Field-Programmable Gate Array (FPGA) and performed a series of experiments. The resulting evidence suggests that the explanation for EMFI is not a singular fault model but rather, two underlying mechanisms are implicated. At high frequencies, which corresponds to low slack, electromagnetic disturbances, in tandem with the target's Power Distribution Network (PDN), initiated timing constraint violations. This violation subsequently increased the logic propagation times, surpassing the clock period. Contrarily, at low to moderate frequencies, the induced faults generally aligned with the sampling fault model. However, certain deviations from the theoretical framework called into question the model's validity. Upon a deeper examination of the results, we determined that these faults, rather than being sampling faults, were tied to a different mechanism. Electromagnetic disturbances, when coupled with a target's Clock Distribution Network (CDN), can cause timing constraint violations due to EMFI-induced voltage glitches within the target's clock tree. By integrating the mechanisms of EMFI-induced clock glitches and timing faults into the timing violations fault model, we attain a holistic comprehension of EMFI mechanisms. It encapsulates both mechanisms induced by EMFI, spanning the full-frequency spectrum of the target.","2023-09","2026-04-09 21:05:16","2026-04-09 21:05:16","2026-04-09 21:04:56","1-12","","","","","","A Tale of Two Models","","","","","","","","","","","","IEEE Xplore","","ISSN: 2995-0252","","/Users/mac/Zotero/storage/68BBVK7G/Nabhan et al. - 2023 - A Tale of Two Models Discussing the Timing and Sampling EM Fault Injection Models.pdf","","","","","","","","","","","","","","","","","","","","","","","","","","","","","","","","","","2023 Workshop on Fault Detection and Tolerance in Cryptography (FDTC)","","","","","","","","","","","","","","",""
"XDXLY29Q","journalArticle","2022","Syafalni, Infall; Jonatan, Gilbert; Sutisna, Nana; Mulyawan, Rahmat; Adiono, Trio","Efficient Homomorphic Encryption Accelerator With Integrated PRNG Using Low-Cost FPGA","IEEE Access","","2169-3536","10.1109/ACCESS.2022.3143804","https://ieeexplore.ieee.org/document/9682693/","With recent development in internet speed and reliability, cloud computing has become a more reliable solution for the user. In many cases where data privacy is critical, fully homomorphic encryption (FHE) can be a security solution for securing cloud computing. FHE enables computation on encrypted data, hence it ensures data privacy in case of cloud computing. One popular scheme of FHE is the BFV homomorphic encryption scheme, which is based on ring learning with error (RLWE) computation. The BFV scheme uses ring polynomials as the main object, hence its encryption, decryption, and evaluation require high-degree polynomial multiplication. In this paper, we present comprehensive design and implementation of a hardware architecture to accelerate encryption and decryption in BFV scheme. Our accelerator uses convolution approach for calculating a polynomial multiplication. To implement the convolution, we use a systolic array to calculate polynomial convolution followed by a simple delayed subtraction to calculate polynomial modulo reduction inside our accelerator’s core. Moreover, we use a built-in Gaussian pseudo-random number generator (PRNG) to generate Gaussian noise in the encryption operations. Finally, we implement the 1024 degrees BFV accelerator on the Xilinx PYNQ Z1 board and compare the encryption and decryption performances to other methods as well as a software implementation on Intel Core i7 with 8GB memory. Experimental results show that our accelerator outperforms the clock cycles of other methods with the same polynomial degrees 1024 up to 22\times . Moreover, our proposed Gaussian PRNG has better 2\times correlation compared to the rotation-only-based PRNG. Finally, our accelerator accelerates up to 9\times for encryption and 3.5\times for decryption as well as 6.8\times for overall compared to Microsoft SEAL on Intel Core i7 processor with 8GB memory. The proposed design is scalable for higher degrees polynomial multiplication and useful for security technology such as high-speed secure cloud computing, blind computing, and secure communication.","2022","2026-04-09 21:05:16","2026-05-03 10:20:06","2026-04-09 21:04:58","7753-7771","","","10","","","","","","","","","","","","","","","IEEE Xplore","","","<p>Export Date: 02 May 2026; Cited By: 33; Correspondence Address: I. Syafalni; School of Electrical Engineering and Informatics, Bandung Institute of Technology, Electrical Engineering Department, Bandung, 40132, Indonesia; email: infall@ieee.org</p>","/Users/mac/Zotero/storage/TCRT6FYL/Syafalni et al. - 2022 - Efficient Homomorphic Encryption Accelerator With Integrated PRNG Using Low-Cost FPGA.pdf","","Acceleration; Gaussians; Cryptography; Number theory; Random number generation; Polynomials; Software; Gaussian distribution; Polynomial multiplication; Data privacy; Hardware accelerators; Convolution; Cloud computing; Cloud-computing; Homomorphic-encryptions; Fully homomorphic encryption; Encryption and decryption; Gaussian noise (electronic); BFV scheme; Gaussian PRNG; Homomorphic encryption; Intel core i7; Systolic arrays","","","","","","","","","","","","","","","","","","","","","","","","","","","","","","","","","","","","","","","","","","","","","","",""
"C9LM7UYV","journalArticle","2018","Aghaie, Anita; Mozaffari Kermani, Mehran; Azarderakhsh, Reza","Reliable and Fault Diagnosis Architectures for Hardware and Software-Efficient Block Cipher KLEIN Benchmarked on FPGA","IEEE Transactions on Computer-Aided Design of Integrated Circuits and Systems","","1937-4151","10.1109/TCAD.2017.2740286","https://ieeexplore.ieee.org/document/8012548/","Security-sensitive usage models, such as implantable and wearable medical devices are prone to algorithmic cryptographic attacks as well as malicious implementation attacks. The cryptographic algorithms in these cryptosystems, such as lightweight block ciphers utilized in constrained applications, face significant tradeoff between the high level of security and the efficiency of their implementation metrics. For thwarting fault analysis attacks, among effective variants of active implementation attacks, and also to detect natural faults, efficient fault diagnosis schemes for these lightweight block ciphers are essential. In this paper, for the first time, we propose error detection schemes for lightweight block cipher, KLEIN, to ameliorate its error resiliency with low hardware complexity. The proposed fault diagnosis architectures are for linear and nonlinear components of this cipher. We also consider the notion of fault space transformation for lightweight cryptography and present its potential complications. The implementation of the proposed schemes through variants of Xilinx field-programmable gate arrays and the error coverage assessed with fault injection simulations show the effectiveness of the proposed schemes with acceptable footprints.","2018-04","2026-04-09 21:05:16","2026-04-09 21:05:16","2026-04-09 21:05:00","901-905","","4","37","","","","","","","","","","","","","","","IEEE Xplore","","","","","","","","","","","","","","","","","","","","","","","","","","","","","","","","","","","","","","","","","","","","","","","","","","","","",""
"B8HVM2SZ","journalArticle","2026","Khan, Mahreen; Mushtaq, Maria; Pacalet, Renaud; Apvrille, Ludovic","Toward Secure RISC-V Microarchitecture: Vulnerability Classes and Defenses","IEEE Access","","2169-3536","10.1109/ACCESS.2026.3679984","https://ieeexplore.ieee.org/document/11471672/","RISC-V is an open instruction set architecture that enables a wide range of processor implementations across academia and industry. While its architectural simplicity and extensibility support rapid innovation, RISC-V processors exhibit microarchitectural behaviors that give rise to side-channel and transient-execution vulnerabilities similar to those observed in other high-performance CPU architectures. This paper presents a structured taxonomy of microarchitectural vulnerabilities in RISC-V processors, organized into five classes based on the affected hardware components and dominant sources of leakage: cache-based channels, speculative and transient execution, branch prediction structures, memory and address translation subsystems, and observation through performance monitoring mechanisms. For each class, we examine representative vulnerabilities and documented attacks on existing RISC-V implementations and research prototypes, and analyze the underlying microarchitectural mechanisms that enable information leakage. We further study countermeasures applicable to each vulnerability class, covering both RISC-V-specific proposals and adaptations of mechanisms previously developed for x86 and ARM platforms. The surveyed defenses are systematically analyzed in terms of security coverage, performance overhead, and implementation complexity, highlighting both their strengths and practical limitations. The resulting taxonomy and comparative analysis aim to support RISC-V architects, system designers, and software developers in reasoning about microarchitectural risks and mitigation trade-offs during system design.","2026","2026-04-09 21:05:16","2026-04-09 21:05:16","2026-04-09 21:05:02","51504-51519","","","14","","","Toward Secure RISC-V Microarchitecture","","","","","","","","","","","","IEEE Xplore","","","","/Users/mac/Zotero/storage/WLMV5QR6/Khan et al. - 2026 - Toward Secure RISC-V Microarchitecture Vulnerability Classes and Defenses.pdf","","","","","","","","","","","","","","","","","","","","","","","","","","","","","","","","","","","","","","","","","","","","","","","","",""
"5FYCJICJ","conferencePaper","2018","Karp, Batya; Gay, Mael; Keren, Osnat; Polian, Ilia","Security-oriented Code-based Architectures for Mitigating Fault Attacks","2018 Conference on Design of Circuits and Integrated Systems (DCIS)","","2640-5563","10.1109/DCIS.2018.8681476","https://ieeexplore.ieee.org/document/8681476/","Error-detecting codes (EDCs) are an efficient and versatile tool to detect disturbances during the operation of a circuit. Historically, EDCs were considered in the context of reliability and safety, where failures were assumed to occur due to natural reasons, like noise or ageing. However, they have also been suggested in the security context, as an approach to counteract malicious physical attacks on cryptographic and other security-critical circuits. In this paper, we review recently developed security-oriented code constructions, pointing out the differences in assumptions and efficiency metrics for reliability- and security-oriented EDCs. We propose a number of architectures to apply these findings to actual cryptographic circuits. Experimental results obtained using a fault injector on an FPGA board demonstrate the detection and correction performance of the architectures.","2018-11","2026-04-09 21:05:16","2026-04-09 21:05:16","2026-04-09 21:05:05","1-6","","","","","","","","","","","","","","","","","","IEEE Xplore","","ISSN: 2640-5563","","","","","","","","","","","","","","","","","","","","","","","","","","","","","","","","","","","","2018 Conference on Design of Circuits and Integrated Systems (DCIS)","","","","","","","","","","","","","","",""
"HBP78EIZ","conferencePaper","2019","Gay, Maël; Paxian, Tobias; Upadhyaya, Devanshi; Becker, Bernd; Polian, Ilia","Hardware-Oriented Algebraic Fault Attack Framework with Multiple Fault Injection Support","2019 Workshop on Fault Diagnosis and Tolerance in Cryptography (FDTC)","","","10.1109/FDTC.2019.00012","https://ieeexplore.ieee.org/document/8844472/","The evaluation of fault attacks on security-critical hardware implementations of cryptographic primitives is an important concern. In such regards, we have created a framework for automated construction of fault attacks on hardware realization of ciphers. The framework can be used to quickly evaluate any cipher implementations, including any optimisations. It takes the circuit description of the cipher and the fault model as input. The output of the framework is a set of algebraic equations, such as conjunctive normal form (CNF) clauses, which is then fed to a SAT solver. We consider both attacking an actual implementation of a cipher on an field-programmable gate array (FPGA) platform using a fault injector and the evaluation of an early design of the cipher using idealized fault models. We report the successful application of our hardware-oriented framework to a collection of ciphers, including the advanced encryption standard (AES), and the lightweight block ciphers LED and PRESENT. The corresponding results and a discussion of the impact to different fault models on our framework are shown. Moreover, we report significant improvements compared to similar frameworks, such as speedups or more advanced features. Our framework is the first algebraic fault attack (AFA) tool to evaluate the state-of-the art cipher LED-64, PRESENT and full-scale AES using only hardware-oriented structural cipher descriptions.","2019-08","2026-04-09 21:05:16","2026-04-09 21:05:16","2026-04-09 21:05:07","25-32","","","","","","","","","","","","","","","","","","IEEE Xplore","","","","","","","","","","","","","","","","","","","","","","","","","","","","","","","","","","","","","","2019 Workshop on Fault Diagnosis and Tolerance in Cryptography (FDTC)","","","","","","","","","","","","","","",""
"BAK4WTPY","conferencePaper","2017","Benevenuti, Fabio; Kastensmidt, Fernanda Lima","Evaluation of fault attack detection on SRAM-based FPGAs","2017 18th IEEE Latin American Test Symposium (LATS)","","","10.1109/LATW.2017.7906747","https://ieeexplore.ieee.org/document/7906747/","In this paper we present an extended fault injection approach to configuration memory of SRAM-based FPGAs consisting of inter frame many bits upsets to be used as an evaluation tool for attack detection capability and countermeasure effectiveness in security sensitive design modules. The work presented in this paper is twofold. First, we present the concept of a fault detection mechanism for SRAM-based FPGAs based on redundancy of functional modules to be placed evenly spaced over the FPGA floorplan and composing a fault detection mesh. On the following, we present the results of fault injection at the configuration memory of a SRAM-based FPGA used to evaluate the detection capability of different configurations of such detection module. To this, fault injection is done flipping many bits in sequence, locally, mimicking a laser attack. To demonstrate this concept, it was implemented in a Xilinx 7 Series device. The detection module used in the experiments was built around a substitution box (S-box) that is part of the Rijndael symmetric cryptography and the Advanced Encryption Standard (AES).","2017-03","2026-04-09 21:05:16","2026-04-09 21:05:16","2026-04-09 21:05:09","1-6","","","","","","","","","","","","","","","","","","IEEE Xplore","","","","","","","","","","","","","","","","","","","","","","","","","","","","","","","","","","","","","","2017 18th IEEE Latin American Test Symposium (LATS)","","","","","","","","","","","","","","",""
"VDA9GI2C","conferencePaper","2021","Hasan Anik, Toufiq; Danger, Jean-Luc; Diankha, Omar; Ebrahimabadi, Mohammad; Frisch, Christoph; Guilley, Sylvain; Karimi, Naghmeh; Pehl, Michael; Takarabt, Sofiane","Testing and Reliability Enhancement of Security Primitives","2021 IEEE International Symposium on Defect and Fault Tolerance in VLSI and Nanotechnology Systems (DFT)","","2765-933X","10.1109/DFT52944.2021.9568297","https://ieeexplore.ieee.org/document/9568297/","The test of security primitives is particularly strategic as any bias coming from the implementation or environment can wreck havoc on the security it is intended to provide. This paper presents how some security properties are tested on leading primitives: True Random Number Generation (TRNG), Physically Unclonable Function (PUF), cryptographic primitives and Digital Sensor (DS). The test of TRNG and PUF to ensure a high level of security is mainly about the entropy assessment, which requires specific statistical tests. The security against side-channel analysis (SCA) of cryptographic primitives, like the substitution box in symmetric cryptography, is generally ensured by masking. But the hardware implementation of masking can be damaged by glitches, which create leakages on sensitive variables. A test method is to search for nets of the cryptographic netlist, which are vulnerable to glitches. The DS is an efficient primitive to detect disturbances and rise alarms in case of fault injection attack (FIA). The dimensioning of this primitive requires a precise test to take into account the environment variations including the aging.","2021-10","2026-04-09 21:05:16","2026-04-09 21:05:16","2026-04-09 21:05:12","1-8","","","","","","","","","","","","","","","","","","IEEE Xplore","","ISSN: 2765-933X","","","","","","","","","","","","","","","","","","","","","","","","","","","","","","","","","","","","2021 IEEE International Symposium on Defect and Fault Tolerance in VLSI and Nanotechnology Systems (DFT)","","","","","","","","","","","","","","",""
"A23Y3VGW","journalArticle","2024","Ahmadi, Kasra; Aghapour, Saeed; Kermani, Mehran Mozaffari; Azarderakhsh, Reza","Efficient Error Detection Schemes for ECSM Window Method Benchmarked on FPGAs","IEEE Transactions on Very Large Scale Integration (VLSI) Systems","","1557-9999","10.1109/TVLSI.2023.3341147","https://ieeexplore.ieee.org/document/10364737/","Elliptic curve scalar multiplication (ECSM) stands as a crucial subblock in elliptic curve cryptography (ECC), which represents the most widely used prequantum public key cryptography. Hardware constructions of cryptographic systems utilizing ECSM have been subject to permanent or transient errors. In cryptographic systems, it is important to validate the correctness of the underlying computation performed on hardware or software to identify such errors. In this article, we present new fault detection schemes in window method scalar multiplication, which, to the best of our knowledge, has not been previously investigated. Our approach involves introducing refined algorithms and implementations that can effectively counter both permanent and transient errors. We assess this by simulating a fault model, ensuring that the evaluations conducted reflect the obtained results. As a result, we achieve a significantly extensive coverage of errors. Finally, we benchmark our proposed error detection scheme on ARMv8 and field-programmable gate array (FPGA) to demonstrate the implementation and resource overhead. On Cortex-A72 processors, we maintain a clock cycle overhead of under 3%. In addition, when implementing our error detection method on different FPGAs, including Zynq Ultrascale+, Artix-7, and Kintex Ultrascale+, we achieve comparable throughput while introducing a mere 2% increase in area compared with the original hardware implementations.","2024-03","2026-04-09 21:05:16","2026-05-03 10:09:19","2026-04-09 21:05:14","592-596","","3","32","","","","","","","","","","","","","","","IEEE Xplore","","","<p>Export Date: 02 May 2026; Cited By: 9; Correspondence Address: M.M. Kermani; University of South Florida, Department of Computer Science and Engineering, Tampa, 33620, United States; email: mehran2@usf.edu; CODEN: IEVSE</p>","","","Field programmable gate arrays (FPGA); Public key cryptography; Hardware; Geometry; Field programmables; Field-programmable gate array; Programmable gate array; Error correction; Field programmable gate array; Fault detection; Clocks; Error detection; Logic gates; Elliptic curve cryptography; field-programmable gate array (FPGA); reliability; Elliptic curve; Curve cryptography; Faults detection; Verylarge-scale integrations (VLSI); Error correction codes; window method; Window methods","","","","","","","","","","","","","","","","","","","","","","","","","","","","","","","","","","","","","","","","","","","","","","",""
"GIXS3X9E","conferencePaper","2024","Kifouche, Abdenour; Azzaz, Mohamed Salah; Alloun, Youcef; Merdaci, Walid","Design and Implementation on FPGA of a Real-Time Secure Audio Communication System","2024 6th International Conference on Communications, Signal Processing, and their Applications (ICCSPA)","","2767-7702","10.1109/ICCSPA61559.2024.10794211","https://ieeexplore.ieee.org/document/10794211/","In communication systems, data transmitted over networks must be protected against access by unauthorized parties. Indeed, existing audio systems are based on classical cryptographic algorithms. However, the reliability of some of these algorithms is no longer guaranteed, and others need significant resources with regard to memory, energy, and computation time, making them unsuitable for resource-constrained boards. To rise to these challenging issues, this paper develops a secure real-time audio communication architecture based on chaotic systems. This architecture is implemented on a Nexys FPGA board. The encryption scheme undergoes two consecutive stages of confusion and diffusion. Statistical results confirm the robustness of the proposed encryption scheme against many attacks based on the NIST test, key sensitivity, key size, information entropy, and statistical analysis. The implementation results include 21% of logic elements and 0.43 W of dynamic power to carry out the desired functions. The proposed scheme can reach a maximum frequency of 254.38 MHz. Compared to related work, this paper proposes a lightweight encryption system able to be implemented in different resource-constrained hardware boards. In addition, the proposed solution covers the entire life cycle of an audio communication system, including audio acquisition, filtering, encryption/decryption, and data sending/receiving over WiFi. These features guarantee the successful use of this solution in audio communications systems.","2024-07","2026-04-09 21:05:16","2026-05-03 10:17:38","2026-04-09 21:05:16","1-6","","","","","","","","","","","","","","","","","","IEEE Xplore","","ISSN: 2767-7702","<p>Export Date: 02 May 2026; Cited By: 1; Correspondence Address: A. Kifouche; Ecole Militaire Polytechnique, Electronic and Digital Systems Laboratory, Algiers, Algeria; email: abdenour.kifouche@esiee.fr</p>","","","Network security; Real- time; Real-time; FPGA; Integrated circuit design; Cryptography; Cryptographic algorithms; Security; security; Design and implementations; Communications systems; Audio; Audio communications; Audio systems; Chaos theory; Data communication systems; Encryption schemes; Memory computations; Memory energies","","","","","","","","","","","","","","","","","","","","","","","","","","","","","","","","2024 6th International Conference on Communications, Signal Processing, and their Applications (ICCSPA)","","","","","","","","","","","","","","",""
"G3YU9I7U","conferencePaper","2020","Wang, Ye; Xi, Xiaodan; Orshansky, Michael","Lattice PUF: A Strong Physical Unclonable Function Provably Secure against Machine Learning Attacks","2020 IEEE International Symposium on Hardware Oriented Security and Trust (HOST)","","","10.1109/HOST45689.2020.9300270","https://ieeexplore.ieee.org/document/9300270/","We propose a strong physical unclonable function (PUF) provably secure against machine learning (ML) attacks with both classical and quantum computers. Its security is derived from cryptographic hardness of learning decryption functions of public-key cryptosystems. Our design compactly realizes the decryption function of the learning-with-errors (LWE) cryptosystem. Due to the fundamental connection of LWE to lattice problems, we call the construction the lattice PUF. Lattice PUF is constructed using a physically obfuscated key (POK), an LWE decryption function block, and a linear-feedback shift register (LFSR) as a pseudo-random number generator. The POK provides the secret key of the LWE decryption function; its stability is ensured by a fuzzy extractor (FE). To reduce the challenge size, we exploit distributional relaxations of space-efficient LWEs. That allows only a small challenge-seed to be transmitted with the full-length challenge generated by the LFSR, resulting in a 100X reduction of communication cost. To prevent an active challenge-manipulation attack, a self-incrementing counter is embedded into the challenge seed. We prototyped the lattice PUF with 2136 challenge-response pairs (CRPs) on a Spartan 6 FPGA, which required 45 slices for the PUF logic proper and 233 slices for the FE. Simulation-based evaluation shows the mean (std) of uniformity to be 49.98 % (1. 58%), of uniqueness to be 50.00 % (1. 58%), and of reliability to be 1. 26% (2. 88%). The LWE concrete hardness estimator guarantees that a successful ML attack of the lattice PUF will require the infeasible 2128 CPU operations. Several classes of empirical ML attacks, including support vector machine, logistic regression, and deep neural networks, are used: in all attacks, the prediction error remains above 49.76% after 1 million training CRPs.","2020-12","2026-04-09 21:07:21","2026-05-03 10:04:34","2026-04-09 21:06:31","273-283","","","","","","Lattice PUF","","","","","","","","","","","","IEEE Xplore","","","","","","","","","","","","","","","","","","","","","","","","","","","","","","","","","","","","","","2020 IEEE International Symposium on Hardware Oriented Security and Trust (HOST)","","","","","","","","","","","","","","",""
"95UWL5SG","journalArticle","2023","Xi, Xiaodan; Li, Ge; Wang, Ye; Orshansky, Michael","A Provably Secure Strong PUF Based on LWE: Construction and Implementation","IEEE Transactions on Computers","","1557-9956","10.1109/TC.2022.3207119","https://ieeexplore.ieee.org/document/9900128/","We construct a strong physical unclonable function (PUF) with provable security against machine learning (ML) attacks on both classical and quantum computers. The security is guaranteed by the cryptographic hardness of learning decryption functions of public-key cryptosystems, and the hardness of the learning-with-errors (LWE) problem defined on integer lattices. We call our construction the lattice PUF. We construct lattice PUF with a physically obfuscated key and an LWE decryption function block. To allow deployments in different scenarios, we demonstrate designs with different latency-area trade-offs. A compact design uses a highly serialized linear-feedback shift register (LFSR) and LWE decryption function, while a latency-optimized design uses an unrolled LFSR and a parallel datapath. We prototype lattice PUF designs with 2<sup>136</sup>2136 challenge-response pairs (CRPs) on a spartan 6 field-programmable gate array (FPGA). In addition to theoretical security guarantee, we evaluate empirical resistance to the various leading ML techniques: the prediction error remains above 49.76%49.76% after 1 million training CRPs. The resource-efficient design requires only 45 slices for PUF logic proper, and 27 slices for reverse fuzzy extractor. The latency-optimized design achieves a 148X148X reduction in latency, at a 10X10X increase in PUF hardware utilization. The mean uniformity of PUF responses is 49.98%49.98%, the mean uniqueness is 50.00%50.00%, and the mean reliability is 1.26%1.26%.","2023-02","2026-04-09 21:07:21","2026-05-03 09:34:56","2026-04-09 21:06:33","346-359","","2","72","","","A Provably Secure Strong PUF Based on LWE","","","","","","","","","","","","IEEE Xplore","","","<p>Export Date: 02 May 2026; Cited By: 11; Correspondence Address: G. Li; The University of Texas at Austin, Department of Electrical and Computer Engineering, Austin, 78712, United States; email: lige@utexas.edu; CODEN: ITCOB</p>","","","Hardware security; Quantum computers; Quantum cryptography; Lattice; Public key cryptography; Hardware; Computer hardware; Learning with Errors; Economic and social effects; lattice cryptography; Lattice cryptography; design space exploration; Resistance; Strong PUF; Design use; Hardness; ML resistance; PAC learning; Picture archiving and communications systems","","","","","","","","","","","","","","","","","","","","","","","","","","","","","","","","","","","","","","","","","","","","","","",""
"7LAV9Y2X","conferencePaper","2023","Gupta, Harshita; Kabra, Mayank; Patwari, Nitin D; C, Prashanth H; Rao, Madhav","Design and Evaluation of multipliers for hardware accelerated on-chip EdDSA","2023 24th International Symposium on Quality Electronic Design (ISQED)","","1948-3295","10.1109/ISQED57927.2023.10129381","https://ieeexplore.ieee.org/document/10129381/","The paper presents optimized implementations of Edwards curve digital signature algorithm (EdDSA) which is based on a popular Ed25519 instance. When compared to current digital signature methods, this algorithm considerably reduces the execution time without compromising security. Despite being used in several popular applications, hardware implementation and characteristics is not reported. The proposed work aims to characterize on-chip EdDSA using four different state-of-the-art (SOTA) multipliers. Multiplier forms critical design component in the EdDSA implementation, hence different SOTA multipliers are characterized for hardware metrics and its impact on the overall EdDSA module is investigated. Four different multipliers in the form of Conventional polynomial (CA), Karat-suba (KA), overlap-free-Karatsuba (OKA), overlap-free based multilpier strategy (OBS), along with the default array multiplier which are traditionally employed in hardware designs were investigated for 32-bit and 64-bit data format individually. These multipliers were further employed for designing on-chip EdDSA and its characteristics are presented. CA based on-chip EdDSA was characterized to work reliably at a maximum operating frequency of 120 MHz, whereas OBS and OKA derived on-chip EdDSA presented the most compact on-chip designs. The on-chip EdDSA work is a step towards attaining reliable on-chip cryptosystems in the future.","2023-04","2026-04-09 21:07:21","2026-05-03 10:06:57","2026-04-09 21:06:35","1-9","","","","","","","","","","","","","","","","","","IEEE Xplore","","ISSN: 1948-3295","","","","","","","","","","","","","","","","","","","","","","","","","","","","","","","","","","","","2023 24th International Symposium on Quality Electronic Design (ISQED)","","","","","","","","","","","","","","",""
"LQIYS7D7","journalArticle","2018","Marangon, Davide Giacomo; Plews, Alan; Lucamarini, Marco; Dynes, James F.; Sharpe, Andrew W.; Yuan, Zhiliang; Shields, Andrew J.","Long-Term Test of a Fast and Compact Quantum Random Number Generator","Journal of Lightwave Technology","","1558-2213","10.1109/JLT.2018.2841773","https://ieeexplore.ieee.org/document/8369116/","Random numbers are an essential resource to many applications, including cryptography and Monte Carlo simulations. Quantum random number generators (QRNGs) represent the ultimate source of randomness, as the numbers are obtained by sampling a physical quantum process that is intrinsically probabilistic. However, they are yet to be widely employed to replace deterministic pseudo random number generators (PRNG) for practical applications. QRNGs are regarded as interesting devices. However, they are slower than PRNGs for simulations and are typically seen as clumsy laboratory prototypes, prone to failures, and unreliable for cryptographic applications. Here, we overcome these limitations and demonstrate a compact and self-contained QRNG capable of generating random numbers at a pace of 8 Gbit/s uninterruptedly for 71 days. During this period, the physical parameters of the quantum process were monitored in real time by self-checking functions implemented in the generator itself. At the same time, the output random numbers were analyzed with the most stringent suites of statistical tests. The analysis shows that the QRNG under test sustained the continuous operation without physical instabilities or hardware failures. At the same time, the output random numbers were analyzed with the most stringent suites of statistical tests, which were passed during the whole operation time. This extensive trial demonstrates the reliability of a robustly designed QRNG and paves the way to its use in practical applications based on randomness.","2018-09","2026-04-09 21:07:21","2026-05-03 10:18:27","2026-04-09 21:06:36","3778-3784","","17","36","","","","","","","","","","","","","","","IEEE Xplore","","","","/Users/mac/Zotero/storage/A7K7WLDW/Marangon et al. - 2018 - Long-Term Test of a Fast and Compact Quantum Random Number Generator.pdf","","","","","","","","","","","","","","","","","","","","","","","","","","","","","","","","","","","","","","","","","","","","","","","","",""
"IXFQCS87","journalArticle","2025","Iranfar, Pegah; Amirany, Abdolah; Moaiyeri, Mohammad Hossein","Power Attack-Immune Spintronic-Based AES Hardware Accelerator for Secure and High-Performance PiM Architectures","IEEE Transactions on Magnetics","","1941-0069","10.1109/TMAG.2025.3544409","https://ieeexplore.ieee.org/document/10898048/","Concerns about data security have grown due to the increasing leakage power attributed to the scaling of CMOS technology. This necessitates the integration of spintronic devices, such as magnetic tunnel junctions (MTJs), with CMOS to mitigate leakage power and maintain data integrity. This article proposes a novel hybrid MTJ/CMOS architecture that implements the advanced encryption standard (AES) algorithm within a process-in-memory (PiM) framework to enhance data security. The key innovation is the architecture’s resilience to side-channel attacks, including differential power analysis (DPA) and correlation power analysis (CPA). Comprehensive post-layout simulations using the well-established 40-nm CMOS technology demonstrate that the power consumption patterns of each AES component remain constant, even under process variations. Furthermore, system-level simulations highlight that the proposed AES-128 architecture effectively resists information leakage and power attacks, even when exposed to numerous power traces used for key extraction. Comparative results indicate that our proposed power attack-resilient AES-128 hardware design outperforms existing application-specific integrated circuit (ASIC) and field-programmable gate array (FPGA) implementations, enhancing static power by 98% and boosting maximum frequency by 72% and 91%, respectively. The architecture’s adaptability for implementing other AES versions (AES-192 and AES-256) and substitution-based encryption algorithms further expands its versatility.","2025-04","2026-04-09 21:07:21","2026-05-03 10:08:15","2026-04-09 21:06:38","1-12","","4","61","","","","","","","","","","","","","","","IEEE Xplore","","","","","","","","","","","","","","","","","","","","","","","","","","","","","","","","","","","","","","","","","","","","","","","","","","","","",""
"LHVSKFFB","conferencePaper","2025","Petraglio, Enrico; Brunet, Yorick; Perrenoud, Pascal; Dieperink, Clément; Graf, Yoan; Convers, Anthony; Jaccard, Anthony; Thoma, Yann","Hybrid Modular Hardware-Software Solution for Securing Ground-Satellites Communication","2025 Security for Space Systems (3S)","","","","https://ieeexplore.ieee.org/document/11389412/","Recent advancements in satellite communication technology have significantly expanded the scope and complexity of space-based applications, from Earth observation to interplanetary missions. As satellites increasingly handle sensitive data and critical infrastructure, ensuring the confidentiality, integrity, and authenticity of transmitted information has become a paramount concern. However, the space environment poses unique security challenges, including high latency, limited computational resources, and vulnerability to cyber threats. To address these challenges, the Space Data Link Security (SDLS) protocol has emerged as a promising standard, offering link security tailored to the constraints of space systems. In response to the growing need for robust security measures in satellite communications, this paper presents a mixed software-hardware modular implementation of the SDLS protocol proposed as a viable solution to improve the performance, resilience and reliability of future space missions.","2025-11","2026-04-09 21:07:21","2026-05-03 10:21:09","2026-04-09 21:06:39","1-6","","","","","","","","","","","","","","","","","","IEEE Xplore","","","","","","","","","","","","","","","","","","","","","","","","","","","","","","","","","","","","","","2025 Security for Space Systems (3S)","","","","","","","","","","","","","","",""
"Z33YRIBQ","conferencePaper","2025","H., Aravind; G., Dineshkumar; R., Sudharsan; R., Mohaprasath S.; N., Mohankumar","Secured Lightweight TRNG Design Using Encrypt Flip-Flop Architecture","2025 IEEE 5th International Conference on VLSI Systems, Architecture, Technology and Applications (VLSI SATA)","","","10.1109/VLSISATA65374.2025.11070087","https://ieeexplore.ieee.org/document/11070087/","The development of a True Random Number Generator (TRNG) is crucial for enhancing security in a cryptographic system, or in general where high unpredictability is insisted upon. True randomness remains as elusive as it has always been since current approaches are complex and depend primarily on unique physical phenomena such as quantum effects, light, or electrical currents. This paper is centered on the design of a lightweight TRNG that produces incalculable bitstreams for secure applications, such as payment systems and secure identification, to generate cryptographic keys and ensure secure operations without excessive computational load. Our implementation utilizes an Encrypt Flip-Flop and Von-Neumann technique to leverage the non-linearity. By making use of purely digital components of the VLSI framework, the proposed TRNG model was implemented on PYNQ-Z2 FPGA board. The proposed TRNG met all NIST SP 800–22 and AIS31 statistical test requirements, which recorded a Hamming distance of 47.98%, demonstrating its robustness and suitability for practical secure applications. Additionally, to further validate its reliability, scatter plots of both the 8-bit and 64-bit variants were included. This delivers a practical, lightweight, and strong solution for secure communication and other applications demanding significant randomness, such as printed electronics, wearables, or IoT devices.","2025-05","2026-04-09 21:07:21","2026-05-03 10:06:56","2026-04-09 21:06:40","1-6","","","","","","","","","","","","","","","","","","IEEE Xplore","","","<p>Export Date: 02 May 2026; Cited By: 1</p>","","","Hardware security; Integrated circuit design; 'current; Cryptography; Cryptographic systems; Architecture; Number theory; Random number generation; NIST; Ciphertext; Encryption; Pseudo-random number generator; Pseudo-Random Number Generator (PRNG); Pseudorandom number generators; Random number generators; Random processes; True randoms; Hardware Security; Hamming distance; True random number generator; Physical phenomena; Generator design; True Random Number Generator (TRNG)","","","","","","","","","","","","","","","","","","","","","","","","","","","","","","","","2025 IEEE 5th International Conference on VLSI Systems, Architecture, Technology and Applications (VLSI SATA)","","","","","","","","","","","","","","",""
"PKMYWR85","conferencePaper","2025","Rajan, Anand; Joseph, Delna; Wilson, Geon; Pauly, Sinta; Rajan, Bindhu K","Design and Analysis of SHA-256 Hash Function Using FPGA for Secure Data Processing","2025 11th International Conference on Smart Computing and Communications (ICSCC)","","","10.1109/ICSCC66177.2025.11233390","https://ieeexplore.ieee.org/document/11233390/","Secure Hash Algorithm (SHA) is a set of cryptographic hashing algorithms designed to generate fixed-size output hash value from input data of any size. This paper provide an efficient design and synthesis-level study of the SHA-256 cryptographic hash algorithm on various 7th generation fieldprogrammable gate array(FPGA). SHA-256 hash function is designed to optimize performance at the expense of resources, thereby making it useful for secure communication, blockchain, and data integrity verification applications. For high-throughput and low-latency designs, sophisticated design techniques like pipelining, loop unrolling, and resource sharing are used. The design effectively manages the \mathbf6 4-round compression function of SHA-256 with correct intermediate hash updates and high security against collision attacks. Comprehensive testing and verification with standard SHA-256 test vectors validate the correctness and reliability of the design. Performance analysis on the Spartan-7 FPGA illustrates effective resource utilization with low area usage, along with optimized power usage. Kintex-7, Artix-7, Kria K24C FPGA platforms are compared to emphasize area utilization versus power efficiency trade-offs. The Spartan7 FPGA comparitively balances the usage of Look-Up Tables, Flip-flops and Buffers, with a moderate power consumption, mostly in the form of dynamic power. In comparison, the Kria K24C FPGA shows the highest power consumption, whereas the Artix-7 utilizes the lowest number of Look-Up Tables and Flip-flops respectively. These results confirm the viability of FPGA-based SHA-256 implementations for secure usage, such as blockchain, digital signatures, and data integrity checking. The scalable modular design provides straightforward scalability and integration into high-level cryptographic systems.","2025-07","2026-04-09 21:07:21","2026-05-03 10:20:49","2026-04-09 21:06:42","1-8","","","","","","","","","","","","","","","","","","IEEE Xplore","","","<p>Export Date: 02 May 2026; Cited By: 0</p>","","","Authentication; Hardware security; Network security; Field programmable gate arrays (FPGA); Integrated circuit design; Table lookup; Hash functions; Block-chain; cryptography; Lookup tables (LUTs); Gate arrays; Design and analysis; Electric power utilization; SHA; Design for testability; Data integrity; Secure Hash Algorithm (); Cryptographic hashing; HDL; MD5; Secure data","","","","","","","","","","","","","","","","","","","","","","","","","","","","","","","","2025 11th International Conference on Smart Computing and Communications (ICSCC)","","","","","","","","","","","","","","",""
"LII2P752","conferencePaper","2019","Alam, Md Mahbub; Tajik, Shahin; Ganji, Fatemeh; Tehranipoor, Mark; Forte, Domenic","RAM-Jam: Remote Temperature and Voltage Fault Attack on FPGAs using Memory Collisions","2019 Workshop on Fault Diagnosis and Tolerance in Cryptography (FDTC)","","","10.1109/FDTC.2019.00015","https://ieeexplore.ieee.org/document/8844478/","It has been demonstrated that with concrete hardware Trojans, a remote adversary can mount physical attacks, e.g., fault or side-channel attacks, against adjacent IP cores in an FPGA. In this work, we present a novel remote fault attack, called RAM-Jam, which exploits an existing weakness in the dual port RAMs of mainstream FPGAs. The possibility of concurrent writing of opposite logic values into these RAMs not only leads to data uncertainty but also causes transient short circuits. With a sufficient number of RAM collisions, there are severe voltage drops and excessive heat that result in timing faults as well as bit-flips in the FPGA's configuration memory. We conduct extensive experiments to evaluate the effectiveness of our fault injection technique and further present attacks against two applications, including a soft authentication scheme and the first remote fault attack against a deep neural network. Finally, we discuss potential countermeasures to prevent such attacks.","2019-08","2026-04-09 21:07:21","2026-05-03 10:08:59","2026-04-09 21:06:44","48-55","","","","","","RAM-Jam","","","","","","","","","","","","IEEE Xplore","","","","","","","","","","","","","","","","","","","","","","","","","","","","","","","","","","","","","","2019 Workshop on Fault Diagnosis and Tolerance in Cryptography (FDTC)","","","","","","","","","","","","","","",""
"F6528DC5","journalArticle","2025","Roy, Sourav; Mahalat, Mahabub Hasan; Sen, Bibhash","Design and Implementation of Cost-Effective End-to-End Authentication Protocol for PUF-Enabled IoT Devices","IEEE Transactions on Emerging Topics in Computing","","2168-6750","10.1109/TETC.2025.3563064","https://ieeexplore.ieee.org/document/10979278/","The ubiquitous presence of Internet of Things (IoT) prospers in every aspect of human life. The low-powered sensors, actuators, and mobile devices in IoT transfer a high volume of security-sensitive data. Unmonitored IoT devices are highly susceptible to security vulnerabilities. Their operating environment, with minimal or no safeguards, allows physical invasion. The conventional end-to-end authentications protocols are inadequate because of the limited resources and ambient working environment of IoT. In this direction, a lightweight and secure end-to-end authentication protocol is proposed for the Physically Unclonability Function (PUF) embedded IoT devices by processing them in pairs. PUF promises to be a unique hardware-based security solution for resource-constrained devices. The proposed protocol exploits the coherent conduct of public and private key-based cryptosystems with PUF. The protocol integrates the concept of ECC with ECDH and the cryptographic hash function. Security of the proposed protocol is validated using authentication validation, BAN logic, Scyther tool, and against different adversarial attacks. The performance evaluation and extensive comparative study of the proposed protocol highlight its lightweight feature. The practical feasibility of the proposed protocol is verified by an empirical evaluation using an Arbiter PUF implemented on Xilinx Spartan-3E FPGA and Raspberry Pi as an IoT device.","2025-07","2026-04-09 21:07:21","2026-05-03 10:22:58","2026-04-09 21:06:45","1055-1067","","3","13","","","","","","","","","","","","","","","IEEE Xplore","","","","","","","","","","","","","","","","","","","","","","","","","","","","","","","","","","","","","","","","","","","","","","","","","","","","",""
"4632C4Z2","conferencePaper","2025","Teo, Tee Hui; Xiang, Maoyang; Lin, Qianrui; Zhang, Yi Kai; Ziyue, Pan; Wesley, Ng Au Hern; Htet, Kaung Khant; Subong, Chua Kevin; Lam, Shum Hei","Cryptographically Secure Random Number Generator Utilizing Environmental Radiation","TENCON 2025 - 2025 IEEE Region 10 Conference (TENCON)","","2159-3450","10.1109/TENCON66050.2025.11375162","https://ieeexplore.ieee.org/document/11375162/","This paper proposes a cost-effective Cryptographically Secure Random Number Generator (CSRNG) utilizing a Field-Programmable Gate Array (FPGA) integrated with a Geiger counter. The front end of this system is designed to capture ambient radioactivity through a Geiger counter system that emits pulses in response to such environmental stimuli. To complement this setup, a neoTRNG-based ring oscillator RNG is incorporated to enhance the randomness of the generated numbers. By combining these elements, the CSRNG can achieve a high level of unpredictability crucial for cryptographic applications. Moving to the system's backend, utilizing the BLAKE2s hash function is pivotal in counteracting any potential biases introduced by the frontend components. This hashing function ensures that the output random numbers remain robust and secure, free from discernible patterns or vulnerabilities. In essence, the methodology outlined in this paper offers a comprehensive guide to conceptualizing and implementing a cost-effective CSRNG. The challenges inherent in generating cryptographically secure random numbers can be effectively navigated through a meticulous integration of hardware components and cryptographic techniques. This approach sheds light on the intricate processes in creating a reliable source of randomness, essential for safeguarding sensitive information in various digital systems.","2025-10","2026-04-09 21:07:21","2026-05-03 09:55:01","2026-04-09 21:06:46","647-650","","","","","","","","","","","","","","","","","","IEEE Xplore","","ISSN: 2159-3450","","","","","","","","","","","","","","","","","","","","","","","","","","","","","","","","","","","","TENCON 2025 - 2025 IEEE Region 10 Conference (TENCON)","","","","","","","","","","","","","","",""
"66CIWUP2","conferencePaper","2019","Elnaggar, Rana; Karri, Ramesh; Chakrabarty, Krishnendu","Multi-Tenant FPGA-based Reconfigurable Systems: Attacks and Defenses","2019 Design, Automation & Test in Europe Conference & Exhibition (DATE)","","1558-1101","10.23919/DATE.2019.8714904","https://ieeexplore.ieee.org/document/8714904/","Partial reconfiguration of FPGAs improves system performance, increases utilization of hardware resources, and enables run-time update of system capabilities. However, the sharing of FPGA resources among various tenants presents security risks that affect the privacy and reliability of tenant applications running in the FPGA-based system. In this study, we examine the security ramifications of co-tenancy with a focus on address-redirection and task-hiding attacks. We design a counter-measure that protects FPGA-based systems against such attacks and prove that it resists these attacks. We present simulation results and an experimental demonstration using a Xilinx FPGA board to highlight the effectiveness of the countermeasure. The proposed countermeasure incurs negligible cost in terms of the area utilization of FPGAs currently used in the cloud.","2019-03","2026-04-09 21:07:21","2026-05-03 10:12:35","2026-04-09 21:06:48","7-12","","","","","","Multi-Tenant FPGA-based Reconfigurable Systems","","","","","","","","","","","","IEEE Xplore","","ISSN: 1558-1101","","","","","","","","","","","","","","","","","","","","","","","","","","","","","","","","","","","","2019 Design, Automation & Test in Europe Conference & Exhibition (DATE)","","","","","","","","","","","","","","",""
"VA3II6P3","conferencePaper","2024","Parate, Pruthvi; Shaju, Alwin; Krishna Reddy, Sanampudi Gopala; R, Vasanthi D; Rao, Madhav","Hardware-Efficient ECC Processor Design using Non-Homogeneous Split Hybrid Karatsuba Multiplier","2024 IEEE Computer Society Annual Symposium on VLSI (ISVLSI)","","2159-3477","10.1109/ISVLSI61997.2024.00091","https://ieeexplore.ieee.org/document/10682778/","Elliptic Curve Cryptography(ECC) is a distinct and efficient public-key cryptography method that balances security and performance well, with shorter key lengths. A primary component of ECC is the multiplier unit which performs scalar multiplication operations. This work implements a hardware-efficient ECC design with non-homogeneous M-Term Hybrid Karatsuba multiplier structure for \textGF(2^233) Montgomery Point multiplication, and is further compared with the state-of-the-art (SOTA) ECC processors. The proposed design was implemented and verified on FPGA board (Zynq ZU19EG) and also synthesized using 45 nm technology library on the Cadence-Genus tool. Overall two variants of ECC designs engineered with eight individual polynomial multipliers were evaluated. The M-Term Non-Homogeneous Karatsuba Multiplier (MNHKA) and M-Term Non-Homogeneous Overlap-free Karatsuba Multiplier (MNHOKA) incorporated ECC processors exhibited the best hardware-efficient designs on FPGA and on silicon, among all the variants investigated. LUT savings of 34.74% with Figure-of-merit (FoM) enhancement of 86.70% was characterized for MNHKA designed ECC processor in FPGA over SOTA design. On silicon, MNHOKA incorporated ECC exhibited maximum footprint savings of 55.86%, and highest ADP gain of 53.93%, incurring comparable delay when compared with SOTA designs. The novel and efficient ECC accelerator designs to enhance the reliability of the hardware security units, are made freely available for further usage.","2024-07","2026-04-09 21:07:21","2026-05-03 10:21:19","2026-04-09 21:06:49","475-480","","","","","","","","","","","","","","","","","","IEEE Xplore","","ISSN: 2159-3477","<p>Export Date: 02 May 2026; Cited By: 3; Correspondence Address: P. Parate; IIIT Bangalore, India; email: pruthvi.parate@iiitb.ac.in; A. Shaju; IIIT Bangalore, India; email: alwin.shaju@iiitb.ac.in</p>","","","Hardware security; Network security; Integrated circuit design; Printed circuit design; Public key cryptography; Multiplying circuits; Polynomials; Hardware accelerators; Structural dynamics; Elliptic curve cryptography; Crypto-processor; Hardware accelerator; Elliptic curve; Curve cryptography; ECC; Crypto Processor; Elliptic curve cryptography processors; Karatsuba; Non-homogeneous; Overlap-free-karatsuba; Overlap-Free-Karatsuba; Polynomial multiplier","","","","","","","","","","","","","","","","","","","","","","","","","","","","","","","","2024 IEEE Computer Society Annual Symposium on VLSI (ISVLSI)","","","","","","","","","","","","","","",""
"P3BDXV49","journalArticle","2024","Akbar, Muhammad Ali; Shikfa, Abdullatif; Wang, Bo; Amine Bermak, and","Self-Checking Hardware Design for Montgomery Exponentiation-Based Cryptography","IEEE Access","","2169-3536","10.1109/ACCESS.2024.3448313","https://ieeexplore.ieee.org/document/10643524/","Montgomery exponentiation is widely used for public-key-based cryptography systems. The current state-of-the-art designs for this algorithm are well-analyzed in terms of hardware overhead but are not investigated for faults caused by physical attacks. This paper presents a self-checking hardware design for the Montgomery Multiplier (MM), which can counter multiple faults simultaneously. The proposed 64-bit self-checking MM approach with a distributed fault prognosis mechanism requires only 43.5% area and 10.9% power overhead as compared to the non-self-checking design. Moreover, a novel self-checking parity prediction approach is proposed for carry save adder, which can be used in cases where it is used alone inside a loop.","2024","2026-04-09 21:07:21","2026-05-03 10:09:05","2026-04-09 21:06:50","119915-119926","","","12","","","","","","","","","","","","","","","IEEE Xplore","","","","/Users/mac/Zotero/storage/M4JIN99R/Akbar et al. - 2024 - Self-Checking Hardware Design for Montgomery Exponentiation-Based Cryptography.pdf","","","","","","","","","","","","","","","","","","","","","","","","","","","","","","","","","","","","","","","","","","","","","","","","",""
"26JDEHDX","journalArticle","2018","De Mulder, Elke; Eisenbarth, Thomas; Schaumont, Patrick","Identifying and Eliminating Side-Channel Leaks in Programmable Systems","IEEE Design & Test","","2168-2364","10.1109/MDAT.2017.2766166","https://ieeexplore.ieee.org/document/8081798/","Side-channels in ICs and systems have been shown to leak sensitive information. This paper shows the various side channels and approaches to mitigating these side channels.","2018-02","2026-04-09 21:07:21","2026-05-03 10:09:56","2026-04-09 21:06:51","74-89","","1","35","","","","","","","","","","","","","","","IEEE Xplore","","","","","","","","","","","","","","","","","","","","","","","","","","","","","","","","","","","","","","","","","","","","","","","","","","","","",""
"Y7TC54GF","journalArticle","2026","Malik, Arsalan Ali; Buchanan, John; Aysu, Aydin","Preemption-Enhanced Benchmark Suite for FPGAs","IEEE Access","","2169-3536","10.1109/ACCESS.2026.3655332","https://ieeexplore.ieee.org/document/11357898/","Field-Programmable Gate Arrays (FPGAs) have become essential in cloud computing due to their reconfigurability, energy efficiency, and ability to accelerate domain-specific workloads. As FPGA adoption grows, research into task scheduling and preemption techniques has intensified. However, the field lacks a standardized benchmarking framework for consistent and reproducible evaluation. Many existing studies propose innovative scheduling or preemption mechanisms but often rely on proprietary or synthetic benchmarks, limiting generalizability and making comparison difficult. This methodical fragmentation hinders effective evaluation of scheduling strategies and preemption in multi-tenant FPGA environments. This paper presents the first open-source preemption-enabled benchmark suite for evaluating FPGA preemption strategies and testing new scheduling algorithms, without requiring users to create preemption workloads from scratch. The suite includes 27 diverse applications spanning cryptography, AI/ML, computation-intensive workloads, communication systems, and multimedia processing. Each benchmark integrates comprehensive context-saving and restoration mechanisms, facilitating reproducible research and consistent comparisons. Our suite not only simplifies testing FPGA scheduling policies but also benefits OS research by enabling the evaluation of scheduling fairness, resource allocation efficiency, and context-switching performance in multi-tenant FPGA systems, ultimately supporting the development of better operating systems and scheduling policies for FPGA-based environments. We also provide guidelines for adding new benchmarks, enabling future research to expand and refine FPGA preemption and scheduling evaluation.","2026","2026-04-09 21:07:21","2026-05-03 10:18:53","2026-04-09 21:06:51","10510-10525","","","14","","","","","","","","","","","","","","","IEEE Xplore","","","","/Users/mac/Zotero/storage/4PH7R2N4/Malik et al. - 2026 - Preemption-Enhanced Benchmark Suite for FPGAs.pdf","","","","","","","","","","","","","","","","","","","","","","","","","","","","","","","","","","","","","","","","","","","","","","","","",""
"D3486D4E","journalArticle","2020","Mandry, Holger; Herkle, Andreas; Müelich, Sven; Becker, Joachim; Fischer, Robert F. H.; Ortmanns, Maurits","Normalization and Multi-Valued Symbol Extraction From RO-PUFs for Enhanced Uniform Probability Distributions","IEEE Transactions on Circuits and Systems II: Express Briefs","","1558-3791","10.1109/TCSII.2020.2980748","https://ieeexplore.ieee.org/document/9035615/","Physical Unclonable Functions (PUFs) offer the possibility for on-chip generation of unique fingerprints for integrated circuits. Ring-oscillator (RO) PUFs are small and easy to configure on Field Programmable Gate Arrays (FPGAs) and thus received great attention over the years. In the state-of-the-art two neighboring ROs are compared and mapped to only a single bit of information. Few publications aims to extract more bits out of one PUF-cell, but struggle with non-uniform distributions. In this brief multi-valued symbol extraction is presented as a method to extract more bits of information out of each individual RO. A new post-processing approach is introduced to produce close-to-ideal uniformly distributed responses independent of the underlying physically probability distribution. To eliminate bias, caused by placement inequalities, multiple methods of normalization are utilized and analyzed by means of area and complexity. Based on metrics for symbol transmission, the Euclidean-distance and entropy are used as metrics to evaluate the uniqueness and reliability of multi-valued PUFs. This new approach allows to increase the amount of extracted information to 3 bits per RO.","2020-12","2026-04-09 21:07:21","2026-05-03 10:18:31","2026-04-09 21:06:52","3372-3376","","12","67","","","","","","","","","","","","","","","IEEE Xplore","","","","/Users/mac/Zotero/storage/NFWDPPXQ/Mandry et al. - 2020 - Normalization and Multi-Valued Symbol Extraction From RO-PUFs for Enhanced Uniform Probability Distr.pdf","","","","","","","","","","","","","","","","","","","","","","","","","","","","","","","","","","","","","","","","","","","","","","","","",""
"CA3HJSGI","conferencePaper","2022","Tollec, Simon; Asavoae, Mihail; Couroussé, Damien; Heydemann, Karine; Jan, Mathieu","Exploration of Fault Effects on Formal RISC-V Microarchitecture Models","2022 Workshop on Fault Detection and Tolerance in Cryptography (FDTC)","","","10.1109/FDTC57191.2022.00017","https://ieeexplore.ieee.org/document/9933334/","This paper introduces a formal workflow for modeling software/hardware systems in order to explore the effects of fault injections and evaluate the robustness to fault injection attacks. We illustrate this workflow on four versions of a PIN authentication code, embedding different software countermeasures. The code is symbolically evaluated on two implementations of the RISC-V CV32E40P core: the original implementation from the OpenHW group and an implementation that integrates protection of the pipeline control signals. On the original, unprotected core, our formal workflow exposes various vulnerabilities, including previously unknown ones, whereas, on the protected core, it confirms the effectiveness of the proposed countermeasures.","2022-09","2026-04-09 21:07:21","2026-05-03 10:19:52","2026-04-09 21:06:53","73-83","","","","","","","","","","","","","","","","","","IEEE Xplore","","","","/Users/mac/Zotero/storage/UZ2I3NZN/Tollec et al. - 2022 - Exploration of Fault Effects on Formal RISC-V Microarchitecture Models.pdf","","","","","","","","","","","","","","","","","","","","","","","","","","","","","","","","","","2022 Workshop on Fault Detection and Tolerance in Cryptography (FDTC)","","","","","","","","","","","","","","",""
"KZ48CMCN","conferencePaper","2025","Ng, Verren Angle; Haunafi, Marshia; Larasathi, Andira Dinda; Muliono, Yohan","Merging Quantum Entropy with Classical Speed: Design and Evaluation of a Hybrid Random Number Generator for Secure Encryption","2025 8th International Seminar on Research of Information Technology and Intelligent Systems (ISRITI)","","2832-1456","10.1109/ISRITI68345.2025.11393201","https://ieeexplore.ieee.org/document/11393201/","Over the past few years, quantum computing has been evolving, raising concerns about how long our existing encryption methods will remain reliable. Given this, random number generators that are both high entropy and secure from quantum threats are needed. In this research, we present a hybrid random number generator system designed to produce quantum-resistant cryptographic keys to mitigate the risk of future quantum adversaries. This HRNG design integrates true entropy of a quantum random number generator (QRNG) and combines it with the high-speed performance of a ChaCha20-based pseudo random number generator (PRNG). This approach successfully balances the speed of classical algorithms with quantum unpredictability. When integrated with symmetric (AES, Blowfish, Triple DES, IDEA) and asymmetric (RSA, ECC) encryption algorithms, it maintained high-speed encryption performance without any difficulties from the limitations of physical QRNG. By avoiding hardware constraints and performance bottlenecks, the HRNG provides a deployable entropy solution that easily integrates into existing cryptographic systems.","2025-12","2026-04-09 21:07:21","2026-05-03 10:24:59","2026-04-09 21:06:54","701-706","","","","","","Merging Quantum Entropy with Classical Speed","","","","","","","","","","","","IEEE Xplore","","ISSN: 2832-1456","","","","","","","","","","","","","","","","","","","","","","","","","","","","","","","","","","","","2025 8th International Seminar on Research of Information Technology and Intelligent Systems (ISRITI)","","","","","","","","","","","","","","",""
"RIIRP6RA","conferencePaper","2025","Nimishka, Gandla; Sarkar, Pallabi; Beohar, Ankur; Upadhyay, Deep Chandra; Tripathy, Manas Ranjan; Suresh, M.","Design of an Energy-Efficient and High-Performance Test Pattern Generator","2025 5th IEEE International Conference on Applied Electromagnetics, Signal Processing, & Communication (AESPC)","","","10.1109/AESPC67542.2025.11326873","https://ieeexplore.ieee.org/document/11326873/","An enhanced performance-based design has always gained significant importance in VLSI domain. In this work by integrating two strategically chosen LFSRs through an XOR gate, randomness has been significantly boosted and an increase in output sequence length has paved the way for stronger, more reliable cryptographic and computational systems. Through the evaluation of five polynomial combinations, an optimal pair was identified, achieving a 200 \times improvement in sequence length compared to a single LFSR-based PRNG. The proposed design was implemented and synthesized on FPGA chip. Key findings indicate that variable polynomials significantly enhance randomness duration, outperforming the impact of varying seed values, while reusing the same polynomial across branches does not yield optimal results. Additionally, the study highlights that increasing the number of seeds leads to higher area costs, emphasizing the balance between randomness quality and hardware efficiency.","2025-12","2026-04-09 21:07:21","2026-05-03 10:24:22","2026-04-09 21:06:54","1-6","","","","","","","","","","","","","","","","","","IEEE Xplore","","","","","","","","","","","","","","","","","","","","","","","","","","","","","","","","","","","","","","2025 5th IEEE International Conference on Applied Electromagnetics, Signal Processing, & Communication (AESPC)","","","","","","","","","","","","","","",""
"A4EDES4R","conferencePaper","2025","Cheng, Yanglin; Zhao, Xiang; Yu, Chengxiao; Liu, Kang; Liu, Ying","Data Frame Encryption and Decryption System of SM4-CBC on ZYNQ","2025 IEEE 8th Information Technology and Mechatronics Engineering Conference (ITOEC)","","2693-289X","10.1109/ITOEC63606.2025.10968248","https://ieeexplore.ieee.org/document/10968248/","In the information age of rapid development in artificial intelligence and the Internet of Things, various devices continuously generate and exchange massive amounts of data. Behind this data explosion lies security risks. The SM4 algorithm, issued by the Chinese National Cryptography Administration, is a block encryption algorithm that can provide security for IoT-based networks. The standard SM4 algorithm has problems such as poor scalability and low implementation efficiency, and needs to be optimized for energy saving and reducing implementation area. Therefore, exploring the implementation of SM4 on hardware-constrained devices is crucial. In this work, we adopt a loop architecture and collaborative work between the processing system (PS) and programmable logic (PL) to reduce the resource usage of SM4-CBC, enhance algorithm security, and employ a ping-pong approach between two encryption modules to increase data throughput. Finally, Ethernet is the data transmission channel to achieve high-speed and reliable data communication.","2025-03","2026-04-09 21:07:21","2026-05-03 09:55:07","2026-04-09 21:06:55","210-215","","","8","","","","","","","","","","","","","","","IEEE Xplore","","ISSN: 2693-289X","","","","","","","","","","","","","","","","","","","","","","","","","","","","","","","","","","","","2025 IEEE 8th Information Technology and Mechatronics Engineering Conference (ITOEC)","","","","","","","","","","","","","","",""
"S8QENLIZ","conferencePaper","2025","Pinto, Bernardo V. S.; Melo, Douglas R.; Zeferino, Cesar A.; Bezerra, Eduardo A.; Viel, Felipe","Implementation of Double SHA-256 in HLS for FPGA Using Real Bitcoin Blocks","2025 17th Seminar on Power Electronics and Control (SEPOC)","","","10.1109/SEPOC67005.2025.11297699","https://ieeexplore.ieee.org/document/11297699/","The SHA-256 cryptographic algorithm plays a central role in the integrity and security of the Bitcoin blockchain, being applied twice consecutively in the process known as Double SHA-256. Despite its reliability, the algorithm demands significant computational power, which poses challenges for embedded systems with strict energy and performance constraints. This work aims to evaluate the feasibility of implementing Double SHA-256 in reconfigurable hardware using High-Level Synthesis (HLS) on commercial FPGA platforms. The architecture was developed as a custom IP core and integrated into bare-metal systems on the ZedBoard (Zynq-7000) and ZCU104 (Zynq UltraScale+ MPSoC) platforms, validating real blockchain blocks to ensure functional accuracy. Results showed that the ZCU104 achieved a performance of 319 \textkH / \mathrms with an execution time of 3.1 \mu \mathrms per hash, while the ZedBoard excelled in energy efficiency, delivering 29.625 hashes per watt. Both implementations utilized a single logic core, achieving low FPGA resource utilization. The proposed approach proved to be effective and energy-efficient, making it suitable for embedded applications requiring highperformance cryptography.","2025-11","2026-04-09 21:07:21","2026-05-03 10:21:03","2026-04-09 21:06:56","1-7","","","","","","","","","","","","","","","","","","IEEE Xplore","","","<p>Export Date: 02 May 2026; Cited By: 0</p>","","","Hardware security; Field programmable gate arrays (FPGA); FPGA; Cryptography; Embedded systems; Energy efficiency; Cryptographic algorithms; Embedded-system; Reconfigurable; Reconfigurable hardware; Computer architecture; Bitcoin; Block-chain; Blockchain; Computation theory; High level synthesis; High-Level Synthesis; High-level synthesis; Energy constraint; Computational power; Embedded Systems; Performance constraints; SHA-256; Double hashing; Double Hashing; Logic Synthesis","","","","","","","","","","","","","","","","","","","","","","","","","","","","","","","","2025 17th Seminar on Power Electronics and Control (SEPOC)","","","","","","","","","","","","","","",""
"7UVJ667N","conferencePaper","2020","Lai, Xinhui; Jenihhin, Maksim; Selimis, Georgios; Goossens, Sven; Maes, Roel; Paul, Kolin","Early RTL Analysis for SCA Vulnerability in Fuzzy Extractors of Memory-Based PUF Enabled Devices","2020 IFIP/IEEE 28th International Conference on Very Large Scale Integration (VLSI-SOC)","","2324-8440","10.1109/VLSI-SOC46417.2020.9344071","https://ieeexplore.ieee.org/document/9344071/","Physical Unclonable Functions (PUFs) are gaining attention in the cryptography community because of the ability to efficiently harness the intrinsic variability in the manufacturing process. However, this means that they are noisy devices and require error correction mechanisms, e.g., by employing Fuzzy Extractors (FEs). Recent works demonstrated that applying FEs for error correction may enable new opportunities to break the PUFs if no countermeasures are taken. In this paper, we address an attack model on FEs hardware implementations and provide a solution for early identification of the timing Side-Channel Attack (SCA) vulnerabilities which can be exploited by physical fault injection. The significance of this work stems from the fact that FEs are an essential building block in the implementations of PUF-enabled devices. The information leaked through the timing side-channel during the error correction process can reveal the FE input data and thereby can endanger revealing secrets. Therefore, it is very important to identify the potential leakages early in the process during RTL design. Experimental results based on RTL analysis of several Bose-Chaudhuri-Hocquenghem (BCH) and Reed-Solomon decoders for PUF-enabled devices with FEs demonstrate the feasibility of the proposed methodology.","2020-10","2026-04-09 21:07:21","2026-05-03 10:37:03","2026-04-09 21:06:57","16-21","","","","","","","","","","","","","","","","","","IEEE Xplore","","ISSN: 2324-8440","","","","","","","","","","","","","","","","","","","","","","","","","","","","","","","","","","","","2020 IFIP/IEEE 28th International Conference on Very Large Scale Integration (VLSI-SOC)","","","","","","","","","","","","","","",""
"CYTGQMYC","journalArticle","2020","Breier, Jakub; Khairallah, Mustafa; Hou, Xiaolu; Liu, Yang","A Countermeasure Against Statistical Ineffective Fault Analysis","IEEE Transactions on Circuits and Systems II: Express Briefs","","1558-3791","10.1109/TCSII.2020.2989184","https://ieeexplore.ieee.org/document/9075200/","Current state-of-the-art countermeasures against Fault Injection Attacks (FIA) provide good protection against analysis methods that require the differences in the correct and faulty ciphertext to derive the secret information, such as Differential Fault Analysis (DFA) or collision fault analysis. However, recent progress in Ineffective Fault Analysis (IFA) and Statistical IFA (SIFA) constitutes a real threat against cryptographic implementations. Such methods cannot be thwarted by standard FIA countermeasures that focus on detecting the change in the intermediate data. In this brief, we present a novel method based on error correcting codes that protects implementations against SIFA. We design a set of universal error-correcting gates that can be used for block cipher implementations. We analyze a hardware implementation of protected GIFT-64 and show that our method provides 100% protection against SIFA.","2020-12","2026-04-09 21:07:21","2026-05-03 09:34:11","2026-04-09 21:06:58","3322-3326","","12","67","","","","","","","","","","","","","","","IEEE Xplore","","","","","","","","","","","","","","","","","","","","","","","","","","","","","","","","","","","","","","","","","","","","","","","","","","","","",""
"UZAHH96C","journalArticle","2021","Gruber, Michael; Probst, Matthias; Karl, Patrick; Schamberger, Thomas; Tebelmann, Lars; Tempelmeier, Michael; Sigl, Georg","DOMREP–An Orthogonal Countermeasure for Arbitrary Order Side-Channel and Fault Attack Protection","IEEE Transactions on Information Forensics and Security","","1556-6021","10.1109/TIFS.2021.3089875","https://ieeexplore.ieee.org/document/9456951/","Protection against physical attacks is a major requirement for cryptographic implementations on devices which can be accessed by attackers. Side-channel and fault injection attacks are the most common types of physical attacks. In this work we present a novel generic solution for simultaneous protection against side-channel and fault attacks with arbitrary order. We combine domain oriented masking and repetition codes in an orthogonal way and call this approach DOMREP. The resistance against side-channel attacks and fault attacks can be scaled independently of each other, for the protection against higher-order side-channel analysis and the injection of multiple faults including SIFA. We develop the generic concept of orthogonal protection, and implement the DOMREP concept on GIMLI, a round two NIST LWC competition candidate, on a Xilinx Artix-7 FPGA. Our implementation of GIMLI is verified to be resistant against univariate first-order side-channel attacks by TVLA. The resistance against SIFA is verified by means of fault emulation of single as well as multiple bit faults. Our implementation of GIMLI achieves the expected security level according to these measurements. We also provide numbers for the area overhead for our protected implementation of GIMLI.","2021","2026-04-09 21:07:21","2026-05-03 10:07:35","2026-04-09 21:06:59","4321-4335","","","16","","","","","","","","","","","","","","","IEEE Xplore","","","","","","","","","","","","","","","","","","","","","","","","","","","","","","","","","","","","","","","","","","","","","","","","","","","","",""
"HLN76XVL","conferencePaper","2019","Singh, Arvind; Kar, Monodeep; Chawla, Nikhil; Mukhopadhyay, Saibal","Mitigating Power Supply Glitch based Fault Attacks with Fast All-Digital Clock Modulation Circuit","2019 Design, Automation & Test in Europe Conference & Exhibition (DATE)","","1558-1101","10.23919/DATE.2019.8715058","https://ieeexplore.ieee.org/document/8715058/","This paper experimentally demonstrates that an on-chip integrated fast all-digital clock modulation (F-ADCM) circuit can be used as a countermeasure against supply glitch and temperature variations-based fault injection attacks (FIA). The F-ADCM circuit modulates clock edges in presence of DC/transient supply glitches and temperature variations to ensure correct operation of the underlying cryptographic circuit. With a testchip manufactured in 130nm CMOS process, we first demonstrate an inexpensive methodology to conduct a fault attack on hardware implementation of a 128-bit advanced encryption standard (AES) engine using externally controlled supply glitches. Next, we show that with F-ADCM circuit, it is no longer possible to inject supply/temperature glitch-based faults even after 10 million encryptions across varying operating conditions. Moreover, in extreme operating conditions, the F-ADCM circuit doesn't generate any clock edges, leading to complete failure of the AES encryption, indicating no exploitable faults are present.","2019-03","2026-04-09 21:07:21","2026-05-03 10:37:15","2026-04-09 21:07:00","19-24","","","","","","","","","","","","","","","","","","IEEE Xplore","","ISSN: 1558-1101","","","","","","","","","","","","","","","","","","","","","","","","","","","","","","","","","","","","2019 Design, Automation & Test in Europe Conference & Exhibition (DATE)","","","","","","","","","","","","","","",""
"IBZ6NEUV","conferencePaper","2024","Kumar, Girish; Hegde, Sandesh Satish; B, Veena M","Enhanced Pseudorandom Number Generation using Mersenne-LFSR Fusion","2024 5th International Conference on Communication, Computing & Industry 6.0 (C2I6)","","","10.1109/C2I663243.2024.10895455","https://ieeexplore.ieee.org/document/10895455/","Pseudorandom number generators (PRNGs) are fundamental tools in various applications, including cryptography, simulation and statistical sampling. Traditional PRNGs often face challenges related to periodicity, randomness quality, and computational efficiency. This paper presents the Mersenne LFSR fusion, an innovative approach that combines the Linear Feedback Shift Register (LFSR) and Mersenne Twister algorithms. By integrating the fast and simple structure of the LFSR with the high-quality randomness and long period of the Mersenne Twister, this method significantly improves PRNG performance. Experimental analysis shows that the Mersenne-LFSR fusion has superior randomness properties and longer period compared to traditional methods. The robustness of the fusion counter was validated through a scrambler-descrambler application, which effectively encoded and decoded data without introducing patterns. These enhancements make the proposed model a strong contender for applications that demand high-quality pseudorandom number sequences. Despite its superior performance, the Mersenne LFSR fusion has a limitation of higher power consumption, which may be a consideration in power-constrained environments. Nevertheless, it offers significant improvements in security and reliability, exceeding standard benchmarks for modern computing needs.","2024-12","2026-04-09 21:07:21","2026-05-03 10:17:48","2026-04-09 21:07:02","1-6","","","","","","","","","","","","","","","","","","IEEE Xplore","","","","","","","","","","","","","","","","","","","","","","","","","","","","","","","","","","","","","","2024 5th International Conference on Communication, Computing & Industry 6.0 (C2I6)","","","","","","","","","","","","","","",""
"RZ97W46V","conferencePaper","2025","Helmy, Salma Mostafa A.; El-Regaily, Salsabil A.; Mahmoud, Abeer M.; El-Horbaty, El-Sayed M.","Unveiling the Quantum Realm: A Comprehensive Analysis of Quantum Computing","2025 International Conference on Future Telecommunications and Artificial Intelligence (IC-FTAI)","","","10.1109/IC-FTAI67960.2025.11384159","https://ieeexplore.ieee.org/document/11384159/","Quantum computing represents a paradigm shift from classical computation, harnessing the principles of quantum mechanics to process information in fundamentally new ways. This paper provides a comprehensive analysis of the field, beginning with its theoretical underpinnings. It elucidates the core concepts of qubits, superposition, and entanglement, which collectively enable quantum computers to perform computations that are intractable for even the most powerful classical supercomputers. The discussion then transitions to the physical architecture of these machines, exploring various hardware implementations, the role of quantum gates and circuits, and the significance of landmark quantum algorithms. The concept of quantum advantage is examined as a critical milestone in the field's development. Subsequently, the paper surveys the potential applications of quantum computing across diverse industries, including drug discovery, materials science, cryptography, and financial modeling, highlighting its transformative potential. Finally, it addresses the significant challenges and limitations that currently impede the realization of large-scale, fault-tolerant quantum computers, such as decoherence, scalability, and algorithm development. By synthesizing the theoretical foundations, current technological state, future applications, and prevailing challenges, this paper offers a holistic overview of quantum computing, charting its trajectory from a theoretical curiosity to a disruptive technology poised to redefine the boundaries of science and industry.","2025-11","2026-04-09 21:07:21","2026-05-03 10:07:20","2026-04-09 21:07:03","1-6","","","","","","Unveiling the Quantum Realm","","","","","","","","","","","","IEEE Xplore","","","","","","","","","","","","","","","","","","","","","","","","","","","","","","","","","","","","","","2025 International Conference on Future Telecommunications and Artificial Intelligence (IC-FTAI)","","","","","","","","","","","","","","",""
"VCRKWXG3","conferencePaper","2019","Sichani, Ali Shiri; Moreno, Wilfrido A.","False Glitch Cells as a Countermeasure Against Power Analysis Attacks in Cryptographic Circuits","2019 SoutheastCon","","1558-058X","10.1109/SoutheastCon42311.2019.9020371","https://ieeexplore.ieee.org/document/9020371/","Cryptographic systems can potentially suffer from various attacks which are a consequence of vulnearability of side channel information to analysis attacks. The nature of digital circuits is prone to electromagnetic and power analysis (EMA and PA) attacks. Interconnects in cryptographic circuits emanate information through electromagnetic signals which can be exploited using EMA. Complementary Metal Oxide Semiconductor (CMOS) circuits are vulnearable to leak of computational information through leakage and dynamic power consumption. Dynamic power consumption of cryptographic engines is a rich source to sink in the data under process. The hardware implementation of cryptographic algorithms undermine the security of encrypted system against non brute-force-attacks. The attackers collect and analyse the leakage information of cryptographic circuits to detect the secrete key. The parameters sensitivity of the device and circuits make the cryptographic engines vulnearable to fault injection and inherent inconsistency of the circuits. Dynamic and static power comprise two major components of power consumption of digital circuits. Both power components vary with data under process. This exhibits power consumption has data dependency in digital circuits. To make noisy power profile, various countermeasures have been proposed against Differential Power Analysis (DPA) attacks. In this research, false glitch cells is proposed to work as a countermeasure to generate random transitions and power spikes to scramble power profile. The mathematical foundation of security implications of false glitch cells against Correlation Power Analysis (CPA) attacks is investigated. Moreover, the security efficiency of utilizing false glitch cells is verified with different metrics.","2019-04","2026-04-09 21:07:21","2026-05-03 10:35:26","2026-04-09 21:07:03","1-5","","","","","","","","","","","","","","","","","","IEEE Xplore","","ISSN: 1558-058X","","","","","","","","","","","","","","","","","","","","","","","","","","","","","","","","","","","","2019 SoutheastCon","","","","","","","","","","","","","","",""
"EN7ZA9IB","conferencePaper","2025","Narla, Shiva Kumar; Yamsani, Vaishnavi; Gurrala, Rajini Kumar; Jamal, K.; Kumari, Ch. Usha","RISC-V Processor Design: RTL to GDSII Implementation Using EDA Tools","2025 International Conference on Smart & Sustainable Technology (INCSST)","","","10.1109/INCSST64791.2025.11210272","https://ieeexplore.ieee.org/document/11210272/","Due to its low-cost, scalable, and flexible features, a lot of attention has been drawn towards the open-source Instruction Set Architecture (ISA) RISC-V. This research explores multiple RISC-V design issues, including AI speedup, power reduction, and processor specialization. It encompasses Heterogeneous computing, compiler techniques, security issue, and RTL to GDSII conversion. Moreover, it examines the role of RISC-V in edge computing, FPGA application, multicore systems, and pedagogical tools. Also included is the investigation of RISC-V interfaces with quantum control processors, cryptography units, and AI accelerators. A comparison of the closed-source and open-source EDA tools for RISC-V design shows the growing feasibility of implementing processor development at low-costs. Additionally, low power techniques like clock gating, dynamic voltage scaling, and low voltage supply memory architecture have shown that RISC-V can be beneficial for battery powered and IoT devices. In the scope of improving processor reliability, security features such as secure boot and trusted execution environment are studied. Evaluation results on PicoRV32 and custom implemented RISC-Vs show sufficiency for many different types of workloads. The analysis shows that RISC-V has scoped for promising research in AI, IoT, and embedded systems RISC architectures and their rapidly evolving nature indicate that these will need further attention in the design of next-generation computers. This paper includes details of the progress made to the RISC V architecture and its impacts on the future of microprocessor design.","2025-07","2026-04-09 21:07:21","2026-05-03 10:25:12","2026-04-09 21:07:04","1-6","","","","","","RISC-V Processor Design","","","","","","","","","","","","IEEE Xplore","","","<p>Export Date: 02 May 2026; Cited By: 0; Correspondence Address: S.K. Narla; Griet, Hyderabad, India; email: narlashivakumar0303@gmail.com</p>","","","Hardware security; Network security; Quantum computers; Quantum Computing; Field programmable gate arrays (FPGA); Integrated circuit design; Cryptography; Embedded systems; Memory architecture; Embedded-system; FPGA implementations; Program compilers; Reduced instruction set computing; RISC-V; IoT; Open-source; Instruction set architecture; Open systems; Secure boots; Edge computing; Embedded Systems; FPGAs implementation; Trusted computing; Edge Computing; AI acceleration; AI Acceleration; Compiler Optimization; Compiler optimizations; Electric power supplies to apparatus; Embedded software; FPGA Implementation; Heterogeneous computing; Heterogeneous Computing; Low-power design; Low-Power Design; Multi-core systems; Multi-Core Systems; Open-source instruction set architecture; Open-Source ISA; Picorv32; PicoRV32; Power systems computer aided design; Quantum computing integration; Quantum Computing Integration; RTL-to-GDSII; Secure Boot; Trusted execution; Trusted Execution","","","","","","","","","","","","","","","","","","","","","","","","","","","","","","","","2025 International Conference on Smart & Sustainable Technology (INCSST)","","","","","","","","","","","","","","",""
"Z4SDB2X3","conferencePaper","2025","Chinnapparaj, S.; K.Haridass","Novel High Throughput-to-Area Efficiency and Strong-Resilience Datapath of AES for Lightweight Implementation in IoT Devices","2025 5th International Conference on Evolutionary Computing and Mobile Sustainable Networks (ICECMSN)","","","10.1109/ICECMSN68058.2025.11382689","https://ieeexplore.ieee.org/document/11382689/","The blistering development of Internet of Things (IoT) devices has resulted in creating a significant demand of secure and lightweight encryption solutions that can be deployed under stringent area, power, and performance constraints. Typical implementation of Standard Advanced Encryption Standard (AES) typically consumes considerable hardware resources and is also limited in throughput with its implementation in resource constrained environments. The current paper introduces a new high throughput to area efficient AES data path to be used in lightweight IoT devices. The given architecture would use pipelined and resource-shared design, which maximizes the implementation of Sub Bytes, Shift Rows, and Mix Columns operations to provide a better balance between the use of the area and the speed of encryption. It has a composite S-box and selective pipeline parallelism to improve processing efficiency and minimizes the redundancy and power of the hardware. Also, the data path incorporates lightweight fault-resistance and fault-detection schemes, enhancing the resiliency to temporary faults and possible hardware assaults. The design is coded in full and tested in Verilog HDL and the output of the synthesis indicates that the throughput to area ratio is much higher than that of traditional AES architectures. The given solution offers a useful and efficient solution to secure and high-performance encryption of the devices in low-power IoT to guarantee the reliability and efficiency of the current embedded systems.","2025-11","2026-04-09 21:07:21","2026-05-03 10:06:27","2026-04-09 21:07:05","1600-1605","","","","","","","","","","","","","","","","","","IEEE Xplore","","","<p>Export Date: 02 May 2026; Cited By: 0; Correspondence Address: S. Chinnapparaj; KIT- Kalaignarkarunanidhi Institute of Technology, Department of Ece, Coimabatore, Tamil Nadu, India; email: schinnapparaj12@gmail.com</p>","","","Hardware security; Network security; Hardware implementations; Computer hardware; Cryptography; Embedded systems; Architecture; High-throughput; Throughput; Pipeline processing systems; Data privacy; Fault detection; Efficiency; Light-weight cryptography; Big data; IoT Security; Internet of thing security; Pipelines; Advanced Encryption Standard; AES; Computer hardware description languages; Data paths; Area efficiency; Lightweight Cryptography; and Hardware Implementation; And hardware implementation; Fault resilience; Fault Resilience; High throughput; pipelined Architecture; Pipelined architecture","","","","","","","","","","","","","","","","","","","","","","","","","","","","","","","","2025 5th International Conference on Evolutionary Computing and Mobile Sustainable Networks (ICECMSN)","","","","","","","","","","","","","","",""
"ZMQ6HREH","journalArticle","2025","James, Alex; Reghuvaran, Chithra; Chua, Leon","Processing In-Memory PUF Watermark Embedding With Cellular Memristor Network","IEEE Transactions on Emerging Topics in Computing","","2168-6750","10.1109/TETC.2025.3528336","https://ieeexplore.ieee.org/document/10851809/","The cellular neural network (CNN or CeNN) is known to be useful because of its suitability in real-time processing, parallel processing, robustness, flexibility, and energy efficiency. CeNNs have a large number of interconnected processing elements, which can be programmed to produce a wide range of patterns, including regular and irregular patterns, random patterns, and more. When implemented in memristive hardware, the pattern generator ability and inherent variability of memristive devices can be explored to create Physical Unclonable Functions (PUFs). This work reports a method of using memristive CeNNs to perform image processing tasks along with PUF image generation. The CeNN-PUF has dual mode capability combining data processing and encryption using PUF image watermarking. The proposed method provides unique device-specific image watermarks, following a two-stage process of (1) device-specific secret mask generation and (2) watermark embedding. The system is evaluated using multiple CeNN cloning templates and the robustness of the method is validated against ML attacks. A detailed analysis is presented to evaluate the uniqueness, randomness and reliability against different environmental changes. The experimental validation of the proposed model is done on FPGA Xilinx Zynq-7010 processor and benchmarked the system against quantization noise.","2025-10","2026-04-09 21:07:21","2026-05-03 10:16:30","2026-04-09 21:07:06","1453-1464","","4","13","","","","","","","","","","","","","","","IEEE Xplore","","","","/Users/mac/Zotero/storage/FS4J9MXE/James et al. - 2025 - Processing In-Memory PUF Watermark Embedding With Cellular Memristor Network.pdf","","","","","","","","","","","","","","","","","","","","","","","","","","","","","","","","","","","","","","","","","","","","","","","","",""
"JWP7CC7B","journalArticle","2019","Haider, Zeeshan; Javeed, Khalid; Song, Mei; Wang, Xiaojun","A Low-Cost Self-Test Architecture Integrated With PRESENT Cipher Core","IEEE Access","","2169-3536","10.1109/ACCESS.2019.2907717","https://ieeexplore.ieee.org/document/8675271/","Cryptographic cores integrated with self-test ability fulfill both data security and reliability requirements of the Internet of Things (IoT) network. However, from the IoT perspective where most devices are resource constrained, a fundamental problem associated with most of the self-test architectures is high hardware overhead due to the additional circuit for self-test operation. This paper presents the design of a low-cost self-test architecture and its integration with the PRESENT cipher core. The hardware overhead of the proposed low-cost self-test architecture is reduced by adopting two key strategies: 1) using hardware-efficient X-Compactor technique for test response compaction and 2) reusing the PRESENT cipher core as a Test Pattern Generator (TPG). The proposed self-test architecture is implemented on different Xilinx Field Programmable Gate Array (FPGA) platforms and devices. Analysis of the implementation results shows that the proposed self-test method occupies 23% less hardware area overhead and provides 14% higher throughput per slice performance with the fault coverage of over 99% compared with the existing self-test designs. The resulting analysis indicates that the proposed self-test design is one of the most viable testing solutions for resource-constrained IoT devices.","2019","2026-04-09 21:07:21","2026-05-03 09:34:40","2026-04-09 21:07:06","46045-46058","","","7","","","","","","","","","","","","","","","IEEE Xplore","","","","/Users/mac/Zotero/storage/Y8257486/Haider et al. - 2019 - A Low-Cost Self-Test Architecture Integrated With PRESENT Cipher Core.pdf","","","","","","","","","","","","","","","","","","","","","","","","","","","","","","","","","","","","","","","","","","","","","","","","",""
"JX8QPAKY","journalArticle","2018","Mustapa, Muslim; Niamat, Mohammed Y.; Deb Nath, Atul Prasad; Alam, Mansoor","Hardware-Oriented Authentication for Advanced Metering Infrastructure","IEEE Transactions on Smart Grid","","1949-3061","10.1109/TSG.2016.2582423","https://ieeexplore.ieee.org/document/7494646/","This paper introduces a novel authentication scheme for advanced metering infrastructure of smart grid using ring oscillator physically unclonable functions (ROPUFs). The scope of the design covers the communication between the utility company and the smart meter network. The scheme is based on hardware-oriented security and can be implemented on existing smart meters. Authentication keys of 64 bits are used for security level 1 communication. The size of keys can increase up to 1024 bits for security level 5. The cryptographic keys used in this scheme are extremely difficult to model by adversaries as each key is used only once. These authentication keys are generated from ROPUF response bits using the Hamming code. The design of the scheme ensures fault tolerance as ring oscillator comparison pairs with high frequency differences are selected to prevent bit flips and only 10% discrepancy is tolerated in parity bits. The proposed scheme is highly secure and efficient in terms of latency and data storage. As a proof of concept, two different machine learning algorithms, support vector machine and multigene genetic programming, are used to show that the scheme cannot be modeled by adversaries.","2018-03","2026-04-09 21:07:21","2026-05-03 10:25:14","2026-04-09 21:07:07","1261-1270","","2","9","","","","","","","","","","","","","","","IEEE Xplore","","","","","","","","","","","","","","","","","","","","","","","","","","","","","","","","","","","","","","","","","","","","","","","","","","","","",""
"LN6UTBFD","journalArticle","2023","Baturone, Iluminada; Román, Roberto; Corbacho, Ángel","A Unified Multibit PUF and TRNG Based on Ring Oscillators for Secure IoT Devices","IEEE Internet of Things Journal","","2327-4662","10.1109/JIOT.2022.3224298","https://ieeexplore.ieee.org/document/9961882/","Physically unclonable functions (PUFs) and true random number generators (TRNGs) are cryptographic primitives very well suited for secure IoT devices. This article proposes a circuit, named multibit-RO-PUF-TRNG, which offers the advantages of unifying PUF and TRNG in the same design. It is based on counting the oscillations of pairs of ring oscillators (ROs), one of them acting as a reference. Once the counter of the reference oscillator reaches a fixed value, the count value of the other RO is employed to provide the TRNG and the multibit PUF response. A mathematical model is presented that supports not only the circuit foundations but also a novel and simple calibration procedure that allows optimizing the selection of the design parameters. Experimental results are illustrated with large data sets from two families of FPGAs with different process nodes (90 and 28 nm). These results confirm that the proposed calibration provides TRNG and PUF responses with high quality. The raw TRNG bits do not need post-processing and the PUF bits (even 6 bits per RO) show very small aliasing. In the application context of obfuscating and reconstructing secrets generated by the TRNG, the multibit PUF response, together with the proposal of using error-correcting codes and RO selection adapted to each bit, provide savings of at least 79.38% of the ROs compared to using a unibit PUF without RO selection. The proposal has been implemented as an APB peripheral of a VexRiscv RV32I core to illustrate its use in a secure FPGA-based IoT device.","2023-04","2026-04-09 21:07:21","2026-05-03 09:35:34","2026-04-09 21:07:08","6182-6192","","7","10","","","","","","","","","","","","","","","IEEE Xplore","","","","/Users/mac/Zotero/storage/HTHP6UTV/Baturone et al. - 2023 - A Unified Multibit PUF and TRNG Based on Ring Oscillators for Secure IoT Devices.pdf","","","","","","","","","","","","","","","","","","","","","","","","","","","","","","","","","","","","","","","","","","","","","","","","",""
"JCWI8GMW","journalArticle","2020","Aghaie, Anita; Moradi, Amir","TI-PUF: Toward Side-Channel Resistant Physical Unclonable Functions","IEEE Transactions on Information Forensics and Security","","1556-6021","10.1109/TIFS.2020.2986887","https://ieeexplore.ieee.org/document/9063465/","One of the main motivations behind introducing PUFs was their ability to resist physical attacks. Among them, cloning was the major concern of related scientific literature. Several primitive PUF designs have been introduced to the community, and several machine learning attacks have been shown capable of modeling such constructions. Although a few works have expressed how to make use of Side-Channel Analysis (SCA) leakage of PUF constructions to significantly improve the modeling attacks, little attention has been paid to provide corresponding countermeasures. In this paper, we present a generic technique to operate any PUF primitive in an SCA-secure fashion. We, for the first time, make it possible to apply a provably-secure masking countermeasure - Threshold Implementation (TI) - on a strong PUF design. As a case study, we concentrate on the Interpose PUF and based on practical experiments on an FPGA prototype, we demonstrate the ability of our construction to prevent the recovery of intermediate values through SCA measurements.","2020","2026-04-09 21:07:21","2026-05-03 10:01:24","2026-04-09 21:07:09","3470-3481","","","15","","","TI-PUF","","","","","","","","","","","","IEEE Xplore","","","","","","","","","","","","","","","","","","","","","","","","","","","","","","","","","","","","","","","","","","","","","","","","","","","","",""
"IBBN3ZQT","journalArticle","2026","Mandal, Suraj; Mahalat, Mahabub Hasan; Mondal, Anindan; Sen, Bibhash","SensoPUF: Securing Sensor Data using PUF for Lightweight Security","IEEE Transactions on Consumer Electronics","","1558-4127","10.1109/TCE.2026.3659494","https://ieeexplore.ieee.org/document/11369290/","The Internet of Things (IoT) makes sensors an integral part of daily life. Securing sensor data became the utmost necessity for critical applications. Traditional cryptographic systems cannot prevent physical attacks, and being resource-hungry, are not suitable for low-cost IoT devices. Physically Unclonable Function (PUF), an emerging hardware security primitive, can be utilized to ensure sensor security. The existing PUF-based protocols used the unintended sensitivity of the PUF response (output) to environmental variation to secure sensor data. However, these protocols suffer from various issues, like limited authentication problems, only guaranteeing the integrity of sensor data, and being susceptible to security threats. Moreover, most of these protocols only exploit the unreliable (unstable) response bits of the PUF response. We propose a lightweight security protocol for sensor data, utilizing the reliable response bits of PUF to maintain authenticity and confidentiality, and the unreliable response bits to verify sensor data. The protocol successfully overcomes the limitations and security issues of the existing protocols. The BAN logic and Scyther protocol analyzer tool formally validate the protocol’s correctness and security. Further, the practical feasibility of the protocol is verified using an arbiter PUF implemented on Spartan-3E FPGA, considering temperature as the ambient parameter.","2026","2026-04-09 21:07:21","2026-05-03 10:18:32","2026-04-09 21:07:10","1-1","","","","","","SensoPUF","","","","","","","","","","","","IEEE Xplore","","","","","","","","","","","","","","","","","","","","","","","","","","","","","","","","","","","","","","","","","","","","","","","","","","","","",""
"YKT4HS3M","journalArticle","2020","De Micco, Luciana; Vargas, Fabian Luis; Fierens, Pablo Ignacio","A Literature Review on Embedded Systems","IEEE Latin America Transactions","","1548-0992","10.1109/TLA.2020.9085271","https://ieeexplore.ieee.org/document/9085271/","Embedded system design is crucial for the development of industry, technology, and science, and it is an area that has significantly grown in recent years throughout Latin America, both in academia and in industry. Embedded System (ES) refers to electronic equipment with a computing core which, unlike a personal computer, is designed to meet a specific function and is usually optimized to satisfy strict requirements of processing time, reliability, power consumption, size, and cost. With the advancement of research on the domains of Internet of Things (IoT), Computing Edge (CE) and Cloud Computing (CC) and their endless application possibilities, ESs have gained new roles and assumed unquestionable importance in our daily lives. In this article, we make a brief review of the relevant literature in the area of embedded systems in the Latin America region during recent years.","2020-02","2026-04-09 21:07:21","2026-05-03 09:34:39","2026-04-09 21:07:11","188-205","","02","18","","","","","","","","","","","","","","","IEEE Xplore","","","","/Users/mac/Zotero/storage/JHR25FZL/De Micco et al. - 2020 - A Literature Review on Embedded Systems.pdf","","","","","","","","","","","","","","","","","","","","","","","","","","","","","","","","","","","","","","","","","","","","","","","","",""
"56R7LKLM","journalArticle","2017","Subramanian, Srivatsan; Mozaffari-Kermani, Mehran; Azarderakhsh, Reza; Nojoumian, Mehrdad","Reliable Hardware Architectures for Cryptographic Block Ciphers LED and HIGHT","IEEE Transactions on Computer-Aided Design of Integrated Circuits and Systems","","1937-4151","10.1109/TCAD.2017.2661811","https://ieeexplore.ieee.org/document/7837587/","Cryptographic architectures provide different security properties to sensitive usage models. However, unless reliability of architectures is guaranteed, such security properties can be undermined through natural or malicious faults. In this paper, two underlying block ciphers which can be used in authenticated encryption algorithms are considered, i.e., light encryption device and high security and lightweight block ciphers. The former is of the Advanced Encryption Standard type and has been considered area-efficient, while the latter constitutes a Feistel network structure and is suitable for low-complexity and low-power embedded security applications. In this paper, we propose efficient error detection architectures including variants of recomputing with encoded operands and signature-based schemes to detect both transient and permanent faults. Authenticated encryption is applied in cryptography to provide confidentiality, integrity, and authenticity simultaneously to the message sent in a communication channel. In this paper, we show that the proposed schemes are applicable to the case study of simple lightweight CFB for providing authenticated encryption with associated data. The error simulations are performed using Xilinx Integrated Synthesis Environment tool and the results are benchmarked for the Xilinx FPGA family Virtex-7 to assess the reliability capability and efficiency of the proposed architectures.","2017-10","2026-04-09 21:07:21","2026-05-03 10:20:15","2026-04-09 21:07:11","1750-1758","","10","36","","","","","","","","","","","","","","","IEEE Xplore","","","","","","","","","","","","","","","","","","","","","","","","","","","","","","","","","","","","","","","","","","","","","","","","","","","","",""
"M49Y3TRS","journalArticle","2022","Chen, Shuai; Li, Bing; Chen, Ziheng; Zhang, Yan; Wang, Caicai; Tao, Cheng","Novel Strong-PUF-Based Authentication Protocols Leveraging Shamir’s Secret Sharing","IEEE Internet of Things Journal","","2327-4662","10.1109/JIOT.2021.3065836","https://ieeexplore.ieee.org/document/9377465/","Physical unclonable function (PUF) has emerged as an attractive hardware primitive for lightweight authentication in the Internet of Things (IoT). However, strong-PUF-based authentication schemes are threatened by powerful machine learning attacks. Therefore, dedicated lightweight protocols are required to preserve the privacy of the embedded strong PUF. In this article, we show that the “availability” and “reliability” features of Shamir’s secret sharing (SSS) can be applied to address the security issue. In protocol A, the mappings between challenges and responses are randomly shuffled to resist the machine learning attacks. Leveraging the “availability” feature of SSS, the verification process is unaffected by the randomized challenge–response pairs (CRPs) at the server end. Moreover, the “reliability” feature of SSS provides the error-tolerant characteristic in our protocol, which is suitable for the noisy PUFs. Protocol A also presented a method to securely store the CRPs at the server side. The improved protocol A optimizes protocol A by eliminating the response storage and matching process at the server end. In protocol B, we present a mutual authentication protocol, where no response is exposed to the adversary. Protocol B can be classified as the lightweight protocol because it can avoid the use of cryptographic algorithms and error-correcting codes. We rigorously analyze and prove the security of our protocols with formal security proofs, informal security analysis, and several selected machine learning techniques, including logistic regression (LR), the deep neural network (DNN), approximate attack, AutoGluon-Tabular, and a new brute-force machine learning attack. Furthermore, we present an efficient implementation of our protocols on FPGA. The experimental results show the feasibility and practicability of our protocols under different parameters.","2022-08","2026-04-09 21:07:21","2026-05-03 10:05:27","2026-04-09 21:07:12","14408-14425","","16","9","","","","","","","","","","","","","","","IEEE Xplore","","","<p>Export Date: 02 May 2026; Cited By: 34; Correspondence Address: B. Li; Shenzhen Research Institute, Advanced Cloud-System Research Center, Southeast University, School of Microelectronics, School of Cyber Science and Engineering, Nanjing, 210000, China; email: bernie_seu@seu.edu.cn</p>","","","Authentication; Network security; Learning systems; Cryptography; Cryptographic algorithms; Internet of things; Privacy by design; Efficient implementation; Deep learning; Deep neural networks; Network protocols; Internet of thing (IOT); Authentication protocols; Internet of Things (IoT); Physical unclonable functions (PUF); Challenge-response pair; Logistic regression; lightweight authentication protocol; machine learning attacks; Machine learning techniques; Mutual authentication protocols; physical unclonable functions (PUFs); Shamir-s secret sharing (SSS)","","","","","","","","","","","","","","","","","","","","","","","","","","","","","","","","","","","","","","","","","","","","","","",""
"KNHLGN9A","conferencePaper","2023","Filho, Edilson; Silveira, Jarbas; Marcon, César","Blockchain Applied In Decentralization of Ground Stations To Educational Nanosatellites","2023 IEEE 24th Latin American Test Symposium (LATS)","","2373-0862","10.1109/LATS58125.2023.10154485","https://ieeexplore.ieee.org/document/10154485/","Space has increasingly attracted the attention of governments, large industries, and universities. One of the most popular strategies in recent years has been the adoption of nanosatellites to fulfill different missions, which can work alone or in constellations. Universities stand out among the agents launching nanosatellites, with more than 600 launches until 2022. Given the growth of entities that control space missions, it is necessary to implement new methods for communication between control and satellite to accelerate data transmission and provide a high-security degree. Our work proposes a consortium archi-tecture between Ground Stations (GSs) so that a GS as a Service (GSaaS) works with low cost, reliability, and resource sharing. We simulated a nanosatellite mission in Low Earth Orbit (LEO) with MATLAB to obtain the parameters of average communication time, propagation loss, and at which angles the communication would be most affected by atmospheric phenomena. Then, we implement business rules for communication between GS and satellites using smart contract concepts. We set up a blockchain to provide the decentralization infrastructure and created a web service to provide a communication API between nanosatellite and blockchain. We simulated the firmware update process, showing that the nanosatellite took around 20 minutes to request all 32-byte fragments of 301 Kb firmware. Considering the time interval that the communication window between GS and nanosatellite remains active, the entire firmware transmission takes two to three communication slots. However, the transmission time is drastically reduced in a scenario with two or more GSs. Furthermore, the GSaaS decentralized infrastructure allows the consortium of GSs to communicate agnostically with the satellites, preserving firmware privacy due to the cryptography used in blockchain transactions","2023-03","2026-04-09 21:07:21","2026-05-03 09:53:31","2026-04-09 21:07:13","1-5","","","","","","","","","","","","","","","","","","IEEE Xplore","","ISSN: 2373-0862","","","","","","","","","","","","","","","","","","","","","","","","","","","","","","","","","","","","2023 IEEE 24th Latin American Test Symposium (LATS)","","","","","","","","","","","","","","",""
"2SVCWVWY","journalArticle","2025","Crocetti, Luca; Noccetti, Ettore; Nannipieri, Pietro; Di Matteo, Stefano; Sarno, Ivan; Saponara, Sergio","A Robust and Portable All-Digital TRNG Circuit for Extending the Instruction Set Architecture of RISC-V Processors","IEEE Access","","2169-3536","10.1109/ACCESS.2025.3638434","https://ieeexplore.ieee.org/document/11271252/","All-digital True Random Number Generators (TRNGs) play a crucial role in enhancing hardware security by providing native entropy sources directly within the processor pipeline. Their integration into open architectures such as RISC-V enables the extension of the Instruction Set Architecture (ISA) with secure, hardware-level random number generation capabilities essential for cryptographic operations. This work presents the design and validation of an all-digital True Random Number Generator (TRNG) for seamless integration with RISC-V processors via a custom interface. The proposed circuit has been developed using SystemVerilog and leverages Fibonacci Galois Ring Oscillators (FiGaROs), which use jitter and metastability as entropy sources to ensure high quality randomness. The TRNG has been integrated with the VECtor processor (VEC) core of the European Processor ACcelerator (EPAC) chip through a custom Control and Status Register (CSR) interface, enabling its use as a secure entropy source within the RISC-V instruction set architecture for cryptographic applications. The validation campaign is based on the typical main statistical suites of reference organizations in the field of security and cryptography and demonstrates that our solution offers both high-security standards and independence from both the implementation technology and the operating frequency chosen for the TRNG circuit, reporting an entropy per bit (in terms of Shannon entropy) of 0.9999 in all test cases, while always passing the pass-fail criteria for randomness. In addition, our circuit offers the highest entropy rate for both Field Programmable Gate Array (FPGA) and Application Specific Integrated Circuit (ASIC) solutions, as well as an efficiency in terms of entropy rate per resource consumption that is approximately 96 to 257 times that of the other solutions in the case of ASIC implementation.","2025","2026-04-09 21:07:21","2026-05-03 09:35:04","2026-04-09 21:07:14","201741-201749","","","13","","","","","","","","","","","","","","","IEEE Xplore","","","","","","","","","","","","","","","","","","","","","","","","","","","","","","","","","","","","","","","","","","","","","","","","","","","","",""
"V8IMZAM7","conferencePaper","2023","Wei, Yuanxin; Li, Bin; Zhang, Bolin; Yan, Yunfei; Zhou, Qinglei","High-performance Data Hybrid Encryption Scheme Based on Mimic Defense","2023 3rd International Symposium on Computer Technology and Information Science (ISCTIS)","","","10.1109/ISCTIS58954.2023.10213016","https://ieeexplore.ieee.org/document/10213016/","Cryptography algorithms are crucial technologies in today's network security, playing important roles in areas such as cloud data, digital currencies, and blockchain. In this paper, based on the FPGA platform, we propose a high-performance hybrid encryption scheme by integrating mimic defense with multiple encryption algorithms. Firstly, we optimize the encryption algorithms 3DES, ZUC, and ChaCha20 using a pipelining approach and incorporate them as heterogeneous execution units in the mimic defense architecture, achieving high-speed hybrid encryption of data. Secondly, we generate random keys using pseudo-random number generation and employ the “one-time-one-key” encryption method to enhance resistance against attacks. Lastly, we integrate control mechanisms such as decision-making and feedback to enhance the security of the encryption defense system. Experimental results demonstrate that compared to other schemes, the throughput of the three algorithms in this scheme is improved by 67.3%, 357.1%, and 13.7%, respectively. By balancing efficiency and security, the proposed scheme enhances encryption speed and the reliability of encrypted data.","2023-07","2026-04-09 21:07:21","2026-05-03 10:04:26","2026-04-09 21:07:15","114-121","","","","","","","","","","","","","","","","","","IEEE Xplore","","","<p>Export Date: 02 May 2026; Cited By: 3</p>","","","Network security; Field programmable gate arrays (FPGA); Performance; Cryptography; Networks security; Random number generation; Cryptography algorithms; Encryption algorithms; Security; performance; security; fpga; Fpgum; Decision making; Crucial technology; Hybrid encryption schemes; mimic defense; Mimic defense; Performance data","","","","","","","","","","","","","","","","","","","","","","","","","","","","","","","","2023 3rd International Symposium on Computer Technology and Information Science (ISCTIS)","","","","","","","","","","","","","","",""
"JTJPILXQ","journalArticle","2025","Huang, Zhengfeng; Zeng, Fansheng; Chi, Yanqiao; Lin, Yankun; Lu, Yingchun; Liang, Huaguo; Bian, Jingchang; Ouyang, Yiming; Ni, Tianming; Wen, Xiaoqing","BF PUF: A Modeling Attack-Resistant Strong PUF Based on Bent Functions","IEEE Transactions on Very Large Scale Integration (VLSI) Systems","","1557-9999","10.1109/TVLSI.2025.3569587","https://ieeexplore.ieee.org/document/11018607/","Strong physical unclonable functions (PUFs) are promising circuits for lightweight Internet of Things (IoT) authentication and security. However, existing strong PUFs exhibit very low cryptographic nonlinearity (NL), making them vulnerable to machine learning (ML) modeling and cryptanalytic attack. To address this issue, we propose the Bent function PUF (BF PUF) based on Maiorana-McFarland (M-M) constructed Bent functions, which obfuscates the responses of the strong PUF to enhance resistance against modeling attacks. The core idea is to employ the M-M construction method for Bent functions to ensure maximum cryptographic NL to resist modeling attacks. A Feistel network is configured using weak PUF responses as keys to achieve device-specific and unpredictable mappings of input challenges while meeting the requirements of the M-M Bent function construction. A Python-based model of the BF PUF was developed, and simulation results indicate that the cryptographic NL of the proposed BF PUF outperforms k-xor arbiter PUFs (APUFs) ( k =2 , 4, 6). The proposed BF PUF was also implemented and evaluated on the FPGA hardware platform. The experimental results show that under modeling attacks using four ML algorithms—logistic regression (LR), artificial neural networks (ANNs), deep neural networks (DNNs), and covariance matrix adaptation evolution strategies (CMA-ES)—the best prediction accuracy under these four modeling attack algorithms is 52.60%. The reliability under temperature fluctuations ranging from - 10 <sup>\circ </sup> C to 80 <sup>\circ </sup> C is between 84.20% and 99.78%.","2025-08","2026-04-09 21:07:21","2026-05-03 09:53:47","2026-04-09 21:07:16","2299-2311","","8","33","","","BF PUF","","","","","","","","","","","","IEEE Xplore","","","","","","","","","","","","","","","","","","","","","","","","","","","","","","","","","","","","","","","","","","","","","","","","","","","","",""
"EBGXE7BC","journalArticle","2025","Wei, Congming; He, Shulin; Wang, An; Sun, Shaofei; Ding, Yaoling; Zhang, Jingqi; Zhu, Liehuang","An Intelligent Framework for Cluster-Based Side-Channel Analysis on Public-Key Cryptosystems","IEEE Internet of Things Journal","","2327-4662","10.1109/JIOT.2024.3468431","https://ieeexplore.ieee.org/document/10695754/","Classical cluster-based side-channel analysis (SCA) uses clustering algorithms to analyze power traces and often, principal component analysis to reduce the dimension of data, resulting in that clustering may not deal well with high-dimensional traces, such as cryptographic algorithm implementations with countermeasures. In this article, we propose an intelligent framework for cluster-based SCA, which includes three steps of clustering, classification and correction, for processing large high-dimensional data. By combining unsupervised clustering and supervised deep learning techniques, the framework succeeds in mining the data for additional in-depth information. In addition, unlike traditional cluster-based SCA, our approach focuses on deep learning and deliberately avoids over-reliance on cluster labels during classification. And metrics for correction are adopted to achieve a high level of reliability in key recovery. Experiments on the RSA smart card based on Montgomery ladder implementation and FPGA-based ECC with random delay demonstrate that our framework can significantly improve the success rate with strong robustness.","2025-01","2026-04-09 21:07:21","2026-05-03 09:39:32","2026-04-09 21:07:17","1962-1973","","2","12","","","","","","","","","","","","","","","IEEE Xplore","","","","","","","","","","","","","","","","","","","","","","","","","","","","","","","","","","","","","","","","","","","","","","","","","","","","",""
"VBQEKFAR","journalArticle","2025","Rullo, Antonino; Felicetti, Carmelo; Vatalaro, Massimo; De Rose, Raffaele; Lanuzza, Marco; Crupi, Felice; Saccà, Domenico","PUF-Based Authentication-Oriented Architecture for Identification Tags","IEEE Transactions on Dependable and Secure Computing","","1941-0018","10.1109/TDSC.2024.3387568","https://ieeexplore.ieee.org/document/10499711/","Smart tags are compact electronic devices affixed to or embedded into objects to facilitate identification, monitoring, and data exchange. Consequently, secure authentication of these tags is a crucial issue, as objects must reliably verify their identity before sharing sensitive information with other entities. The application of Physical Unclonable Functions (PUF) as a device's “digital fingerprint” has attracted significant attention, yet existing PUF-based authentication methods exhibit security vulnerabilities, either due to the authentication protocol itself or the limited reliability of the PUF technology used. Moreover, there has been a considerable focus on the software aspect, often overlooking the critical role of hardware design, which can become a target for attacks aimed at compromising the device's identity or act as a hindrance in the manufacturing process. In light of these points, this paper introduces an identification tag architecture that leverages PUF technology, focusing on authentication. This architecture features a straightforward but efficient authentication protocol, underpinned by a new and highly stable PUF model. The overall architecture encompasses particular hardware implementation aspects that significantly simplify the tag's enrollment phase and minimize vulnerabilities to attacks. The paper also describes a prototype of this identification tag and provide detailed insights into its application.","2025-01","2026-04-09 21:07:21","2026-05-03 10:22:56","2026-04-09 21:07:18","66-83","","1","22","","","","","","","","","","","","","","","IEEE Xplore","","","<p>Export Date: 02 May 2026; Cited By: 19; Correspondence Address: A. Rullo; University of Calabria, Department of Computer Engineering, Modeling, Electronics, and Systems, Rende, 87036, Italy; email: n.rullo@dimes.unical.it</p>","","","Authentication; Hardware security; Public key cryptography; Internet of Things; Internet of things; Network architecture; Internet protocols; Elliptic curve cryptography; Hardware design; hardware design; Elliptic curve; Electronic data interchange; Curve cryptography; ECDSA; elliptic curve cryptography; physical unclonable function; device architecture; Device architectures; identification; Identification; Identification tags; Object recognition; Objects recognition; smart tag; Smart tags","","","","","","","","","","","","","","","","","","","","","","","","","","","","","","","","","","","","","","","","","","","","","","",""
"N5LGJEDK","conferencePaper","2022","Rojas-Muñoz, Luis F.; Sánchez-Solano, Santiago; Martínez-Rodríguez, Macarena C.; Brox, Piedad","True Random Number Generator based on RO-PUF","2022 37th Conference on Design of Circuits and Integrated Circuits (DCIS)","","2640-5563","10.1109/DCIS55711.2022.9970032","https://ieeexplore.ieee.org/document/9970032/","The implementation of true random number generators is of vital importance to preserve the reliability of cryptographic systems. The lack of entropy can compromise their integrity, affecting the security of the entire chain of applications. Ensuring the effectiveness of a random number generator can be understood as reducing the risk of information loss due to possible attacks by third parties. This paper presents a novel approach for a true random number generator based on a Ring Oscillator- Physical Unclonable Function. Since the principle of operation of physical unclonable functions is based on the physical properties of each device, they can be used for security applications such as device identification, counterfeit prevention and increase the robustness of cryptographic functions. In addition, increasing the versatility of the design to use them as a source of entropy, they can also fulfill tasks such as generation of initialization vectors or nonces and keys for symmetric cryptography. The system incorporates multiple operating configurations, which allows a complete analysis of its performance to adapt it to different application scenarios. The randomness and correct operation of the proposed design have been evaluated online, by incorporating it into a hybrid HW/SW embedded system able to run the official test suite published by the National Institute of Standards and Technology without any need for post-processing. The architecture has been designed for Xilinx Zynq-700 family devices and implemented on the Pynq-Z2 development board.","2022-11","2026-04-09 21:07:21","2026-05-03 10:22:59","2026-04-09 21:07:19","01-06","","","","","","","","","","","","","","","","","","IEEE Xplore","","ISSN: 2640-5563","<p>Export Date: 02 May 2026; Cited By: 2</p>","","","Hardware security; Field programmable gate arrays (FPGA); Integrated circuit design; Cryptography; Cryptographic systems; Number theory; Random number generation; FPGA implementations; FPGAs implementation; Random number generators; Random processes; Ring oscillator; True randoms; True random number generator; True Random Number Generators; Entropy; Information loss; Randomness test; Randomness tests; Ring oscillator PUF; Ring Oscillator PUFs","","","","","","","","","","","","","","","","","","","","","","","","","","","","","","","","2022 37th Conference on Design of Circuits and Integrated Circuits (DCIS)","","","","","","","","","","","","","","",""
"AXWECWRA","conferencePaper","2024","Alrahis, Lilas; Nassar, Hassan; Krautter, Jonas; Gnad, Dennis; Bauer, Lars; Henkel, Jörg; Tahoori, Mehdi","MaliGNNoma: GNN-Based Malicious Circuit Classifier for Secure Cloud FPGAs","2024 IEEE International Symposium on Hardware Oriented Security and Trust (HOST)","","2765-8406","10.1109/HOST55342.2024.10545411","https://ieeexplore.ieee.org/document/10545411/","The security of cloud field-programmable gate arrays (FPGAs) faces challenges from untrusted users attempting fault and side-channel attacks through malicious circuit configurations. Fault injection attacks can result in denial of service, disrupting functionality or leaking secret information. This threat is further amplified in multi-tenancy scenarios. Detecting such threats before loading onto the FPGA is crucial, but existing methods face difficulty identifying sophisticated attacks. We present MaliGNNoma, a machine learning-based solution that accurately identifies malicious FPGA configurations. Serving as a netlist scanning mechanism, it can be employed by cloud service providers as an initial security layer within a necessary multi-tiered security system. By leveraging the inherent graph representation of FPGA netlists, MaliGNNoma employs a graph neural network (GNN) to learn distinctive malicious features, surpassing current approaches. To enhance transparency, MaliGNNoma utilizes a parameterized explainer for the GNN, labeling the FPGA configuration and pinpointing the sub-circuit responsible for the malicious classification. Through extensive experimentation on the ZCU102 board with a Xilinx UltraScale+ FPGA, we validate the effectiveness of MaliGNNoma in detecting malicious configurations, including sophisticated attacks, such as those based on benign modules, like cryptography accelerators. MaliGNNoma achieves a classification accuracy and precision of 98.24% and 97.88%, respectively, surpassing state-of-the-art. We compare MaliGNNoma with five state-of-the-art scanning methods, revealing that not all attack vectors detected by MaliGNNoma are recognized by existing solutions, further emphasizing its effectiveness. Additionally, we make MaliGNNoma and its associated dataset publicly available.","2024-05","2026-04-09 21:07:21","2026-05-03 10:09:29","2026-04-09 21:07:20","383-393","","","","","","MaliGNNoma","","","","","","","","","","","","IEEE Xplore","","ISSN: 2765-8406","<p>Export Date: 02 May 2026; Cited By: 9; Correspondence Address: L. Alrahis; New York University Abu Dhabi, Abu Dhabi, United Arab Emirates; email: lma387@nyu.edu</p>","","","Network security; Side channel attack; Side-channel attacks; Field programmable gate arrays (FPGA); State of the art; Field programmables; Programmable gate array; Timing circuits; Graph neural networks; Array configurations; Cloud fields; Denial-of-service attack; Malicious circuits; Netlist; Network-based","","","","","","","","","","","","","","","","","","","","","","","","","","","","","","","","2024 IEEE International Symposium on Hardware Oriented Security and Trust (HOST)","","","","","","","","","","","","","","",""
"CM9IS9FR","conferencePaper","2023","Sabeenian, R S; Somes, R; Sri Surya, A S; Dinesh, P M; Paramasivam, M E; Alagarsamy, Manjunathan","RISC V Based Fault Diagnosis Architecture for Skinny Family of Block Ciphers","2023 International Conference on Emerging Research in Computational Science (ICERCS)","","","10.1109/ICERCS57948.2023.10434094","https://ieeexplore.ieee.org/document/10434094/","Cybersecurity vulnerabilities continue to exist in the world of cryptographic hardware and software, with risks originating from the environment and malevolent actors attempting to obtain access to secret keys. Lightweight cryptographic algorithms are typically used by resource-constrained devices to strike a compromise between security and effectiveness. Striking a balance between resource optimization and robust security measures remains a continual challenge. Fault injection attacks are one type of attack vector that has become much more sophisticated in recent years. For lightweight cryptography, choosing the best and most effective fault diagnosis systems is therefore essential.This work employs Error Detection via the Recomputation with Inverted Operands approach to improve the reliability of the SKINNY Block Ciphers using the RISC V architecture. The results show that the proposed fault detection method keeps SKINNY's throughput overhead within a 2.5% variance, with a maximum area overhead of 10% when employing a pipelined strategy. Our implementation of the fault detection scheme showcases a unique contribution, as no error detection-based fault detection technique has been previously proposed for the SKINNY block ciphers in the existing works for RISC V architecture. The implementation results validate the efficiency of the proposed system, particularly suited for resource-constrained environments.","2023-12","2026-04-09 21:07:21","2026-05-03 10:22:56","2026-04-09 21:07:21","1-8","","","","","","","","","","","","","","","","","","IEEE Xplore","","","<p>Export Date: 02 May 2026; Cited By: 0; Correspondence Address: R.S. Sabeenian; Sona College of Technology, Salem, 636005, India; email: sabeenian@sonatech.ac.in</p>","","","Network security; Side channel attack; Hardware and software; Cryptographic algorithms; Cyber security; Cybersecurity; Secret key; Fault detection; Error detection; Cryptographic hardware; Resourceconstrained devices; Block ciphers; Cryptographic software; Failure analysis; Faults diagnosis; Lyapunov methods; Resources optimization","","","","","","","","","","","","","","","","","","","","","","","","","","","","","","","","2023 International Conference on Emerging Research in Computational Science (ICERCS)","","","","","","","","","","","","","","",""
"T37G9V7D","journalArticle","2021","Ghandali, Soroor; Ghandali, Samaneh; Tehranipoor, Sara","Deep K-TSVM: A Novel Profiled Power Side-Channel Attack on AES-128","IEEE Access","","2169-3536","10.1109/ACCESS.2021.3117761","https://ieeexplore.ieee.org/document/9558769/","The appearance of deep neural networks for Side-Channel leads to strong power analysis techniques for detecting secret information of physical cryptography implementations. Generally, deep learning techniques do not suffer the difficulties of template attacks such as trace misalignment. However, the generalization of a trained deep neural network that can accurately predict Side-Channel leakages largely depends on its adjustable variables (parameters of a neural network). Although pre-training is no longer mandatory, it is needed for parameter selection of a deep neural network to improve the success rate and provide a better insight into the network’s inner functionality. In this paper, we propose a novel model via Twin support vector with a deep kernel approach when targeting a hardware implementation of AES-128. The proposed model is pre-trained with the Restricted Boltzmann Machine method in a layer-wise manner and then fine-tuned via gradient descent. Further, we used the grid search technique for the selection of each hyperparameter which is used to compute class probabilities of every test trace in our deep model based side-channel attack. Based on our analysis and experiments, this model empirically shows its effectiveness by outperforming some of its competitors in profiling attack methods such as convolutional neural networks and multilayer perceptron models. We also evaluate our model on both masked and unmasked AES implementation. The results indicate that the proposed approach has achieved a success rate of greater than 99% even with a single trace using Keras library with Tensorflow. We investigate the correct “key rank” according to the number of traces; our model reaches the key rankłeq 10 when attacking the third AES SBox.","2021","2026-04-09 21:07:21","2026-05-03 09:55:26","2026-04-09 21:07:21","136448-136458","","","9","","","Deep K-TSVM","","","","","","","","","","","","IEEE Xplore","","","","","","","","","","","","","","","","","","","","","","","","","","","","","","","","","","","","","","","","","","","","","","","","","","","","",""