"Key","Item Type","Publication Year","Author","Title","Publication Title","ISBN","ISSN","DOI","Url","Abstract Note","Date","Date Added","Date Modified","Access Date","Pages","Num Pages","Issue","Volume","Number Of Volumes","Journal Abbreviation","Short Title","Series","Series Number","Series Text","Series Title","Publisher","Place","Language","Rights","Type","Archive","Archive Location","Library Catalog","Call Number","Extra","Notes","File Attachments","Link Attachments","Manual Tags","Automatic Tags","Editor","Series Editor","Translator","Contributor","Attorney Agent","Book Author","Cast Member","Commenter","Composer","Cosponsor","Counsel","Interviewer","Producer","Recipient","Reviewed Author","Scriptwriter","Words By","Guest","Number","Edition","Running Time","Scale","Medium","Artwork Size","Filing Date","Application Number","Assignee","Issuing Authority","Country","Meeting Name","Conference Name","Court","References","Reporter","Legal Status","Priority Numbers","Programming Language","Version","System","Code","Code Number","Section","Session","Committee","History","Legislative Body"
"9ILL3443","journalArticle","2024","Lee, Yongseok; Youn, Jonghee; Nam, Kevin; Jung, Heon Hui; Cho, Myunghyun; Na, Jimyung; Park, Jong-Yeon; Jeon, Seungsu; Kang, Bo Gyeong; Oh, Hyunyoung; Paek, Yunheung","An Efficient Hardware/Software Co-Design for FALCON on Low-End Embedded Systems","IEEE Access","","2169-3536","10.1109/ACCESS.2024.3387489","https://ieeexplore.ieee.org/document/10496572/","We propose in this paper an efficient FALCON accelerator called EFX based on a HW/SW co-design where FALCON is a post-quantum cryptographic (PQC) scheme tailored as a digital signature algorithm (DSA). Our findings reveal that FALCON exhibits unique characteristics and structures which distinguish it from other PQC-DSAs. A key finding is that, unlike its counterparts, FALCON doesn’t prioritize a single, time-consuming task; instead, it processes a variety of tasks with comparable execution times. Consequently, the conventional methods focusing on accelerating dominant few tasks, which are generally effective for other algorithms, prove less efficient for FALCON, especially concerning the minimization of the silicon area used. To overcome this, we strategically focus on the granular optimization of lower-level operations rather than on broader functional segments, aiming to boost performance while conserving hardware space. Moreover, to mitigate the potential degradation due to limitation of hardware resources, we have implemented a pipelined execution strategy for the FALCON functions and refined the sampling function–a critical task that is challenging to accelerate due to inherent sequential algorithm–enabling it to run concurrently on both software and hardware, thus reducing latency. Our hardware design, synthesized at 300MHz using Samsung’s 28nm and 45nm process technologies, demonstrates superior performance in generating FALCON signatures, with a 3.58 \times improvement in clock cycles over an existing hardware accelerator. EFX occupies 38K um <sup>2</sup> and 74K um <sup>2</sup> for 28nm and 45nm processes, respectively, comparatively small compared to other PQC accelerators.","2024","2026-04-09 14:40:27","2026-05-03 09:38:10","2026-04-09 14:39:06","57947-57958","","","12","","","","","","","","","","","","","","","IEEE Xplore","","","<p>Export Date: 02 May 2026; Cited By: 14</p>; <p>Export Date: 02 May 2026; Cited By: 14; Correspondence Address: Y. Paek; Seoul National University, Department of Electrical and Computer Engineering, Seoul, 08826, South Korea; email: ypaek@snu.ac.kr; H. Oh; Gachon University, Department of AI⋅Software, Seongnam-si, Gyeonggi-do, 13120, South Korea; email: hyoh@gachon.ac.kr</p>; <p>Export Date: 02 May 2026; Cited By: 58</p>","/Users/mac/Zotero/storage/4UADF2Y4/Lee et al. - 2024 - An Efficient HardwareSoftware Co-Design for FALCON on Low-End Embedded Systems.pdf; /Users/mac/Zotero/storage/79AXJW4Q/Alshareef - 2022 - An Effective Falcon Optimization Algorithm Based MPPT Under Partial Shaded Photovoltaic Systems.pdf","","Authentication; Hardware security; Post quantum cryptography; Digital signature algorithms; Electronic document identification systems; Post quantum; Hardware/software codesign; Hardware; Performance; Cryptography; Optimization algorithms; Embedded systems; Hardware-software codesign; accelerator; FALCON; Condition; Falcon optimization algorithm; Falcon optimization algorithm (FOA); Global maximum; Global optimization; MATLAB; Maximum power point trackers; Maximum Power Point Tracking; maximum power point tracking (MPPT); Maximum Power Point Tracking algorithms; Partial shading; Partial shading condition; partial shading conditions (PSCs); Particle swarm optimization (PSO); photovoltaic (PV) system; Photovoltaic systems; Solar power generation; digital signature algorithm; NIST; Clocks; cryptography; Job analysis; SW/HW co-design; Task analysis","","","","","","","","","","","","","","","","","","","","","","","","","","","","","","","","","","","","","","","","","","","","","","",""
"WH3NIQCH","conferencePaper","2021","Malina, Lukas; Cibik, Peter; Jedlicka, Petr; Smekal, David; Ricci, Sara; Hrabovsky, Jakub","Hardware-based Cryptographic Accelerator for Post Quantum Era","2021 13th International Congress on Ultra Modern Telecommunications and Control Systems and Workshops (ICUMT)","","2157-023X","10.1109/ICUMT54235.2021.9631686","https://ieeexplore.ieee.org/document/9631686/","Emerging quantum computing brings many benefits in numerous applications and services as solving efficiently complex operations and problems. Nevertheless, quantum computing may also jeopardize current cryptography standard schemes by solving the problems used in these schemes. Therefore, new quantum-resistant cryptographic primitives and installations are required for the near future. In this work, we present a hardware-based cryptographic accelerator that provides resistance to quantum computer attacks. Directly in VHDL, we design and implement essential cryptographic functions which can be loaded to our accelerator equipped with the FPGA board. Our solution provides efficient encryption, signing, and hashing operations for securing the input data or network packets. Moreover, we create a high-level software demonstrator for setting and using these operations in the accelerator. The presented results prove that cryptography functions accelerated in our hardware-based solution are more efficient than software implementations. Therefore, our solution can provide high-speed and quantum-secure data processing.","2021-10","2026-04-09 16:35:17","2026-05-03 10:18:39","2026-04-09 16:33:19","149-155","","","","","","","","","","","","","","","","","","IEEE Xplore","","ISSN: 2157-023X","<p>Export Date: 02 May 2026; Cited By: 3</p>","/Users/mac/Zotero/storage/IJBERADX/Malina et al. - 2021 - Hardware-based Cryptographic Accelerator for Post Quantum Era.pdf","","Quantum computers; Quantum Computing; Quantum cryptography; Post quantum; Acceleration; Field programmable gate arrays (FPGA); FPGA; Hardware implementations; Data handling; Computer hardware; 'current; Cryptography; Security; Quantum-Resistant Cryptography; Quantum-resistant cryptography; Hardware Implementation; Cryptographic primitives; Cryptographic accelerators; Complex operations; Complex problems","","","","","","","","","","","","","","","","","","","","","","","","","","","","","","","","2021 13th International Congress on Ultra Modern Telecommunications and Control Systems and Workshops (ICUMT)","","","","","","","","","","","","","","",""
"NX67XP6K","conferencePaper","2022","Zhao, Kun; Liu, Wei; Mu, Qi; Wang, Hongliang; Li, Ruidong; He, Zhangzhao","PCIe Cryptographic Accelerator Based on Domestic FPGA","2022 International Conference on Computing, Communication, Perception and Quantum Technology (CCPQT)","","","10.1109/CCPQT56151.2022.00011","https://ieeexplore.ieee.org/document/9939302/","FPGA offers great advantages over ASICs (Application Specific Integrated Circuits) and software when being used for cryptographic applications. However, PCIe cryptographic cards are based on foreign FPGA chips such as Xilinx and Intel. In this paper, a system design and implementation method of high-speed PCIe cryptographic accelerator based on domestic FPGA is proposed, which implements SM4 algorithm. The system consists of hardware module, logic cryptographic algorithm module, host driver and API (Application Programming Interface) module. An optimized scheme for PCIe DMA is implemented in this paper. The PCIe Gen2*4 simultaneous read/write bandwidth is up to 14.08 Gbps with 88% utilization. Based-on pipeline mode, SM4 cryptographic algorithm achieves encryption/decryption speeds of 13.53/13.51 Gbps, respectively. The FPGA accelerated implementation is twice faster than the software implementation in both encryption and decryption modes. The cryptographic system is able to be used as an integral part of CPU-FPGA heterogeneous secure data cryptographic applications.","2022-08","2026-04-09 16:35:17","2026-05-03 09:59:16","2026-04-09 16:33:22","25-31","","","","","","","","","","","","","","","","","","IEEE Xplore","","","<p>Export Date: 02 May 2026; Cited By: 2; Correspondence Address: K. Zhao; Inspur Electronic Information Industry Co., Ltd, Jinan, Shandong, China; email: zhaokunbj@inspur.com</p>","/Users/mac/Zotero/storage/ECKBDJLA/Zhao et al. - 2022 - PCIe Cryptographic Accelerator Based on Domestic FPGA.pdf","","Field programmable gate arrays (FPGA); FPGA; Cryptography; Cryptographic algorithms; Application programs; CryptoGraphics; Design and implementations; Application programming interfaces (API); Application-specific integrated circuits; Cryptographic applications; Cryptographic accelerators; FPGA chips; Integrated software; PCIe; SM4","","","","","","","","","","","","","","","","","","","","","","","","","","","","","","","","2022 International Conference on Computing, Communication, Perception and Quantum Technology (CCPQT)","","","","","","","","","","","","","","",""
"KNL7C3R2","conferencePaper","2023","He, Pengzhou; Bao, Tianyou; Tu, Yazheng; Xie, Jiafeng","Efficient Implementation of Ring-Binary-LWE-based Lightweight PQC Accelerator on the FPGA Platform","2023 IEEE 31st Annual International Symposium on Field-Programmable Custom Computing Machines (FCCM)","","2576-2621","10.1109/FCCM57271.2023.00021","https://ieeexplore.ieee.org/document/10171484/","Post-quantum cryptography (PQC) has gained sub-stantial attention from various communities recently. Along with the ongoing National Institute of Standards and Technology (NIST) PQC standardization process that targets the general-purpose PQC algorithms, the research community is also looking for efficient lightweight PQC schemes. Among this direction of efforts, Ring-Binary-Learning-with-Errors (RBLWE)-based encryption scheme (RBLWE-ENC) is regarded as a promising lightweight PQC fitting Internet-of-Things (IoT) and edge computing applications. As hardware implementation for PQC algorithms has become one of the major advances in the field, in this paper, we follow this trend to present an efficient implementation of RBLWE-ENC lightweight accelerator on the field-programmable gate array (FPGA) platform. Overall, we have demonstrated three coherent interdependent stages of efforts: (i) we have presented detailed derivation processes to formulate the proposed algorithmic operation; (ii) we have then implemented the proposed algorithm into a desired hardware accelerator; and (iii) we provided thorough complexity analysis and comparison to showcase the superior performance of the proposed accelerator over the state-of-the-art designs, e.g., the proposed accelerator with v=8 has at least 66.67% less area-time complexities than the existing ones (Virtex-7 FPGA). We hope the outcome of this work can facilitate lightweight PQC development.","2023-05","2026-04-09 16:35:17","2026-05-03 10:07:23","2026-04-09 16:33:24","114-120","","","","","","","","","","","","","","","","","","IEEE Xplore","","ISSN: 2576-2621","<p>Export Date: 02 May 2026; Cited By: 0; Correspondence Address: J. Xie; Villanova University, Department of Electrical and Computer Engineering, Villanova, 19087, United States; email: jiafeng.xie@villanova.edu</p>","/Users/mac/Zotero/storage/TRGE23JB/He et al. - 2023 - Efficient Implementation of Ring-Binary-LWE-based Lightweight PQC Accelerator on the FPGA Platform.pdf","","Post quantum cryptography; Quantum cryptography; Field programmable gate arrays (FPGA); FPGA; Field programmables; Field-programmable gate array; Programmable gate array; Internet of things; Parallel processing systems; Learning with Errors; Cryptography algorithms; Efficient implementation; Field programmable gate array platform; Lightweight post-quantum cryptography accelerator; lightweight PQC accelerator; Ring-binary-learning-with-error; Ring-Binary-Learning-with-Errors","","","","","","","","","","","","","","","","","","","","","","","","","","","","","","","","2023 IEEE 31st Annual International Symposium on Field-Programmable Custom Computing Machines (FCCM)","","","","","","","","","","","","","","",""
"UNQ4J9ZW","conferencePaper","2025","Dao, Ba-Anh; Le, Dinh-Hung; Nguyen, Ngoc-Quynh","FPGA Implementation of Kuznyechik Block Cipher with Improved Resource Efficiency","2025 2nd International Conference On Cryptography And Information Security (VCRIS)","","","10.1109/VCRIS68011.2025.11250568","https://ieeexplore.ieee.org/document/11250568/","Nowadays, the device area and power consumption of embedded, lightweight, and secure systems are tightly constrained. This raises a significant need for resource-optimized cryptographic solutions. This study presents a novel FPGA implementation of the Kuznyechik block cipher that significantly reduces hardware resource usage. When implemented on a Xilinx Kintex-7 FPGA device, the proposed design requires only 2,274 Slice Look-Up Tables (LUTs), 2,345 Slice Registers, and no Block RAM (BRAM). Compared to previous work, this implementation reduces hardware resource usage by up to 2.62 times, with a throughput reduction of approximately 2.34 times. The design architecture, resource optimization techniques, and experimental results are clearly explained in this paper.","2025-10","2026-04-09 16:35:17","2026-05-03 10:09:56","2026-04-09 16:33:27","1-5","","","","","","","","","","","","","","","","","","IEEE Xplore","","","<p>Export Date: 02 May 2026; Cited By: 0; Correspondence Address: B.-A. Dao; The Academy of Cryptography Techniques, Hanoi, Viet Nam; email: daobaanh@actvn.edu.vn</p>","/Users/mac/Zotero/storage/XAVBM38P/Dao et al. - 2025 - FPGA Implementation of Kuznyechik Block Cipher with Improved Resource Efficiency.pdf","","Hardware security; Field programmable gate arrays (FPGA); Integrated circuit design; Cryptography; Random access storage; Embedded systems; Power; Embedded-system; Table lookup; FPGA implementations; Ciphertext; Resource efficiencies; FPGAs implementation; Cryptographic accelerators; Block ciphers; Cryptographic accelerator; FPGA implementation; Kuznyechik block cipher; Hardware resources; Resource usage","","","","","","","","","","","","","","","","","","","","","","","","","","","","","","","","2025 2nd International Conference On Cryptography And Information Security (VCRIS)","","","","","","","","","","","","","","",""
"GC4C8ZAA","conferencePaper","2018","Hulič, Michal; Vokorokos, Liberios; Ádám, Norbert; Fecil'ak, Peter","Hardware design of cryptographic accelerator","2018 IEEE 16th World Symposium on Applied Machine Intelligence and Informatics (SAMI)","","","10.1109/SAMI.2018.8324839","https://ieeexplore.ieee.org/document/8324839/","The goal of this paper is representation of computing unit focused on implementation hardware cryptography accelerator. After analysis of assigned problem, there are next chapters dedicated to available solutions, comparison of them, the issues of cryptography and computer security, FPGA device in which the designed solution is verified and tested, the chapters dedicated to cryptography algorithm RSA. Chapters of synthesis have the specifically implemented and designed solution in programming languages of lower and higher level. In evaluation and conclusion chapter there are measurements on software and hardware level and comparison among them.","2018-02","2026-04-09 16:35:17","2026-05-03 10:08:10","2026-04-09 16:33:29","000201-000206","","","","","","","","","","","","","","","","","","IEEE Xplore","","","<p>Export Date: 02 May 2026; Cited By: 1</p>","/Users/mac/Zotero/storage/G8CBPQKH/Hulič et al. - 2018 - Hardware design of cryptographic accelerator.pdf","","Hardware security; Artificial intelligence; Hardware; Computer hardware; Cryptography; Cryptography algorithms; Robotics; Software and hardwares; Hardware design; Cryptographic accelerators; Hardware cryptographies; Computing units; FPGA devices","","","","","","","","","","","","","","","","","","","","","","","","","","","","","","","","2018 IEEE 16th World Symposium on Applied Machine Intelligence and Informatics (SAMI)","","","","","","","","","","","","","","",""
"AQ6Q9QHM","conferencePaper","2024","Bertolini, Roberto A.; Carloni, Filippo; Conficconi, Davide; Santambrogio, Marco Domenico","POCA: A PYNQ Offloaded Cryptographic Accelerator on Embedded FPGA-Based Systems","2024 IEEE International Parallel and Distributed Processing Symposium Workshops (IPDPSW)","","","10.1109/IPDPSW63119.2024.00054","https://ieeexplore.ieee.org/document/10596481/","The pervasiveness of embedded systems across edge and connected devices is challenging their design, as sharing data securely via AES encryption is computationally intensive. This work proposes POCA, an FPGA-accelerated HW/SW library that performs AES cryptographic primitives with different modes and the most used key sizes. The HW/SW approach of POCA showcases the benefits of accelerated cryptographic primitives and the flexibility of a unified platform interface across different embedded systems by exploiting the Python PYNQ framework. POCA matches the multicore ARM crypto extensions on an Ultrascale+ ZU3EG while overwhelming SW performance.","2024-05","2026-04-09 16:35:17","2026-05-03 10:06:03","2026-04-09 16:33:32","194-194","","","","","","POCA","","","","","","","","","","","","IEEE Xplore","","","<p>Export Date: 02 May 2026; Cited By: 0</p>","/Users/mac/Zotero/storage/5A53NIKN/Bertolini et al. - 2024 - POCA A PYNQ Offloaded Cryptographic Accelerator on Embedded FPGA-Based Systems.pdf","","Field programmable gate arrays (FPGA); FPGA; Cryptography; Embedded systems; Embedded-system; Key sizes; Cryptographic primitives; Cryptographic accelerators; AES encryption; Embedded FPGA; HW/SW library; HW/SW Library; Multi-cores; Parallel AES; Platform interface","","","","","","","","","","","","","","","","","","","","","","","","","","","","","","","","2024 IEEE International Parallel and Distributed Processing Symposium Workshops (IPDPSW)","","","","","","","","","","","","","","",""
"LIY9BNIZ","conferencePaper","2023","Le, Vu Trung Duong; Pham, Hoai Luan; Tran, Thi Hong; Nguyen, Quoc Duy Nam; Thi, Sang Duong; Nakashima, Yasuhiko","Versatile Resource-shared Cryptographic Accelerator for Multi-Domain Applications","2023 International Conference on IC Design and Technology (ICICDT)","","2691-0462","10.1109/ICICDT59917.2023.10332303","https://ieeexplore.ieee.org/document/10332303/","SHA256, BLAKE256, BLAKE2s, Salsa20, and Chacha20 are crucial cryptographic algorithms used for data security in multi-domain applications. Consequently, there is a strong need for a flexible cryptographic hardware architecture that can efficiently handle various algorithms and provide excellent performance. Regrettably, existing cryptographic architectures do not meet the requirements for desired flexibility and high performance in these applications. Therefore, this paper introduces a novel resource-shared crypto accelerator (RCA) to achieve high flexibility and maximize hardware efficiency. The RCA applied two optimizations a register-sharing approach with multi-mode digest routers and an adder-sharing approach in flexible ALUs. Theoretical evaluation reveals that the RCA achieves 72% register sharing (104 out of 136) and 78.6% adder sharing (44 out of 56). Verification of RCA on Xilinx ZCU102 FPGA at the system-on-chip level is conducted to demonstrate its accuracy and efficacy. Furthermore, the RCA experimental results on multiple FPGAs show its remarkable flexibility and hardware efficiency. It outperforms existing works in terms of throughput (1.36-28.9 times) and area efficiency (1.14-2.45 times).","2023-09","2026-04-09 16:35:17","2026-05-03 10:36:43","2026-04-09 16:33:34","104-107","","","","","","","","","","","","","","","","","","IEEE Xplore","","ISSN: 2691-0462","<p>Export Date: 02 May 2026; Cited By: 3; Correspondence Address: V.T.D. Le; Nara Institute of Science and Technology, Japan; email: le.vu_trung_duong.lp4@is.naist.jp</p>","/Users/mac/Zotero/storage/PM5CZGEI/Le et al. - 2023 - Versatile Resource-shared Cryptographic Accelerator for Multi-Domain Applications.pdf","","Field programmable gate arrays (FPGA); FPGA; Performance; Cryptography; Internet of things; Application specific integrated circuits; ASIC; System-on-chip; Efficiency; Programmable logic controllers; Block-chain; blockchain; Blockchain; IoT; cryptography; Cryptographic accelerators; Adder sharing; Adders; Crypto-accelerators; Hardware efficiency; Multi-domains; Registers sharing; resource-shared; Resource-shared","","","","","","","","","","","","","","","","","","","","","","","","","","","","","","","","2023 International Conference on IC Design and Technology (ICICDT)","","","","","","","","","","","","","","",""
"T25TX9D3","journalArticle","2022","Lucas, Benjamin J.; Alwan, Ali; Murzello, Marion; Tu, Yazheng; He, Pengzhou; Schwartz, Andrew J.; Guevara, David; Guin, Ujjwal; Juretus, Kyle; Xie, Jiafeng","Lightweight Hardware Implementation of Binary Ring-LWE PQC Accelerator","IEEE Computer Architecture Letters","","1556-6064","10.1109/LCA.2022.3160394","https://ieeexplore.ieee.org/document/9737700/","Significant innovation has been made in the development of public-key cryptography that is able to withstand quantum attacks, known as post-quantum cryptography (PQC). This paper focuses on the development of an efficient PQC hardware implementation. Specifically, an implementation of the binary Ring-learning-with-errors (BRLWE)-based encryption scheme, a promising lightweight PQC suitable for resource-constrained applications, is proposed. The paper first develops the mathematical formulation to present the proposed algorithmic process. The corresponding hardware accelerators are then described in detail. Finally, comparisons with previous implementations are provided to demonstrate the superior performance of the proposed design. For instance, the proposed low-complexity accelerator has 34.7% less area-delay product (ADP) than the state-of-the-art design for n=256n=256 in the field-programmable gate array (FPGA) platform. Apart from the efficiency of the hardware architectures, the proposed design also has a complete input/output processing setup, and thus is feasible for emerging lightweight applications.","2022-01","2026-04-09 16:35:17","2026-05-03 10:19:06","2026-04-09 16:33:37","17-20","","1","21","","","","","","","","","","","","","","","IEEE Xplore","","","<p>Export Date: 02 May 2026; Cited By: 39; Correspondence Address: J. Xie; Department of Electrical and Computer Engineering, Villanova University, Villanova, 19085, United States; email: jiafeng.xie@villanova.edu</p>","/Users/mac/Zotero/storage/W8P8UDJN/Lucas et al. - 2022 - Lightweight Hardware Implementation of Binary Ring-LWE PQC Accelerator.pdf","","Post quantum cryptography; Quantum cryptography; Field programmable gate arrays (FPGA); Hardware acceleration; Hardware implementations; Integrated circuit design; Public key cryptography; Computer hardware; Learning with Errors; Computer architecture; Hardware design; hardware design; Arithmetic; Binary ring-LWE; Binary Ring-LWE; complete processing setup; Complete processing setup; lightweight post-quantum cryptography; Lightweight post-quantum cryptography; Register","","","","","","","","","","","","","","","","","","","","","","","","","","","","","","","","","","","","","","","","","","","","","","",""
"AQGEWFRF","conferencePaper","2024","Dao, Ba-Anh; Nguyen, Ngoc-Quynh; Nguyen, Chung-Tien","A “Kuznyechik” Block Cipher Accelerator for RISC-V System-on-Chip","2024 1st International Conference On Cryptography And Information Security (VCRIS)","","","10.1109/VCRIS63677.2024.10813451","https://ieeexplore.ieee.org/document/10813451/","Kuznyechik is the Russian symmetric block cipher algorithm that has been introduced in the National Standard of the Russian Federation GOST R 34.12-2015. It provides higher security against mathematical cryptanalysis at the cost of higher computing complexity. In this study, a Kuznyechik accelerator for RISC-V System-on-Chip is proposed to significantly improve the encryption/decryption times of the Russian symmetric block cipher algorithm. Compared to the execution time of an open-source Kuznyechik software implementation, that of the proposed accelerator is reduced by 1597.8 fold. The proposed accelerator has a maximum operating frequency of 124.01 MHz, with a maximum encryption/decryption throughput of 283.45 Mbps. When being deployed on a Xilinx Kintex-7 FPGA device, the proposed Kuznyechik accelerator utilizes a relatively small amount of hardware resources, including 6175 Slice Look-up-Tables (LUTs), 2725 Slice Registers and 4 Block RAM (BRAM), which is 9.74%, 2.15% and 2.96% of available Slice LUTs, Slice Registers and Block RAM, respectively.","2024-12","2026-04-09 16:35:17","2026-05-03 09:33:35","2026-04-09 16:33:39","1-5","","","","","","","","","","","","","","","","","","IEEE Xplore","","","<p>Export Date: 02 May 2026; Cited By: 1</p>","/Users/mac/Zotero/storage/PPWT7VNU/Dao et al. - 2024 - A “Kuznyechik” Block Cipher Accelerator for RISC-V System-on-Chip.pdf","","Hardware security; Cryptography; System-on-chip; Systems-on-Chip; FPGA implementations; Open source software; Encryption/decryption; FPGAs implementation; Cryptographic accelerators; Block ciphers; Cryptographic accelerator; FPGA implementation; Lookup tables (LUTs); RISC-V SoC; Kuznyechik block cipher; Symmetric block cipher algorithm","","","","","","","","","","","","","","","","","","","","","","","","","","","","","","","","2024 1st International Conference On Cryptography And Information Security (VCRIS)","","","","","","","","","","","","","","",""
"YNETJPBC","conferencePaper","2025","Dinesh Kumar, T.R.; Babu, S.Sivasaravana; Yogaraj, A.; Naveen, A.N.; Pranavesh, R.; Shiva, A.","Optimized RSA Hardware Accelerator Design For Blockchain Networks: 2048-Bit Implementation","2025 8th International Conference on Circuit, Power & Computing Technologies (ICCPCT)","","","10.1109/ICCPCT65132.2025.11176628","https://ieeexplore.ieee.org/document/11176628/","This paper presents a high-performance computer unit that is intended to serve as a hardware cryptography accelerator for the RSA algorithm. In order to provide robust security and authentication processes, the architecture is designed to accelerate key-pair generation, decryption, and RSA-based encryption—all essential for secure communications. Because RSA uses a lot of processing power, the accelerator allows for faster and more efficient cryptographic processes by relieving the main processor of critical tasks. This system is based on an FPGA platform and uses a FIFO register bank to enable safe and efficient data processing. It implements a data exchange protocol between the RSA acceleration (1024-bit) and the main processor (32-64 bit).The implementation also includes a Pseudo-Random Number Generator (PRNG) to create inputs for An essential step in the creation of RSA keys is the Miller-Rabin primary test. Performance analysis compares software and hardware implementations to demonstrate the advantages of hardware-based RSA acceleration in cryptographic applications. This design contributes to advancements in hardware security solutions by significantly enhancing RSA algorithm efficiency. We enhanced this model from 1024 bits in the KC705 board and developed 2048 bits in the KCU116 KINTEX ULTRASCALE BOARD and improved the 2048-bit cryptographic accelerator, demonstrating greater efficiency, reaching 22.9 %, whereas the 1024-bit version achieves 19.5%. However, the 1024-bit design consumes more power at 15 %, while the 2048-bit version is more energy-efficient at \mathbf8 . 8 %. In terms of latency, the 1024-bit design performs better with a latency of 1 %, while the 2048-bit version has a higher latency of 10 %. Additionally, the execution time for the 1024-bit accelerator is significantly lower at \mathbf0 . 8 %, whereas the 2048-bit version requires more time, measuring 2.107 %.","2025-08","2026-04-09 16:35:17","2026-05-03 10:11:10","2026-04-09 16:33:44","255-260","","","","","","Optimized RSA Hardware Accelerator Design For Blockchain Networks","","","","","","","","","","","","IEEE Xplore","","","<p>Export Date: 02 May 2026; Cited By: 0; Correspondence Address: T.R. Dinesh Kumar; Vel tech High Tech Dr Rangarajan Dr Sakunthala Engineering College, Department of Electronics and Communication Engineering, Avadi, India; email: dnesh84@gmail.com</p>","/Users/mac/Zotero/storage/ZLH9BXFQ/Dinesh Kumar et al. - 2025 - Optimized RSA Hardware Accelerator Design For Blockchain Networks 2048-Bit Implementation.pdf","","Authentication; Hardware security; Network security; Acceleration; Integrated circuit design; Public key cryptography; Computer hardware; Number theory; Random number generation; Hardware accelerators; Public-key encryption; Blockchain; hardware security; Accelerator design; data exchange protocol; Data exchange protocols; Electronic data interchange; FIFO register bank; Pseudo-random number generator; Pseudo-Random Number Generator (PRNG); Pseudorandom number generators; public-key encryption; Register bank; RSA algorithms; RSA cryptosystem; RSA cryptosystems","","","","","","","","","","","","","","","","","","","","","","","","","","","","","","","","2025 8th International Conference on Circuit, Power & Computing Technologies (ICCPCT)","","","","","","","","","","","","","","",""
"FMGBRG57","conferencePaper","2023","Dao, Ba-Anh; Nguyen, Ngoc-Quynh; Nguyen, Chung-Tien","A High-Throughput and Compact GOST-28147-89 Accelerator for RISC-V System-on-Chip","2023 15th International Conference on Knowledge and Systems Engineering (KSE)","","2694-4804","10.1109/KSE59128.2023.10299520","https://ieeexplore.ieee.org/document/10299520/","Taking advantage of the royalty-free, open-source RISC-V Instruction Set Architecture (ISA), various RISC-V System-on-Chip (SoC) designs have been proposed to be applied in securing customized embedded applications. In this work, we propose a high-throughput and compact GOST-28147-89 block cipher accelerator that is suitable for integrating into these RISC-V SoC designs. The GOST-28147-89 block cipher accelerator is capable of operating at the maximum frequency of 251.32 MHz, yielding a high throughput of 487.4 Mbps. Meanwhile, the hardware utilization of the proposed GOST-28147-89 accelerator is extremely small at 273 Slice Look-up-Tables (LUTs) and 138 Slice Registers, which is 0.27% and 0.07% of available Slice LUTs and Slice Registers in a Xilinx Kintex-7 XC7K160T FPGA device, respectively. When attached to the Berkeley's-Rocket-processor-based RISC-V SoC, the proposed accelerator improves the GOST-28147-89 cryptographic operations by 20.43 folds.","2023-10","2026-04-09 16:35:17","2026-05-03 09:34:32","2026-04-09 16:33:46","1-4","","","","","","","","","","","","","","","","","","IEEE Xplore","","ISSN: 2694-4804","<p>Export Date: 02 May 2026; Cited By: 0</p>","/Users/mac/Zotero/storage/ENRKMBTC/Dao et al. - 2023 - A High-Throughput and Compact GOST-28147-89 Accelerator for RISC-V System-on-Chip.pdf","","Field programmable gate arrays (FPGA); Rockets; Cryptography; Application specific integrated circuits; High-throughput; System-on-chip; Table lookup; Computer architecture; Programmable logic controllers; Systems-on-Chip; FPGA implementations; Open systems; Security of data; FPGAs implementation; Cryptographic accelerators; Block ciphers; Cryptographic accelerator; FPGA implementation; GOST-28147-89; Lookup tables (LUTs); RISC-V SoC; RISC-V system-on-chip; System on chips design","","","","","","","","","","","","","","","","","","","","","","","","","","","","","","","","2023 15th International Conference on Knowledge and Systems Engineering (KSE)","","","","","","","","","","","","","","",""
"F2DKHART","journalArticle","2025","Devadas, Srinivas; Sanchez, Daniel","Toward a Universal Cryptographic Accelerator","Computer","","1558-0814","10.1109/MC.2024.3481808","https://ieeexplore.ieee.org/document/10834146/","Cyberphysical systems have disseminated devices that can be untrustworthy or compromised. Nevertheless, the privacy and integrity of computation and data can be guaranteed through cryptographic protocols. We address the computational burden posed by cryptography, and argue for a synergistic approach of designing programmable hardware accelerators for cryptography, followed by tailoring cryptographic protocols to this hardware.","2025-01","2026-04-09 16:35:17","2026-05-03 10:10:02","2026-04-09 16:33:48","105-108","","1","58","","","","","","","","","","","","","","","IEEE Xplore","","","<p>Export Date: 02 May 2026; Cited By: 0; Correspondence Address: S. Devadas; MIT, Cambridge, 02139, United States; email: devadas@mit.edu; CODEN: CPTRB</p>","/Users/mac/Zotero/storage/Y6YTDUWB/Devadas and Sanchez - 2025 - Toward a Universal Cryptographic Accelerator.pdf","","Hardware accelerators; Cyber-physical systems; Cryptographic accelerators; Computational burden; Cryptographic protocols; Programmable hardware","","","","","","","","","","","","","","","","","","","","","","","","","","","","","","","","","","","","","","","","","","","","","","",""
"GB8WJT7P","conferencePaper","2017","Alimi, Nejmeddine; Sghaier, Anissa; Machhout, Mohsen; Tourki, Rached","Exploring the design space of curve-based cryptographic accelerators","2017 International Conference on Engineering & MIS (ICEMIS)","","2575-1328","10.1109/ICEMIS.2017.8273045","https://ieeexplore.ieee.org/document/8273045/","Due to its shortest key-length, Hyperelliptic Curve Cryptography (HECC) is considered as a promising Public Key Cryptography solution for securing future resource-constrained embedded systems. However, its mathematical complexity, compared to the Elliptic Curve Cryptography (ECC), is slowing down its standardization. In this paper, we try to fairly explore different hardware architectures of ECC and HECC under the same level of security through parallelizing modular arithmetic layer operations. Speed and cost results of the implemented curve-based cryptographic accelerators showed that without specific optimization, ECC still outperform HECC.","2017-05","2026-04-09 16:35:17","2026-05-03 10:08:58","2026-04-09 16:33:51","1-5","","","","","","","","","","","","","","","","","","IEEE Xplore","","ISSN: 2575-1328","<p>Export Date: 02 May 2026; Cited By: 1; Correspondence Address: N. Alimi; Faculty of Sciences of Tunis, University of Tunis El Manar, El Manar Tunis, 2092, Tunisia; email: nejmeddine.alimi@fst.utm.tn</p>","/Users/mac/Zotero/storage/5YIRSIRS/Alimi et al. - 2017 - Exploring the design space of curve-based cryptographic accelerators.pdf","","Field programmable gate arrays (FPGA); FPGA; Integrated circuit design; Public key cryptography; Geometry; Embedded systems; Speed; Elliptic curve cryptography; Elliptic curve; Cryptographic accelerators; Curve cryptography; ECC; Design space exploration; Curve fitting; Area; Design Space Exploration; Design spaces; HECC; Hyperelliptic curve cryptographies; Parallelism; scalar multiplication; Scalar multiplication","","","","","","","","","","","","","","","","","","","","","","","","","","","","","","","","2017 International Conference on Engineering & MIS (ICEMIS)","","","","","","","","","","","","","","",""
"SFUTV2ZT","journalArticle","2021","Bisheh-Niasar, Mojtaba; Azarderakhsh, Reza; Mozaffari-Kermani, Mehran","Cryptographic Accelerators for Digital Signature Based on Ed25519","IEEE Transactions on Very Large Scale Integration (VLSI) Systems","","1557-9999","10.1109/TVLSI.2021.3077885","https://ieeexplore.ieee.org/document/9437467/","This article presents highly optimized implementations of the Ed25519 digital signature algorithm [Edwards curve digital signature algorithm (EdDSA)]. This algorithm significantly improves the execution time without sacrificing security, compared to exiting digital signature algorithms. Although EdDSA is employed in many widely used protocols, such as TLS and SSH, there appear to be extremely few hardware implementations that focus only on EdDSA. Hence, we propose two different field-programmable gate array (FPGA)-based EdDSA implementations, i.e., efficient and high-performance Ed25519 architectures applicable for a security level comparable to AES-128. Our proposed efficient Ed25519 scheme achieves an improvement of more than 84% compared to the best previous work by reducing the required area. It also incorporates more than 8× speedup. Furthermore, our proposed high-performance architecture shows a 21× speedup with more than 6200 digital signature algorithms per second, showing a significant improvement in terms of utilized area × time on a Xilinx Zynq-7020 FPGA. Finally, the effective side-channel countermeasures are embedded in our proposed designs, which also outperform the previous works.","2021-07","2026-04-09 16:35:17","2026-05-03 09:54:58","2026-04-09 16:33:56","1297-1305","","7","29","","","","","","","","","","","","","","","IEEE Xplore","","","<p>Export Date: 02 May 2026; Cited By: 130; Correspondence Address: M. Bisheh-Niasar; Department of Computer Electrical Engineering and Computer Science (CEECS), Florida Atlantic University, Boca Raton, 33431, United States; email: mbishehniasa2019@fau.edu; CODEN: IEVSE</p>","/Users/mac/Zotero/storage/2RHLBR94/Bisheh-Niasar et al. - 2021 - Cryptographic Accelerators for Digital Signature Based on Ed25519.pdf","","Authentication; Digital signature algorithms; Field programmable gate arrays (FPGA); Hardware implementations; Cryptography; Side-channel; Security level; Optimized implementation; hardware implementation; Cryptographic accelerators; Curve fitting; Ed25519; Edwards curve digital signature algorithm (EdDSA); elliptic curve cryptography; High performance architectures; side channel","","","","","","","","","","","","","","","","","","","","","","","","","","","","","","","","","","","","","","","","","","","","","","",""
"I5PF8C82","conferencePaper","2023","Thi, Sang Duong; Pham, Hoai Luan; Duong Le, Vu Trung; Imamura, Ren; Tran, Thi Hong; Nakashima, Yasuhiko","Small-Footprint Reconfigurable Heterogeneous Cryptographic Accelerator for Fog Computing","2023 RIVF International Conference on Computing and Communication Technologies (RIVF)","","2473-0130","10.1109/RIVF60135.2023.10471770","https://ieeexplore.ieee.org/document/10471770/","The Advanced Encryption Standard (AES) and Ascon algorithms are highly secure and compact, suitable for fog computing in Internet of Things (IoT) systems. However, existing research lacks a flexible and power-efficient hardware architecture for these algorithms on IoT devices. Therefore, this paper proposes a reconfigurable heterogeneous cryptographic accelerator (RHCA) that achieves high-performance and power-efficient cryptographic operations with minimal space requirements. The RHCA features a 4×4 heterogeneous processing element array (HPEA) and a hybrid arithmetic logic unit (HALU), which enhances parallel processing performance and reduces hardware resource usage. The evaluation of the RHCA on the ZCU102 FPGA demonstrates its exceptional performance and flexibility, achieving an AES throughput of 5.818 Gbps and an Ascon throughput of 0.563 Gbps. These results surpass existing FPGA-based works by factors ranging from 6.81 to 54.89 and 1.23 to 5.31, respectively. Moreover, by applying the HPEA, the hardware resource of RHCA is reduced by 33.6%, 26.1%, and 31.6% in LUTs, F7 Muxes, and CLBs, respectively, compared to the homogeneous configuration, leading to improved area efficiency.","2023-12","2026-04-09 16:35:17","2026-05-03 10:19:54","2026-04-09 16:33:59","124-129","","","","","","","","","","","","","","","","","","IEEE Xplore","","ISSN: 2473-0130","<p>Export Date: 02 May 2026; Cited By: 5</p>","/Users/mac/Zotero/storage/8KVTJC96/Thi et al. - 2023 - Small-Footprint Reconfigurable Heterogeneous Cryptographic Accelerator for Fog Computing.pdf","","Field programmable gate arrays (FPGA); FPGA; Performance; Cryptography; Internet of things; Reconfigurable; Reconfigurable hardware; Data privacy; Computation theory; IoT; Power efficient; Cryptographic accelerators; Advanced Encryption Standard; AES; CGRA; Processing elements; Asca; Ascon; Element array; Fog computing; Heterogeneous processing","","","","","","","","","","","","","","","","","","","","","","","","","","","","","","","","2023 RIVF International Conference on Computing and Communication Technologies (RIVF)","","","","","","","","","","","","","","",""
"HLGUEE3R","conferencePaper","2020","Hoang, Trong-Thuc; Duran, Ckristian; Tsukamoto, Akira; Suzaki, Kuniyasu; Pham, Cong-Kha","Cryptographic Accelerators for Trusted Execution Environment in RISC-V Processors","2020 IEEE International Symposium on Circuits and Systems (ISCAS)","","2158-1525","10.1109/ISCAS45731.2020.9180551","https://ieeexplore.ieee.org/document/9180551/","The trusted execution environment protects data by taking advantage of memory isolation schemes. Most of the software implementations on security enclaves offer a framework that can be implemented on any processor architecture. Assuming that privilege escalation is not possible through software means, the only way to access protected data is over authentication over a driver in kernel mode. However, the use of hardware back-doors cannot prevent processor execution in more privileged modes. Implementation of kernel-mode allows the reading of sensitive data over the protected regions of memory. In this work, a proposal of crypto-accelerator is described. The peripheral bus in the proposed architecture features a write-only secure memory. That means the cryptography operations on the software level can not read the sensitive data from that secure memory. This approach suppresses any cache coherence manipulator and fault execution-related attacks against reading sensitive data. The peripheral can be useful to accelerate the cryptography operations, and store securely intermediate calculations as well as storing secure keys. The time of execution compared to the software counterpart can be reduced down to 2.5 decades, and the throughput is risen to 3 decades, reaching speeds of 30MB/s for large chunks of data. The total area represents 10.7% of the total area of a dual-core RISC-V processor with RV64IMAFC extensions and TileLink buses.","2020-10","2026-04-09 16:35:17","2026-05-03 09:54:59","2026-04-09 16:34:02","1-4","","","","","","","","","","","","","","","","","","IEEE Xplore","","ISSN: 2158-1525","<p>Export Date: 02 May 2026; Cited By: 11; Correspondence Address: T.-T. Hoang; University of Electro-Communications (UEC), Tokyo, Japan; email: thuc@vlsilab.ee.uec.ac.jp; C. Duran; University of Electro-Communications (UEC), Tokyo, Japan; email: duran@vlsilab.ee.uec.ac.jp; C.-K. Pham; University of Electro-Communications (UEC), Tokyo, Japan; email: phamck@uec.ac.jp; CODEN: PICSD</p>","/Users/mac/Zotero/storage/AR36ZGXY/Hoang et al. - 2020 - Cryptographic Accelerators for Trusted Execution Environment in RISC-V Processors.pdf","","Cryptography; Memory architecture; Data privacy; Software implementation; Proposed architectures; Cryptographic accelerators; Crypto-accelerators; Trusted execution environments; Cryptography operations; Processor architectures; Processor execution","","","","","","","","","","","","","","","","","","","","","","","","","","","","","","","","2020 IEEE International Symposium on Circuits and Systems (ISCAS)","","","","","","","","","","","","","","",""
"47YU9SC7","conferencePaper","2019","Yu, Pei-Shi; Tang, Guang-Ming; Ye, Xiao-Chun; Fan, Dong-Rui; Zhang, Zhi-Min; Sun, Ning-Hui","An 8-bit Bit-Slice TEA-Cryptographic Accelerator for 64-bit RSFQ Secure Coprocessors","2019 IEEE International Superconductive Electronics Conference (ISEC)","","","10.1109/ISEC46533.2019.8990902","https://ieeexplore.ieee.org/document/8990902/","An 8-bit bit-slice TEA-cryptographic accelerator for 64-bit RSFQ secure coprocessors is proposed. The accelerator is based on Tiny Encryption Algorithm (TEA) and mainly consists of bit-slice adders and bit-slice shifters. Synchronous concurrent-flow clocking is used to design a fully pipelined RSFQ logic design. For verifying the algorithm and the logic design, the RSFQ logic circuits of the proposed accelerator have been simulated with a target operating frequency of 50 GHz. It consists of 21 stages. The throughput is 7.672 × 107 64-bit TEA encryptions per second.","2019-07","2026-04-09 16:35:17","2026-05-03 09:38:01","2026-04-09 16:34:05","1-4","","","","","","","","","","","","","","","","","","IEEE Xplore","","","<p>Export Date: 02 May 2026; Cited By: 2</p>","/Users/mac/Zotero/storage/243KBT7U/Yu et al. - 2019 - An 8-bit Bit-Slice TEA-Cryptographic Accelerator for 64-bit RSFQ Secure Coprocessors.pdf","","Hardware security; Acceleration; Cryptography; Computer circuits; Coprocessor; Logic design; Cryptographic accelerators; cryptographic accelerator; Fully pipelined; Operating frequency; Rapid single-flux quantum; rapid single-flux-quantum (RSFQ); superconducting integrated circuits; Superconducting integrated circuits; Tea; Tiny Encryption algorithms","","","","","","","","","","","","","","","","","","","","","","","","","","","","","","","","2019 IEEE International Superconductive Electronics Conference (ISEC)","","","","","","","","","","","","","","",""
"F58WAQZ3","conferencePaper","2019","Jiang, Zhenghong; Jin, Hanchen; Suh, G. Edward; Zhang, Zhiru","Designing Secure Cryptographic Accelerators with Information Flow Enforcement: A Case Study on AES","2019 56th ACM/IEEE Design Automation Conference (DAC)","","0738-100X","","https://ieeexplore.ieee.org/document/8806877/","Designing a secure cryptographic accelerator is challenging as vulnerabilities may arise from design decisions and implementation flaws. To provide high security assurance, we propose to design and build cryptographic accelerators with hardware-level information flow control so that the security of an implementation can be formally verified. This paper uses an AES accelerator as a case study to demonstrate how to express security requirements of a cryptographic accelerator as information flow policies for security enforcement. Our AES prototype on an FPGA shows that the proposed protection has a marginal impact on area and performance.","2019-06","2026-04-09 16:35:17","2026-05-03 10:16:40","2026-04-09 16:34:07","1-6","","","","","","Designing Secure Cryptographic Accelerators with Information Flow Enforcement","","","","","","","","","","","","IEEE Xplore","","ISSN: 0738-100X","<p>Export Date: 02 May 2026; Cited By: 14; CODEN: PDAWD</p>","/Users/mac/Zotero/storage/55MBHJAX/Jiang et al. - 2019 - Designing Secure Cryptographic Accelerators with Information Flow Enforcement A Case Study on AES.pdf","","Acceleration; Cryptography; Design and build; Computer aided design; Security requirements; Design decisions; Cryptographic accelerators; Information flow control; Information flow policies; Information flows; Security enforcement","","","","","","","","","","","","","","","","","","","","","","","","","","","","","","","","2019 56th ACM/IEEE Design Automation Conference (DAC)","","","","","","","","","","","","","","",""
"NJZU6FIA","conferencePaper","2024","Danêk, Lukáš; Novotný, Martin","How Primitive but How Effective: Fault-Injection Attack on Cryptographic Accelerator of Microchip CEC 1702 Microcontroller","2024 27th Euromicro Conference on Digital System Design (DSD)","","2771-2508","10.1109/DSD64264.2024.00026","https://ieeexplore.ieee.org/document/10741608/","Fault injection attacks pose a substantial threat to the security of digital systems, compromising integrity and exposing vulnerabilities. This article explores fault injection techniques, specifically voltage glitching, within the context of Lenstra's attack, which is an extension of the Bellcore attack, on RSA-CRT, which has existed for decades. The focus is on the cryptographic accelerator of the Microchip CEC 1702 microcontroller. The study employs the Chip Whisperer toolkit to perform fault injection attacks on both software and hardware implementations of RSA-CRT. Results reveal vulnerabilities in the commercially produced Microchip CEC 1702 microcontroller, highlighting potential security risks associated with fault injection attacks.","2024-08","2026-04-09 16:35:17","2026-05-03 10:10:04","2026-04-09 16:34:09","129-136","","","","","","How Primitive but How Effective","","","","","","","","","","","","IEEE Xplore","","ISSN: 2771-2508","<p>Export Date: 02 May 2026; Cited By: 0</p>; <p>Export Date: 02 May 2026; Cited By: 0</p>","/Users/mac/Zotero/storage/43WP76FZ/Danêk and Novotný - 2024 - How Primitive but How Effective Fault-Injection Attack on Cryptographic Accelerator of Microchip CE.pdf","","Microcontrollers; Cryptography; Fault Injection techniques; Radiation hardening; Fault injection; Fault injection attacks; Digital system; Chipwhisperer; ChipWhisperer; Cryptographic accelerators; Bellcore attack; CEC 1702; Fault-injection analysis; Fault-injection analyze; Lenstra attack; Lenstra's attack","","","","","","","","","","","","","","","","","","","","","","","","","","","","","","","","2024 27th Euromicro Conference on Digital System Design (DSD)","","","","","","","","","","","","","","",""
"GPC8JAK8","conferencePaper","2025","Joshi, Shubhashri; Kadadas, Chaitanya; Kidav, Jayaraj; Korra, Lakshman; Lavadkar, Manjiri; Margamwar, Shreenivas","Scalability and Performance Analysis of 2048-Bit RSA Algorithm Across Advanced CMOS Technology Nodes","2025 International Conference on Applications of Machine Intelligence and Data Analytics (ICAMIDA)","","","10.1109/ICAMIDA64673.2025.11209685","https://ieeexplore.ieee.org/document/11209685/","Using VLSI design methodologies, a highperformance RSA cryptographic accelerator is designed and implemented in this article. With an emphasis on real-time applications that require strong security and efficiency, the suggested design uses a 2048-bit RSA method for safe data encryption and decryption. The design includes a hardware-based random number generator, a Miller-Rabin primality checking module, and an optimized modular exponentiation unit for safe and effective key generation. Verilog is used to create the RSA cryptographic accelerator, which is then synthesized using Cadence EDA tools and functionally verified using Mentor Graphics Questa Sim. Both ASIC and FPGA design approaches are supported by the design flow, which includes a comprehensive RTL-to-GDSII implementation. The study illustrates how technology scaling affects cryptographic hardware performance by comparing timing, power, and area over 45-nm, 90-nm, and 180-nm technology nodes. The suggested design advances secure communication systems by providing notable benefits in terms of processing speed and resource efficiency. This study sheds light on how to best optimize cryptographic hardware accelerators for a range of uses, such as data centers, secure network protocols, and Internet of Things security.","2025-08","2026-04-09 16:35:17","2026-05-03 10:16:46","2026-04-09 16:34:16","1-5","","","","","","","","","","","","","","","","","","IEEE Xplore","","","<p>Export Date: 02 May 2026; Cited By: 0</p>","/Users/mac/Zotero/storage/XZZM8W3N/Joshi et al. - 2025 - Scalability and Performance Analysis of 2048-Bit RSA Algorithm Across Advanced CMOS Technology Nodes.pdf","","Hardware security; Network security; Field programmable gate arrays (FPGA); FPGA; Integrated circuit design; Computer hardware; Cryptography; Internet of things; Number theory; Application specific integrated circuits; ASIC; Random number generation; Data privacy; Internet protocols; VLSI circuits; Secure communication; Cryptographic hardware; CMOS integrated circuits; Cryptographic accelerators; VLSI design; Computer hardware description languages; RSA; Modular Exponentiation; Crypto-graphic accelerator; Crypto-graphic Accelerator; Graphics accelerators; Scalability analysis; Scalability and performance; Secure Communication; Technology nodes; VLSI Design","","","","","","","","","","","","","","","","","","","","","","","","","","","","","","","","2025 International Conference on Applications of Machine Intelligence and Data Analytics (ICAMIDA)","","","","","","","","","","","","","","",""
"DZU4YDHD","conferencePaper","2024","Luan, Pham Hoai; Nguyen, Hai Hau; Le, Vu Trung Duong; Tran, Thi Diem; Vu, Tuan Hai; Hong Tran, Thi; Nakashima, Yasuhiko","MRCA: Multi-grained Reconfigurable Cryptographic Accelerator for Diverse Security Requirements","2024 IEEE Symposium in Low-Power and High-Speed Chips (COOL CHIPS)","","2473-4683","10.1109/COOLCHIPS61292.2024.10531185","https://ieeexplore.ieee.org/document/10531185/","In today’s digital security, the robust 64-bit cryptographic algorithms are key to fulfilling strict security standards. However, most existing cryptographic architectures primarily support 8/32-bit algorithms and often exhibit poor performance. Therefore, this paper proposes a multi-grained reconfigurable cryptographic accelerator (MRCA) to efficiently support a variety of 8/32/64-bit algorithms with high performance and energy efficiency. To achieve this, we propose three innovative ideas. Firstly, a dual processing element array (D-PEA) is proposed to perform either two parallel 32-bit algorithms or concatenate them for 64-bit algorithms. Secondly, we develop a synchronous row connection and processing element architecture with a double buffer lane to reduce context memory and enable flexible coordination and computation of data in both 32-bit and 64-bit algorithms. Thirdly, we propose a concatenable 32-bit crypto ALU within each processing element, which can not only execute multiple 32-bit cryptographic operations in a single cycle but also connect to support multiple 64-bit operations. Our MRCA has been successfully implemented and verified across various 8/32/64-bit cryptographic algorithms on the TySOM-3A FPGA platform. Our ASIC experiment on a 45nm CMOS technology shows that the MRCA achieves a remarkable throughput from 0.43 to 15.48 Gbps and energy efficiency ranging from 0.4 to 14.46 Gbps/W, covering a wide range of 8-bit, 32-bit, and 64-bit cryptographic algorithm computations. Compared to previous studies, the MRCA outperforms by 3.5-12 times in throughput and 3.7-20 times in energy efficiency for hashing computations, also offering enhanced flexibility in supporting a wider range of 64-bit algorithms.","2024-04","2026-04-09 16:35:17","2026-05-03 10:35:37","2026-04-09 16:34:18","1-6","","","","","","MRCA","","","","","","","","","","","","IEEE Xplore","","ISSN: 2473-4683","<p>Export Date: 02 May 2026; Cited By: 1; Correspondence Address: P.H. Luan; Nara Institute of Science and Technology, Nara, Japan; email: pham.luan@is.naist.jp</p>","/Users/mac/Zotero/storage/EY4ZHIDG/Luan et al. - 2024 - MRCA Multi-grained Reconfigurable Cryptographic Accelerator for Diverse Security Requirements.pdf","","Field programmable gate arrays (FPGA); FPGA; Cryptography; Energy efficiency; Cryptographic algorithms; Reconfigurable; Reconfigurable architectures; Accelerator; Security requirements; Cryptographic accelerators; CGRA; Cryptographic architecture; Digital security; Poor performance; Processing elements; Security standards","","","","","","","","","","","","","","","","","","","","","","","","","","","","","","","","2024 IEEE Symposium in Low-Power and High-Speed Chips (COOL CHIPS)","","","","","","","","","","","","","","",""
"H3DHLYJN","journalArticle","2025","Pham, Hoai Luan; Le, Vu Trung Duong; Vu, Tuan Hai; Tran, Van Duy; Nguyen, Van Tinh; Tran, Thi Diem; Nakashima, Yasuhiko","MRCA 2.0: An Area-Optimized Multigrained Reconfigurable Cryptographic Accelerator for Securing Blockchain-Based Internet of Things Systems","IEEE Micro","","1937-4143","10.1109/MM.2024.3501313","https://ieeexplore.ieee.org/document/10758927/","This article introduces a multigrained reconfigurable cryptographic accelerator 2.0 (MRCA 2.0), upgrading from the first 8/32/64-bit coarse-grained reconfigurable array, named MRCA, to offer high performance with a smaller area and lower power consumption for blockchain-based Internet of Things systems. To achieve these goals, we propose four innovative ideas: a dual-processing element array (D-PEA) with reduced memories, a synchronous row connection and processing element (PE) architecture, a concatenable crypto arithmetic logic unit, and heterogeneous PEs. Our MRCA 2.0 has been successfully implemented on the TySOM-3A field-programmable gate array platform across 19 different algorithms. Our application-specific integrated circuit experiment on 45-nm CMOS technology shows that MRCA 2.0 reduces area and power consumption by 1.6 and 1.4 times, respectively, compared to the previous MRCA. Compared to related works, MRCA 2.0 outperforms in throughput by 1.63–28.3 times and in energy efficiency by 1.6–3.4 times, while also offering better flexibility in supporting more 64-bit algorithms.","2025-03","2026-04-09 16:35:17","2026-05-03 10:21:05","2026-04-09 16:34:20","78-89","","2","45","","","MRCA 2.0","","","","","","","","","","","","IEEE Xplore","","","<p>Export Date: 02 May 2026; Cited By: 1; Correspondence Address: H.L. Pham; Nara Institute of Science and Technology, Ikoma, 630-0192, Japan; email: pham.luan@is.naist.jp; CODEN: IEMID</p>","/Users/mac/Zotero/storage/42F4MHJ4/Pham et al. - 2025 - MRCA 2.0 An Area-Optimized Multigrained Reconfigurable Cryptographic Accelerator for Securing Block.pdf","","Field programmable gate arrays (FPGA); Performance; Cryptography; Reconfigurable; Reconfigurable architectures; Reconfigurable hardware; Block-chain; Blockchain; CMOS integrated circuits; Cryptographic accelerators; Lower-power consumption; Low-power consumption; Processing elements; Area optimized; Area Power Consumption; Small area","","","","","","","","","","","","","","","","","","","","","","","","","","","","","","","","","","","","","","","","","","","","","","",""
"SCFHSSGU","conferencePaper","2024","Henkes, Tim; Reith, Steffen; Stöttinger, Marc; Herfurth, Norbert; Panic, Goran; Wälde, Julian; Buschkowski, Fabian; Sasdrich, Pascal; Lüth, Christoph; Funck, Milan; Kiyan, Tuba; Weber, Arnd; Boeck, Detlef; Rathfelder, René; Grawunder, Torsten","Evaluating an Open-Source Hardware Approach from HDL to GDS for a Security Chip Design - a Review of the Final Stage of Project HEP","2024 Design, Automation & Test in Europe Conference & Exhibition (DATE)","","1558-1101","10.23919/DATE58400.2024.10546500","https://ieeexplore.ieee.org/document/10546500/","The project “Hardening the value chain through open-source, trustworthy EDA tools and processors (HEP)” uses open-source, free components and tools for the production of a prototypical security chip. A design flow using only free and open tools from the abstract description in SpinalHDL via OpenROAD down to the GDS-file for tape-out has been established, and first ASICs produced at IHP. The prototypical hardware security module (HSM) produced in this way provides, among other things, a processor based on VexRiscv, a cryptographic accelerator and masking of cryptographic keys. The open development tools used in the process were integrated into a common environment and expanded to include missing functionality. Subsequently, the whole tool chain and its peripherals are wrapped into a new Nyx container. The easy accessibility of the used process significantly reduces the learning curve for chip design. Additionally, we provide tools for formal verification and masking against side-channel attacks in our design flow. Interest in the results of project HEP has been shown in publications in which industrial partners participated, such as Elektrobit, Hensoldt Cyber, IAV, Secure-IC and Swissbit Germany.","2024-03","2026-04-09 16:35:17","2026-05-03 10:07:18","2026-04-09 16:34:23","1-6","","","","","","","","","","","","","","","","","","IEEE Xplore","","ISSN: 1558-1101","<p>Export Date: 02 May 2026; Cited By: 1</p>","/Users/mac/Zotero/storage/NZS4I92Y/Henkes et al. - 2024 - Evaluating an Open-Source Hardware Approach from HDL to GDS for a Security Chip Design - a Review of.pdf","","Hardware security; Side channel attack; Integrated circuit design; Hardware; Side-channel; Cybersecurity; Security; RISC-V; security; Open-source; Open systems; hardware; Formal verification; side-channel; formal verification; Computer hardware description languages; Chip design; Design flows; HSM; open EDA; Open EDA; open-source; PDK; Security chips","","","","","","","","","","","","","","","","","","","","","","","","","","","","","","","","2024 Design, Automation & Test in Europe Conference & Exhibition (DATE)","","","","","","","","","","","","","","",""
"7HTZHQWD","conferencePaper","2025","Luu, Van-Tuan; Pham, Hoai Luan; Nguyen, Van-Tinh; Hoang, Van-Phuc; Nguyen, Van-Trung; Le, Vu Trung Duong; Nakashima, Yasuhiko","Correlation Power Analysis of Pipelined and Multi-Threaded Coarse-Grained Reconfigurable Cryptographic Accelerator","2025 10th IEEE International Conference on Integrated Circuits, Design, and Verification (ICDV)","","","10.1109/ICDV66179.2025.11135225","https://ieeexplore.ieee.org/document/11135225/","LiCryptor, our state-of-the-art coarse-grained reconfigurable cryptographic accelerator, is designed for emerging Internet of Things (IoT) systems that demand high-speed and energy-efficient hardware capable of supporting multiple cryptographic algorithms. In this paper, we evaluate the vulnerability of LiCryptor to Correlation Power Analysis (CPA) side-channel attacks (SCA), proposing two primary attack models based on Hamming Weight (HW) and Hamming Distance (HD) to target intermediate values stored in registers during encryption. We introduce 8 power model schemes for CPA attacks, covering both single-threaded pipelined operation and dual-threaded pipelined operation on LiCryptor. Experimental results show that, under the pipelined operation, the proposed HD-based energy model can reveal all 16 key bytes with 82,100 traces, achieving a 1.4 x improvement over single-threaded methods. In dual-threaded operation, the number of traces required for key recovery is reduced to 54,000 traces. Furthermore, we identify CPA_HD_R10 as the most effective attack model, outperforming other models in both single-threaded and dual-threaded configurations.","2025-06","2026-04-09 16:35:17","2026-05-03 09:54:44","2026-04-09 16:34:28","133-138","","","","","","","","","","","","","","","","","","IEEE Xplore","","","<p>Export Date: 02 May 2026; Cited By: 0</p>","/Users/mac/Zotero/storage/C6JDEDJS/Luu et al. - 2025 - Correlation Power Analysis of Pipelined and Multi-Threaded Coarse-Grained Reconfigurable Cryptograph.pdf","","Network security; Side channel attack; Side-channel attacks; Cryptography; Energy efficiency; Power analysis; Particle accelerators; Reconfigurable hardware; Side-channel attack; Pipelines; Cryptographic accelerators; AES; Attack modeling; CGRA; Coarse-grained reconfigurable; Correlation Power Analysis (CPA); Correlation power analyze; Hamming distance; Side-channel attack (SCA); Single-threaded","","","","","","","","","","","","","","","","","","","","","","","","","","","","","","","","2025 10th IEEE International Conference on Integrated Circuits, Design, and Verification (ICDV)","","","","","","","","","","","","","","",""
"BTMGP972","journalArticle","2021","Banerjee, Utsav; Chandrakasan, Anantha P.","A Low-Power BLS12-381 Pairing Cryptoprocessor for Internet-of-Things Security Applications","IEEE Solid-State Circuits Letters","","2573-9603","10.1109/LSSC.2021.3124074","https://ieeexplore.ieee.org/document/9593932/","We present the first BLS12-381 elliptic-curve pairing cryptoprocessor for Internet-of-Things (IoT) security applications. Efficient finite-field arithmetic and algorithm-architecture co-optimizations together enable two orders of magnitude energy savings. We implement several countermeasures against timing and power side-channel attacks. Our cryptoprocessor is programmable to provide the flexibility to accelerate various elliptic-curve and pairing-based protocols, such as signature aggregation and functional encryption.","2021","2026-04-09 16:35:17","2026-05-03 09:34:45","2026-04-09 16:34:31","190-193","","","4","","","","","","","","","","","","","","","IEEE Xplore","","","<p>Export Date: 02 May 2026; Cited By: 8; Correspondence Address: U. Banerjee; Department of Electrical Engineering and Computer Science, Massachusetts Institute of Technology, Cambridge, 02139, United States; email: utsav@mit.edu</p>","/Users/mac/Zotero/storage/J8KXR3HP/Banerjee and Chandrakasan - 2021 - A Low-Power BLS12-381 Pairing Cryptoprocessor for Internet-of-Things Security Applications.pdf","","Hardware security; Side channel attack; Public key cryptography; Geometry; Side-channel; Internet of things; Security; Logic gates; Elliptic curve cryptography; Side channel; Low Power; Elliptic curve; Internet of Things (IoT); Cryptographic accelerators; Arithmetic; Cryptographic accelerator; Energy conservation; Elliptic-curve cryptography (ECC); Internet of thing .; Low power; Pairing-based cryptography; Pairingbased cryptography (PBC)","","","","","","","","","","","","","","","","","","","","","","","","","","","","","","","","","","","","","","","","","","","","","","",""
"N5XS98BS","conferencePaper","2024","He, Pengzhou; Bao, Tianyou; Koç, Çetin Kaya; Xie, Jiafeng","HELP: Highly Efficient and Low-Latency Hardware Accelerator for Integer Polynomial Multiplication","2024 IEEE Computer Society Annual Symposium on VLSI (ISVLSI)","","2159-3477","10.1109/ISVLSI61997.2024.00071","https://ieeexplore.ieee.org/document/10682698/","Integer polynomial multiplication has been frequently used in post-quantum cryptography (PQC) schemes. In particular, unequal-sized integer polynomial multiplication, i.e., the coefficients from two input polynomials are not the same, has recently drawn significant attention from research communities. Besides that, this polynomial multiplication often involves specific parameter setups, such as power-of-two poly-nomial degree and modulus, efficient acceleration of this type of polynomial multiplication thus becomes an interesting topic, especially on the hardware platform. This paper follows this trend to develop a Highly Efficient and Low-latency Polynomial multiplication (HELP) accelerator for the targeted integer poly-nomial multiplication. First of all, We presented a new algorithm for the targeted polynomial multiplication for high-performance operations. Then, we proposed the HELP accelerator, giving its detailed architectural description. Finally, implementation results and comparisons are provided to demonstrate the efficiency of the proposed accelerator. For instance, the HELP accelerator is found to have at least 36.99% equivalent area-delay product (eADP) than the reported implementations (n= 1,024). The outcome of this work can be extended further for related cryptographic accelerator desian and development.","2024-07","2026-04-09 16:35:17","2026-05-03 10:07:25","2026-04-09 16:34:33","355-360","","","","","","HELP","","","","","","","","","","","","IEEE Xplore","","ISSN: 2159-3477","<p>Export Date: 02 May 2026; Cited By: 0</p>","","","Post quantum cryptography; Quantum cryptography; Field programmables; Field-programmable gate array; Programmable gate array; Particle accelerators; Polynomials; Polynomial multiplication; Photons; Hardware accelerators; Low latency; Field-programmable gate array (FPGA); Integer programming; hard-ware accelerator; Hard-ware accelerator; highly efficient and low-latency; Highly efficient and low-latency; Integer linear programming; Mixed-integer linear programming; unequal-sized integer polynomial multiplication; Unequal-sized integer polynomial multiplication","","","","","","","","","","","","","","","","","","","","","","","","","","","","","","","","2024 IEEE Computer Society Annual Symposium on VLSI (ISVLSI)","","","","","","","","","","","","","","",""
"54XFH7C2","conferencePaper","2025","Farnaghinejad, Behnam; Bellizia, Davide; Dolmeta, Alessandra; Masera, Guido; Porsia, Antonio; Ruospo, Annachiara; Di Carlo, Stefano; Savino, Alessandro; Sanchez, Ernesto","Power Side-Channel Vulnerabilities of a RISC-V Cryptography Accelerator Integrated into CVA6 via Core-V eXtension Interface (CV-X-IF)","2025 IEEE International Test Conference (ITC)","","2378-2250","10.1109/ITC58126.2025.00030","https://ieeexplore.ieee.org/document/11219849/","Modern RISC-V designs are increasingly integrating cryptographic accelerators to provide better security features while enhancing performance; however, their vulnerability to power side-channel attacks remains insufficiently investigated. This paper presents a comprehensive evaluation of such vulnerabilities in a RISCV-based AES accelerator connected via the Core-V eXtension Interface (CV-X-IF). The analysis begins at the RTL using simulated power traces, employing KL (Kullback–Leibler) divergence alongside established statistical attacks such as Correlation Power Analysis (CPA) and Differential Power Analysis (DPA). Although the former serves as an early indicator of potential leakage, simulation results highlight its limitations compared to CPA and DPA. To validate these findings, leakage trends are further examined through FPGA-based power measurement. The proposed methodology is designed to be broadly applicable to a range of cryptographic workloads and accelerator architectures. It is demonstrated on an AES accelerator implementing the scalar cryptographic extension (Zk) with pre-expanded keys. Our findings reveal that side-channel vulnerabilities can persist even in tightly integrated instruction pipelines, underscoring the importance of early-stage leakage assessment. Notably, the close alignment between RTL-level simulations and FPGA-based measurements highlights the effectiveness of the approach and its practical value for guiding secure hardware design in RISC-V ecosystems. In particular, AES serves only as a case of study; the proposed RTL and FPGA validation flow is generic and can be applied to any cryptographic accelerator.","2025-09","2026-04-09 16:35:17","2026-05-03 10:15:29","2026-04-09 16:34:35","233-242","","","","","","","","","","","","","","","","","","IEEE Xplore","","ISSN: 2378-2250","<p>Export Date: 02 May 2026; Cited By: 0; Correspondence Address: ; ; ; ; ; ; CODEN: PITCF</p>","","","Hardware security; Network security; Side channel attack; Acceleration; Field programmable gate arrays (FPGA); Integrated circuit design; Computer hardware; Power; Power analysis; Side-channel; Reduced instruction set computing; RISC-V; Core-V extension interface; Interlocking signals; Differential power Analysis; Cryptographic accelerators; Hardware Security; Core-V eXtension Interface (CV-X-IF); Cryptographic Accelerator; CVA6; Early-stage side-channel evaluation; Early-Stage Side-Channel Evaluation; RTL-Level Analysis; RTL-level analyze","","","","","","","","","","","","","","","","","","","","","","","","","","","","","","","","2025 IEEE International Test Conference (ITC)","","","","","","","","","","","","","","",""
"DWFLT2HF","conferencePaper","2024","Simola, Otto; Korsman, Aleksi; Hirvonen, Verneri; Tarkka, Antti; Helander, Julius; Järvinen, Kimmo; Kosunen, Marko; Ryynänen, Jussi","RISC-V Core with AES-256 Accelerator","2024 31st IEEE International Conference on Electronics, Circuits and Systems (ICECS)","","2995-0589","10.1109/ICECS61496.2024.10848921","https://ieeexplore.ieee.org/document/10848921/","This paper presents a RISC-V core integrated with a cryptographic accelerator for 256-bit Advanced Encryption Standard (AES-256). It supports several block cipher modes and has been integrated as an extension to a 5-stage RV32IMFC RISC-V core implemented in 22 nm FD-SOI. For performance comparison, the hardware accelerator was verified with an extensive verification environment involving simulations and testing with Field Programmable Gate Array (FPGA) and Application-Specific Integrated Circuit (ASIC) implementations against a C-program solution implemented with the openSSL library, running on the implemented RISC-V core. The accelerator achieves 82–84% faster AES cipher operation compared to the software solution.","2024-11","2026-04-09 16:35:17","2026-05-03 10:37:16","2026-04-09 16:34:37","1-4","","","","","","","","","","","","","","","","","","IEEE Xplore","","ISSN: 2995-0589","<p>Export Date: 02 May 2026; Cited By: 3; Correspondence Address: O. Simola; Aalto University, Department of Electronics and Nanoengineering, Finland; email: otto.simola@aalto.fi; A. Korsman; Aalto University, Department of Electronics and Nanoengineering, Finland; email: aleksi.korsman@aalto.fi; V. Hirvonen; Aalto University, Department of Electronics and Nanoengineering, Finland; email: verneri.hirvonen@aalto.fi; A. Tarkka; Aalto University, Department of Electronics and Nanoengineering, Finland; email: antti.tarkka@aalto.fi; J. Helander; Aalto University, Department of Electronics and Nanoengineering, Finland; email: julius.helander@aalto.fi; M. Kosunen; Aalto University, Department of Electronics and Nanoengineering, Finland; email: marko.kosunen@aalto.fi; J. Ryynanen; Aalto University, Department of Electronics and Nanoengineering, Finland; email: jussi.ryynanen@aalto.fi</p>","","","FPGA; Cryptography; Field programmables; Programmable gate array; Application specific integrated circuits; ASIC; Software testing; C (programming language); Field programmable gate array; RISC-V; Medium access control; Accelerator; Application-specific integrated circuits; Cryptographic accelerators; Advanced Encryption Standard; AES-256; It supports; Model checking; V core","","","","","","","","","","","","","","","","","","","","","","","","","","","","","","","","2024 31st IEEE International Conference on Electronics, Circuits and Systems (ICECS)","","","","","","","","","","","","","","",""
"VGBPBS58","journalArticle","2019","Banerjee, Utsav; Wright, Andrew; Juvekar, Chiraag; Waller, Madeleine; Arvind; Chandrakasan, Anantha P.","An Energy-Efficient Reconfigurable DTLS Cryptographic Engine for Securing Internet-of-Things Applications","IEEE Journal of Solid-State Circuits","","1558-173X","10.1109/JSSC.2019.2915203","https://ieeexplore.ieee.org/document/8721457/","This paper presents the first hardware implementation of the datagram transport layer security (DTLS) protocol to enable end-to-end security for the Internet of Things (IoT). A key component of this design is a reconfigurable prime field elliptic curve cryptography (ECC) accelerator that is 238× and 9× more energy-efficient compared to software and state-of-the-art hardware, respectively. Our full hardware implementation of the DTLS 1.3 protocol provides 438× improvement in energy-efficiency over software, along with code size and data memory usage as low as 8 and 3 KB, respectively. The cryptographic accelerators are coupled with an on-chip low-power RISC-V processor to benchmark applications beyond DTLS with up to two orders of magnitude energy savings. The test chip, fabricated in 65-nm CMOS, demonstrates hardware-accelerated DTLS sessions while consuming 44.08 μJ/handshake and 0.89 nJ/byte of the encrypted data at 16 MHz and 0.8 V.","2019-08","2026-04-09 16:35:17","2026-05-03 09:38:30","2026-04-09 16:34:40","2339-2352","","8","54","","","","","","","","","","","","","","","IEEE Xplore","","","<p>Export Date: 02 May 2026; Cited By: 58; Correspondence Address: U. Banerjee; Department of Electrical Engineering and Computer Science, Massachusetts Institute of Technology, Cambridge, United States; email: utsav@mit.edu; CODEN: IJSCB</p>","/Users/mac/Zotero/storage/MA7F23ET/Banerjee et al. - 2019 - An Energy-Efficient Reconfigurable DTLS Cryptographic Engine for Securing Internet-of-Things Applica.pdf","","Hardware security; Side channel attack; Public key cryptography; Geometry; Computer hardware; Benchmarking; Energy efficiency; Side-channel; Internet of things; Data privacy; Hash functions; Transport layer security; Reduced instruction set computing; RISC-V; Internet of Things (IOT); hardware security; Low Power; Elliptic Curve Cryptography(ECC); Internet of Things (IoT); Cryptographic accelerators; Advanced Encryption Standard; cryptographic accelerator; elliptic curve cryptography (ECC); Advanced encryption standard (AES); AES in Galois/Counter Mode (AES-GCM); datagram transport layer security (DTLS); low-power; micro-processor; Secure hash algorithm; Secure Hash Algorithm (SHA); side-channel; transport layer security (TLS)","","","","","","","","","","","","","","","","","","","","","","","","","","","","","","","","","","","","","","","","","","","","","","",""
"HPRG4UPJ","journalArticle","2026","Opasatian, Anawin; Fukuda, Momoko; Ikeda, Makoto","Design Space Exploration of a Unified FPGA Accelerator for Elliptic-Curve-Based Functions in Attribute-Based Encryption","IEEE Transactions on Very Large Scale Integration (VLSI) Systems","","1557-9999","10.1109/TVLSI.2025.3632677","https://ieeexplore.ieee.org/document/11261691/","Attribute-based encryption (ABE) requires several elliptic-curve-based functions, including elliptic-curve scalar multiplication (ECSM), hashing to the curve, and pairing. Although these computations share underlying similarities, prior hardware designs have shown that distinct architectures yield better performance for each function. Consequently, it remains unclear which architecture offers optimal performance when supporting all required functions within a unified design. In this work, we present a design space exploration methodology in which the design is parameterized using a defined set of design parameters, and an automatic schedule generator is employed to estimate the cycle counts for each function. This allows us to identify the configuration that minimizes latency for both individual functions and complete cryptographic operations. The versatility of our approach is demonstrated through two case studies: 1) ECSM over Curve25519, Secp256k1, NIST-P256, and NIST-P384; and 2) multiple elliptic-curve functions over the BLS12-381 curve. In the first case, the optimal configuration implemented on a Virtex7 field-programmable gate array (FPGA) achieves up to a 15% latency reduction compared to state-of-the-art designs. In the second case, the unified accelerator in its optimal configuration supports all core ABE functions and achieves superior latency or throughput-per-area (TPA), and in some cases both, compared to existing designs.","2026-02","2026-04-09 16:35:17","2026-05-03 10:23:04","2026-04-09 16:34:44","579-592","","2","34","","","","","","","","","","","","","","","IEEE Xplore","","","<p>Export Date: 02 May 2026; Cited By: 0; Correspondence Address: A. Opasatian; Department of Electrical Engineering and Information Systems, Graduate School of Engineering, The University of Tokyo, Tokyo, 113-8656, Japan; email: anawin@silicon.u-tokyo.ac.jp; CODEN: IEVSE</p>","","","Hardware security; Field programmable gate arrays (FPGA); Integrated circuit design; Public key cryptography; Geometry; Performance; Field programmables; Field-programmable gate array; Programmable gate array; Particle accelerators; Space research; Logic gates; Logic design; field-programmable gate array (FPGA); Cryptographic accelerators; Systems analysis; Attribute-based encryption; Attribute-based encryption (ABE); Attribute-based encryptions; BLS12-381; design space exploration; Design space exploration; high-performance cryptographic accelerator; High-performance cryptographic accelerator","","","","","","","","","","","","","","","","","","","","","","","","","","","","","","","","","","","","","","","","","","","","","","",""
"CW3ZZUXF","conferencePaper","2017","Jacob, Nisha; Wittmann, Jakob; Heyszl, Johann; Hesselbarth, Robert; Wilde, Florian; Pehl, Michael; Sigl, Georg; Fischer, Kai","Securing FPGA SoC configurations independent of their manufacturers","2017 30th IEEE International System-on-Chip Conference (SOCC)","","2164-1706","10.1109/SOCC.2017.8226019","https://ieeexplore.ieee.org/document/8226019/","System-on-Chips which include FPGAs are important platforms for critical applications since they provide significant software performance through multi-core CPUs as well as high versatility through integrated FPGAs. Those integrated FP-GAs allow to update the programmable hardware functionality, e.g. to include new communication interfaces or to update cryptographic accelerators during the life-time of devices. Updating software as well as hardware configuration is required for critical applications such as e.g. industrial control devices or vehicles with long life-times. Such updates must be authenticated and possibly encrypted. One way to achieve this is to rely on static FPGA manufacturer-provided cryptography and respective master keys. However, in this contribution, we show how to retrofit Xilinx Zynq FPGAs with an alternative cryptographic accelerator and how to establish device-individual keys using Physical Unclonable Function (PUF) technology. These two key aspects reduce the required trust in manufacturer-provided security features while increasing the security by binding configurations to a specific device.","2017-09","2026-04-09 16:35:17","2026-05-03 10:08:28","2026-04-09 16:34:46","114-119","","","","","","","","","","","","","","","","","","IEEE Xplore","","ISSN: 2164-1706","<p>Export Date: 02 May 2026; Cited By: 13</p>","","","Hardware security; Field programmable gate arrays (FPGA); FPGA; Hardware; Cryptography; System-on-chip; Application programs; Program processors; Programmable logic controllers; Distributed computer systems; Automobile manufacture; Secure boot; Secure boots; Cryptographic accelerators; SoC; Cryptographic engines; PUF; Communication interface; Cryptographic engine; Hardware configurations; Manufacture; Partial reconfiguration; Phase interfaces; Physical unclonable functions (PUF); Semiconductor device manufacture; Zynq","","","","","","","","","","","","","","","","","","","","","","","","","","","","","","","","2017 30th IEEE International System-on-Chip Conference (SOCC)","","","","","","","","","","","","","","",""
"PMB3HFVC","journalArticle","2024","Liu, Rui; Li, Zerun; Zhang, Xiaoyu; Li, Wanqian; Shen, Libo; Tang, Rui; Luo, Zhejian; Chen, Xiaoming; Han, Yinhe; Tang, Minghua","Crypto-DSEDA: A Domain-Specific EDA Flow for CiM-Based Cryptographic Accelerators","IEEE Design & Test","","2168-2364","10.1109/MDAT.2024.3395987","https://ieeexplore.ieee.org/document/10516433/","Editor’s notes: The authors propose Crypto-DSEDA, an auto-generation framework for exploring Computing-in-Memory (CiM)-based cryptographic accelerators. Crypto-DSEDA includes an automatic architecture generation pipeline that takes behavioral-level descriptions as input, optimizes dataflow and resource allocation through design space exploration, and finally generates the accelerator architecture and dataflow of the target algorithm. —Yiran Chen, Duke University, USA","2024-10","2026-04-09 16:35:17","2026-05-03 09:54:57","2026-04-09 16:34:51","46-54","","5","41","","","Crypto-DSEDA","","","","","","","","","","","","IEEE Xplore","","","<p>Export Date: 02 May 2026; Cited By: 1; Correspondence Address: M. Tang; Xiangtan University, School of Materials Science and Engineering, Xiangtan, 411105, China; email: tangminghua@xtu.edu.cn; X. Chen; Institute of Computing Technology, Chinese Academy of Sciences, Beijing, 100083, China; email: chenxiaoming@ict.ac.cn</p>","","","Hardware acceleration; Energy utilization; Performance; Cryptography; Energy efficiency; Cryptographic algorithms; Memory architecture; Table lookup; Optimisations; Information management; Space explorations; Computer aided design; Resource allocation; Green computing; Security of data; Cryptographic accelerators; Data flow analysis; Computing-in-memory; cryptographic algorithm; automatic generation; Automatic Generation; Computer aided software engineering; electronic design automation; Electronics design automation; Resource management","","","","","","","","","","","","","","","","","","","","","","","","","","","","","","","","","","","","","","","","","","","","","","",""
"DF7DFCXP","journalArticle","2020","Kundi, Dur-e-Shahwar; Khalid, Ayesha; Aziz, Arshad; Wang, Chenghua; O’Neill, Máire; Liu, Weiqiang","Resource-Shared Crypto-Coprocessor of AES Enc/Dec With SHA-3","IEEE Transactions on Circuits and Systems I: Regular Papers","","1558-0806","10.1109/TCSI.2020.2997916","https://ieeexplore.ieee.org/document/9107413/","Cryptographic co-processors are integral to the modern System-on-Chips. Flexibility in such designs serves dual purpose, i.e., it enables acceleration of different essential cryptographic primitives (Encryption/Authentication/Pseudo Random Number Generation (PRNG)) and also results in design compaction via resource sharing. In this context, a novel resource-shared crypto-coprocessor, named AEHA-3 is presented, which combines two National Institute of Standards and Technology (NIST) standardized algorithms, i.e., Advance Encryption Standard (AES) and Secure Hash Algorithm-3 (SHA-3). Due to algorithmic dissimilarities, so far no resource-shared implementation enabling AES key scheduling/ enc/dec and SHA-3 has been presented. AEHA-3 exploits resource-sharing for area reduction, i.e., integration of Look-Up-Tables (I-Tables) for AES enc/dec; logical optimization of Six Input Equation (SixIE) for SHA-3; a Unified XOR Section to carry out both key whitening in AES and SHA-3 transformations. Furthermore, the AES key scheduling was performed using the same resource-shared hardware. The proposed AE$HA-3 on Xilinx Virtex FPGA family results in highest hardware efficiency in terms of Throughput per Slice (TPS), along with a 49.37% area consumption reduction, when compared against the smallest stand-alone implementations presented to date.","2020-12","2026-04-09 16:35:17","2026-05-03 10:37:06","2026-04-09 16:34:55","4869-4882","","12","67","","","","","","","","","","","","","","","IEEE Xplore","","","<p>Export Date: 02 May 2026; Cited By: 41; Correspondence Address: W. Liu; College of Electronic and Information Engineering, Nanjing University of Aeronautics and Astronautics, Nanjing, 211100, China; email: liuweiqiang@nuaa.edu.cn</p>","/Users/mac/Zotero/storage/QGWRVKQJ/Kundi et al. - 2020 - Resource-Shared Crypto-Coprocessor of AES EncDec With SHA-3.pdf","","Hardware security; National Institute of Standards and Technology; Random number generation; System-on-chip; Table lookup; Hash functions; Coprocessor; cryptography; Cryptographic primitives; Hardware efficiency; cryptographic accelerator; Secure hash algorithm; Advance encryption standard (AES); Advance encryption standards (AES); Consumption reductions; embedded system; Logical optimization; Scheduling; secure hash algorithm-3 (SHA-3); Silicon; Standardized algorithms","","","","","","","","","","","","","","","","","","","","","","","","","","","","","","","","","","","","","","","","","","","","","","",""
"DUSUMTGI","journalArticle","2025","Zhu, Yihong; Zhu, Wenping; Ouyang, Yi; Sun, Junwen; Zhao, Qi; Zhu, Min; Yang, Jinjiang; Chen, Chen; Tao, Qichao; Wang, Hanning; Yang, Guang; Wei, Shaojun; Zhang, Aoyang; Liu, Leibo","PQPU: A 4.4-μJ/Op 69.4-kOPS Agile Post-Quantum Crypto-Processor Across Multiple Mathematical Problems","IEEE Journal of Solid-State Circuits","","1558-173X","10.1109/JSSC.2024.3476949","https://ieeexplore.ieee.org/document/10735151/","Post-quantum cryptography (PQC) is currently being standardized to replace the existing public-key cryptography for data security in the era of quantum computing. PQC algorithms exhibit considerable diversity in their underlying mathematical problems, storage requirements, and computational patterns, thus complicating unified PQC architecture design. To address this issue, a unified PQC domain-specific accelerator (DSA), post-quantum processing unit (PQPU), is proposed to address the trade-off between performance and flexibility at the algorithm, architecture, and circuit levels. First, a task-clustering-based framework is proposed to enable task-level parallel execution by utilizing the inherent parallelism and common functions across different PQC algorithms. Second, a region-based dynamically updated task path (TP) is constructed to facilitate automatic task-dependency management, with agile control flow and minimized overheads. Finally, algorithm-hardware co-optimizations are proposed in each task cluster to improve throughput and energy efficiency. Fabricated in a 28-nm process, PQPU has energy efficiency and throughput of 4.4 \mu J/Op and 69.4 kOPS. The energy-delay product (EDP) and throughput achieved are 19.3% and 44.6% compared to the state-of-the-art design, respectively. To the best of our knowledge, PQPU is the first silicon-proven PQC accelerator that supports all valid schemes in NIST PQC standardization.","2025-06","2026-04-09 16:35:17","2026-05-03 10:00:33","2026-04-09 16:34:58","2261-2275","","6","60","","","PQPU","","","","","","","","","","","","IEEE Xplore","","","<p>Export Date: 02 May 2026; Cited By: 3; Correspondence Address: A. Zhang; Tsinghua University, School of Integrated Circuits, Beijing National Research Center for Information Science and Technology, Beijing Innovation Center for Future Chip, Beijing, 100084, China; email: aoyang@tsinghua.edu.cn; L. Liu; Tsinghua University, School of Integrated Circuits, Beijing National Research Center for Information Science and Technology, Beijing Innovation Center for Future Chip, Beijing, 100084, China; email: liulb@tsinghua.edu.cn; CODEN: IJSCB</p>","","","Network security; Post quantum cryptography; Quantum cryptography; Quantum electronics; Post quantum; Post-quantum cryptography; Integrated circuit design; Digital arithmetic; Energy; High-throughput; Cryptography algorithms; Reconfigurable; Reconfigurable architectures; Reconfigurable hardware; Stability criteria; Encryption algorithms; post-quantum cryptography (PQC); Digital storage; Processing units; Parallel architectures; Mathematical problems; Cryptography processor; high throughput; reconfigurable architecture","","","","","","","","","","","","","","","","","","","","","","","","","","","","","","","","","","","","","","","","","","","","","","",""
"SWMEIR8I","journalArticle","2023","Ghosh, Archisman; Mera, Jose Maria Bermudo; Karmakar, Angshuman; Das, Debayan; Ghosh, Santosh; Verbauwhede, Ingrid; Sen, Shreyas","A 334 μW 0.158 mm2 ASIC for Post-Quantum Key-Encapsulation Mechanism Saber With Low-Latency Striding Toom–Cook Multiplication","IEEE Journal of Solid-State Circuits","","1558-173X","10.1109/JSSC.2023.3253425","https://ieeexplore.ieee.org/document/10079217/","Lattice-based cryptography is a novel approach to public key cryptography (PKC), of which the mathematical investigation (so far) resists attacks from quantum computers. By choosing a module learning with errors (MLWE) algorithm as the next standard, the National Institute of Standards and Technology (NIST) follows this approach. The multiplication of polynomials is the central bottleneck in the computation of lattice-based cryptography. Because PKC is mostly used to establish common secret keys, the focus is on compact area, power, and energy budget and, to a lesser extent, on throughput or latency. While most other work focuses on optimizing number theoretic transform (NTT)-based multiplications, in this article, we highly optimize a Toom–Cook-based multiplier. We demonstrate that a memory-efficient striding Toom–Cook with lazy interpolation results in a highly compact, low-power implementation, which, on top, enables a very regular memory access scheme. To demonstrate the efficiency, we integrate this multiplier into a Saber post-quantum accelerator, one of the four NIST finalists. Algorithmic innovation to reduce active memory, timely clock gating, and shift-add multiplier has helped to achieve 38% less power than state-of-the-art post-quantum cryptography (PQC) core, 4 \times less memory, 36.8% reduction in multiplier energy, and 118 \times reduction in active power with respect to state-of-the-art Saber accelerator (not silicon verified). This accelerator consumes 0.158- \text mm^2 active area, which is the lowest reported to date despite the process disadvantages of the state-of-the-art designs.","2023-08","2026-04-09 16:35:17","2026-05-03 09:33:45","2026-04-09 16:35:00","2383-2398","","8","58","","","","","","","","","","","","","","","IEEE Xplore","","","<p>Export Date: 02 May 2026; Cited By: 10; Correspondence Address: A. Ghosh; Purdue University, School of Electrical and Computer Engineering, West Lafayette, 47907, United States; email: ghosh69@purdue.edu; CODEN: IJSCB</p>","","","Post quantum cryptography; Quantum computers; Quantum Computing; Quantum cryptography; Post-quantum cryptography; National Institute of Standards and Technology; Public key cryptography; Energy efficiency; Memory architecture; Security; post-quantum cryptography (PQC); Budget control; Memory efficient; Compact design; Compact designs; energy-efficient architecture; Energy-efficient architectures; first accelerator; First accelerator; Interpolation; lazy interpolation; Lazy interpolation; memory-efficient; striding Toom-Cook; Striding toom–cook; Toom-Cook","","","","","","","","","","","","","","","","","","","","","","","","","","","","","","","","","","","","","","","","","","","","","","",""
"QKXYEECI","conferencePaper","2024","Shin, Hyunseob; Lee, Yejin; Kung, Jaeha","A Refresh-Free Near-eDRAM AES Accelerator for Secure Underwater Communications","2024 15th International Conference on Information and Communication Technology Convergence (ICTC)","","2162-1241","10.1109/ICTC62082.2024.10827451","https://ieeexplore.ieee.org/document/10827451/","Underwater vehicles or drones need to encrypt and transmit data to protect the information from external attacks. However, these electronic devices in underwater vehicles operate under limited energy. Therefore, a low-energy cryptographic accelerator is needed so that it can operate for a longer period on a single energy charge. In this paper, we present a compact and energy-efficient eDRAM-based AES encryption engine, named SwiftGuard, exploiting the nature of frequent state updates of the AES algorithm and the benefit of dual-port eDRAM design. By updating the data block within the data retention time of designed eDRAM bitcells, SwiftGuard removes expensive memory refresh operations during AES computations. In addition, the AES latency is greatly reduced by leveraging simultaneous read and write operations of the dual-port eDRAM design. Last but not least, it improves the area efficiency by sharing an on-the-fly key expansion module and using logic-based S-boxes. As a result, SwiftGuard occupies 38 % less area and achieves 54 % (or 42 %) higher performance (or energy efficiency) compared to the state-of-the-art SRAM-based AES accelerator.","2024-10","2026-04-09 16:35:17","2026-05-03 09:35:03","2026-04-09 16:35:11","355-357","","","","","","","","","","","","","","","","","","IEEE Xplore","","ISSN: 2162-1241","<p>Export Date: 02 May 2026; Cited By: 2</p>","","","Hardware security; Integrated circuit design; Energy; Underwater vehicles; Analog storage; Medium access control; Secure communication; Static random access storage; AES hardware; Dual port; Dynamic random access storage; Electronics devices; embedded DRAM; Embedded DRAM; Limited energies; processing-in-memory; Processing-in-memory; Transmit data; Underwater communication","","","","","","","","","","","","","","","","","","","","","","","","","","","","","","","","2024 15th International Conference on Information and Communication Technology Convergence (ICTC)","","","","","","","","","","","","","","",""
"TETFG82K","journalArticle","2024","Zhao, Yanrui; Liu, Xiaofan; Hu, Yue; Xiao, Hao","Design of an Efficient NTT/INTT Architecture With Low-Complex Memory Mapping Scheme","IEEE Transactions on Circuits and Systems II: Express Briefs","","1558-3791","10.1109/TCSII.2023.3296492","https://ieeexplore.ieee.org/document/10185931/","Number Theoretic Transform (NTT) and Inverse NTT (INTT) are the key algorithms used to speed up polynomial multiplications in post-quantum cryptography (PQC). This brief proposes a cross-bank-write-back (CBWB) memory mapping scheme for memory-based NTT/INTT architecture with conflict-free access patterns. The proposed scheme enables a light-weight memory access patterns for high-radix butterflies. Moreover, it makes the datapath between the memory banks and the butterfly unit straightforward and hardware-friendly. Based on the CBWB scheme, this brief also proposes a solution to adopt a single decimation strategy for both NTT and INTT in PQC accelerators to reduce hardware resources. As a case study, an efficient NTT/INTT architecture has been implemented on the FPGA using the parameters of the PQC algorithm Falcon. Experimental results show that our design achieves better Area-Time Product (ATP) compared to the state-of-the-art designs.","2024-01","2026-04-09 20:16:28","2026-05-03 10:39:00","2026-04-09 20:14:39","400-404","","1","71","","","","","","","","","","","","","","","IEEE Xplore","","","<p>Export Date: 02 May 2026; Cited By: 23</p>; <p>Export Date: 02 May 2026; Cited By: 23; Correspondence Address: H. Xiao; Hefei University of Technology, School of Microelectronics, Hefei, 230601, China; email: xiaohao@hfut.edu.cn</p>","/Users/mac/Zotero/storage/4QK7EYFX/Zhao et al. - 2024 - Design of an Efficient NTTINTT Architecture With Low-Complex Memory Mapping Scheme.pdf","","Post quantum cryptography; post-quantum cryptography; Hardware; Cryptography; Random access storage; Generator; High radix; high-radix algorithm; High-radix algorithm; Mapping; Mapping scheme; Mathematical transformations; Memory architecture; Memory mapping; number theoretic transform; Number-theoretic transforms; Product design; Random access memory; Random number generation; Read-only memory","","","","","","","","","","","","","","","","","","","","","","","","","","","","","","","","","","","","","","","","","","","","","","",""
"2XJMQCWY","conferencePaper","2024","Zhu, Yihong; Zhu, Wenping; Ouyang, Yi; Sun, Junwen; Zhu, Min; Zhao, Qi; Yang, Jinjiang; Chen, Chen; Tao, Qichao; Yang, Guang; Zhang, Aoyang; Wei, Shaojun; Liu, Leibo","16.2 A 28nm 69.4kOPS 4.4μJ/Op Versatile Post-Quantum Crypto-Processor Across Multiple Mathematical Problems","2024 IEEE International Solid-State Circuits Conference (ISSCC)","","2376-8606","10.1109/ISSCC49657.2024.10454332","https://ieeexplore.ieee.org/document/10454332/","The migration towards post-quantum cryptography (PQC) is in progress to secure communications and transactions against the impending quantum threat, while three key-encapsulation mechanisms (KEM) and one digital signature (DS) scheme are being standardized by NIST [1]. This multi-year migration poses serious challenges to PQC implementations for compatibility and performance requirements in various scenarios and settings: 1) Performance limitations caused by diverse computation patterns and relatively higher computation costs. 2) Crypto-agility resulting from different mathematical problems, various security parameters, or even different standardization bodies. 3.) Domain-specific optimization to address the long-term security of the evolving algorithm families. However, most existing PQC accelerators [2, 3, 5] were only customized for specific algorithms based on unique mathematical problems. The latest configurable PQC processor [4] did not support Falcon and Sphincs+, which are being drafted for standardization. To address this issue, a versatile PQC processor fabricated in 28nm is presented with three key features: 1) task-clustering-based architecture for scalable processing with aggressive parallelism; 2) region-based task-path (TP) with dynamic update for agile cryptographic computing; 3) efficient PQC task-operators (TO), including hash/sample, format, floating-point/complex, encoding/decoding operators, for further improvements on throughput and energy-efficiency. Based on these contributions, the proposed chip supports all predominant schemes in NIST’s PQC standardization, while still delivering 44.6% and 10.3% improvements in the throughput and energy-delay product (EDP), respectively, relative to a state-of-the-art design [4].","2024-02","2026-04-09 20:22:43","2026-05-03 09:33:32","2026-04-09 20:22:43","298-300","","","67","","","","","","","","","","","","","","","IEEE Xplore","","ISSN: 2376-8606","<p>Export Date: 02 May 2026; Cited By: 14</p>; <p>Export Date: 02 May 2026; Cited By: 14; Correspondence Address: L. Liu; Tsinghua University, Beijing, China; email: liulb@tsinghua.edu.cn; CODEN: DTPCD</p>; <p>Export Date: 02 May 2026; Cited By: 14; Correspondence Address: L. Liu; Tsinghua University, Beijing, China; email: liulb@tsinghua.edu.cn; CODEN: DTPCD</p>","","","Post quantum cryptography; Quantum cryptography; Digital signature schemes; Post quantum; Digital arithmetic; Standardization; Key encapsulation mechanisms; Public key cryptography; Energy efficiency; Product design; Computation costs; Crypto-processor; Mathematical problems; Performance limitations; Performance requirements; Security parameters","","","","","","","","","","","","","","","","","","","","","","","","","","","","","","","","2024 IEEE International Solid-State Circuits Conference (ISSCC)","","","","","","","","","","","","","","",""
"2LXRCFSG","conferencePaper","2024","Pagliarini, Samuel; Aikata, Aikata; Imran, Malik; Sinha Roy, Sujoy","REPQC: Reverse Engineering and Backdooring Hardware Accelerators for Post-quantum Cryptography","Proceedings of the 19th ACM Asia Conference on Computer and Communications Security","979-8-4007-0482-6","","10.1145/3634737.3657016","https://dl.acm.org/doi/10.1145/3634737.3657016","Significant research efforts have been dedicated to designing cryptographic algorithms that are quantum-resistant. The motivation is clear: robust quantum computers, once available, will render current cryptographic standards vulnerable. Thus, we need new Post-Quantum Cryptography (PQC) algorithms, and, due to the inherent complexity of such algorithms, there is also a demand to accelerate them in hardware. In this paper, we show that PQC hardware accelerators can be backdoored by two different adversaries located in the chip supply chain. We propose REPQC, a sophisticated reverse engineering algorithm that can be employed to confidently identify hashing operations (i.e., Keccak) within the PQC accelerator - the location of which serves as an anchor for finding secret information to be leaked. Armed with REPQC, an adversary proceeds to insert malicious logic in the form of a stealthy Hardware Trojan Horse (HTH). Using Dilithium as a study case, our results demonstrate that HTHs that increase the accelerator's layout density by as little as 0.1% can be inserted without any impact on the performance of the circuit and with a marginal increase in power consumption. An essential aspect is that the entire reverse engineering in REPQC is automated, and so is the HTH insertion that follows it, empowering adversaries to explore multiple HTH designs and identify the most suitable one.","2024-07-01","2026-04-14 14:54:38","2026-05-03 10:21:39","2026-04-14","533–547","","","","","","REPQC","ASIA CCS '24","","","","Association for Computing Machinery","New York, NY, USA","","","","","","ACM Digital Library","","","<p>Export Date: 02 May 2026; Cited By: 2</p>","/Users/mac/Zotero/storage/RYHZSCGY/Pagliarini et al. - 2024 - REPQC Reverse Engineering and Backdooring Hardware Accelerators for Post-quantum Cryptography.pdf","","Hardware security; Post quantum cryptography; Quantum computers; Quantum cryptography; Post-Quantum Cryptography; Computer hardware; 'current; Computational complexity; Cryptographic algorithms; Cryptography algorithms; CryptoGraphics; Hardware accelerators; Quanta computers; Supply chains; Malware; Backdoors; Hardware Accelerators; Hardware Trojan horse; Hardware Trojan Horses; Research efforts; Reverse engineering; Reverse Engineering","","","","","","","","","","","","","","","","","","","","","","","","","","","","","","","","","","","","","","","","","","","","","","",""
"55CXH546","journalArticle","2026","Yan, H.; Wu, L.; Sun, Q.; He, P.","Lattice-Based Cryptographic Accelerators for the Post-Quantum Era: Architectures, Optimizations, and Implementation Challenges","Electronics (Switzerland)","","","10.3390/electronics15020475","https://www.scopus.com/pages/publications/105028658269?origin=resultslist","The imminent threat of large-scale quantum computers to modern public-key cryptographic devices has led to extensive research into post-quantum cryptography (PQC). Lattice-based schemes have proven to be the top candidate among existing PQC schemes due to their strong security guarantees, versatility, and relatively efficient operations. However, the computational cost of lattice-based algorithms—including various arithmetic operations such as Number Theoretic Transform (NTT), polynomial multiplication, and sampling—poses considerable performance challenges in practice. This survey offers a comprehensive review of hardware acceleration for lattice-based cryptographic schemes—specifically both the architectural and implementation details of the standardized algorithms in the category CRYSTALS-Kyber, CRYSTALS-Dilithium, and FALCON (Fast Fourier Lattice-Based Compact Signatures over NTRU). It examines optimization measures at various levels, such as algorithmic optimization, arithmetic unit design, memory hierarchy management, and system integration. The paper compares the various performance measures (throughput, latency, area, and power) of Field-Programmable Gate Array (FPGA) and Application-Specific Integrated Circuit (ASIC) implementations. We also address major issues related to implementation, side-channel resistance, resource constraints within IoT (Internet of Things) devices, and the trade-offs between performance and security. Finally, we point out new research opportunities and existing challenges, with implications for hardware accelerator design in the post-quantum cryptographic environment. © 2026 by the authors.","2026","2026-05-02 10:46:34","2026-05-03 10:00:48","","","","2","15","","","","","","","","","","","","","Scopus","","","","","<p>Export Date: 02 May 2026; Cited By: 0</p>; <p>Export Date: 02 May 2026; Cited By: 0; Correspondence Address: P. He; Department of Computer Science and Computer Information Systems, Auburn University at Montgomery, Montgomery, 36117, United States; email: phe@aum.edu</p>","","","Acceleration; Application specific integrated circuits; Application-specific integrated circuits; ASIC; Channel resistance; Computer hardware; Digital arithmetic; Economic and social effects; Field programmable gate arrays (FPGA); Field programmables; Field-programmable gate array; FPGA; Hardware security; Integrated circuit design; IoT; Lattice theory; Lattice-based; lattice-based algorithm; Lattice-based algorithm; Memory architecture; Number theory; Post quantum cryptography; post-quantum cryptography; Programmable gate array; Public key cryptography; Quantum cryptography; Quantum theory; Qubits; Side channel attack; Side-channel; side-channel resistance; Side-channel resistance","","","","","","","","","","","","","","","","","","","","","","","","","","","","","","","","","","","","","","","","","","","","","","",""
"5P24X27K","journalArticle","2021","Dao, B.-A.; Hoang, T.-T.; Le, A.-T.; Tsukamoto, A.; Suzaki, K.; Pham, C.-K.","Correlation Power Analysis Attack Resisted Cryptographic RISC-V SoC with Random Dynamic Frequency Scaling Countermeasure","IEEE Access","","21693536 (ISSN)","10.1109/ACCESS.2021.3126703","https://www.scopus.com/pages/publications/85119717461?origin=resultslist","Cryptographic System-on-Chips (SoCs) are becoming more and more popular. In these systems, cryptographic accelerators are integrated with processor cores to provide users with the software's flexibility and hardware's high performance. First, this work aimed to confirm the vulnerability of cryptographic SoCs against several types of power analysis attacks. Then, the novel Random Dynamic Frequency Scaling (RDFS) countermeasure is proposed to improve the resistance of such systems. The proposed RDFS countermeasure improved the power analysis resistance while maintaining low-performance overhead and hardware costs by generating more than 219,000 distinct frequencies for driving only the cryptographic accelerators. The effectiveness of the proposed RDFS countermeasure is demonstrated by conducting realistic Correlation Power Analysis (CPA) attacks, Deep-Learning-based Side-Channel Analysis (DL-SCA) attacks, and Test Vector Leakage Assessment (TVLA) testing methodology. The experimental results show that the RISC-V SoC protected by RDFS countermeasure can withstand CPA attacks and TVLA test with more than five million power traces, which is the best result compared to other related works. The proposed RDFS countermeasure also harden the targeted RISC-V SoC's resistance against DL-SCA attacks.  © 2013 IEEE.","2021","2026-05-02 11:42:34","2026-05-02 11:42:34","","151993-152014","","","9","","IEEE Access","","","","","","Institute of Electrical and Electronics Engineers Inc.","","English","","","Scopus","","","","","<p>Export Date: 02 May 2026; Cited By: 23; Correspondence Address: B.-A. Dao; Department of Computer and Network Engineering, The University of Electro-Communications (UEC), Chofu, Tokyo, Japan; email: daobaanh@vlsilab.ee.uec.ac.jp</p>","","","Side channel attack; Side-channel attacks; Cryptographic systems; System-on-chip; Systems-on-Chip; RISC-V; Deep learning; Countermeasure; Correlation power analyse attack; correlation power analysis attacks; countermeasure; Cryptographic accelerators; Deep learning based side-channel attack; deep learning based side-channel attacks; Dynamic frequency scaling; Random dynamics","","","","","","","","","","","","","","","","","","","","","","","","","","","","","","","","","","","","","","","","","","","","","","",""
"LD49RGXF","journalArticle","2024","Khalid, A.; Kundi, D.","Post-quantum cryptographic accelerators","Handbook of Computer Architecture","","978-981979314-3 (ISBN); 978-981979313-6 (ISBN)","10.1007/978-981-97-9314-3_8","https://www.scopus.com/pages/publications/105004247626?origin=resultslist","The impending realization of scalable Quantum computers has led to active research in Post-Quantum Cryptography. Amongst various classes of Quantumresistant cryptographic schemes, Lattice-based cryptography is emerging as one of the most viable replacements; five out of seven 3rd round finalists in the NIST Post-Quantum Cryptography competition are Lattice-based in their construction. This chapter surveys the practicality of deployment of some of these schemes as coprocessors for high-speed applications. The study of PostQuantum Cryptography schemes as coprocessors on custom hardware platforms is imperative since they are much more computationally intensive, compared to their classical counterparts used today. Additionally they generally have much larger key sizes, requiring higher storage budgets as well. In this context the performance requirements of a cryptosystem, area, power and memory footprints, are bench-marked, along with side channel attack resistance (if provided). This chapter discusses Lattice-based cryptosystems implemented on configurable hardware (primarily Field Programmable Gate Arrays (FPGAs) and some Application-Specific ICs results), embedded processors for light-weight IoT end-node devices, Application-Specific Instruction Set Processors (ASIPs) and a few hardware software coprocessing designs. Most of these reported results are manually optimised with a few high level synthesis optimisations. The chapter concludes by identifying some research gaps and an outlook for the future. © Springer Nature Singapore Pte Ltd. 2025. All rights reserved.","2024","2026-05-02 11:42:34","2026-05-02 11:42:34","","237-275","","","1","","Handb. of Comput. Archit.","","","","","","Springer Nature","","English","","","Scopus","","","","","<p>Export Date: 02 May 2026; Cited By: 0; Correspondence Address: A. Khalid; Centre for Secure Information Technologies (CSIT), Queen's University Belfast, Belfast, United Kingdom; email: a.khalid@qub.ac.uk</p>","","","Post quantum cryptography; Post-quantum cryptography; Hardware acceleration; Lattice-based cryptography; Key encapsulation mechanisms; Quantum optics; Qubits; Application specific integrated circuits; Learning with Errors; Program compilers; Key encapsulation mechanism; Learning with error; Budget control; Post-Quantum Cryptography (PQC); Quantum channel; Crypto coprocessor; Cryptosystem; Key Encapsulation Mechanisms (KEM); Lattice-based cryptography (LBC); Learning With Errors (LWE); Module-learning with error; Module-LWE; Ring-learning with error; Ring-LWE","","","","","","","","","","","","","","","","","","","","","","","","","","","","","","","","","","","","","","","","","","","","","","",""
"RRDWXX4I","conferencePaper","2023","Eichler, G.; Seyoum, B.; Chiu, K.-L.; Carloni, L.P.","MindCrypt: The Brain as a Random Number Generator for SoC-Based Brain-Computer Interfaces","Proc IEEE Int Conf Comput Des VLSI Comput Process","10636404 (ISSN); 979-835034291-8 (ISBN)","","10.1109/ICCD58817.2023.00021","https://www.scopus.com/pages/publications/85182322820?origin=resultslist","True random number generation on resource-constrained devices is challenging due to inherent hardware limitations; these limitations affect the ability to find a reliable source of randomness with high throughput and sufficient entropy. As recent developments in the field of Brain-Computer Interfaces (BCI) suggest a wide range of future applications that require random numbers, we investigate the usability of electrocorticography-based neural data as seeds for random number generation. We develop algorithms that generate random bits from brain data and evaluate the quality of randomness by using the NIST SP 800-22 test suite. We implement the algorithms as hardware random bit generators (RBGs). Then, we integrate these implementations as hardware accelerators in MindCrypt, a heterogeneous System-on-Chip (SoC) that is equipped with a host processor to run BCI applications. In MindCrypt, applications use our RBG accelerators as random number generators (RNGs) and prime number generators. FPGA prototypes of MindCrypt running software applications on a RISC-V processor that invoke our accelerators show improvements of 376x in throughput and 4885x in energy efficiency compared to using state-of-the-art Linux-based RNGs. By transferring random bits with point-to-point (P2P) communication between the RBG accelerators and cryptographic accelerators, we gain 6.1x in performance and 12.4x in energy efficiency compared to direct memory access (DMA). Finally, we explore the efficacy of a partially reconfigurable FPGA implementation of MindCrypt that dynamically optimizes the throughput of random number generation in a resource-constrained BCI SoC. © 2023 IEEE.","2023","2026-05-02 11:42:34","2026-05-02 11:42:34","","70-77","","","","","","","","","","","Institute of Electrical and Electronics Engineers Inc.","","English","","","Scopus","","","","Journal Abbreviation: Proc IEEE Int Conf Comput Des VLSI Comput Process","<p>Export Date: 02 May 2026; Cited By: 4; Correspondence Address: G. Eichler; Columbia University, Dept. of Computer Science, New York, United States; email: guyeichler@cs.columbia.edu; CODEN: PIIPE</p>","","","Field programmable gate arrays (FPGA); FPGA; Computer hardware; Energy efficiency; Number theory; Random number generation; System-on-chip; Application programs; Programmable logic controllers; Systems-on-Chip; RISC-V; HLS; Computer operating systems; Constrained optimization; BCI; Chip based; DPR; P2P; Random bit generators; Random bits; Random number generators; Random processes; Random-number generation; SoC","","","","","","","","","","","","","","","","","","","","","","","","","","","","","","","","Proceedings - IEEE International Conference on Computer Design: VLSI in Computers and Processors","","","","","","","","","","","","","","",""
"ALMFNEFX","conferencePaper","2018","Barenghi, A.; Madaschi, M.; Mainardi, N.; Pelosi, G.","OpenCL HLS based design of FPGA accelerators for cryptographic primitives","Proc. - Int. Conf. High Perform. Comput. Simul., HPCS","978-153867878-7 (ISBN)","","10.1109/HPCS.2018.00105","https://www.scopus.com/pages/publications/85057395244?origin=resultslist","Modern data centers are being transformed to meet the increased processing needs of specialized workloads with an advantageous total cost of ownership. To this end, the modular design of current microservers allows the inclusion of heterogeneous computing platforms and accelerators to enhance the performance of specific workloads, while improving the power consumption and maintenance costs of the whole system. One of the fundamental application domains for datacenters is represented by bulk data encryption and decryption, as it has to be performed on the data being stored as well as on data being transmitted or received. In this paper we investigate the OpenCL programming practices to realize high-performance FPGA accelerators, thus providing a viable and more versatile alternative to the use of ad-hoc cryptographic accelerators, which are currently available in high-end server CPUs only. We validate our analysis employing AES-128 as our case study, and report energy efficiency improvements of 22.78× with respect to pure software implementations of ISO standard block ciphers. © 2018 IEEE.","2018","2026-05-02 11:42:34","2026-05-02 11:42:34","","634-641","","","","","","","","","","","Institute of Electrical and Electronics Engineers Inc.","","English","","","Scopus","","","","Journal Abbreviation: Proc. - Int. Conf. High Perform. Comput. Simul., HPCS","<p>Export Date: 02 May 2026; Cited By: 5</p>","","","Hardware security; Field programmable gate arrays (FPGA); FPGA; Integrated circuit design; Costs; Cryptography; Energy efficiency; ISO Standards; Program processors; Software implementation; High level synthesis; Green computing; OpenCL; Cryptographic primitives; Cryptographic implementation; Cryptographic accelerators; Computer programming; Electronic system level; Electronic System-level Synthesis; Energy efficiency improvements; High Level Synthesis; High-Throughput Cryptographic Implementations; Programming practices; System theory; Systems analysis","","Zine-Dine K.; Smari W.W.","","","","","","","","","","","","","","","","","","","","","","","","","","","","","","Proceedings - 2018 International Conference on High Performance Computing and Simulation, HPCS 2018","","","","","","","","","","","","","","",""
"4KJQDEEJ","journalArticle","2025","Birla, S.; Singh, N.; Jeevani, G.S.N.; Kumawat, R.; Srinivasulu, A.","Unified Multimodal 64-Bit Arithmetic Logic Unit for High-Performance Computing Architectures","Journal of VLSI Circuits and Systems","","25821458 (ISSN)","10.31838/jvcs/07.02.01","https://www.scopus.com/pages/publications/105030487619?origin=resultslist","An arithmetic logic unit (ALU) is the core component for any processing unit to perform arithmetical and logical operations for modern computing. The design for ALUs for specific tasks, including integer and floating-point arithmetic, logical operations, data movement, and control functions, influences the CPU architecture and digital system design. This work presents a unified ALU implemented in Verilog hardware description language (HDL), capable of performing arithmetic and logic operations across diverse numerical representations. The ALU is engineered to integrate logic unit, signed arithmetic processor, unsigned arithmetic processor, and floating-point arithmetic processor. The selection of operation is governed by select line signals to facilitate versatile user-driven functionality at the hardware level. To enhance the computational efficiency for handling multiplication of 64-bit signed and unsigned operands which generates a 128-bit result, the proposed ALU architecture employs parallelism by processing the most significant and least significant bits simultaneously. A flexible mechanism for selective output enables the user to extract the desired segment of the result. By consolidating floating-point and fixed-point computations within a single ALU instance, the proposed architecture reduces the silicon area with reduced power dissipation and computational latency while streamlining routing complexities. This multimodal ALU design with high throughput is particularly suited for deployment in heterogeneous computing environments such as general-purpose processors, cryptographic accelerators, and machine intelligence hardware, where the rapid processing of heterogeneous data types is essential for workload optimization and energy-efficient system operation. © 2025, Society for Communication and Computer Technologies. All rights reserved.","2025","2026-05-02 11:42:34","2026-05-02 11:42:34","","1-8","","2","7","","J. VLSI Circuits Syst.","","","","","","Society for Communication and Computer Technologies","","English","","","Scopus","","","","","<p>Export Date: 02 May 2026; Cited By: 0; Correspondence Address: N. Singh; Department of Electronics and Communication Engineering, Manipal University Jaipur, Jaipur, Rajasthan, India; email: neha.singh@jaipur.manipal.edu</p>","","","Floating-point arithmetic; Parallel processing; Cryptographic computations; Fixed-point arithmetic; Machine learning hardware; Unified ALU","","","","","","","","","","","","","","","","","","","","","","","","","","","","","","","","","","","","","","","","","","","","","","",""
"G9F48VC9","journalArticle","2020","","18th International Conference on Smart Card Research and Advanced Applications, CARDIS 2019","Lecture Notes in Computer Science (including subseries Lecture Notes in Artificial Intelligence and Lecture Notes in Bioinformatics)","","03029743 (ISSN); 978-303042067-3 (ISBN)","","https://www.scopus.com/pages/publications/85082327424?origin=resultslist","The proceedings contain 15 papers. The special focus in this conference is on Smart Card Research and Advanced Applications. The topics include: Design considerations for EM pulse fault injection; Lightweight MACs from universal hash functions; FELICS-AEAD: Benchmarking of lightweight authenticated encryption algorithms; a comparison of χ2-test and mutual information as distinguisher for side-channel analysis; key enumeration from the adversarial viewpoint: When to stop measuring and start enumerating?; optimized threshold implementations: Minimizing the latency of secure cryptographic accelerators; Breaking the lightweight secure PUF: Understanding the relation of input transformations and machine learning resistance; improving speed of dilithium’s signing procedure; An efficient and provable masked implementation of qTESLA; side-channel attacks on blinded scalar multiplications revisited; remote side-channel attacks on heterogeneous SoC; optimal collision side-channel attacks; a bit-level approach to side channel based disassembling.","2020","2026-05-02 11:42:34","2026-05-02 11:42:34","","","","","11833 LNCS","","Lect. Notes Comput. Sci.","","","","","","Springer","","English","","","Scopus","","","","","<p>Export Date: 02 May 2026; Cited By: 0</p>","","","","","Belaïd S.; Güneysu T.","","","","","","","","","","","","","","","","","","","","","","","","","","","","","","","","","","","","","","","","","","","","",""
"C5KYC9P2","journalArticle","2018","Hu, X.; Ma, S.; Li, Y.","Efficient Security Processor for Mobile Applications","Journal of Signal Processing Systems","","19398018 (ISSN)","10.1007/s11265-018-1340-4","https://www.scopus.com/pages/publications/85045134208?origin=resultslist","Optimized cryptographics are needed given the tremendous growth of social networks in recent years. The functionality and security of these applications rely on the capability of cryptographic accelerators in providing adequate performance with less energy consumption while maintaining flexibility. A programmable cryptographic processor prototype that supports Advanced Encryption Standard (AES) and elliptic curve (EC) ciphering is presented in this paper. We perform optimizations on both software and hardware sides. On the software side, we optimize the software implementation of ECC in consideration of algorithm complexity. On the hardware side, we develop the dedicated micro-architecture for applications according to specific instructions. The proposed processor is implemented by using commercial ESL tool. Compared to state of art, our custom processor improves processing speed for AES and ECC by up to 58.6% and 41.6%, respectively. The code size is reduced by up to 48.7% for AES and 44.5% for ECC. Therefore, this compact implementation is suitable for battery based mobile device. © 2018, Springer Science+Business Media, LLC, part of Springer Nature.","2018","2026-05-02 11:42:34","2026-05-02 11:42:34","","1235-1244","","8-9","90","","J. Signal Process Syst.","","","","","","Springer New York LLC","","English","","","Scopus","","","","","<p>Export Date: 02 May 2026; Cited By: 0; Correspondence Address: S. Ma; Institute of Marine Science and Technology(IMST), Department of Control Science and Engineering, Shandong University, Jinan, China; email: masile@sdu.edu.cn</p>","","","Hardware security; Field programmable gate arrays (FPGA); Energy utilization; Hardware; Geometry; Cryptography; Computational complexity; Computer architecture; Data privacy; Software implementation; Mobile devices; Software and hardwares; Crytography; Cryptographic accelerators; Advanced Encryption Standard; Advanced Encryption Standard (AES); Algorithm complexity; Application Specific Instruction Processor (ASIP); Application specific instruction processors; Cryptographic processors; Elliptic Curve Crytography (ECC); Field Programmable Gate Array (FPGA)","","","","","","","","","","","","","","","","","","","","","","","","","","","","","","","","","","","","","","","","","","","","","","",""
"S2YHI3S5","conferencePaper","2024","Guan, Z.; Zhu, Y.; Huang, Y.; Lei, L.; Wang, X.; Jia, H.; Chen, Y.; Zhang, B.; Dong, J.; Bian, S.","ESC-NTT: An Elastic, Seamless and Compact Architecture for Multi-Parameter NTT Acceleration","Proc. Des. Autom. Test Eur. DATE","15301591 (ISSN); 979-835034859-0 (ISBN)","","","https://www.scopus.com/pages/publications/85196537598?origin=resultslist","Fully homomorphic encryption (FHE) and post-quantum cryptography (PQC) heavily rely on number theoretic transform (NTT) to accelerate polynomial multiplication, However, most existing NTT accelerators lack flexibility when the underlying modulus and polynomial lengths change. Current designs often store twiddle factors in on-chip storage, facing a noticeable drawback when frequent parameter changes occur, leading to a potential 50% decrease in computation speed due to the input bandwidth limitations. To address this challenge, we propose ESC-NTT, a fully-pipelined and flexible architecture for handling NTTs with varying parameters. ESC-NTT, a complete custom architecture, continuously performs N-point (inverse) NTT, negacyclic NTT (NCN), and inverse NCN (INCN) without introducing bubbles during modulus and NTT length switches. Additionally, we introduce a twiddle factor generator (TFG) module to replace on-chip factor storage and save 68.7% twiddle factors' bandwidth compared to inputting every factor. In the experiment, ESC-NTT is implemented on a Xilinx Alveo U280 FPGA and synthesized in a 28 nm CMOS technology. In the case of frequent modulus switching and same on-chip storage, the calculation speed of ESC-NTT is 1.05× to 241.39× that of existing FHE accelerators when performing 4096-point NTT. © 2024 EDAA.","2024","2026-05-02 11:42:34","2026-05-02 11:42:34","","","","","","","","","","","","","Institute of Electrical and Electronics Engineers Inc.","","English","","","Scopus","","","","Journal Abbreviation: Proc. Des. Autom. Test Eur. DATE","<p>Export Date: 02 May 2026; Cited By: 7; Correspondence Address: S. Bian; School Of Cyber Science And Technology, Beihang University, Beijing, China; email: sbian@buaa.edu.cn; J. Dong; The Beijing Academy Of Blockchain And Edge Computing, Beijing, China; email: dongjin@baec.org.cn</p>","","","Quantum cryptography; Compact architecture; Number-theoretic transforms; Number theoretic transform; Bandwidth; Fully homomorphic encryption; Twiddle factor; number theoretic transform (NTT); Cryptographic accelerators; cryptographic accelerator; Fully homomorphic encryption (FHE); Multiparameters; On-chip storage; Parameter numbers","","","","","","","","","","","","","","","","","","","","","","","","","","","","","","","","Proceedings -Design, Automation and Test in Europe, DATE","","","","","","","","","","","","","","",""
"B3L35SA2","conferencePaper","2017","Gürkaynak, F.K.; Schilling, R.; Muehlberghuber, M.; Conti, F.; Mangard, S.; Benini, L.","Multi-core data analytics SoC with a flexible 1.76 Gbit/s AES-XTS cryptographic accelerator in 65 nm CMOS","ACM Int. Conf. Proc. Ser.","978-145034869-0 (ISBN)","","10.1145/3031836.3031840","https://www.scopus.com/pages/publications/85015250306?origin=resultslist","Embedded systems for Internet-of-Things applications present new challenges to system design. From a hardware design perspective, energy efficiency is paramount, as most of devices have a limited power supply due to size considerations. Transmitting data away from the node remains a very power hungry operation, and the only viable solution to this problem is to reduce the amount of data by performing pre-processing which again requires additional computational power. Hence modern embedded devices need to strike a fine balance between the power needed for acquisition/processing and communication. In many scenarios, small IoT devices will be deployed widely making them vulnerable to malicious attacks. Thus, for practical applications, these devices also need to fit the necessary resources to provide adequate security services. We present a cryptographic hardware accelerator capable of supporting multiple encryption and decryption modes for different cryptographic algorithms (AES, Keccak) in an energy efficient multi-core cluster optimized for embedded digital signal processing applications implemented in 65 nm CMOS technology. We show that it is possible to have the necessary computation power to perform cryptographic services in addition to state of the art processing in a power budget that is compatible with IoT devices in a mature 65 nm CMOS technology. When running at 0.8 V the SoC with the cryptographic accelerator can be clocked at 84 MHz running AES-XTS at more than 250 Mbits/s consuming a total of 27 mW, which is a 100 x gain in energy and 496 x gain in operation speed over an optimized software implementation running on a single 32 bit OpenRISC core. © 2017 ACM.","2017","2026-05-02 11:42:34","2026-05-02 11:42:34","","19-24","","","","","","","","","","","Association for Computing Machinery","","English","","","Scopus","","","","Journal Abbreviation: ACM Int. Conf. Proc. Ser.","<p>Export Date: 02 May 2026; Cited By: 3</p>","","","Network security; Integrated circuit design; Hardware; Cryptography; Embedded systems; Energy efficiency; Cryptographic algorithms; Internet of things; Signal processing; System-on-chip; Software implementation; Budget control; Cryptographic hardware; CMOS integrated circuits; Digital signal processing; Encryption and decryption; Cryptographic accelerators; 65 nm CMOS technologies; AES; Hardware cryptographies; Hardware cryptography; VLSI design","","","","","","","","","","","","","","","","","","","","","","","","","","","","","","","","ACM International Conference Proceeding Series","","","","","","","","","","","","","","",""
"GKSKXJCJ","journalArticle","2024","","Proceedings - 2024 27th Euromicro Conference on Digital System Design, DSD 2024","Proceedings - 2024 27th Euromicro Conference on Digital System Design, DSD 2024","","979-835038038-5 (ISBN)","","https://www.scopus.com/pages/publications/85211943385?origin=resultslist","The proceedings contain 79 papers. The topics discussed include: how primitive but how effective: fault-injection attack on cryptographic accelerator of microchip CEC 1702 microcontroller; hardware-level access control and scheduling of shared hardware accelerators; leveraging reusable code and proofs to design complex DRAM controllers – a case study; PRIV-DRIVE: privacy-ensured federated learning using homomorphic encryption for driver fatigue detection; exploring fault injection attacks on CVA6 PMP configuration flow; design and evaluation of combined hardware FIA and SCA countermeasures for AES cipher; an HLS algorithm for the direct synthesis of complex control flow graphs into finite state machines with implicit datapath; investigation of commercial off-the-shelf ReRAM modules for use as runtime-accessible TRNG; and FlexCross: high-speed and flexible packet processing via a crosspoint-queued crossbar.","2024","2026-05-02 11:42:34","2026-05-02 11:42:34","","","","","","","Proc. - Euromicro Conf. Digit. Syst. Des., DSD","","","","","","Institute of Electrical and Electronics Engineers Inc.","","English","","","Scopus","","","","","<p>Export Date: 02 May 2026; Cited By: 0</p>","","","","","Kryjak T.; Petrot F.","","","","","","","","","","","","","","","","","","","","","","","","","","","","","","","","","","","","","","","","","","","","",""
"EDN4U6FR","journalArticle","2025","Jayasena, A.; Bachmann, R.; Mishra, P.","CISELEAKS: Information Leakage Assessment of Cryptographic Instruction Set Extension Prototypes","IEEE Transactions on Information Forensics and Security","","15566013 (ISSN)","10.1109/TIFS.2025.3531239","https://www.scopus.com/pages/publications/85215419204?origin=resultslist","Software based cryptographic implementations provide flexibility but they face performance limitations. In contrast, hardware based cryptographic accelerators utilize application-specific customization to provide real-time security solutions. Cryptographic instruction-set extensions (CISE) combine the advantages of both hardware and software based solutions to provide higher performance combined with the flexibility of atomic-level cryptographic operations. While CISE is widely used to develop security solutions, side-channel analysis of CISE-based devices is in its infancy. Specifically, it is important to evaluate whether the power usage and electromagnetic emissions of CISE-based devices have any correlation with its internal operations, which an adversary can exploit to deduce cryptographic secrets. In this paper, we propose a test vector leakage assessment framework to evaluate the pre-silicon prototypes at the early stages of the design life-cycle. Specifically, we first identify functional units with the potential for leaking information through power side-channel signatures and then evaluate them on system prototypes by generating the necessary firmware to maximize the side-channel signature. Our experimental results on two RISC-V based cryptographic extensions, RISCV-CRYPTO and XCRYPTO, demonstrated that seven out of eight prototype AES- and SHA-related functional units are vulnerable to leaking cryptographic secrets through their power side-channel signature even in full system mode with a statistical significance of α = 0.05. © 2025 IEEE. All rights reserved,","2025","2026-05-02 11:42:34","2026-05-02 11:42:34","","1551-1565","","","20","","IEEE Trans. Inf. Forensics Secur.","","","","","","Institute of Electrical and Electronics Engineers Inc.","","English","","","Scopus","","","","","<p>Export Date: 02 May 2026; Cited By: 1; Correspondence Address: A. Jayasena; The Department of Computer and Information Science and Engineering, University of Florida, Gainesville, 32611, United States; email: arunajayasena@ufl.edu</p>","","","Authentication; Hardware security; Side channel attack; Instruction set extension; Side-channel; Application specific integrated circuits; CryptoGraphics; Information leakage; Firmware; Performance limitations; Security solutions; side-channel analysis; Cryptographic implementation; Cryptographic accelerators; cryptographic hardware; Functional units; information leakage assessment; instruction-set extension; Leakage assessment","","","","","","","","","","","","","","","","","","","","","","","","","","","","","","","","","","","","","","","","","","","","","","",""
"7YX2M6G2","journalArticle","2023","Dong, J.; Zhang, P.; Sun, K.; Xiao, F.; Zheng, F.; Lin, J.","EG-Fourℚ: An Embedded GPU-Based Efficient ECC Cryptography Accelerator for Edge Computing","IEEE Transactions on Industrial Informatics","","15513203 (ISSN)","10.1109/TII.2022.3205355","https://www.scopus.com/pages/publications/85137921542?origin=resultslist","With the continuous development of Industry 4.0 technology, the embedded devices in Industrial Internet of Things (IIoT) are showing explosive growth, and large-scale cyber attacks or related security incidents continue to sound the alarm bell of information security. IIoT has strict requirements on computing performance and energy consumption, which poses severe challenges to cryptographic algorithms, especially public key cryptographic algorithms with high computational complexity. Embedded graphic processing unit (GPU) devices, always as edge computing nodes or AI accelerators, are widely deployed in IIoT applications. In this article, we propose an embedded GPU-based Four Q (EG-Four Q) elliptic curve public key cryptographic acceleration scheme. As far as we know, EG-Four Q is the first work to completely implement Four Q on the GPU platforms, including finite field operations, point arithmetic, and scalar multiplication. Relying only on 36-W power consumption, our scalar multiplication performance reaches 1717 kops/s with the latency of 2.38 ms. In terms of the energy-efficiency ratio, EG-Four Q has significant advantages over other platforms such as advanced RISC machines (ARM) CPU, Intel CPU, field programmable gate array (FPGA), and desktop GPUs. The throughput of EG-Four Q is 1.75 times that of the fastest elliptic curve cryptography implementation based on the same platform and even exceeds the performance of Intel top server CPU E5-2699v3 (18-core). Based on the embedded GPU Xavier, EG-Four Q can act as a cryptographic edge computing module or even a cloud cryptographic accelerator, providing more efficient elliptic curve cryptographic services for IIoT.  © 2005-2012 IEEE.","2023","2026-05-02 11:42:34","2026-05-02 11:42:34","","7291-7300","","6","19","","IEEE Trans. Ind. Inf.","","","","","","IEEE Computer Society","","English","","","Scopus","","","","","<p>Export Date: 02 May 2026; Cited By: 8; Correspondence Address: F. Xiao; Nanjing University of Posts and Telecommunications, School of Computer Science, Nanjing, 210023, China; email: xiaof@njupt.edu.cn</p>","","","Network security; Energy utilization; Public key cryptography; Geometry; Energy efficiency; Internet of things; Cybersecurity; Computing power; CryptoGraphics; Program processors; Performances evaluation; Computer graphics equipment; Graphics processing unit; Computer graphics; Elliptic curve cryptography; Green computing; edge computing; Edge computing; Industrial internet of thing; Industry 4.0; Elliptic curve; Arithmetic; Cryptographic engineering; Curve cryptography; ECC; elliptic curve cryptography (ECC); embedded GPU; Embedded GPU","","","","","","","","","","","","","","","","","","","","","","","","","","","","","","","","","","","","","","","","","","","","","","",""
"BHB6AQP4","conferencePaper","2022","Verma, A.; Srivastava, S.; Shah, A.P.","Aging Resilient and Energy Efficient Ring Oscillator for PUF Design","Commun. Comput. Info. Sci.","18650929 (ISSN); 978-303121513-1 (ISBN)","","10.1007/978-3-031-21514-8_18","https://www.scopus.com/pages/publications/85145009557?origin=resultslist","Hardware-based security primitives play an important role in protecting and securing a system in Internet of Things (loT) applications. The most important primitives are Physical Unclonable Functions (PUFs) and True Random Number Generators (TRNGs), Cryptographic Accelerators etc. Out of them, Physically Unclonable Functions (PUFs) have come out to be most popular low-cost security primitives for authentication and cryptographic key generation. However, the PUF’s stability with respect to variations over time still limits its usefulness and widespread acceptance. One of the main problems limiting the performance of PUFs is their aging over time. Previous literatures focused towards improving PUF robustness against aging but the power budget of the ring oscillator used in the design of these PUFs limits their usage for low power applications, keeping this concern in mind a low power variant of RO PUF is much needed. Hence in this paper, we propose a new energy efficient and aging resilient inverter and RO based on aging resilient inverter design. The proposed inverter is 22.57% less power consuming and 16% faster than the conventional Aging Resilient inverter while showing nearly same aging characteristics. Also the Ring Oscillator designed from the proposed inverter shows nearly 1.5% higher frequency than the conventional Aging resilient Ring oscillator for same number of inverter stages. © 2022, The Author(s), under exclusive license to Springer Nature Switzerland AG.","2022","2026-05-02 11:42:34","2026-05-02 11:42:34","","199-211","","","1687 CCIS","","","","","","","","Springer Science and Business Media Deutschland GmbH","","English","","","Scopus","","","","Journal Abbreviation: Commun. Comput. Info. Sci.","<p>Export Date: 02 May 2026; Cited By: 2; Correspondence Address: A.P. Shah; IC-ResQ Laboratory, Department of Electrical Engineering, Indian Institute of Technology Jammu, Jammu, Jammu and Kashmir, 181221, India; email: ambika.shah@iitjammu.ac.in</p>","","","Hardware security; Energy efficiency; Number theory; Random number generation; Energy efficient; Budget control; Cryptographic accelerators; Random number generators; Electric inverters; Function designs; Inverte; Inverter; Low-costs; NBTI; Physically Unclonable Function(PUF); Physically unclonable functions; Ring oscillator; Ring Oscillator(RO); Security primitives; True randoms","","Shah A.P.; Dasgupta S.; Darji A.; Tudu J.","","","","","","","","","","","","","","","","","","","","","","","","","","","","","","Communications in Computer and Information Science","","","","","","","","","","","","","","",""
"PQPRH5EV","conferencePaper","2024","Karanjai, R.; Shin, S.; Xiong, W.; Fan, X.; Chen, L.; Zhang, T.; Suh, T.; Shi, W.; Kuchta, V.; Sica, F.; Xu, L.","TPU as Cryptographic Accelerator","ACM Int. Conf. Proc. Ser.","979-840071221-0 (ISBN)","","10.1145/3696843.3696844","https://www.scopus.com/pages/publications/85212587002?origin=resultslist","Cryptographic schemes like Fully Homomorphic Encryption (FHE) and Zero-Knowledge Proofs (ZKPs), while offering powerful privacy-preserving capabilities, are often hindered by their computational complexity. Polynomial multiplication, a core operation in these schemes, is a major performance bottleneck. While algorithmic advancements and specialized hardware like GPUs and FPGAs have shown promise in accelerating these computations, the recent surge in AI accelerators (TPUs/NPUs) presents a new opportunity. This paper explores the potential of leveraging TPUs/NPUs to accelerate polynomial multiplication, thereby enhancing the performance of FHE and ZKP schemes. We present techniques to adapt polynomial multiplication to these AI-centric architectures and provide a preliminary evaluation of their effectiveness. We also discuss current limitations and outline future directions for further performance improvements, paving the way for wider adoption of advanced cryptographic tools. © 2024 Copyright held by the owner/author(s).","2024","2026-05-02 11:42:34","2026-05-02 11:42:34","","37-44","","","","","","","","","","","Association for Computing Machinery","","English","","","Scopus","","","","Journal Abbreviation: ACM Int. Conf. Proc. Ser.","<p>Export Date: 02 May 2026; Cited By: 0; Correspondence Address: R. Karanjai; University of Houston, Houston, United States; email: rkaranja@cougarnet.uh.edu</p>","","","Performance; Computational complexity; Polynomial multiplication; Privacy preserving; Performance bottlenecks; Privacy-preserving techniques; Polynomial approximation; Differential privacy; Fully homomorphic encryption; Cryptographic schemes; Cryptographic accelerators; Algorithmics; Specialized hardware; Zero-knowledge proofs","","","","","","","","","","","","","","","","","","","","","","","","","","","","","","","","ACM International Conference Proceeding Series","","","","","","","","","","","","","","",""
"K87P3CH5","conferencePaper","2024","Antón, A.L.D.; Müller, J.; Deutschmann, L.; Fadiheh, M.R.; Stoffel, D.; Kunz, W.","A Golden-Free Formal Method for Trojan Detection in Non-Interfering Accelerators","Proc. Des. Autom. Test Eur. DATE","15301591 (ISSN); 979-835034859-0 (ISBN)","","","https://www.scopus.com/pages/publications/85196560594?origin=resultslist","The threat of hardware Trojans (HTs) in security-critical IPs like cryptographic accelerators poses severe security risks. The HT detection methods available today mostly rely on golden models and detailed circuit specifications. Often they are specific to certain HT payload types, making pre-silicon verification difficult and leading to security gaps. We propose a novel formal verification method for HT detection in non-interfering accelerators at the Register Transfer Level (RTL), employing standard formal property checking. Our method guarantees the exhaustive detection of any sequential HT independently of its payload behavior, including physical side channels. It does not require a golden model or a functional specification of the design. The experimental results demonstrate efficient and effective detection of all sequential HTs in accelerators available on Trust-Hub, including those with complex triggers and payloads. © 2024 EDAA.","2024","2026-05-02 11:42:34","2026-05-02 11:42:34","","","","","","","","","","","","","Institute of Electrical and Electronics Engineers Inc.","","English","","","Scopus","","","","Journal Abbreviation: Proc. Des. Autom. Test Eur. DATE","<p>Export Date: 02 May 2026; Cited By: 2; Correspondence Address: A.L.D. Antón; University Of Kaiserslautern-Landau, Kaiserslautern, Germany; email: anna.duqueanton@rptu.de; J. Müller; University Of Kaiserslautern-Landau, Kaiserslautern, Germany; email: johannes.mueller@rptu.de; L. Deutschmann; University Of Kaiserslautern-Landau, Kaiserslautern, Germany; email: lucas.deutschmann@rptu.de; D. Stoffel; University Of Kaiserslautern-Landau, Kaiserslautern, Germany; email: dominik.stoffel@rptu.de; W. Kunz; University Of Kaiserslautern-Landau, Kaiserslautern, Germany; email: wolfgang.kunz@rptu.de</p>","","","Hardware security; Register-transfer level; Detection methods; Formal verification; Cryptographic accelerators; Circuit specifications; Formal Verification; Formal verification methods; Hardware Security; Hardware Trojan detection; Hardware Trojans; Security gap; Security risks; Security-critical; Trojan detections","","","","","","","","","","","","","","","","","","","","","","","","","","","","","","","","Proceedings -Design, Automation and Test in Europe, DATE","","","","","","","","","","","","","","",""
"3W6AVQ9L","journalArticle","2022","Božilov, D.; Knežević, M.; Nikov, V.","Optimized threshold implementations: securing cryptographic accelerators for low-energy and low-latency applications","Journal of Cryptographic Engineering","","21908508 (ISSN)","10.1007/s13389-021-00276-5","https://www.scopus.com/pages/publications/85119850563?origin=resultslist","Threshold implementations have emerged as one of the most popular masking countermeasures for hardware implementations of cryptographic primitives. In this work, we provide three TI optimization techniques: First, a generic construction for d+ 1 TI sharing achieves the minimal number of output shares for any n-input Boolean function of degree t= n- 1 and for any d. Next, we present a methodology for finding minimal number of output shares in d+ 1 TI when t< n- 1. Third, a heuristic for minimizing the number of output shares for higher-order td+ 1 TI for any n, any t and d≤ 2 is proposed. In addition, we describe an optimization for the secure AES schedule which achieves maximum throughput for a serial implementation. Then, we demonstrate the applicability of our results on d+ 1 and td+ 1 TI versions, for first- and second-order secure, low-latency and low-energy implementations of the PRINCE block cipher. We show the fastest and the most energy efficient known TI-protected implementations of PRINCE. © 2021, The Author(s), under exclusive licence to Springer-Verlag GmbH Germany, part of Springer Nature.","2022","2026-05-02 11:42:35","2026-05-02 11:42:35","","15-51","","1","12","","J. Cryptographic Eng.","","","","","","Springer Science and Business Media Deutschland GmbH","","English","","","Scopus","","","","","<p>Export Date: 02 May 2026; Cited By: 10; Correspondence Address: D. Božilov; imec-COSIC, KU Leuven, Leuven, Belgium; email: dusan.bozilov@esat.kuleuven.be</p>","","","Hardware implementations; Cryptography; Optimization; Energy efficiency; Low latency; Masking countermeasure; Masking; Boolean functions; Cryptographic accelerators; AES; Lower energies; PRINCE; SCA; Threshold implementation; Threshold Implementations","","","","","","","","","","","","","","","","","","","","","","","","","","","","","","","","","","","","","","","","","","","","","","",""
"KK8W8GB2","journalArticle","2018","Subramanyan, P.; Huang, B.-Y.; Vizel, Y.; Gupta, A.; Malik, S.","Template-Based Parameterized Synthesis of Uniform Instruction-Level Abstractions for SoC Verification","IEEE Transactions on Computer-Aided Design of Integrated Circuits and Systems","","02780070 (ISSN)","10.1109/TCAD.2017.2764482","https://www.scopus.com/pages/publications/85050277952?origin=resultslist","Modern system-on-chip (SoC) designs comprise programmable cores, application-specific accelerators, and I/O devices. Accelerators are controlled by software/firmware and functionality is implemented by this combination of programmable cores, firmware, and accelerators. Verification of such SoCs is challenging, especially for system-level properties maintained by a combination of firmware and hardware. Attempting to formally verify the full SoC design with both firmware and hardware is not scalable, while separate verification can miss bugs. A general technique for scalable system-level verification is to construct an abstraction of SoC hardware and verify firmware/software using it. There are two challenges in applying this technique in practice. Constructing the abstraction to capture required details and interactions is error-prone and time-consuming. The second is ensuring abstraction correctness so that properties proven with it are valid. This paper introduces a methodology for SoC design and verification based on the synthesis of instruction-level abstractions (ILAs). The ILA is an abstraction of SoC hardware which models updates to firmware-visible state at the granularity of instructions. For hardware accelerators, the ILA is analogous to the instruction-set architecture definition for programmable processors and enables scalable verification of firmware interacting with hardware accelerators. To alleviate the disadvantages of manual construction of abstractions, we introduce two algorithms for synthesis of ILAs from partial description called templates. We then show how the ILA can be verified to be correct. We evaluate the methodology using a small SoC design consisting of the 8051 microcontroller and two cryptographic accelerators. The methodology uncovered 15 bugs. © 1982-2012 IEEE.","2018","2026-05-02 11:42:35","2026-05-02 11:42:35","","1692-1705","","8","37","","IEEE Trans Comput Aided Des Integr Circuits Syst","","","","","","Institute of Electrical and Electronics Engineers Inc.","","English","","","Scopus","","","","","<p>Export Date: 02 May 2026; Cited By: 12; Correspondence Address: P. Subramanyan; Department of Electrical Engineering and Computer Sciences, University of California at Berkeley, Berkeley, 94720, United States; email: pramod@berkeley.edu; CODEN: ITCSD</p>","","","Acceleration; Integrated circuit design; Hardware; System-on-chip; Computer architecture; Hardware accelerators; Programmable logic controllers; system-on-chip (SoC); Instruction set architecture; Firmware; Formal verification; Cryptographic accelerators; Model checking; 8051 microcontrollers; Abstracting; Accelerator architectures; formal verification; model checking; Programmable processors; System on chips (SoC); systems modeling; Systems modeling","","","","","","","","","","","","","","","","","","","","","","","","","","","","","","","","","","","","","","","","","","","","","","",""
"LVK5QQTM","conferencePaper","2025","Titopoulos, V.; Alexakis, G.; Nicopoulos, C.; Dimitrakopoulos, G.","Efficient Implementation of RISC-V Vector Permutation Instructions","Proc. IEEE Comput. Soc. Annu. Symp., on VLSI, ISVLSI","21593469 (ISSN); 979-833153477-6 (ISBN)","","10.1109/ISVLSI65124.2025.11130346","https://www.scopus.com/pages/publications/105016166858?origin=resultslist","RISC-V CPUs leverage the RVV (RISC-V Vector) extension to accelerate data-parallel workloads. In addition to arithmetic operations, RVV includes powerful permutation instructions that enable flexible element rearrangement within vector registers -critical for optimizing performance in tasks such as matrix operations and cryptographic computations. However, the diverse control mechanisms of these instructions complicate their execution within a unified datapath while maintaining the fixed-latency requirement of cryptographic accelerators. To address this, we propose a unified microarchitecture capable of executing all RVV permutation instructions efficiently, regardless of their control information structure. This approach minimizes area and hardware costs while ensuring single-cycle execution for short vector machines (up to 256 bits) and enabling efficient pipelining for longer vectors. The proposed design is integrated into an open-source RISC-V vector processor and implemented at 7 nm using the OpenRoad physical synthesis flow. Experimental results validate the efficiency of our unified vector permutation unit, demonstrating that it only incurs 1.5% area overhead to the total vector processor. Furthermore, this area overhead decreases to near-0% as the minimum supported element width for vector permutations increases.  © 2025 IEEE.","2025","2026-05-02 11:42:35","2026-05-02 11:42:35","","","","","","","","","","","","","IEEE Computer Society","","English","","","Scopus","","","","Journal Abbreviation: Proc. IEEE Comput. Soc. Annu. Symp., on VLSI, ISVLSI","<p>Export Date: 02 May 2026; Cited By: 1</p>","","","Integrated circuit design; Cryptography; Program processors; Reduced instruction set computing; RISC-V; Vectors; Information management; Efficient implementation; Open systems; Area overhead; Arithmetic operations; Data parallel; Dataparallel acceleration; DataParallel Acceleration; Flexible elements; Parallel workloads; Vector permutation; Vector Permutations; Vector processors","","","","","","","","","","","","","","","","","","","","","","","","","","","","","","","","Proceedings of IEEE Computer Society Annual Symposium on VLSI, ISVLSI","","","","","","","","","","","","","","",""
"54NMHS3B","journalArticle","2023","He, P.; Bao, T.; Xie, J.; Amin, M.","FPGA Implementation of Compact Hardware Accelerators for Ring-Binary-LWE-based Post-quantum Cryptography","ACM Transactions on Reconfigurable Technology and Systems","","19367406 (ISSN)","10.1145/3569457","https://www.scopus.com/pages/publications/85168796590?origin=resultslist","Post-quantum cryptography (PQC) has recently drawn substantial attention from various communities owing to the proven vulnerability of existing public-key cryptosystems against the attacks launched from well-established quantum computers. The Ring-Binary-Learning-with-Errors (RBLWE), a variant of Ring-LWE, has been proposed to build PQC for lightweight applications. As more Field-Programmable Gate Array (FPGA) devices are being deployed in lightweight applications like Internet-of-Things (IoT) devices, it would be interesting if the RBLWE-based PQC can be implemented on the FPGA with ultra-low complexity and flexible processing. However, thus far, limited information is available for such implementations. In this article, we propose novel RBLWE-based PQC accelerators on the FPGA with ultra-low implementation complexity and flexible timing. We first present the process of deriving the key operation of the RBLWE-based scheme into the proposed algorithmic operation. The corresponding hardware accelerator is then efficiently mapped from the proposed algorithm with the help of algorithm-to-architecture implementation techniques and extended to obtain higher-throughput designs. The final complexity analysis and implementation results (on a variety of FPGAs) show that the proposed accelerators have significantly smaller area-time complexities than the state-of-the-art designs. Overall, the proposed accelerators feature low implementation complexity and flexible processing, making them desirable for emerging FPGA-based lightweight applications.  © 2023 Association for Computing Machinery.","2023","2026-05-02 11:42:35","2026-05-02 11:42:35","","","","3","16","","ACM Trans. Reconfigurable Technol. Syst.","","","","","","Association for Computing Machinery","","English","","","Scopus","","","","","<p>Export Date: 02 May 2026; Cited By: 20</p>","","","Post quantum cryptography; Quantum cryptography; Post-quantum cryptography; Field programmable gate arrays (FPGA); Public key cryptography; Computer hardware; Qubits; Field programmables; Field-programmable gate array; Programmable gate array; Internet of things; Learning with Errors; Hardware accelerators; post-quantum cryptography (PQC); Logic gates; Field-Programmable Gate Array (FPGA); Key words; Additional key word and phrasescompact hardware accelerator; Additional Key Words and PhrasesCompact hardware accelerator; Flexible processing; flexible processing throughput; Flexible processing throughput; Implementation complexity; low implementation complexity; Low implementation complexity; Ring-binary-learning-with-error -based scheme; Ring-Binary-Learning-with-Errors (RBLWE)-based scheme","","","","","","","","","","","","","","","","","","","","","","","","","","","","","","","","","","","","","","","","","","","","","","",""
"2V89GXHQ","journalArticle","2022","Leonardi, L.; Lettieri, G.; Perazzo, P.; Saponara, S.","On the Hardware–Software Integration in Cryptographic Accelerators for Industrial IoT","Applied Sciences (Switzerland)","","20763417 (ISSN)","10.3390/app12199948","https://www.scopus.com/pages/publications/85139930830?origin=resultslist","Industrial Internet of Things (IIoT) applies IoT technologies on industrial automation systems with the aims of providing remote sensing, remote control, self-organization and self-maintenance. Since IIoT systems often constitute a critical infrastructure, cybersecurity risks have rapidly increased over the last years. To address cybersecurity requirements, we need to deploy cryptographic processing components which are particularly efficient, considering also that many IIoT systems have real-time constraints. Hardware acceleration can greatly improve the efficiency of cryptographic functions, but the speed-up could be jeopardized by a bad hardware–software integration, which is an aspect often underrated by the literature. Considering that modern IIoT devices often mount an operating system to fulfill their complex tasks, software influence on efficiency cannot be neglected. In this paper, we develop a software–hardware integration of various cryptographic accelerators with a Linux operating system, and we test its performance with two typical IIoT reference applications. We also discuss our design choices and the lessons learned during the development process. © 2022 by the authors.","2022","2026-05-02 11:42:35","2026-05-02 11:42:35","","","","19","12","","Appl. Sci.","","","","","","MDPI","","English","","","Scopus","","","","","<p>Export Date: 02 May 2026; Cited By: 6; Correspondence Address: L. Leonardi; Department of Information Engineering, University of Pisa, Pisa, Largo Lucio Lazzarino, 2, 56122, Italy; email: luigi.leonardi@phd.unipi.it</p>","","","hardware acceleration; OpenSSL; cryptography; driver; hardware–software integration; Industrial Internet of Things","","","","","","","","","","","","","","","","","","","","","","","","","","","","","","","","","","","","","","","","","","","","","","",""
"8KPM369N","journalArticle","2021","Sasongko, A.; Kumara, I.M.N.; Wicaksana, A.; Rousseau, F.; Muller, O.","Hardware context switch-based cryptographic accelerator for handling multiple streams","ACM Transactions on Reconfigurable Technology and Systems","","19367406 (ISSN)","10.1145/3460941","https://www.scopus.com/pages/publications/85121196996?origin=resultslist","The confidentiality and integrity of a stream has become one of the biggest issues in telecommunication. The best available algorithm handling the confidentiality of a data stream is the symmetric key block cipher combined with a chaining mode of operation such as cipher block chaining (CBC) or counter mode (CTR). This scheme is difficult to accelerate using hardware when multiple streams coexist. This is caused by the computation time requirement and mainly by management of the streams. In most accelerators, computation is treated at the block-level rather than as a stream, making the management of multiple streams complex. This article presents a solution combining CBC and CTR modes of operation with a hardware context switching. The hardware context switching allows the accelerator to treat the data as a stream. Each stream can have different parameters: key, initialization value, state of counter. Stream switching was managed by the hardware context switching mechanism. A high-level synthesis tool was used to generate the context switching circuit. The scheme was tested on three cryptographic algorithms: AES, DES, and BC3. The hardware context switching allowed the software to manage multiple streams easily, efficiently, and rapidly. The software was freed of the task of managing the stream state. Compared to the original algorithm, about 18%-38% additional logic elements were required to implement the CBC or CTR mode and the additional circuits to support context switching. Using this method, the performance overhead when treating multiple streams was low, and the performance was comparable to that of existing hardware accelerators not supporting multiple streams. © 2021 Association for Computing Machinery.","2021","2026-05-02 11:42:35","2026-05-02 11:42:35","","","","3","14","","ACM Trans. Reconfigurable Technol. Syst.","","","","","","Association for Computing Machinery","","English","","","Scopus","","","","","<p>Export Date: 02 May 2026; Cited By: 4</p>","","","Field programmable gate arrays (FPGA); FPGA; Performance; Cryptography; Computation theory; High level synthesis; HLS; Block chaining modes; Cipher-block-chaining; Computer hardware description languages; Context switch; Context switching; Counter modes; Hardware context switch; Mode of operations; Multiple stream; Multiple streams; Switching","","","","","","","","","","","","","","","","","","","","","","","","","","","","","","","","","","","","","","","","","","","","","","",""
"WQ3272VA","conferencePaper","2018","Banerjee, U.; Juvekar, C.; Wright, A.; Arvind, A.; Chandrakasan, A.P.","An energy-efficient reconfigurable DTLS cryptographic engine for End-to-End security in iot applications","Dig Tech Pap IEEE Int Solid State Circuits Conf","01936530 (ISSN); 978-150904939-4 (ISBN)","","10.1109/ISSCC.2018.8310174","https://www.scopus.com/pages/publications/85046479997?origin=resultslist","End-to-end security protocols, like Datagram Transport Layer Security (DTLS) [1], enable the establishment of mutually authenticated confidential channels between edge nodes and the cloud, even in the presence of untrusted and potentially malicious network infrastructure. While this makes DTLS an ideal solution for IoT, the associated computational cost makes software-only implementations prohibitively expensive for resource-constrained embedded devices. We address this challenge through three key contributions: reconfigurable cryptographic accelerators enable two orders of magnitude energy savings, a dedicated DTLS engine offloads control flow to hardware reducing program code and memory usage by ∼10x, and an on-chip RISC-V core exercises the flexibility of the cryptographic accelerators to demonstrate security applications beyond DTLS. © 2018 IEEE.","2018","2026-05-02 11:42:35","2026-05-02 11:42:35","","42-44","","","61","","","","","","","","Institute of Electrical and Electronics Engineers Inc.","","English","","","Scopus","","","","Journal Abbreviation: Dig Tech Pap IEEE Int Solid State Circuits Conf","<p>Export Date: 02 May 2026; Cited By: 53; CODEN: DTPCD</p>","","","Network security; Cryptography; Energy efficiency; Computational costs; Application programs; Engines; Transport layer security; Network protocols; Cryptographic accelerators; Cryptographic engines; End-to-end security; Energy conservation; Network infrastructure; Orders of magnitude; Security application","","","","","","","","","","","","","","","","","","","","","","","","","","","","","","","","Digest of Technical Papers - IEEE International Solid-State Circuits Conference","","","","","","","","","","","","","","",""
"ZPHHY8LB","conferencePaper","2025","Nguyen, H.; Truong, Q.D.; Lee, H.; Nguyen, T.T.","Scalable and High-Performance Number-Theoretic Transform Design for Lattice-Based Cryptography","Proc. - IEEE Asia Pac. Conf. Circuits Syst., APCCAS","979-833158907-3 (ISBN)","","10.1109/APCCAS67402.2025.11377485","https://www.scopus.com/pages/publications/105035395073?origin=resultslist","Efficient polynomial multiplication is a key operation in post-quantum cryptography (PQC) and homomorphic encryption (HE), particularly in lattice-based schemes where the number-theoretic transform (NTT) is the main contributor to computational cost. To address performance and efficiency challenges in these applications, this paper presents a scalable and high-performance NTT architecture tailored for practical deployments of PQC schemes and HE workloads. The proposed architecture features a mix of radix-2/4 fully pipelined datapath, a stage-aware modular reduction strategy combining K2RED and Montgomery methods, and a compressed twiddle factor storage that leverages symmetry and data access patterns. These innovations collectively enable high-performance NTT computation with minimized hardware costs. Synthesized on Xilinx UltraScale+ FPGA, the design achieves 3.71 KLUTs × ms for N=214, outperforming its predecessors. This architecture presents a compelling solution for FPGA-based cryptographic accelerators, delivering scalable performance across various transform sizes while adhering to practical deployment constraints.  © 2025 IEEE.","2025","2026-05-02 11:42:35","2026-05-02 11:42:35","","","","","","","","","","","","","Institute of Electrical and Electronics Engineers Inc.","","English","","","Scopus","","","","Journal Abbreviation: Proc. - IEEE Asia Pac. Conf. Circuits Syst., APCCAS","<p>Export Date: 02 May 2026; Cited By: 0; Correspondence Address: H. Nguyen; School of Informatics, Computing, and Cyber Systems, Northern Arizona University, Flagstaff, 86011, United States; email: tn598@nau.edu; T.T. Nguyen; School of Informatics, Computing, and Cyber Systems, Northern Arizona University, Flagstaff, 86011, United States; email: tuy.nguyen@fsu.edu</p>","","","Post quantum cryptography; post-quantum cryptography; Quantum cryptography; Quantum theory; Lattice-based; Field programmable gate arrays (FPGA); Integrated circuit design; Lattice-based cryptography; Performance; Architecture; Number theory; Number-theoretic transforms; Computational efficiency; Polynomial multiplication; Ho-momorphic encryptions; Number-theoretic transform; Digital storage; Lattice theory; Computation theory; homomorphic encryption; Homomorphic-encryptions; Key operations; Transform design","","","","","","","","","","","","","","","","","","","","","","","","","","","","","","","","Proceedings - 2025 21st IEEE Asia Pacific Conference on Circuits and Systems, APCCAS 2025","","","","","","","","","","","","","","",""
"22UGYIVN","conferencePaper","2024","Huynh, H.-T.; Dang, T.-P.; Hoang, T.-T.; Pham, C.-K.; Tran, T.-K.","An Efficient Cryptographic Accelerators for IoT System Based on Elliptic Curve Digital Signature","Commun. Comput. Info. Sci.","18650929 (ISSN); 978-981997665-2 (ISBN)","","10.1007/978-981-99-7666-9_9","https://www.scopus.com/pages/publications/85176921002?origin=resultslist","Given the importance of security requirements in today’s Internet of Things (IoT) landscape, this study focuses on enhancing the security of IoT systems through encryption algorithms implemented on the SoC-FPGA platform. Specifically, this paper presents the development of a hardware system that generates public keys and performs digital signature generation and verification using the Elliptic Curve Digital Signature Algorithm (ECDSA) based on the SECP256K1 curve. The ECDSA encryption hardware functions as a co-processor and demonstrates a maximum operating frequency of 30 MHz. In terms of performance, the ECDSA IP achieves efficient processing speeds, taking approximately 17 ms to generate a public key and produce a digital signature and nearly 30 ms to verify the digital signature. These results showcase a well-balanced design that enables a trade-off between speed, area, and power dissipation in the proposed system. © 2024, The Author(s), under exclusive license to Springer Nature Singapore Pte Ltd.","2024","2026-05-02 11:42:35","2026-05-02 11:42:35","","106-118","","","1950 CCIS","","","","","","","","Springer Science and Business Media Deutschland GmbH","","English","","","Scopus","","","","Journal Abbreviation: Commun. Comput. Info. Sci.","<p>Export Date: 02 May 2026; Cited By: 3; Correspondence Address: T.-K. Tran; Vietnam National University, Ho Chi Minh City, Viet Nam; email: trtkiet@hcmus.edu.vn</p>","","","Authentication; Field programmable gate arrays (FPGA); Geometry; Cryptography; Internet of things; System-on-chip; Public keys; Encryption algorithms; Economic and social effects; IoT; Signature generation; Elliptic curve digital signature; DSA; Security requirements; Cryptographic accelerators; ECDSA; Elliptic curve digital signature algorithm; Hardware system; SoC-FPGA","","Thai-Nghe N.; Do T.-N.; Haddawy P.","","","","","","","","","","","","","","","","","","","","","","","","","","","","","","Communications in Computer and Information Science","","","","","","","","","","","","","","",""
"85WN2ECM","journalArticle","2023","Ma, K.-M.; Le, D.-H.; Pham, C.-K.; Hoang, T.-T.","Design of an SoC Based on 32-Bit RISC-V Processor with Low-Latency Lightweight Cryptographic Cores in FPGA","Future Internet","","19995903 (ISSN)","10.3390/fi15050186","https://www.scopus.com/pages/publications/85160199671?origin=resultslist","The security of Internet of Things (IoTs) devices in recent years has created interest in developing implementations of lightweight cryptographic algorithms for such systems. Additionally, open-source hardware and field-programable gate arrays (FPGAs) are gaining traction via newly developed tools, frameworks, and HDLs. This enables new methods of creating hardware and systems faster, more simply, and more efficiently. In this paper, the implementation of a system-on-chip (SoC) based on a 32-bit RISC-V processor with lightweight cryptographic accelerator cores in FPGA and an open-source integrating framework is presented. The system consists of a 32-bit VexRiscv processor, written in SpinalHDL, and lightweight cryptographic accelerator cores for the PRINCE block cipher, the PRESENT-80 block cipher, the ChaCha stream cipher, and the SHA3-512 hash function, written in Verilog HDL and optimized for low latency with fewer clock cycles. The primary aim of this work was to develop a customized SoC platform with a register-controlled bus suitable for integrating lightweight cryptographic cores to become compact embedded systems that require encryption functionalities. Additionally, custom firmware was developed to verify the functionality of the SoC with all integrated accelerator cores, and to evaluate the speed of cryptographic processing. The proposed system was successfully implemented in a Xilinx Nexys4 DDR FPGA development board. The resources of the system in the FPGA were low with 11,830 LUTs and 9552 FFs. The proposed system can be applicable to enhancing the security of Internet of Things systems. © 2023 by the authors.","2023","2026-05-02 11:42:35","2026-05-02 11:42:35","","","","5","15","","Future Internet","","","","","","MDPI","","English","","","Scopus","","","","","<p>Export Date: 02 May 2026; Cited By: 8; Correspondence Address: D.-H. Le; Faculty of Electronics and Telecommunications, The University of Science, Vietnam National University Ho Chi Minh City, Ho Chi Minh City, 700000, Viet Nam; email: ldhung@hcmus.edu.vn</p>","","","Hardware security; Field programmable gate arrays (FPGA); FPGA; Integrated circuit design; Embedded systems; Internet of things; Application specific integrated circuits; System-on-chip; CryptoGraphics; Hash functions; Low latency; Light-weight cryptography; Programmable logic controllers; Systems-on-Chip; RISC-V; Open systems; system-on-chip; Open source software; Firmware; Chip based; Computer hardware description languages; Field-programable gate array; Gate arrays; In-field; lightweight cryptography; Vexriscv; VexRiscv","","","","","","","","","","","","","","","","","","","","","","","","","","","","","","","","","","","","","","","","","","","","","","",""
"B9K5GEU5","conferencePaper","2026","Taghavi, B.; Azarderakhsh, R.; Mozaffari Kermani, M.","LightNTT: A Tiny NTT/iNTT Core for ML-DSA Featuring a Constant-Geometry Pipelined Design","Lect. Notes Comput. Sci.","03029743 (ISSN); 978-303215540-5 (ISBN)","","10.1007/978-3-032-15541-2_4","https://www.scopus.com/pages/publications/105029356629?origin=resultslist","The Number Theoretic Transform (NTT) is a foundation of Module-Lattice-Based Cryptography (MLBC), yet its implementation can be resource-intensive, posing challenges for deployment on low-power and constrained devices. This paper introduces LightNTT, a high-efficiency NTT/iNTT core specifically architected for ML-DSA, emphasizing minimal resource utilization and optimal performance. LightNTT leverages a constant-geometry dataflow combined with a deeply pipelined single butterfly unit and an optimized Barrett modular multiplier to achieve a compact footprint. Implemented on an Artix-7 FPGA, the design consumes only 590 LUTs, 158 FFs, 2 DSPs, and 2.5 BRAMs. It computes a full 256-point NTT/iNTT in 1056 clock cycles, achieving a latency of 3.49μs at a clock frequency of 300 MHz. Critically, LightNTT demonstrates a superior Area-Time Product (ATP) of 5.82, which is approximately 29% better than comparable state-of-the-art implementations of small designs. This work underscores the effectiveness of synergistic architectural and modular arithmetic optimizations in developing practical PQC accelerators for resource-limited environments. © The Author(s), under exclusive license to Springer Nature Switzerland AG 2026.","2026","2026-05-02 11:42:35","2026-05-02 11:42:35","","57-76","","","16216 LNCS","","","","","","","","Springer Science and Business Media Deutschland GmbH","","English","","","Scopus","","","","Journal Abbreviation: Lect. Notes Comput. Sci.","<p>Export Date: 02 May 2026; Cited By: 0; Correspondence Address: B. Taghavi; Florida Atlantic University, Boca Raton, United States; email: staghavi2024@fau.edu</p>","","","Hardware security; Post quantum cryptography; Quantum cryptography; Quantum theory; Field programmable gate arrays (FPGA); FPGA; Post-Quantum Cryptography; Integrated circuit design; Lattice-based cryptography; Constrained devices; Number theory; Number-theoretic transforms; Higher efficiency; ML-DSA; Clocks; Lattice theory; Number Theoretic Transform; Pipelines; Data flow analysis; Lightweight hardware security; Lightweight Hardware Security; Low-power devices; Optimal performance; Resources utilizations","","Savas E.; Moradi A.; Leander G.","","","","","","","","","","","","","","","","","","","","","","","","","","","","","","Lecture Notes in Computer Science","","","","","","","","","","","","","","",""
"7P5UZM78","journalArticle","2025","Yu, H.; Li, P.; Feng, T.","Parallel dynamic optical encryption based on light diffraction","Optics Communications","","00304018 (ISSN)","10.1016/j.optcom.2025.132057","https://www.scopus.com/pages/publications/105007152184?origin=resultslist","Increasing the efficiency of information encryption is becoming more and more important in optical encryption applications. While the current implementation of multiple information encryption is mainly based on adding modulation freedoms for optical fields and developing more sophisticated algorithms, the high demand for the fabrication of modulators, the complexity of the experimental setup and the consumption of more computing power and energy are inevitable, which poses challenges to the efficiency of dynamic optical encryption. As diffractive optics and Fourier optics offer a feasible option to realize parallel encryption in a simple and efficient manner, we here demonstrate a parallel dual-channel dynamic optical encryption scheme based on light diffraction. Specifically, it achieves the simultaneous encryption of two different messages in the Fourier domain by exploiting the optical diffraction orders. Meanwhile, the speed and energy utilization of optical encryption benefit from this strategy. The safety of encrypted messages can also be enhanced by adding another transmission channel. This strategy achieves parallel dual-channel encryption by taking advantage of the inherent properties of light, without the need to add any additional hardware. Our work could be helpful for improving the encryption efficiency of the optical encryption platform and may stimulate the development of hardware-level optical cryptographic accelerators, such as edge computing devices, and so on. © 2025 Elsevier B.V.","2025","2026-05-02 11:42:35","2026-05-02 11:42:35","","","","","591","","Opt Commun","","","","","","Elsevier B.V.","","English","","","Scopus","","","","","<p>Export Date: 02 May 2026; Cited By: 1; Correspondence Address: T. Feng; Department of Electronic Engineering, College of Information Science and Technology, Jinan University, Guangzhou, 510632, China; email: thfeng@jnu.edu.cn; CODEN: OPCOB</p>","","","Energy utilization; 'current; Energy; Channel encryption; Diffractive optics; Dual channel; Fourier domain; Fourier optics; Fourier-domain; Light diffraction; Light modulation; Optic encryption; Optical data storage; Optical encryption; Optics encryption; Parallel dual-channel encryption; Parallel dynamics","","","","","","","","","","","","","","","","","","","","","","","","","","","","","","","","","","","","","","","","","","","","","","",""
"9TJN44SK","journalArticle","2021","Lasheras, A.; Canal, R.; Rodríguez, E.; Cassano, L.","Securing RSA hardware accelerators through residue checking","Microelectronics Reliability","","00262714 (ISSN)","10.1016/j.microrel.2020.114021","https://www.scopus.com/pages/publications/85097710379?origin=resultslist","Circuits for the hardware acceleration of cryptographic algorithms are ubiquitously deployed in consumer and industrial products. Although being secure from a mathematical point of view, such accelerators may expose several vulnerabilities strictly related to the hardware implementation. Differential fault analysis (DFA) and hardware Trojan horses (HWTs) may be exploited to steal secret information from the circuit or to interfere with its nominal functioning. It is therefore important to protect cryptographic hardware accelerators against such attacks in an efficient way. In this paper, we propose a lightweight technique for protecting circuits implementing the RSA algorithm against DFA and HWTs at runtime. The proposed solution relies on residue checking which is a well-known technique belonging to traditional fault tolerance. Residue checking is here applied to RSA circuits in order to detect any modification of the output of the circuit possibly induced by the occurrence of a fault or the activation of a HWT. When this happens, the protection technique reacts to the attack by obfuscating the circuit's output (i.e. generating a random output). An experimental campaign (99% confidence and 1% error) demonstrated that, when dealing with DFA, the proposed solution detected 100% of the fault attacks that leaked information to the attacker. Moreover, we applied the proposed technique to all the HWT infected implementations of the RSA algorithm available in the Trust-Hub benchmark suite achieving a 100% HWT detection. The overhead introduced by the proposed solution is a maximum area increase below 3%, about 18% dynamic power consumption increase while it has no impact on the operating frequency. © 2020 Elsevier Ltd","2021","2026-05-02 11:42:35","2026-05-02 11:42:35","","","","","116","","Microelectron. Reliab.","","","","","","Elsevier Ltd","","English","","","Scopus","","","","","<p>Export Date: 02 May 2026; Cited By: 3; Correspondence Address: L. Cassano; Dipartimento di Elettronica, Informazione e Bioingegneria, Politecnico di Milano, Italy; email: luca.cassano@polimi.it; CODEN: MCRLA</p>","","","Hardware security; Side channel attack; Hardware implementations; Cryptographic algorithms; Hardware accelerators; Cryptographic hardware; Fault tolerance; Malware; Electric network analysis; Cryptographic accelerators; Hardware Trojans; Differential fault analyses (DFA); Differential fault analysis; Dynamic power consumption; Experimental campaign; Fault attacks; Protection techniques; Residue checking; RSA; Third party intellectual property cores (3PIPs)","","","","","","","","","","","","","","","","","","","","","","","","","","","","","","","","","","","","","","","","","","","","","","",""
"URQPAFQL","conferencePaper","2018","Wang, Z.; Zheng, F.; Lin, J.; Dong, J.","Utilizing GPU Virtualization to protect the private keys of GPU cryptographic computation","Lect. Notes Comput. Sci.","03029743 (ISSN); 978-303001949-5 (ISBN)","","10.1007/978-3-030-01950-1_9","https://www.scopus.com/pages/publications/85056450866?origin=resultslist","Nowadays graphics processing units (GPUs) have become popular parallel computing platforms known as General-Purpose GPU (GPGPU) computing. GPUs thereby are chosen by some security researchers as cryptographic accelerators to secure massive volumes of transactions. However, their security issues are ignored in spite of their popularity and performance. There are some possible information leakages faced with malicious attacks or even in the normal GPU computing. Our objective is to secure the confidentiality of cryptographic keys in GPU computing environments and provide easy-to-use programming with few constraints. In this paper, we propose a prototype in Linux, a system of GPGPU computing solution empowered by GPU virtualization technology, which keeps encrypted keys in guest machine to protect secret keys from leakage even in the event of full system compromise. With the API interception and redirection of CUDA, applications in Virtual Machines (VMs) can access the GPU device in a transparent way. Besides, we use virtio, a dedicated virtual I/O device, to transfer data between virtual and host machines in high performance. In our current study, we evaluate our prototype with the GPU implementation of ECC. We show that it can protect private keys of GPU cryptographic computation and it also incurs low performance penalty compared with the native environment, therefore demonstrating the prototype is secure and requires reasonable overhead. © Springer Nature Switzerland AG 2018.","2018","2026-05-02 11:42:35","2026-05-02 11:42:35","","142-157","","","11149 LNCS","","","","","","","","Springer Verlag","","English","","","Scopus","","","","Journal Abbreviation: Lect. Notes Comput. Sci.","<p>Export Date: 02 May 2026; Cited By: 2; Correspondence Address: F. Zheng; Data Assurance and Communication Security Research Center, CAS, Beijing, 100093, China; email: zhengfangyu@iie.ac.cn</p>","","","Network security; Virtual reality; Cryptography; Program processors; Graphics processing unit; GPU; Information leakage; GPGPU; Virtualization; Computer operating systems; Cryptographic accelerators; Cryptographic computations; Gpu virtualization; GPU virtualization; Isolation; Parallel computing platform; Performance penalties","","Blanc G.; Qing S.; Lu R.; Zhang Z.; Meddahi A.; Naccache D.; Xu S.; Samarati P.","","","","","","","","","","","","","","","","","","","","","","","","","","","","","","Lecture Notes in Computer Science (including subseries Lecture Notes in Artificial Intelligence and Lecture Notes in Bioinformatics)","","","","","","","","","","","","","","",""
"EYIZKFAY","conferencePaper","2024","Kieu-Do-Nguyen, B.; Nguyen, K.-D.; Dang, T.-K.; Pham, C.-K.; Hoang, T.-T.","A Trusted Execution Environment RISC-V System on Chip","IEEE Hot Chips 36 Symp., HCS","979-835038850-3 (ISBN)","","10.1109/HCS61935.2024.10664993","https://www.scopus.com/pages/publications/85205307909?origin=resultslist","This work proposes a new open-source hardware framework for Trusted Execution Environments (TEEs) on RISC-V systems. The framework is designed to be secure, flexible, and easily upgradable. It includes various cryptographic accelerators and an isolated microcontroller to improve boot performance. The design was implemented and tested on VLSI platforms to demonstrate its feasibility and effectiveness.  © 2024 IEEE.","2024","2026-05-02 11:42:35","2026-05-02 11:42:35","","","","","","","","","","","","","Institute of Electrical and Electronics Engineers Inc.","","English","","","Scopus","","","","Journal Abbreviation: IEEE Hot Chips 36 Symp., HCS","<p>Export Date: 02 May 2026; Cited By: 1; Correspondence Address: B. Kieu-Do-Nguyen; University of Electro-Communications (UEC), Tokyo, Japan; email: binh@vlsilab.ee.uec.ac.jp</p>","","","Performance; System-on-chip; Systems-on-Chip; Cryptographic accelerators; Hardware framework; Open-source hardwares; Trusted execution environments","","","","","","","","","","","","","","","","","","","","","","","","","","","","","","","","2024 IEEE Hot Chips 36 Symposium, HCS 2024","","","","","","","","","","","","","","",""
"HDK5N2KB","conferencePaper","2020","Božilov, D.; Knežević, M.; Nikov, V.","Optimized threshold implementations: Minimizing the latency of secure cryptographic accelerators","Lect. Notes Comput. Sci.","03029743 (ISSN); 978-303042067-3 (ISBN)","","10.1007/978-3-030-42068-0_2","https://www.scopus.com/pages/publications/85082306944?origin=resultslist","Threshold implementations have emerged as one of the most popular masking countermeasures for hardware implementations of cryptographic primitives. In this work, we first provide a generic construction for d+1 TI sharing which achieves the minimal number of output shares for any n-input Boolean function of degree t=n-1 and for any d. Secondly, we demonstrate the applicability of our results on a first-order and second-order d+1 low-latency PRINCE implementation. © Springer Nature Switzerland AG 2020.","2020","2026-05-02 11:42:35","2026-05-02 11:42:35","","20-39","","","11833 LNCS","","","","","","","","Springer","","English","","","Scopus","","","","Journal Abbreviation: Lect. Notes Comput. Sci.","<p>Export Date: 02 May 2026; Cited By: 12; Correspondence Address: D. Božilov; COSIC KU Leuven and imec, Leuven, Belgium; email: dusan.bozilov@esat.kuleuven.be</p>","","","Hardware implementations; Cryptography; Masking countermeasure; Masking; Boolean functions; Cryptographic primitives; Cryptographic accelerators; PRINCE; SCA; Generic construction; Second orders; Smart cards; Speech intelligibility; Threshold implementations","","Belaïd S.; Güneysu T.","","","","","","","","","","","","","","","","","","","","","","","","","","","","","","Lecture Notes in Computer Science (including subseries Lecture Notes in Artificial Intelligence and Lecture Notes in Bioinformatics)","","","","","","","","","","","","","","",""
"JBJ4L3NH","journalArticle","2023","Zheng, X.; Wu, J.; Lin, X.; Gao, H.; Cai, S.; Xiong, X.","Hardware/Software Co-Design of Cryptographic SoC Based on RISC-V Virtual Prototype","IEEE Transactions on Circuits and Systems II: Express Briefs","","15497747 (ISSN)","10.1109/TCSII.2023.3267186","https://www.scopus.com/pages/publications/85153478074?origin=resultslist","Embedded hardware accelerator with limited resources is increasingly employed in security areas. To accelerate system-on-chip (SoC) design, an efficient HW/SW co-design approach and validation platform become extremely important. The Electronic System Level Simulator (ESL) based on SystemC is the primary solution for fast hardware modeling and verification. However, most existing simulators cannot achieve a better trade-off between accuracy and performance, and none of the specific ESL simulators are proposed for cryptographic SoCs. To this end, this brief proposes a virtual prototype (VP) with integrated cryptographic accelerators for a cryptographic SoC based on RISC-V to accelerate the functional and performance simulation of the SoC. The VP is designed as an extensible and configurable platform dedicated to cryptographic SoC using an efficient HW/SW co-design approach. To accurately emulate real hardware, the flexible AHB-TLM interface and core timing model are presented. Compared to the RTL simulation, our custom VP performs about 10-450 times faster than the RTL simulation, and the simulation error is only about 4%. Our code is available at https://github.com/LX-IC/VP.  © 2004-2012 IEEE.","2023","2026-05-02 11:42:35","2026-05-02 11:42:35","","3624-3628","","9","70","","IEEE Trans. Circuits Syst. Express Briefs","","","","","","Institute of Electrical and Electronics Engineers Inc.","","English","","","Scopus","","","","","<p>Export Date: 02 May 2026; Cited By: 15; Correspondence Address: H. Gao; Guangdong University of Technology, School of Integrated Circuits, Guangzhou, 510006, China; email: gaohuaien@gdut.edu.cn</p>","","","Hardware acceleration; Hardware/software co-design; Hardware/software codesign; Integrated circuit design; Computer hardware; Cryptography; Hardware-software codesign; Cryptographic systems; Software; System-on-chip; Computer architecture; Economic and social effects; Programmable logic controllers; Systems-on-Chip; RISC-V; Register; cryptographic SoC; Cryptographic system-on-chip; Prototype; Socket; virtual prototyping; Virtual prototyping","","","","","","","","","","","","","","","","","","","","","","","","","","","","","","","","","","","","","","","","","","","","","","",""
"U7WFJB8I","journalArticle","2022","Zhang, X.; Liu, B.; Zhao, Y.; Hu, X.; Shen, Z.; Zheng, Z.; Liu, Z.; Chong, K.-S.; Yu, G.; Wang, C.; Zou, X.","Design and Analysis of Area and Energy Efficient Reconfigurable Cryptographic Accelerator for Securing IoT Devices","Sensors","","14248220 (ISSN)","10.3390/s22239160","https://www.scopus.com/pages/publications/85143801503?origin=resultslist","Achieving low-cost and high-performance network security communication is necessary for Internet of Things (IoT) devices, including intelligent sensors and mobile robots. Designing hardware accelerators to accelerate multiple computationally intensive cryptographic primitives in various network security protocols is challenging. Different from existing unified reconfigurable cryptographic accelerators with relatively low efficiency and high latency, this paper presents design and analysis of a reconfigurable cryptographic accelerator consisting of a reconfigurable cipher unit and a reconfigurable hash unit to support widely used cryptographic algorithms for IoT Devices, which require block ciphers and hash functions simultaneously. Based on a detailed and comprehensive algorithmic analysis of both the block ciphers and hash functions in terms of basic algorithm structures and common cryptographic operators, the proposed reconfigurable cryptographic accelerator is designed by reusing key register files and operators to build unified data paths. Both the reconfigurable cipher unit and the reconfigurable hash unit contain a unified data path to implement Data Encryption Standard (DES)/Advanced Encryption Standard (AES)/ShangMi 4 (SM4) and Secure Hash Algorithm-1 (SHA-1)/SHA-256/SM3 algorithms, respectively. A reconfigurable S-Box for AES and SM4 is designed based on the composite field Galois field (GF) GF(((22)2)2), which significantly reduces hardware overhead and power consumption compared with the conventional implementation by look-up tables. The experimental results based on 65-nm application-specific integrated circuit (ASIC) implementation show that the achieved energy efficiency and area efficiency of the proposed design is 441 Gbps/W and 37.55 Gbps/mm2, respectively, which is suitable for IoT devices with limited battery and form factor. The result of delay analysis also shows that the number of delay cycles of our design can be reduced by 83% compared with the state-of-the-art design, which shows that the proposed design is more suitable for applications including 5G/Wi-Fi/ZigBee/Ethernet network standards to accelerate block ciphers and hash functions simultaneously. © 2022 by the authors.","2022","2026-05-02 11:42:35","2026-05-02 11:42:35","","","","23","22","","Sensors","","","","","","MDPI","","English","","","Scopus","","","","","<p>Export Date: 02 May 2026; Cited By: 9; Correspondence Address: G. Yu; School of Optical and Electronic Information, Huazhong University of Science and Technology, Wuhan 430074, China; email: yuguoyi@hust.edu.cn; C. Wang; School of Optical and Electronic Information, Huazhong University of Science and Technology, Wuhan, 430074, China; email: chao_wang_me@hust.edu.cn</p>","","","Hardware security; Network security; Machine design; Computer hardware; Energy efficiency; Internet of things; Reconfigurable; Table lookup; Data privacy; Hash functions; Intelligent robots; Mobile robots; Network protocols; hardware security; Cryptographic accelerators; Advanced Encryption Standard; Block ciphers; Data paths; Design and analysis; Intelligent internet of thing; intelligent Internet of Things; Intelligent sensor and mobile robot; Intelligent sensors; intelligent sensors and mobile robots; reconfigurable cryptographic accelerator; Reconfigurable cryptographic accelerator","","","","","","","","","","","","","","","","","","","","","","","","","","","","","","","","","","","","","","","","","","","","","","",""
"HF83TZNP","conferencePaper","2024","Schupp, J.; Karl, P.; Nopel, J.; Hepp, A.; Music, T.; Sigl, G.","RISC-V Triplet: Tapeouts for Security Applications","IEEE Nordic Circuits Syst. Conf., NORCAS - Proc.","979-833151766-3 (ISBN)","","10.1109/NorCAS64408.2024.10752453","https://www.scopus.com/pages/publications/85211928802?origin=resultslist","In 2019 we started to design RISC-V based ASICs including security IP with a focus on Post Quantum Cryptography (PQC) at our institute. The primary goal were small, resource efficient implementations with high flexibility through HW/SW-codesign. In a first ASIC we included tightly coupled PQC accelerators directly integrated in a 32 bit RISC-V processor. We achieved speedups and power savings of a factor 10 for many lattice based PQC algorithms. Furthermore, this design included HW-Trojans to demonstrate the risk of such attacks and to perform research on Trojan detection techniques. In a second ASIC we went for loosely coupled accelerators optimizing bus integration. We also included accelerators for isogeny based PQC and code based cryptography. Furthermore higher frequency and a smaller technology was used. The underlying idea was to get experience for chip design with the first tapeout on a 65 nm technology and use this for the second tapeout in a 22 nm technology with a more challenging design flow. The third step remained in the same technology but went from a simple RISCV platform to a complex security platform provided by the OpenTitan open-source project. The target here was to modify this platform in such a way that key storage can be achieved with Physical Unclonable Functions (PUFs) and PQC enhancements are included in the big number processor. With these ASICs we enable deeper security analysis of implementations in our hardware lab. The first chip was, e.g., given to a reverse engineering lab to reconstruct the netlist from the silicon and to find the Trojans. Additionally, the chip design activities educate students and PhD candidates addressing the needs of the industry in more skilled people. © 2024 IEEE.","2024","2026-05-02 11:42:35","2026-05-02 11:42:35","","","","","","","","","","","","","Institute of Electrical and Electronics Engineers Inc.","","English","","","Scopus","","","","Journal Abbreviation: IEEE Nordic Circuits Syst. Conf., NORCAS - Proc.","<p>Export Date: 02 May 2026; Cited By: 0</p>","","","Hardware security; Network security; Post quantum cryptography; Integrated circuit design; PQC; Hardware-software codesign; ASIC; Computer viruses; Efficient implementation; Medium access control; Open source software; Phase locked loops; HW/SW Codesign; Resource-efficient; Reverse engineering; Security application; Chip design; High flexibility; Tapeout; Tightly-coupled; Trojans","","Nurmi J.; Rodrigues J.; Pezzarossa L.; Aberg V.; Behmanesh B.","","","","","","","","","","","","","","","","","","","","","","","","","","","","","","2024 IEEE Nordic Circuits and Systems Conference, NORCAS 2024 - Proceedings","","","","","","","","","","","","","","",""
"LZV92BMQ","journalArticle","2025","Opasatian, A.; Ikeda, M.","Manipulated Lookup Table Method for Efficient High-Performance Modular Multiplier","IEEE Transactions on Very Large Scale Integration (VLSI) Systems","","10638210 (ISSN)","10.1109/TVLSI.2024.3505920","https://www.scopus.com/pages/publications/85211459736?origin=resultslist","Modular multiplication is a fundamental operation in many cryptographic systems, with its efficiency playing a crucial role in the overall performance of these systems. Since many cryptographic systems operate with a fixed modulus, we propose an enhancement to the fixed modulus lookup table (LuT) method used for modular reduction, which we refer to as the manipulated LuT (MLuT) method. Our approach applies to any modulus and has demonstrated comparable performance compared with some specialized reduction algorithms designed for specific moduli. The strength of our proposed method in terms of circuit performance is shown by implementing it on Virtex7 and Virtex Ultrascale+ FPGA as the LUT-based MLuT modular multiplier (LUT-MLuTMM) with generalized parallel counters (GPCs) used in the summation step. In one-stage implementations, our proposed method achieves up to a 90% reduction in area and a 50% reduction in latency compared with the generic LuT method. In multistage implementations, our approach offers the best area-interleaved time product, with improvements of 39%, 13%, and 29% over the current state-of-the-art for ~256-bit, SIKE434, and BLS12-381 modular multipliers, respectively. These results demonstrate the potential of our method for high-performance cryptographic accelerators employing a fixed modulus.  © 1993-2012 IEEE.","2025","2026-05-02 11:42:35","2026-05-02 11:42:35","","114-127","","1","33","","IEEE Trans Very Large Scale Integr VLSI Syst","","","","","","Institute of Electrical and Electronics Engineers Inc.","","English","","","Scopus","","","","","<p>Export Date: 02 May 2026; Cited By: 3; Correspondence Address: A. Opasatian; The University of Tokyo, Graduate School of Engineering, Department of Electrical Engineering and Information Systems, Tokyo, 113-8656, Japan; email: anawin@silicon.u-tokyo.ac.jp; CODEN: IEVSE</p>","","","Field programmable gate arrays (FPGA); FPGA; Integrated circuit design; Cryptography; Multiplying circuits; Table lookup; Structural dynamics; % reductions; Lookups; Circuit designs; Dividing circuits (arithmetic); Efficient reduction; full-word fully pipeline modular multiplier; Full-word fully pipeline modular multiplier; high-performance circuit design; High-performance circuit design; High-performance circuits; Lookup table  modular reduction; lookup table (LuT) modular reduction; Modular multipliers; Modular reduction","","","","","","","","","","","","","","","","","","","","","","","","","","","","","","","","","","","","","","","","","","","","","","",""
"3LYEUMW7","conferencePaper","2025","Dutt Bohra, D.; Banerjee, D.S.; Sanadhya, S.","Sparse-Aware NTT: Accelerating Lattice-Based Cryptography on FPGAs","Proc. IEEE Comput. Soc. Annu. Symp., on VLSI, ISVLSI","21593469 (ISSN); 979-833153477-6 (ISBN)","","10.1109/ISVLSI65124.2025.11130302","https://www.scopus.com/pages/publications/105016262897?origin=resultslist","Lattice-based cryptographic schemes rely on structured polynomial arithmetic, where efficient multiplication is critical for performance. The Number Theoretic Transform (NTT) accelerates polynomial multiplication but performs redundant computations for sparse polynomials, leading to increased hardware overhead. This work introduces Sparse-Aware NTT (SparseNTT), a hybrid multiplication scheme that dynamically detects and processes only nonzero coefficients, reducing transformation costs. By leveraging precomputed NTT representations and applying early-stage modular pre-reduction, SparseNTT minimizes unnecessary operations while preserving correctness. The proposed approach seamlessly integrates into Kyber's CCA-secure key generation, encryption, and decryption and extends to other lattice-based schemes utilizing sparse polynomials. FPGA implementation on Artix-7 demonstrates a 54% reduction in LUT usage, a 47% decrease in FFs, and an 80% reduction in DSP utilization, while achieving a 58.3% improvement in execution time. These optimizations enhance cryptographic accelerators, enabling scalable, high-performance post-quantum security for embedded systems with minimal overhead.  © 2025 IEEE.","2025","2026-05-02 11:42:35","2026-05-02 11:42:35","","","","","","","","","","","","","IEEE Computer Society","","English","","","Scopus","","","","Journal Abbreviation: Proc. IEEE Comput. Soc. Annu. Symp., on VLSI, ISVLSI","<p>Export Date: 02 May 2026; Cited By: 0; Correspondence Address: D. Dutt Bohra; Indian Institute of Technology, Department of Computer Science and Engineering, Jodhpur, India; email: p23cs0003@iitj.ac.in; D.S. Banerjee; Indian Institute of Technology, Department of Computer Science and Engineering, Jodhpur, India; email: dipsankarb@iitj.ac.in; S. Sanadhya; Indian Institute of Technology, Department of Computer Science and Engineering, Jodhpur, India; email: somitra@iitj.ac.in</p>","","","Hardware security; Post quantum cryptography; Quantum cryptography; Quantum theory; Lattice-based; Field programmable gate arrays (FPGA); Lattice-based cryptography; Performance; Embedded systems; Number theory; Mathematical transformations; Number-theoretic transforms; Polynomials; Polynomial multiplication; Data privacy; Computation theory; Number Theoretic Transform; % reductions; Cryptographic schemes; Post Quantum Cryptography; Polynomial Multiplication; Sparse polynomials; Sparsity detection; Sparsity Detection","","","","","","","","","","","","","","","","","","","","","","","","","","","","","","","","Proceedings of IEEE Computer Society Annual Symposium on VLSI, ISVLSI","","","","","","","","","","","","","","",""
"AH3VNHEY","journalArticle","2024","Kieu-Do-Nguyen, B.; Nguyen, K.-D.; Dang, T.-K.; The Binh, N.; Pham-Quoc, C.; Tran, N.-T.; Pham, C.-K.; Hoang, T.-T.","A Trusted Execution Environment RISC-V System-on-Chip Compatible with Transport Layer Security 1.3","Electronics (Switzerland)","","20799292 (ISSN)","10.3390/electronics13132508","https://www.scopus.com/pages/publications/85198362308?origin=resultslist","The Trusted Execution Environment (TEE) is designed to establish a safe environment that prevents the execution of unauthenticated programs. The nature of TEE is a continuous verification process with hashing, signing, and verifying. Such a process is called the Chain-of-Trust, derived from the Root-of-Trust (RoT). Typically, the RoT is pre-programmed, hard-coded, or embedded in hardware, which is locally produced and checked before booting. The TEE employs various cryptographic processes throughout the boot process to verify the authenticity of the bootloader. It also validates other sensitive data and applications, such as software connected to the operating system. TEE is a self-contained environment and should not serve as the RoT or handle secure boot operations. Therefore, the issue of implementing hardware for RoT has become a challenge that requires further investigation and advancement. The main objective of this proposal is to introduce a secured RISC-V-based System-on-Chip (SoC) architecture capable of securely booting a TEE using a versatile boot program while maintaining complete isolation from the TEE processors. The suggested design has many cryptographic accelerators essential for the secure boot procedure. Furthermore, a separate 32-bit MicroController Unit (MCU) is concealed from the TEE side. This MCU manages sensitive information, such as the root key, and critical operations like the Zero Stage BootLoader (ZSBL) and key generation program. Once the RoT is integrated into the isolated sub-system, it becomes completely unavailable from the TEE side, even after booting, using any method. Besides providing a secured boot flow, the system is integrated with essential crypto-cores supporting Transport Layer Security (TLS) 1.3. The chip is finally fabricated using the Complementary Metal–Oxide–Semiconductor (CMOS) 180 nm process. © 2024 by the authors.","2024","2026-05-02 11:42:35","2026-05-02 11:42:35","","","","13","13","","Electronics (Switzerland)","","","","","","Multidisciplinary Digital Publishing Institute (MDPI)","","English","","","Scopus","","","","","<p>Export Date: 02 May 2026; Cited By: 5; Correspondence Address: C. Pham-Quoc; Faculty of Computer Science and Engineering, Ho Chi Minh City University of Technology (HCMUT), Ho Chi Minh City, 268 Ly Thuong Kiet St., Dist. 10, 740050, Viet Nam; email: cuongpham@hcmut.edu.vn</p>","","","FPGA; RISC-V; secure-boot; Trusted Execution Environment; VLSI","","","","","","","","","","","","","","","","","","","","","","","","","","","","","","","","","","","","","","","","","","","","","","",""
"VY7BN4BE","journalArticle","2022","Hoang, T.-T.; Duran, C.; Serrano, R.; Sarmiento, M.; Nguyen, K.-D.; Tsukamoto, A.; Suzaki, K.; Pham, C.-K.","Trusted Execution Environment Hardware by Isolated Heterogeneous Architecture for Key Scheduling","IEEE Access","","21693536 (ISSN)","10.1109/ACCESS.2022.3169767","https://www.scopus.com/pages/publications/85129175953?origin=resultslist","A Trusted Execution Environment (TEE) sets a platform to secure applications based on the Chain-of-Trust (CoT). The starting point of the CoT is called the Root-of-Trust (RoT). However, the RoT implementation often relies on obscurity and provides little flexibility when generating keys to the system. In this paper, a TEE System-on-a-Chip (SoC) architecture is proposed based on a heterogeneous design by combining 64-bit Linux-capable processors with a 32-bit Micro-Controller Unit (MCU). The TEE is built on the 64-bit cores, while the 32-bit MCU takes care of sensitive data and activities. The MCU is isolated from the TEE side by an Isolated Bus (IBus) that sits above the conventional System Bus (SBus). Besides the 32-bit processor, the isolated sub-system contains a Random Access Memory (RAM), a Read-Only Memory (ROM) for storing the boot program, and another ROM for storing root keys. For cryptography accelerators, we have 512-bit Secure Hashing Algorithm 3 (SHA3-512), 128/256-bit Advanced Encryption Standard (AES-128/256), Ed25519, and True Random Number Generator (TRNG) attached to the Peripheral Bus (PBus). Additionally, besides the public channel, the TRNG module also has a private channel that goes directly to the IBus. With RoT implemented inside the isolated sub-system, the RoT is inaccessible from the TEE side after boot. Furthermore, the hidden MCU's secure boot program makes the key generation flexible and could be updated for many security schemes. To summarize, the proposed design features a flexible and secure boot procedure with complete isolation from the TEE domain. Moreover, exclusive secure storage for the root key and cryptographic accelerators are available for the boot process. The implementation was tested on a Virtex-7 XC7VX485T Field-Programmable-Gate-Array (FPGA). It was also synthesized in a Very Large-Scale Integrated (VLSI) circuit with the ROHM-180nm process library.  © 2013 IEEE.","2022","2026-05-02 11:42:35","2026-05-02 11:42:35","","46014-46027","","","10","","IEEE Access","","","","","","Institute of Electrical and Electronics Engineers Inc.","","English","","","Scopus","","","","","<p>Export Date: 02 May 2026; Cited By: 24; Correspondence Address: T.-T. Hoang; National Institute of Advanced Industrial Science and Technology (AIST), Tokyo, 135-0064, Japan; email: thuc@vlsilab.ee.uec.ac.jp</p>","","","Microcontrollers; Field programmable gate arrays (FPGA); Integrated circuit design; Root of trusts; Cryptography; Number theory; Random number generation; Read-only memory; System-on-chip; Program processors; Data privacy; Programmable logic controllers; RISC-V; Secure boots; Computer operating systems; Chain of trust; Isolation; Trusted execution environments; secure-boot; Buses; Heterogeneous; isolation; Micro controller units; Sub-systems; trusted execution environment","","","","","","","","","","","","","","","","","","","","","","","","","","","","","","","","","","","","","","","","","","","","","","",""
"U2GABHBY","conferencePaper","2024","Tanaka, K.; Uchida, T.; Matsuda, Y.; Arikawa, Y.; Kaji, S.; Sakamoto, T.","Transparent Broadband VPN Gateway: Achieving 0.39 Tbps per Tunnel with Bump-in-the-Wire","Proc IEEE INFOCOM","0743166X (ISSN); 979-835038350-8 (ISBN)","","10.1109/INFOCOM52122.2024.10621086","https://www.scopus.com/pages/publications/85201804595?origin=resultslist","The demand for virtual private networks (VPNs) that provide confidentiality, integrity, and authenticity of communications is growing every year. IPsec is one of the oldest and most widely used VPN protocols, implemented between the internet protocol (IP) layer and the data link layer of the Linux kernel. This implementation method, known as bump-in-the-stack, has the advantage of being able to transparently apply IPsec to traffic without changing the application. However, its throughput efficiency (Gbps/core) is worse than regular Linux communication. Therefore, we chose the bump-in-the-wire (BITW) architecture, which handles IPsec in hardware separate from the host. Our proposed BITW architecture consists of inline cryptographic accelerators implemented in field-programmable gate arrays and a programmable switch that connects multiple such accelerators. A VPN gateway implemented with our architecture is transparent and improves the throughput efficiency by 3.51 times and power efficiency by 3.40 times over a VPN gateway implemented in the Linux kernel. It also demonstrates excellent scalability, and has been confirmed to scale to a maximum of 386.24 Gbps per tunnel, exceeding state-of-the-art technology in maximum throughput and efficiency per tunnel. In multiple-tunnels use cases, the proposed architecture improves the energy efficiency by 2.49 times. © 2024 IEEE.","2024","2026-05-02 11:42:35","2026-05-02 11:42:35","","2318-2327","","","","","","","","","","","Institute of Electrical and Electronics Engineers Inc.","","English","","","Scopus","","","","Journal Abbreviation: Proc IEEE INFOCOM","<p>Export Date: 02 May 2026; Cited By: 2; CODEN: PINFE</p>","","","Field programmable gate arrays (FPGA); Field programmables; Field-programmable gate array; Programmable gate array; Network layers; Internet protocols; Ipsec; IPsec; Digital storage; VPN; Linux; Gateways (computer networks); Bump in the wires; Bump-in-the-wire; Data Link Layer; Field-Programmable Gate Array; Linux kernel; Private networks; Programmable switches; Programmable Switches; Protocol layers; Throughput efficiency; Virtual private networks","","","","","","","","","","","","","","","","","","","","","","","","","","","","","","","","Proceedings - IEEE INFOCOM","","","","","","","","","","","","","","",""
"3IYA43TP","conferencePaper","2024","Musa, A.; Parisi, E.; Barbierato, L.; Acquaviva, A.; Barchi, F.","End-to-end Integration of OpenTitan Security Features in a Pure RISC-V SoC","Proc. - Int. Conf. Synth., Model., Anal. Simul. Methods Appl. Circuit Des., SMACD","979-835035192-7 (ISBN)","","10.1109/SMACD61181.2024.10745397","https://www.scopus.com/pages/publications/85211921068?origin=resultslist","The RISC-V open-source instruction set architecture (ISA) is gaining popularity in the realm of new processor development. Its maturity allows implementation even in scenarios where security plays a key role. OpenTitan (OT), an open-source silicon Root of Trust (RoT) designed specifically for secure embedded environments is a significant example of this adoption. This study focuses on integrating OT into a System-on-Chip (SoC) exclusively featuring RISC-V architectures. In this configuration, OT serves as a secure co-processor, leveraging its cryptographic accelerators to enhance the performance of cryptographic workloads. A noteworthy aspect of this implementation is the intentional preservation of strong isolation in computation and memory, an essential feature to protect sensitive data, including cryptographic keys and intermediate results of cryptographic tasks. The integration of OT into a complete RISC-V SoC was executed and characterized on an FPGA. The FPGA runs the entire SoC which leverages a specialized communication system between two domains: a Host domain and a Safe domain. The Host domain features a CVA6 processor running Linux, while the Safe domain houses the OT system. During system characterization, the delays introduced by the communication and synchronization system between the Host and Safe domains were measured, along with the performance of cryptographic operations conducted in the Safe domain. Results demonstrate the effectiveness of OT HW/SW integration, compensating for the overhead introduced by the communication and synchronization system between the two domains. This makes the proposed implementation sustainable for various application cases and facilitates its integration into embedded and cyber-physical systems based on secure open-hardware architectures. © 2024 IEEE.","2024","2026-05-02 11:42:35","2026-05-02 11:42:35","","","","","","","","","","","","","Institute of Electrical and Electronics Engineers Inc.","","English","","","Scopus","","","","Journal Abbreviation: Proc. - Int. Conf. Synth., Model., Anal. Simul. Methods Appl. Circuit Des., SMACD","<p>Export Date: 02 May 2026; Cited By: 1</p>","","","Hardware security; Performance; Cryptography; System-on-chip; End to end; CryptoGraphics; Systems-on-Chip; Digital storage; Open-source; Coprocessor; Steganography; Communication and synchronizations; Communications systems; Security features; Synchronization systems; Two domains","","","","","","","","","","","","","","","","","","","","","","","","","","","","","","","","Proceedings - 2024 20th International Conference on Synthesis, Modeling, Analysis and Simulation Methods and Applications to Circuit Design, SMACD 2024","","","","","","","","","","","","","","",""
"4XX2VZ7A","journalArticle","2024","Imran, M.; Aikata, A.; Roy, S.S.; Pagliarini, S.","High-Speed Design of Post Quantum Cryptography with Optimized Hashing and Multiplication","IEEE Transactions on Circuits and Systems II: Express Briefs","","15497747 (ISSN)","10.1109/TCSII.2023.3273821","https://www.scopus.com/pages/publications/85159847641?origin=resultslist","In this brief, we realize different architectural techniques for improving the performance of post-quantum cryptography (PQC) algorithms when implemented as hardware accelerators on an application-specific integrated circuit (ASIC) platform. Having SABER as a case study, we designed a 256-bit wide architecture geared for high-speed cryptographic applications that incorporates smaller and distributed SRAM memory blocks. Moreover, we have adapted the building blocks of SABER to process 256-bit words. We have also used a buffering technique for efficient polynomial coefficient multiplications to reduce the clock cycle count. Finally, double-sponge functions are combined serially (one after another) in a high-speed KECCAK core to improve the hash operations of SHA/SHAKE. For key-generation, encapsulation, and decapsulation operations of SABER, our 256-bit wide accelerator with a single sponge function is 1.71x, 1.45x, and 1.78x faster than the raw clock cycle count of a serialized SABER design. Similarly, our 256-bit implementation with double-sponge functions takes 1.08x, 1.07x & 1.06x fewer clock cycles compared to its single-sponge counterpart. The studied optimization techniques are not specific to SABER - they can be utilized for improving the performance of other lattice-based PQC accelerators.  © 2004-2012 IEEE.","2024","2026-05-02 11:42:35","2026-05-02 11:42:35","","847-851","","2","71","","IEEE Trans. Circuits Syst. Express Briefs","","","","","","Institute of Electrical and Electronics Engineers Inc.","","English","","","Scopus","","","","","<p>Export Date: 02 May 2026; Cited By: 15; Correspondence Address: M. Imran; Tallinn University of Technology, Centre for Hardware Security, Department of Computer Systems, Tallinn, 12618, Estonia; email: malik.imran@taltech.ee</p>","","","Post quantum cryptography; Quantum computers; Quantum Computing; Hardware acceleration; Integrated circuit design; PQC; Application specific integrated circuits; Memory architecture; Hardware accelerators; Optimisations; Clocks; Application-specific integrated circuits; hardware accelerator; Static random access storage; ASIC design; Register; Application-specific integrated circuit design; cryptocore; Cryptocore; SABER","","","","","","","","","","","","","","","","","","","","","","","","","","","","","","","","","","","","","","","","","","","","","","",""
"K65MCXWV","conferencePaper","2025","Guo, X.; Yang, W.; Sheng, W.","A Hierarchical Compiler Framework for a Versatile Post-Quantum Crypto- Processor","IEEE Adv. Inf. Manag., Commun., Electron. Autom. Control Conf., IMCEC","26932776 (ISSN); 979-833151355-9 (ISBN)","","10.1109/IMCEC66174.2025.11332195","https://www.scopus.com/pages/publications/105035321659?origin=resultslist","With the rapid advancement of quantum computing, classical cryptographic systems are gradually being supplanted by post-quantum cryptography (PQC) schemes. The National Institute of Standards and Technology (NIST) is in the process of standardizing several PQC algorithms that rely on distinct math-ematical foundations, including lattice-, code-, and hash-based constructions. To efficiently execute these diverse algorithms, versatile PQC accelerators have been developed to support a wide range of cryptographic primitives. However, achieving high programmability and efficient mapping of multiple PQC schemes onto specialized hardware remains a significant challenge. This paper presents a hierarchical compiler framework for a versatile post-quantum crypto-processor, which bridges high-level PQC algorithm design with low-level hardware execution. The proposed compiler introduces a domain-specific pro-gramming model that unifies the abstraction of different PQC algorithms and supports seamless translation across multiple compilation layers. By decoupling machine-independent and hardware-dependent stages, the framework enables systematic integration of diverse PQC workloads onto PQC accelerators. Experimental validation confirms the correctness and generality of the proposed compilation flow across representative NIST-standardized algorithms. © 2025 IEEE.","2025","2026-05-02 11:42:36","2026-05-02 11:42:36","","1283-1286","","","","","","","","","","","Institute of Electrical and Electronics Engineers Inc.","","English","","","Scopus","","","","Journal Abbreviation: IEEE Adv. Inf. Manag., Commun., Electron. Autom. Control Conf., IMCEC","<p>Export Date: 02 May 2026; Cited By: 0; Correspondence Address: W. Sheng; Shanghai Jiao Tong University, Department of Micro/Nano Electronics, Shanghai, China; email: wgshenghit@sjtu.edu.cn</p>","","","Hardware security; Post quantum cryptography; post-quantum cryptography; Quantum computers; Quantum Computing; Quantum cryptography; Post quantum; Integrated circuit design; National Institute of Standards and Technology; Computer hardware; Cryptography algorithms; Program compilers; Crypto-processor; compiler frame-work; Compiler frame-work; Frame-work; hierarchical compilation; Hierarchical compilation; programming model; Programming models","","","","","","","","","","","","","","","","","","","","","","","","","","","","","","","","IEEE Advanced Information Management, Communicates, Electronic and Automation Control Conference, IMCEC","","","","","","","","","","","","","","",""
"96YEHL28","journalArticle","2021","Nannipieri, P.; Bertolucci, M.; Baldanzi, L.; Crocetti, L.; Di Matteo, S.; Falaschi, F.; Fanucci, L.; Saponara, S.","SHA2 and SHA-3 accelerator design in a 7 nm technology within the European Processor Initiative","Microprocessors and Microsystems","","01419331 (ISSN)","10.1016/j.micpro.2020.103444","https://www.scopus.com/pages/publications/85096176820?origin=resultslist","This paper proposes the architecture of the hash accelerator, developed in the framework of the European Processor Initiative. The proposed circuit supports all the SHA2 and SHA-3 operative modes and is to be one of the hardware cryptographic accelerators within the crypto-tile of the European Processor Initiative. The accelerator has been verified on a Stratix IV FPGA and then synthesised on the Artisan 7 nanometres TSMC silicon technology, obtaining throughputs higher than 50 Gbps for the SHA2 and 230 Gbps for the SHA-3, with complexity ranging from 15 to about 30 kGE and estimated power dissipation of about 13 (SHA2) to 26 (SHA-3) mW (supply voltage 0.75 V). The proposed design demonstrates absolute performances beyond the state-of-the-art and efficiency aligned with it. One of the main contributions is that this is the first SHA-2 SHA-3 accelerator synthesised on such advanced technology. © 2020 Elsevier B.V.","2021","2026-05-02 11:42:36","2026-05-02 11:42:36","","","","","87","","Microprocessors Microsyst","","","","","","Elsevier B.V.","","English","","","Scopus","","","","","<p>Export Date: 02 May 2026; Cited By: 28; Correspondence Address: P. Nannipieri; Department of Information Engineering, University of Pisa, Pisa, Italy; email: pietro.nannipieri@ing.unipi.it; CODEN: MIMID</p>","","","Hardware security; Acceleration; Integrated circuit design; State of the art; Cryptography; Advanced technology; ASIC; Keccak; Cryptographic accelerators; Accelerator design; 7 nm; Absolute performance; EPI (European Processor Initiative); FPGA verification; Hash; SHA-3; SHA2; Silicon Technologies; Supply voltages; Synthesised","","","","","","","","","","","","","","","","","","","","","","","","","","","","","","","","","","","","","","","","","","","","","","",""
"VUU458M2","conferencePaper","2020","Mohan, P.; Wang, W.; Jungk, B.; Niederhagen, R.; Szefer, J.; Mai, K.","ASIC Accelerator in 28 nm for the Post-Quantum Digital Signature Scheme XMSS","Proc IEEE Int Conf Comput Des VLSI Comput Process","10636404 (ISSN); 978-172819710-4 (ISBN)","","10.1109/ICCD50377.2020.00112","https://www.scopus.com/pages/publications/85098884835?origin=resultslist","This paper presents the first 28 nm ASIC implementation of an accelerator for the post-quantum digital signature scheme XMSS. In particular, this paper presents an architecture for a novel, pipelined XMSS Leaf accelerator for accelerating the most compute-intensive step in the XMSS algorithm. This paper then presents the ASIC designs for both an existing non-pipelined accelerator architecture and the novel, pipelined XMSS Leaf accelerator. In addition, the performance of the 28 nm ASIC is compared to the same designs on 28 nm Artix-7 FPGA. The novel pipelined XMSS Leaf accelerator is 25% faster compared to the non-pipelined version in the ASIC, and both accelerator architectures have a 10 × lower power consumption than on the FPGA. The evaluation shows that the pipelining increases the frequency by 1.7× on the FPGA but only 1.2× on the ASIC, due to the critical path in the ASIC being in the memory. The non-pipelined XMSS Leaf accelerator is shown to have a significantly better area-delay and energy-delay metric on the ASIC, while the pipelined accelerator wins out in these metrics on the FPGA. Consequently, this work shows the different architectural decisions that need to be made between FPGA and ASIC designs, when selecting how to best implement post-quantum cryptographic accelerators in hardware. © 2020 IEEE.","2020","2026-05-02 11:42:36","2026-05-02 11:42:36","","656-662","","","2020-October","","","","","","","","Institute of Electrical and Electronics Engineers Inc.","","English","","","Scopus","","","","Journal Abbreviation: Proc IEEE Int Conf Comput Des VLSI Comput Process","<p>Export Date: 02 May 2026; Cited By: 24; CODEN: PIIPE</p>","","","Authentication; Post quantum; Acceleration; Field programmable gate arrays (FPGA); Application specific integrated circuits; Pipeline processing systems; Pipelines; ASIC design; Cryptographic accelerators; Accelerator architectures; Architectural decision; Critical Paths; Energy delay; Lower-power consumption","","","","","","","","","","","","","","","","","","","","","","","","","","","","","","","","Proceedings - IEEE International Conference on Computer Design: VLSI in Computers and Processors","","","","","","","","","","","","","","",""
"ZWU2RTKW","journalArticle","2019","Lee, S.; Seo, H.; Kwon, H.; Yoon, H.","Hybrid approach of parallel implementation on CPU–GPU for high-speed ECDSA verification","Journal of Supercomputing","","09208542 (ISSN)","10.1007/s11227-019-02744-6","https://www.scopus.com/pages/publications/85059868442?origin=resultslist","Since the advent of deep belief network deep learning technology in 2006, artificial intelligence technology has been utilized in various convergence areas, such as autonomous driving and medical care. Some services requiring fast decision making and action typically work seamlessly with edge computing service model. In autonomous driving of a connected vehicle with vehicle-to-everything (V2X) communication, roadside unit (RSU) acts as an edge computing device and it will make safer service by processing V2X messages fast, sent by vehicles or other devices. IEEE 1609.2 standard provides application message security technology to ensure the security and reliability of vehicle-to-vehicle communication messages. It uses elliptic curve digital signature algorithm (ECDSA) signatures based on the NIST p256 curve for message authenticity. In this paper, we investigate that RSU should be able to verify 3500 ECDSA signatures per second considering the expected maximum number of vehicles on nearby roads (e.g., during rush hour), message transmission rate, and IEEE 802.11p wireless channel capacity. RSU should satisfy this requirement without assistance of hardware-based cryptographic accelerator. For the requirement, we propose a hybrid approach of parallel ECDSA signature verification at high speed by using CPU and GPU, simultaneously. Moreover, we implemented the proposed method in various modern computing environments for RSU and edge computing devices. Through the experiments, we reach the conclusion that GPU can contribute to the required performance of ECDSA signature verification in RSU platform, which could not satisfy the above throughput only with CPU unit. The target platform with Intel Pentium E6500 CPU and GeForce GTX650 GPU can verify 5668 signatures per second with 30% utilization, while CPU in the platform can process only 2640 signatures. Even in a higher-performance edge computing device, we examine experimentally that the performance can be further improved by using the proposed hybrid approach. © 2019, Springer Science+Business Media, LLC, part of Springer Nature.","2019","2026-05-02 11:42:36","2026-05-02 11:42:36","","4329-4349","","8","75","","J Supercomput","","","","","","Springer New York LLC","","English","","","Scopus","","","","","<p>Export Date: 02 May 2026; Cited By: 11; Correspondence Address: H. Seo; Department of IT, Hansung University, Seoul, 116 Samseongyoro-16gil, Seongbuk-gu, 02876, South Korea; email: hwajeong84@gmail.com; CODEN: JOSUE</p>","","","Authentication; Network security; Artificial intelligence; Engineering education; Computer hardware; Cryptography; Parallel implementations; Signature verification; Graphics processing unit; Deep learning; AI; Vehicle transmissions; OpenCL; Edge computing; IEEE Standards; Vehicle to vehicle communications; Cryptographic accelerators; Elliptic curve digital signature algorithm; Artificial intelligence technologies; Computing environments; Decision making; Germanium compounds; High-speed ECDSA signature verification; Parallel implementation on CPU–GPU; Security and reliabilities; V2X communication; Vehicle to roadside communications","","","","","","","","","","","","","","","","","","","","","","","","","","","","","","","","","","","","","","","","","","","","","","",""
"4ES7DPF2","journalArticle","2023","Tran, T.-H.; Dao, B.-A.; Hoang, T.-T.; Hoang, V.-P.; Pham, C.-K.","Transition Factors of Power Consumption Models for CPA Attacks on Cryptographic RISC-V SoC","IEEE Transactions on Computers","","00189340 (ISSN)","10.1109/TC.2023.3262926","https://www.scopus.com/pages/publications/85151556161?origin=resultslist","Physical cryptographic devices are vulnerable to side-channel information leakages during operation. They are widely used in software as well as hardware implementations, ranging from microcontrollers and microprocessors to hardware accelerators in System on Chips (SoCs). Nowadays, cryptographic RISC-V SoCs are becoming the most prominent solution compared to the rest. Cryptographic accelerators provide users with a very high level of flexibility and customization of chips suited to specific applications in these systems. First, this research aims to confirm the effectiveness of the Correlation Power Analysis attack on cryptographic SoCs based on three different power consumption models. In each model, the effectiveness of an attack depends on the transition factor, which is a ratio related to different characteristics of the device's power consumption. Then, we focus on modifying the configuration on the SoC and attacking the AES hardware implementation on these designs. The experimental results show that applying the Switching Distance model brings the highest performance. With our suggested range of transition factors, the number of traces needed to find the secret key can be reduced by 13.35% in the best case. © 1968-2012 IEEE.","2023","2026-05-02 11:42:36","2026-05-02 11:42:36","","2689-2700","","9","72","","IEEE Trans Comput","","","","","","IEEE Computer Society","","English","","","Scopus","","","","","<p>Export Date: 02 May 2026; Cited By: 10; Correspondence Address: T.-H. Tran; The University of Electro-Communications, Department of Computer and Network Engineering, Chofu, Tokyo, 182-8585, Japan; email: thaiha@vlsilab.ee.uec.ac.jp; CODEN: ITCOB</p>","","","Side channel attack; Side-channel attacks; Computer hardware; Software; System-on-chip; Computer architecture; Systems-on-Chip; RISC-V; side-channel attacks; Correlation power analyse attack; Register; Correlation; Correlation power analysis attacks; Electric power utilization; Power consumption model; power consumption models; Power demands; Transition factors","","","","","","","","","","","","","","","","","","","","","","","","","","","","","","","","","","","","","","","","","","","","","","",""
"7K3SYV6F","journalArticle","2026","Vassoler, A.; Fernandes, G.; Kieslich, L.; Bezerra, E.; Pettenghi, H.","A New Strategy to Design Reconfigurable Rivest–Shamir–Adleman (RSA) Accelerators","International Journal of Circuit Theory and Applications","","00989886 (ISSN)","10.1002/cta.70344","https://www.scopus.com/pages/publications/105029659054?origin=resultslist","Ensuring security and processing speed are crucial attributes in today's computing applications. One of the most commonly used encryption systems is the Rivest–Shamir–Adleman (RSA), whose strength lies in the difficulty of breaking its keys. However, to continue guaranteeing adequate levels of protection, the size of these keys tends to grow over time, resulting in more complex encryption/decryption processes and longer operating times. This paper describes an RSA cryptographic accelerator soft-core as an alternative to state-of-the-art implementations solely based on efficient Montgomery modular executions. The proposed solution utilizes compression-based modular multipliers to handle the complexity of the modular-exponentiation operations. Furthermore, we further enhance performance by introducing a pseudomodulo strategy for processing the information in more efficient hardware (i.e., (Formula presented.)) and then correcting the results back to the original modulo (Formula presented.). The system was implemented using the MAX 10 10M50DAF484C7G FPGA and was integrated into a NEORV32 RISC-V core. Results show that the new compression-based multipliers, particularly with the use of pseudomoduli, provide significantly higher gains in terms of delay, delay (Formula presented.) logic elements, and execution time than approaches based on direct modulo multiplication and with the state of the art based on Montgomery multiplication. © 2026 The Author(s). International Journal of Circuit Theory and Applications published by John Wiley & Sons Ltd.","2026","2026-05-02 11:42:36","2026-05-02 11:42:36","","","","","","","Int J Circuit Theory Appl","","","","","","John Wiley and Sons Ltd","","English","","","Scopus","","","","","<p>Export Date: 02 May 2026; Cited By: 0; Correspondence Address: L. Kieslich; Department of Electrical and Electronic Engineering, Federal University of Santa Catarina (UFSC), Santa Catarina, Brazil; email: lucas.kieslich@posgrad.ufsc.br; CODEN: ICTAC</p>","","","Hardware security; Acceleration; Field programmable gate arrays (FPGA); FPGA; Integrated circuit design; State of the art; Cryptography; Particle accelerators; Multiplying circuits; Reconfigurable; Reconfigurable hardware; Data privacy; Hardware accelerators; RISC-V; Computation theory; hardware accelerator; Circuit theory; cryptography; Circuit application; Compression-based multiplier; compression-based multipliers; International journals; modular exponentiation; Modular Exponentiation; Montgomery modular multiplication; Rivest-shamir-adleman","","","","","","","","","","","","","","","","","","","","","","","","","","","","","","","","","","","","","","","","","","","","","","",""
"AGAX26MQ","conferencePaper","2026","Hosmani, S.G.; Raja Sekar, K.; Raveendran, A.; Desalphine, V.; Hari Babu, P.; Sudarsan, S.D.","BHARAT-TPM: Micro-Architecture Design of Scalable Hardware Random Number Generator for a RISC-V Trusted Platform Module","Proc. - Int. Conf. VLSI Des. Int. Conf. Embedded Syst., VLSID","979-833159040-6 (ISBN)","","10.1109/VLSID68508.2026.00033","https://www.scopus.com/pages/publications/105036862881?origin=resultslist","Trusted Platform Modules (TPMs) are widely used in modern digital systems to provide a Root-of-Trust and support for various security applications. Random number generation plays a crucial role in secure applications such as message authentication, digital signatures, pseudo-random number generation, and cryptographic key derivation. Dedicated hardware accelerators for random number generation enhances the performance of cryptographic operations in TPMs. With the rise of RISC-V open-source architectures, integrating cryptographic accelerators into TPMs is vital for secure embedded designs. In this context, this paper presents a high-performance, AXI enabled Random Number Generator (RNG) hardware accelerator is integrated into an indigenous RISC-V based, named BHARAT-TPM. The RNG micro-architecture has been validated for compliance with NIST SP800-90B and supports three output widths (128, 256, and 512 bits). The accelerator interfaces with the system through AXI-4 compliant control and data registers, ensuring seamless integration within RISC-V-based TPMs. The RNG accelerator is implemented in Verilog RTL and verified with NIST test vectors. The proposed accelerator is integrated with the BHARAT-TPM is prototyped on Xilinx Virtex UltraScale VCU118 FPGA devices and validated for TCG 2.0 commands. The proposed RNG accelerator achieves a frequency of 370 Mhz, demonstrating and suitability for high-speed cryptographic operations in TPM based security applications. © 2026 IEEE.","2026","2026-05-02 11:42:36","2026-05-02 11:42:36","","109-114","","","","","","","","","","","Institute of Electrical and Electronics Engineers Inc.","","English","","","Scopus","","","","Journal Abbreviation: Proc. - Int. Conf. VLSI Des. Int. Conf. Embedded Syst., VLSID","<p>Export Date: 02 May 2026; Cited By: 0</p>","","","Authentication; Hardware security; Network security; Electronic document identification systems; Acceleration; Integrated circuit design; Computer hardware; Software architecture; Cryptography; Architecture; Number theory; Particle accelerators; Random number generation; Programmable logic controllers; Reduced instruction set computing; RISC-V; Accelerator; Trusted Platform Module; Trusted computing; Random number generators; SoC; True randoms; Computer hardware description languages; Security application; BHARAT-TPM; BHARAT-trusted platform module; DRBG; Random Number Generator; True random number generator; True Random Number Generators; Trusted platforms","","","","","","","","","","","","","","","","","","","","","","","","","","","","","","","","Proceedings - 2026 39th International Conference on VLSI Design and 25th International Conference on Embedded Systems, VLSID 2026","","","","","","","","","","","","","","",""
"ELY2MTUG","conferencePaper","2025","Jabbeen, M.; Kumar, V.; Sen, R.","IoTCloak: Practical Integrity Checks of Machine Learning Inference Code and Models on Tiny IoT Devices","Sensors S P - Proc. Int. Workshop Secur. Priv. Sens. Syst., Cyber-Physical Syst. Internet-of-Things Week, CPS-IoT Week Workshops","979-840071612-6 (ISBN)","","10.1145/3722566.3727630","https://www.scopus.com/pages/publications/105007283192?origin=resultslist","IoT devices comprising single-core ARM Cortex-M micro-controllers were earlier used in simple interfacing boards for different sensors. They have come a long way and currently process sensor data using powerful Machine Learning (ML) models instead of offloading the computation tasks to more powerful devices. The ML boom has successfully penetrated these minuscule edge devices, which have started controlling important aspects of our lives (health and fitness, accessibility, financial transactions, etc.) and environment (smart homes, offices, cars, etc.). However, with increased capability comes increased risk of being attacked with malicious intent, especially because of the numerous vulnerabilities of the ubiquitous Bluetooth Low Energy (BLE) links between these IoT devices and the smartphone apps that control them. This paper presents a comprehensive study to analyze what kind of integrity checks, prevalent in embedded security literature using different hardware security features, are practical for these extremely low-compute devices. The goal is to minimally affect the performance of the ML applications, while improving system security by ensuring the integrity of the ML inference code and model. Using recent advances in ARM hardware security features for IoT platforms like cryptographic accelerators, TrustZone, debug watchpoints, etc., we implement and compare across a host of integrity check techniques, using real IoT ML applications on actual hardware platforms. © 2025 Copyright held by the owner/author(s).","2025","2026-05-02 11:42:36","2026-05-02 11:42:36","","17-21","","","","","","","","","","","Association for Computing Machinery, Inc","","English","","","Scopus","","","","Journal Abbreviation: Sensors S P - Proc. Int. Workshop Secur. Priv. Sens. Syst., Cyber-Physical Syst. Internet-of-Things Week, CPS-IoT Week Workshops","<p>Export Date: 02 May 2026; Cited By: 0</p>","","","Simple++; Digital arithmetic; Machine learning models; Sensors data; Machine-learning; Cortexes; Security features; Integrity check; Machine learning applications; Micro controller; Process sensor; Program debugging","","","","","","","","","","","","","","","","","","","","","","","","","","","","","","","","Sensors S and P 2025 - Proceedings of the 2nd International Workshop on Security and Privacy of Sensing Systems, 2025 Cyber-Physical Systems and Internet-of-Things Week, CPS-IoT Week 2025 Workshops","","","","","","","","","","","","","","",""
"6WHABP3U","journalArticle","2025","Khan, A.; Jayasudha, K.; Jagadeesan, M.","Privacy-Preserving Access Control for IoT Smart Homes Using Hyperledger Fabric Consortium Blockchain and Edge Computing on Raspberry Pi","Journal of VLSI Circuits and Systems","","25821458 (ISSN)","10.31838/JCVS/07.02.05","https://www.scopus.com/pages/publications/105030288161?origin=resultslist","The problem of privacy and security continues to be a challenge in smart home Internet of Things (IoT) environments, in which heterogeneous devices share sensitive information and execute autonomous behaviors. The paper offers a privacy-protecting access control architecture implemented using hardware acceleration (Raspberry Pi gateway) by means of Hyperledger Fabric consortium blockchain and a VLSI-based edge security unit implemented on a Raspberry Pi gateway. The proposed co-design, unlike the traditional cloud-based authentication, includes the low-power cryptographic accelerator, a secure identity engine designed in Physical Unclonable Function (PUF) and a hardware access-control pipeline synthesized with the 65 nm CMOS technology. These hardware components enhance blockchain-intensive functions such as SHA-256 hashing, AES-GCM encryption, certificate verification, and policy analysis, and minimize processing overhead that is commonly linked to blockchain-based IoT systems. The Hyperledger Fabric offers tamper-evident, decentralized access registration, and Raspberry Pi links with the custom accelerator through a hybrid software–hardware flow of execution. Experimental testing shows that it has lower authentication latency, throughput efficiency, and energy consumption compared to pure software-based blockchain validation. The hardware accelerator has a maximum of 61% lessening in transaction validation jolt and 47% power decrease when cryptographic tasks are performed. It improves privacy in that both the identity of the user, the control commands, and the records of authorization are stored and authenticated using hardware-bound cryptographic primitives and a distributed register. Hardware acceleration, blockchain consensus, and edge intelligence can ensure a high-quality solution to smart home access control, which is scalable. © 2025, Society for Communication and Computer Technologies. All rights reserved.","2025","2026-05-02 11:42:36","2026-05-02 11:42:36","","37-42","","2","7","","J. VLSI Circuits Syst.","","","","","","Society for Communication and Computer Technologies","","English","","","Scopus","","","","","<p>Export Date: 02 May 2026; Cited By: 0; Correspondence Address: A. Khan; Research Department of Computer Science, Thiruvalluvar Govt. Arts College, Rasipuram, Tamil Nadu, India; email: aurangazeb.k@cmr.edu.in</p>","","","Access Control; Blockchain Accelerator; Edge Computing; Hyperledger Fabric; PUF; Smart Home IOT; VLSI Security","","","","","","","","","","","","","","","","","","","","","","","","","","","","","","","","","","","","","","","","","","","","","","",""
"PXQQJJZA","journalArticle","2023","Su, G.; Bai, G.","Towards High-Performance Supersingular Isogeny Cryptographic Hardware Accelerator Design","Electronics (Switzerland)","","20799292 (ISSN)","10.3390/electronics12051235","https://www.scopus.com/pages/publications/85149784377?origin=resultslist","Cryptosystems based on supersingular isogeny are a novel tool in post-quantum cryptography. One compelling characteristic is their concise keys and ciphertexts. However, the performance of supersingular isogeny computation is currently worse than that of other schemes. This is primarily due to the following factors. Firstly, the underlying field is a quadratic extension of the finite field, resulting in higher computational complexity. Secondly, the strategy for large-degree isogeny evaluation is complex and dependent on the elementary arithmetic units employed. Thirdly, adapting the same hardware to different parameters is challenging. Considering the evolution of similar curve-based cryptosystems, we believe proper algorithm optimization and hardware acceleration will reduce its speed overhead. This paper describes a high-performance and flexible hardware architecture that accelerates isogeny computation. Specifically, we optimize the design by creating a dedicated quadratic Montgomery multiplier and an efficient scheduling strategy that are suitable for supersingular isogeny. The multiplier operates on (Formula presented.) under projective coordinate formulas, and the scheduling is tailored to it. By exploiting additional parallelism through replicated multipliers and concurrent isogeny subroutines, our 65 nm SMIC technology cryptographic accelerator can generate ephemeral public keys in 2.40 ms for Alice and 2.79 ms for Bob with a 751-bit prime setting. Sharing the secret key costs another 2.04 ms and 2.35 ms, respectively. © 2023 by the authors.","2023","2026-05-02 11:42:36","2026-05-02 11:42:36","","","","5","12","","Electronics (Switzerland)","","","","","","MDPI","","English","","","Scopus","","","","","<p>Export Date: 02 May 2026; Cited By: 3; Correspondence Address: G. Bai; School of Integrated Circuits, Tsinghua University, Beijing, 100084, China; email: baigq@tsinghua.edu.cn</p>","","","post-quantum cryptography; elliptic curve cryptography; application-specific integrated circuit; isogeny-based cryptography; Montgomery modular multiplier","","","","","","","","","","","","","","","","","","","","","","","","","","","","","","","","","","","","","","","","","","","","","","",""
"VVTEFV7M","journalArticle","2024","Tariq, O.; Dastagir, M.B.A.; Han, D.","Compact Walsh–Hadamard Transform-Driven S-Box Design for ASIC Implementations","Electronics (Switzerland)","","20799292 (ISSN)","10.3390/electronics13163148","https://www.scopus.com/pages/publications/85202651145?origin=resultslist","With the exponential growth of the Internet of Things (IoT), ensuring robust end-to-end encryption is paramount. Current cryptographic accelerators often struggle with balancing security, area efficiency, and power consumption, which are critical for compact IoT devices and system-on-chips (SoCs). This work presents a novel approach to designing substitution boxes (S-boxes) for Advanced Encryption Standard (AES) encryption, leveraging dual quad-bit structures to enhance cryptographic security and hardware efficiency. By utilizing Algebraic Normal Forms (ANFs) and Walsh–Hadamard Transforms, the proposed Register Transfer Level (RTL) circuitry ensures optimal non-linearity, low differential uniformity, and bijectiveness, making it a robust and efficient solution for ASIC implementations. Implemented on 65 nm CMOS technology, our design undergoes rigorous statistical analysis to validate its security strength, followed by hardware implementation and functional verification on a ZedBoard. Leveraging Cadence EDA tools, the ASIC implementation achieves a central circuit area of approximately 199 μm2. The design incurs a hardware cost of roughly 80 gate equivalents and exhibits a maximum path delay of 0.38 ns. Power dissipation is measured at approximately 28.622 μW with a supply voltage of 0.72 V. According to the ASIC implementation on the TSMC 65 nm process, the proposed design achieves the best area efficiency, approximately 66.46% better than state-of-the-art designs. © 2024 by the authors.","2024","2026-05-02 11:42:36","2026-05-02 11:42:36","","","","16","13","","Electronics (Switzerland)","","","","","","Multidisciplinary Digital Publishing Institute (MDPI)","","English","","","Scopus","","","","","<p>Export Date: 02 May 2026; Cited By: 1; Correspondence Address: O. Tariq; Korea Advanced Institute of Science and Technology—KAIST, Daejeon, 34141, South Korea; email: omertariq@kaist.ac.kr</p>","","","FPGA; AES; lightweight cryptography; algebraic normal forms (ANFs); Application Specific Integrated Circuit (ASIC); S-Box; Walsh–Hadamard transforms","","","","","","","","","","","","","","","","","","","","","","","","","","","","","","","","","","","","","","","","","","","","","","",""
"YDAJJUUB","conferencePaper","2022","Thompson, M.","UDS Security Access for Constrained ECUs","SAE Techni. Paper.","01487191 (ISSN)","","10.4271/2022-01-0132","https://www.scopus.com/pages/publications/85128028498?origin=resultslist","Legacy electronic control units are, nowadays, required to implement cybersecurity measures, but they often do not have all the elements that are necessary to realize industry-standard cybersecurity controls. For example, they may not have hardware cryptographic accelerators, segregated areas of memory for storing keys, or one-time programmable memory areas. Such systems must still be protected with a sufficient level of rigor against attackers who wish to modify their operation or extract confidential information from them. A critical interface to defend is the Unified Diagnostics Service (UDS) interface which is used in many areas across the whole vehicle lifecycle. While the UDS service $27 (Security Access) has a reputation for poor cybersecurity, there is nothing inherent in the way it operates which prevents a secure access-control from being implemented. This paper describes an approach to providing UDS Security Access within systems which have very constrained processors (in terms of processing power, memory size and, in particular, cybersecurity features) which can be applied to multiple vehicles across many manufacturers. It describes, in detail, methods for generating UDS-Seeds and UDS-Keys in the absence of a hardware security module (HSM) with a true-random number generator, and without use (by the user who is requesting access) of IT-infrastructure. In addition, the problem of key-management and distribution is tackled head-on and not left as an implementation detail. A threat analysis has been performed (according to ISO/SAE 21434) using model-based tools, the results of which are presented in this paper. The constraints (some of which make it difficult to properly secure certain key material) result in risks which become clear in the threat analysis. Potential future users of this scheme can use this analysis to assess the residual risks in their own applications. © 2022 ZF Automotive UK Ltd.","2022","2026-05-02 11:42:36","2026-05-02 11:42:36","","","","2022","","","","","","","","","SAE International","","English","","","Scopus","","","","Journal Abbreviation: SAE Techni. Paper.","<p>Export Date: 02 May 2026; Cited By: 3; Correspondence Address: M. Thompson; ZF Automotive UK Ltd, United Kingdom; email: martin.j.thompson@zf.com</p>","","","Cryptography; Number theory; Random number generation; Cyber security; Cybersecurity; Risk assessment; Access control; Automotive industry; Cryptographic accelerators; Confidential information; Diagnostic services; Electronics control unit; Industry standards; Life cycle; One-time programmable memory; Security access; Service security; Threats analysis","","","","","","","","","","","","","","","","","","","","","","","","","","","","","","","","SAE Technical Papers","","","","","","","","","","","","","","",""
"BT5NCMSV","conferencePaper","2020","Banerjee, U.; Das, S.; Chandrakasan, A.P.","Accelerating post-quantum cryptography using an energy-efficient TLS crypto-processor","Proc IEEE Int Symp Circuits Syst","02714310 (ISSN); 978-172813320-1 (ISBN)","","","https://www.scopus.com/pages/publications/85109269984?origin=resultslist","Post-quantum cryptography (PQC) is currently a growing area of research and NIST PQC Round 2 schemes are being actively analyzed and optimized for both security and efficiency. In this work, we repurpose the cryptographic accelerators in an energy-efficient pre-quantum TLS crypto-processor to implement post-quantum key encapsulation schemes SIKE, Frodo and ThreeBears and signature scheme SPHINCS+. We utilize the modular arithmetic unit inside the elliptic curve cryptography accelerator to implement SIKE, while we use the AES-256 and SHA2-256 hardware primitives to substitute SHA3-256 and SHAKE-256 computations and accelerate the other three protocols. We accelerate the most computationally expensive components of these PQC protocols in hardware, thereby achieving up to an order of magnitude improvement in energy-efficiency over software implementations. © 2020 IEEE","2020","2026-05-02 11:42:36","2026-05-02 11:42:36","","","","","2020-October","","","","","","","","Institute of Electrical and Electronics Engineers Inc.","","English","","","Scopus","","","","Journal Abbreviation: Proc IEEE Int Symp Circuits Syst","<p>Export Date: 02 May 2026; Cited By: 20; Correspondence Address: ; ; CODEN: PICSD</p>","","","Hardware security; Post quantum cryptography; Quantum cryptography; Quantum efficiency; Signature Scheme; Public key cryptography; Energy efficiency; Energy efficient; Software implementation; Elliptic curve cryptography; Crypto-processor; Cryptographic accelerators; Modular arithmetic","","","","","","","","","","","","","","","","","","","","","","","","","","","","","","","","Proceedings - IEEE International Symposium on Circuits and Systems","","","","","","","","","","","","","","",""
"6B8QNYME","conferencePaper","2023","Harrison, W.; Blumenfeld, I.; Bond, E.; Hathhorn, C.; Li, P.; Torrence, M.; Ziegler, J.","Formalized High Level Synthesis with Applications to Cryptographic Hardware","Lect. Notes Comput. Sci.","03029743 (ISSN); 978-303133169-5 (ISBN)","","10.1007/978-3-031-33170-1_20","https://www.scopus.com/pages/publications/85163941283?origin=resultslist","Verification of hardware-based cryptographic accelerators connects a low-level RTL implementation to the abstract algorithm itself; generally, the more optimized for performance an accelerator is, the more challenging its verification. This paper introduces a verification methodology, model validation, that uses a formalized high-level synthesis language (FHLS) as an intermediary between algorithm specification and hardware implementation. The foundation of our approach to model validation is a mechanized denotational semantics for the ReWire HLS language. Model validation proves the faithfulness of FHLS models to the RTL implementation and we summarize a model validation case study for a suite of pipelined Barrett multipliers. © 2023, The Author(s), under exclusive license to Springer Nature Switzerland AG.","2023","2026-05-02 11:42:36","2026-05-02 11:42:36","","332-352","","","13903 LNCS","","","","","","","","Springer Science and Business Media Deutschland GmbH","","English","","","Scopus","","","","Journal Abbreviation: Lect. Notes Comput. Sci.","<p>Export Date: 02 May 2026; Cited By: 0; Correspondence Address: W. Harrison; Two Six Technologies, Inc., Arlington, 901 N. Stuart Road, 22203, United States; email: william.harrison@twosixtech.com</p>","","","High level languages; Performance; Cryptography; Cryptographic systems; Semantics; High level synthesis; Cryptographic hardware; High-level synthesis; Cryptographic accelerators; Abstract algorithm; Automated theorem proving; Model validation; Programming language and model; Programming languages and models; Verifying cryptographic system; Verifying cryptographic systems","","Rozier K.Y.; Chaudhuri S.","","","","","","","","","","","","","","","","","","","","","","","","","","","","","","Lecture Notes in Computer Science (including subseries Lecture Notes in Artificial Intelligence and Lecture Notes in Bioinformatics)","","","","","","","","","","","","","","",""
"5K9XZM2G","conferencePaper","2024","Nguyen, H.H.; Luan, P.H.; Vu, T.H.; Tran, V.D.; Duong Le, V.T.; Lam, D.K.; Tran, T.D.; Nakashima, Y.","Hator: A High-Efficiency CGRA-Based 32/64-Bit Hashing Accelerator with Real-Time Performance Analysis","Proc. - IEEE Int. Symp. Embed. Multicore/Many-core Syst.-on-Chip, MCSoC","979-833153047-1 (ISBN)","","10.1109/MCSoC64144.2024.00033","https://www.scopus.com/pages/publications/85217085708?origin=resultslist","Developing hashing hardware to support diverse 32-bit and 64-bit hash functions at high speed and with low power consumption is necessary to meet the varied security requirements in the rapid explosion of blockchain and IoT integration. Over the past decade, a coarse-grained reconfigurable array (CGRA) has emerged as the most efficient hardware architecture to facilitate high flexibility, high performance, and low power for cryptography. However, existing CGRA-based cryptographic accelerators currently support only 32-bit hash functions and lack real-time performance evaluation on actual hardware. To address these issues, this paper proposes a CGRA-based hashing accelerator named Hator to support a variety of 32-bit and 64-bit hash functions with high speed and energy efficiency on actual FPGA hardware. Three new ideas are proposed to achieve these goals, including the Processing Element Array eXtension (PEAX), which allows data processing with up to 64-bit granularity; a dual Arithmetic Logic Unit (ALU) to maximize hardware resources for both 32-bit and 64-bit operations; and a massive data processing mechanism with multiple pipelined working sessions for efficient calculating of large amounts of continuous data. Accordingly, the real-time performance analysis of Hator on various hash functions shows that the power-delay product (PDP) of the Hator is better than that of powerful CPUs by 8.08-42.49 times. Additionally, evaluations on ASICs with 45nm CMOS technology show that the Hator outperforms existing CGRAs by 1.77 to 3.49 times in throughput and 1.37 to 20.42 times in energy efficiency. © 2024 IEEE.","2024","2026-05-02 11:42:36","2026-05-02 11:42:36","","137-144","","","","","","","","","","","Institute of Electrical and Electronics Engineers Inc.","","English","","","Scopus","","","","Journal Abbreviation: Proc. - IEEE Int. Symp. Embed. Multicore/Many-core Syst.-on-Chip, MCSoC","<p>Export Date: 02 May 2026; Cited By: 0</p>","","","Hardware security; Network security; FPGA; ASIC; Energy; Reconfigurable architectures; Reconfigurable hardware; Pipeline processing systems; Higher efficiency; Bitcoin; Block-chain; Performances analysis; Security requirements; Gluing; CMOS integrated circuits; High Speed; CGRA; Lower-power consumption; Coarse-grained reconfigurable arrays; Ferroelectric RAM; hash function; Low-power consumption; Real time performance","","","","","","","","","","","","","","","","","","","","","","","","","","","","","","","","Proceedings - 2024 IEEE 17th International Symposium on Embedded Multicore/Many-core Systems-on-Chip, MCSoC 2024","","","","","","","","","","","","","","",""
"BRE8CUNZ","journalArticle","2021","Zhang, Z.; Wang, X.; Hao, Q.; Xu, D.; Zhang, J.; Liu, J.; Ma, J.","High-efficiency parallel cryptographic accelerator for real-time guaranteeing dynamic data security in embedded systems","Micromachines","","2072666X (ISSN)","10.3390/mi12050560","https://www.scopus.com/pages/publications/85106980998?origin=resultslist","Dynamic data security in embedded systems is raising more and more concerns in nu-merous safety-critical applications. In particular, the data exchanges in embedded Systems-on-Chip (SoCs) using main memory are exposing many security vulnerabilities to external attacks, which will cause confidential information leakages and program execution failures for SoCs at key points. Therefore, this paper presents a security SoC architecture with integrating a four-parallel Advanced Encryption Standard-Galois/Counter Mode (AES-GCM) cryptographic accelerator for achieving high-efficiency data processing to guarantee data exchange security between the SoC and main memory against bus monitoring, off-line analysis, and data tampering attacks. The architecture design has been implemented and verified on a Xilinx Virtex-5 Field Programmable Gate Array (FPGA) platform. Based on evaluation of the cryptographic accelerator in terms of performance overhead, security capability, processing efficiency, and resource consumption, experimental results show that the parallel cryptographic accelerator does not incur significant performance overhead on providing confidentiality and integrity protections for exchanged data; its average performance overhead reduces to as low as 2.65% on typical 8-KB I/D-Caches, and its data processing efficiency is around 3 times that of the pipelined AES-GCM construction. The reinforced SoC under the data tampering attacks and benchmark tests confirms the effectiveness against external physical attacks and satisfies a good trade-off between high-efficiency and hardware overhead. © 2021 by the authors. Licensee MDPI, Basel, Switzerland.","2021","2026-05-02 11:42:36","2026-05-02 11:42:36","","","","5","12","","Micromachines","","","","","","MDPI AG","","English","","","Scopus","","","","","<p>Export Date: 02 May 2026; Cited By: 10; Correspondence Address: X. Wang; School of Electronic and Information Engineering, Beihang University, Beijing, 100191, China; email: wxiang@buaa.edu.cn</p>","","","Hardware security; Field programmable gate arrays (FPGA); Cryptography; Benchmarking; Embedded systems; Real time systems; Memory architecture; System-on-chip; Pipeline processing systems; Data privacy; Economic and social effects; Efficiency; Programmable logic controllers; Safety engineering; Cryptographic accelerators; Electronic data interchange; SoC; Advanced Encryption Standard; Cryptographic accelerator; Confidential information; AES-GCM; Architecture designs; Dynamic data security; Integrity protection; Resource consumption; Safety critical applications; Security vulnerabilities","","","","","","","","","","","","","","","","","","","","","","","","","","","","","","","","","","","","","","","","","","","","","","",""
"RK4LBDTJ","conferencePaper","2024","Nannipieri, P.; Di Matteo, S.; Crocetti, L.; Zulberti, L.; Fanucci, L.; Saponara, S.","Cycle-Accurate Verification of the Cryptographic Co-Processor for the European Processor Initiative","Lect. Notes Electr. Eng.","18761100 (ISSN); 978-303148120-8 (ISBN)","","10.1007/978-3-031-48121-5_54","https://www.scopus.com/pages/publications/85184113875?origin=resultslist","This paper presents a cycle-accurate verification environment for the Crypto-Tile, a cryptographic accelerator integrated into the EPI General Purpose Processor. The focus of this work is to provide a robust methodology for validating the functionality and performance of the Crypto-Tile. The verification environment includes an in-depth examination of the internal architecture and operational aspects of the Crypto-Tile, allowing for accurate modelling of hardware components and emulation of Direct Memory Access (DMA) operations. Developers can leverage this environment to simulate and verify their C-Code implementations, utilizing the functions available in the Crypto-Tile library or creating custom libraries. The verification process involves using the 32-bit AXI4 interface for communication between the processor and the Crypto-Tile while emulating DMA operations to ensure accurate testing. © The Author(s), under exclusive license to Springer Nature Switzerland AG 2024.","2024","2026-05-02 11:42:36","2026-05-02 11:42:36","","378-385","","","1110 LNEE","","","","","","","","Springer Science and Business Media Deutschland GmbH","","English","","","Scopus","","","","Journal Abbreviation: Lect. Notes Electr. Eng.","<p>Export Date: 02 May 2026; Cited By: 0; Correspondence Address: P. Nannipieri; Deparment of Information Engineering, University of Pisa, Pisa, Via G. Caruso 16, Italy; email: pietro.nannipieri@unipi.it</p>","","","Hardware; Cryptography; Memory architecture; C (programming language); Verification; RISC-V; Crypto-processor; General purpose computers; AES; ECC; Cryptoprocessor; Cycle accurate; Cycle-accurate; EPI; RNG; SHA; Verification environment","","Bellotti F.; Grammatikakis M.D.; Mansour A.; Ruo Roch M.; Seepold R.; Solanas A.; Berta R.","","","","","","","","","","","","","","","","","","","","","","","","","","","","","","Lecture Notes in Electrical Engineering","","","","","","","","","","","","","","",""
"UI3B94QJ","journalArticle","2024","Batmaz, B.; Doğan, A.","Accelerating DTLS on SoC FPGA for secure IoT applications","Internet of Things (The Netherlands)","","25426605 (ISSN)","10.1016/j.iot.2024.101423","https://www.scopus.com/pages/publications/85209692469?origin=resultslist","In the realm of embedded systems and IoT, efficiency and security are among paramount challenges. Datagram Transport Layer Security (DTLS) plays a crucial role in securing IoT communication, but it often imposes significant computational overhead. Stemming from these observations, this study introduces an innovative solution using an System-on-Chip (SoC) Field Programmable Gate Array (FPGA) to address these challenges. Notably, the study effectively demonstrates the integration of DTLS acceleration into the IoT network stack, utilizing the inherent Application-Specific Integrated Circuit (ASIC) cryptographic accelerators embedded within the SmartFusion2 SoC FPGA. The detailed experiments have been conducted for the comparison of the developed hardware with a software implementation of DTLS. The results are remarkable, showcasing substantial gains in key metrics. These improvements include a performance increase of 8 times, a latency reduction of 8.1 times, and a decrease in power consumption of 1.5 times. In summary, this study highlights the crucial role of hardware acceleration, enabled by heterogeneous computing units on a single chip, in enhancing IoT security. The findings underscore the value of SoC FPGAs as an a practical solution for enabling secure IoT communication across a spectrum of IoT applications. © 2024 Elsevier B.V.","2024","2026-05-02 11:42:36","2026-05-02 11:42:36","","","","","28","","Internet. Thing.","","","","","","Elsevier B.V.","","English","","","Scopus","","","","","<p>Export Date: 02 May 2026; Cited By: 3; Correspondence Address: B. Batmaz; Eskisehir Technical University, Eskisehir, Department of Electrical and Electronics Engineering, 26555, Turkey; email: burakbatmaz@eskisehir.edu.tr</p>","","","Hardware acceleration; Internet of Things; Data security; SoC FPGA","","","","","","","","","","","","","","","","","","","","","","","","","","","","","","","","","","","","","","","","","","","","","","",""
"9GYRNJA4","journalArticle","2021","Seo, S.C.","SIKE on GPU: Accelerating Supersingular Isogeny-Based Key Encapsulation Mechanism on Graphic Processing Units","IEEE Access","","21693536 (ISSN)","10.1109/ACCESS.2021.3106551","https://www.scopus.com/pages/publications/85113334273?origin=resultslist","Since the introduction of the Supersingular isogeny Diffie–Hellman (SIDH) key exchange protocol by Jao and de Feo in 2011, it and its variation (SIKE) have gained significant attention as a promising candidate for post-quantum cryptography (PQC). Until now, even though several implementations of the state-of-the-art SIKE mechanism were presented on CPUs and embedded MCUs, there was no consideration of implementing SIKE on parallel graphic processing units (GPUs). With the advent of the IoT era, a number of IT devices will communicate with application servers. Thus, developing efficient instance of SIKE on server sides is also important. GPUs have been considered as a promising candidate for a cryptographic accelerator. In this paper, we present an efficient implementation of Supersingular Isogeny Key Encapsulation (SIKE) mechanism on GPUs. Even though SIKE has fascinating advantages of much smaller key and ciphertext sizes compared with other NIST PQC candidates, its computational overhead is extremely high. Until now, a large amount of research has been conducted for enhancing the performance of SIKE with respect to software on typical CPU and embedded MCUs and hardware optimization on ASIC and FPGA. However, generic software optimization utilizing GPUs has not been considered yet. We target the GPU implementation of SIKEp503 security parameters which provides the security level 2 (At least as difficult to break as SHA256). For efficiency, we optimize the underlying field arithmetic, especially field multiplication and reduction over p503 = 22503159 − 1 and take full advantage of the properties of GPU architecture including memory hierarchy. The proposed GPU software based on RTX2080Ti provides around 36376.61 KeyGens/s, 25603.72 Encaps/s, and 22211.61 Decaps/s. These are about 140.64, 157.66, and 146.81 times of improvements to the SIKE CPU Software on Intel i9-10900K CPU, respectively. As far as we know, this is the first efficient implementation of SIKE software on GPU side. © 2021 Institute of Electrical and Electronics Engineers Inc.. All rights reserved.","2021","2026-05-02 11:42:36","2026-05-02 11:42:36","","116731-116744","","","9","","IEEE Access","","","","","","Institute of Electrical and Electronics Engineers Inc.","","English","","","Scopus","","","","","<p>Export Date: 02 May 2026; Cited By: 12; Correspondence Address: S.C. Seo; Department of Financial Information Security, Kookmin University, Seoul, 02707, South Korea; email: scseo@kookmin.ac.kr</p>","","","Post quantum cryptography; Quantum cryptography; Microcontrollers; Memory architecture; Software; Program processors; NIST; Security; Optimisations; Computer graphics equipment; Graphics processing unit; Parallel processing; Efficient implementation; Computer graphics; cloud computing; Cloud-computing; post quantum cryptography; Graphic processing unit; efficient implementation; Graphic processing units (GPU); parallel processing; SIKE; supersingular isogeny; Supersingular isogeny; Supersingular isogeny key encapsulation","","","","","","","","","","","","","","","","","","","","","","","","","","","","","","","","","","","","","","","","","","","","","","",""
"798MWAWZ","conferencePaper","2025","Bolat, A.; Sezer, S.; Mclaughlin, K.; Hui, H.","Microarchitecture Design and Benchmarking of Custom SHA-3 Instruction for RISC-V","Proc. IEEE Comput. Soc. Annu. Symp., on VLSI, ISVLSI","21593469 (ISSN); 979-833153477-6 (ISBN)","","10.1109/ISVLSI65124.2025.11130308","https://www.scopus.com/pages/publications/105016201441?origin=resultslist","Integrating cryptographic accelerators into modern CPU architectures presents unique microarchitectural challenges, particularly when extending instruction sets with complex and multistage operations. Hardware-assisted cryptographic instructions, such as Intel's AES-NI and ARM's custom instructions for encryption workloads, have demonstrated substantial performance improvements. However, efficient SHA-3 acceleration remains an open problem due to its distinct permutation-based structure and memory access patterns. Existing solutions primarily rely on standalone coprocessors or software optimizations, often avoiding the complexities of direct microarchitectural integration. This study investigates the architectural challenges of embedding a SHA-3 permutation operation as a custom instruction within a general-purpose processor, focusing on pipelined simultaneous execution, storage utilization, and hardware cost. In this paper, we investigated and prototyped a SHA-3 custom instruction for the RISC-V CPU architecture. Using cycle-accurate GEM5 simulations and FPGA prototyping, our results demonstrate performance improvements of up to 8.02× for RISC-V optimized SHA-3 software workloads and up to 46.31× for Keccak-specific software workloads, with only a 15.09% increase in registers and a 11.51% increase in LUT utilization. These findings provide critical insights into the feasibility and impact of SHA-3 acceleration at the microarchitectural level, highlighting practical design considerations for future cryptographic instruction set extensions.  © 2025 IEEE.","2025","2026-05-02 11:42:36","2026-05-02 11:42:36","","","","","","","","","","","","","IEEE Computer Society","","English","","","Scopus","","","","Journal Abbreviation: Proc. IEEE Comput. Soc. Annu. Symp., on VLSI, ISVLSI","<p>Export Date: 02 May 2026; Cited By: 1</p>","","","Hardware security; Integrated circuit design; Performance; Computer hardware; Cryptography; Benchmarking; Architecture; Memory architecture; CryptoGraphics; Software prototyping; Reduced instruction set computing; Custom instruction; Instruction set; Hardware-assisted; Cryptographic accelerators; Complex operations; CPU architecture; Micro-architecture design; Multi-stage operation","","","","","","","","","","","","","","","","","","","","","","","","","","","","","","","","Proceedings of IEEE Computer Society Annual Symposium on VLSI, ISVLSI","","","","","","","","","","","","","","",""
"5PBZJC4K","journalArticle","2023","Liu, R.; Zhang, X.; Xie, Z.; Wang, X.; Li, Z.; Chen, X.; Han, Y.; Tang, M.","FeCrypto: Instruction Set Architecture for Cryptographic Algorithms Based on FeFET-Based In-Memory Computing","IEEE Transactions on Computer-Aided Design of Integrated Circuits and Systems","","02780070 (ISSN)","10.1109/TCAD.2022.3233736","https://www.scopus.com/pages/publications/85147218393?origin=resultslist","Recently, computing-in-memory (CiM) becomes a promising technology for alleviating the memory wall bottleneck. CiM is suitable for data-intensive applications, especially, cryptographic algorithms. Most current cryptographic accelerators are specific to a single function. It is expensive to accelerate different cryptographic algorithms with different accelerators. In this work, we first introduce a CiM architecture FeMIC that supports multioperand CiM operations, by exploring advantages of state-of-the-art ferroelectric field-effect transistors. Based on that, we propose a novel instruction set together with an accelerator architecture named FeCrypto which supports the acceleration of various cryptographic algorithms. Evaluation results show that FeCrypto has better performance and energy efficiency than software implementations. The energy-delay product (EDP) of FeCrypto is 118.4× and 1.93× lower than that of the dedicated AES accelerator AIM that is built based on phase-change memories (PCMs) and magnetic random-access memories (MRAMs), respectively. EDP is reduced by 44.7× compared with PCM-based EIM, a recent AES accelerator. Compared with MRAM-based EIM, the EDP overhead of FeCrypto for supporting multiple functions is 23.2%. © 2023 IEEE.","2023","2026-05-02 11:42:36","2026-05-02 11:42:36","","2889-2902","","9","42","","IEEE Trans Comput Aided Des Integr Circuits Syst","","","","","","Institute of Electrical and Electronics Engineers Inc.","","English","","","Scopus","","","","","<p>Export Date: 02 May 2026; Cited By: 6; Correspondence Address: X. Chen; Institute of Computing Technology, Chinese Academy of Sciences, Beijing, 100190, China; email: chenxiaoming@ict.ac.cn; M. Tang; School of Materials Science and Engineering, Xiangtan University, Hunan, 411105, China; email: tangminghua@xtu.edu.cn; CODEN: ITCSD</p>","","","Hardware acceleration; Cryptography; Energy efficiency; Cryptographic algorithms; Memory architecture; Computation theory; Instruction set architecture; Register; Computing-in-memory; Computing-in-memory (CiM); cryptographic algorithm; Energy delay product; FeFET; ferroelectric field-effect transistor (FeFET); Ferroelectric fieldeffect transistors (FeFET); Ferroelectricity; Flowchart; instruction set architecture (ISA); MRAM devices; Phase change memory; Phase-change memory","","","","","","","","","","","","","","","","","","","","","","","","","","","","","","","","","","","","","","","","","","","","","","",""
"AXKANYZQ","conferencePaper","2025","Elsadek, I.; Tawfik, E.","A Tampering Attack on ASCON with Hardware Trojans","Proc. Int. Conf. Microelectron. ICM","23327014 (ISSN); 979-833159370-4 (ISBN)","","10.1109/ICM66518.2025.11322497","https://www.scopus.com/pages/publications/105032478722?origin=resultslist","The globalization of chip supply chain has heightened risks to hardware designs. Cryptographic accelerators, essential for securing communication and data storage, are particularly vulnerable. One major threat is hardware Trojans, which can be exploited to leak sensitive information like encryption keys. This work examines ASCON, the newly chosen Lightweight Cryptography (LWC) standard, the study highlights ASCON vulnerability to a proposed tampering attack. The attack involves embedding a hardware Trojan into the netlist by an untrusted foundry that has access to the design layout and mask information, enabling the addition of the Trojan. When activated, the hardware Trojan alters the datapath, granting direct access to the secret key. Trojan embeds the payload at the tag generation hardware, propagating the key to the output port. The proposed tampering attack using a hardware Trojan is applied to ASCON design to demonstrate its feasibility by showing area and power overhead. Both baseline and tampered ASCON designs are implemented using three different CMOS technologies. The results indicate an area and power overhead of approximately 0.6 to 2.5%, making detection challenging. © 2025 IEEE.","2025","2026-05-02 11:42:36","2026-05-02 11:42:36","","","","","","","","","","","","","Institute of Electrical and Electronics Engineers Inc.","","English","","","Scopus","","","","Journal Abbreviation: Proc. Int. Conf. Microelectron. ICM","<p>Export Date: 02 May 2026; Cited By: 0</p>","","","Hardware security; Integrated circuit design; Cryptography; Light-weight cryptography; Digital storage; Information leakage; Malware; Area overhead; Trojans; ASCON; HW attack; HW security; HW trojan; HW Trojan; Lightweight cryptography AEAD; LWC AEAD; Power overhead; Tampering attacks","","","","","","","","","","","","","","","","","","","","","","","","","","","","","","","","Proceedings of the International Conference on Microelectronics, ICM","","","","","","","","","","","","","","",""
"5ZQVXCKA","conferencePaper","2024","Musa, A.; Volante, F.; Parisi, E.; Barbierato, L.; Patti, E.; Bartolini, A.; Acquaviva, A.; Barchi, F.","TitanSSL: Towards Accelerating OpenSSL in a Full RISC-V Architecture Using OpenTitan Root-of-Trust","Lect. Notes Comput. Sci.","03029743 (ISSN); 978-303168605-4 (ISBN)","","10.1007/978-3-031-68606-1_11","https://www.scopus.com/pages/publications/85204515973?origin=resultslist","RISC-V open-hardware designs are emerging in cyber-physical systems and security-critical embedded platforms. Among them, OpenTitan emerged as an open-source silicon Root-of-Trust, which provides secure-boot and execution-integrity functionalities, exploiting its internal hardware accelerators. In this paper, we explore a novel exploitation of OpenTitan as a secure cryptographic accelerator. To this purpose, we designed TitanSSL, a secure software stack that offloads cryptographic tasks to OpenTitan, and we study the trade-offs between offloading overhead through the stack and the obtained computation speed-up. TitanSSL includes an OpenSSL backend, a Linux driver for communications, and an OpenTitan firmware. We executed TitanSSL on a cycle-accurate simulator of a RISC-V CVA6 application processor integrated with OpenTitan on the same System-on-Chip. We compared our implementation with a pure software version across different cryptographic payloads. Finally, we provide guidelines for the use of OpenTitan as a coprocessor in secure cyber-physical systems designs based on open-hardware architectures. © The Author(s), under exclusive license to Springer Nature Switzerland AG 2024.","2024","2026-05-02 11:42:36","2026-05-02 11:42:36","","169-183","","","14988 LNCS","","","","","","","","Springer Science and Business Media Deutschland GmbH","","English","","","Scopus","","","","Journal Abbreviation: Lect. Notes Comput. Sci.","<p>Export Date: 02 May 2026; Cited By: 1; Correspondence Address: A. Musa; Università di Bologna, Bologna, Via Zamboni, 33, 40126, Italy; email: Alberto.Musa@unibo.it</p>","","","Hardware security; Root of trusts; System-on-chip; CryptoGraphics; Hardware design; Cybe-physical systems; Cyber-physical systems; Coprocessor; Open source software; Firmware; Open hardware; RISC-V software stack; RISC-V Software Stack; Secure system; Secure Systems; Software Stack; Software stacks","","Ceccarelli A.; Trapp M.; Bondavalli A.; Bitsch F.","","","","","","","","","","","","","","","","","","","","","","","","","","","","","","Lecture Notes in Computer Science (including subseries Lecture Notes in Artificial Intelligence and Lecture Notes in Bioinformatics)","","","","","","","","","","","","","","",""
"KDLWE2K5","journalArticle","2026","Ramyavani, P.; Reddy, R.T.; Casheekar, A.; Panda, A.K.; Geethakumari, G.; Sahoo, S.K.","UPP-NTT: A Unified Parallel Pipelined NTT Accelerator for CRYSTALS-Kyber Post-Quantum Cryptography","IEEE Access","","21693536 (ISSN)","10.1109/ACCESS.2026.3679403","https://www.scopus.com/pages/publications/105034637134?origin=resultslist","In lattice-based post-quantum cryptographic schemes, the Number Theoretic Transform (NTT) is a core computational operation that enables efficient polynomial multiplication in algorithms such as CRYSTALS-Kyber. This work presents a Unified Parallel Pipelined NTT (UPP-NTT) accelerator optimized for CRYSTALS-Kyber. The proposed architecture integrates four parallel pipelined radix-2 butterfly functional units (BFUs) within a single reconfigurable datapath that supports both Forward NTT (FNTT) and Inverse NTT (INTT) operations. A shift-and-add-based Barrett reduction unit reduces dependence on DSP slices, while a conflict-free single-memory organization with a dedicated address generator enables deterministic access to coefficients and twiddle factors. These design choices result in a fully pipelined and parallelized architecture well suited for post-quantum computation. Implemented on a Virtex-7 FPGA, the proposed UPP-NTT completes one forward and one inverse NTT operation in 470 clock cycles at 166 MHz, corresponding to a latency of 2.8μs. Compared with the Flexible Parallel NTT (FP-NTT) and Unified NTT (Unif-NTT) architectures, the proposed design achieves a 3-3.6× reduction in execution time and up to 3.8× and 4.5× improvements in throughput per area, respectively. Furthermore, when evaluated against the same FP-NTT and Unif-NTT baselines, the architecture demonstrates approximately a 60% reduction in average area-time product (Avg-ATP), confirming its scalability and efficiency for FPGA-based post-quantum cryptographic accelerators.  © 2026 The Authors.","2026","2026-05-02 11:42:36","2026-05-02 11:42:36","","51093-51107","","","14","","IEEE Access","","","","","","Institute of Electrical and Electronics Engineers Inc.","","English","","","Scopus","","","","","<p>Export Date: 02 May 2026; Cited By: 0; Correspondence Address: P. Ramyavani; Department of Electrical and Electronics Engineering, Bits Pilani, Hyderabad Campus, Telangana, 500078, India; email: p20230036@hyderabad.bits-pilani.ac.in</p>","","","Post quantum cryptography; post-quantum cryptography; Quantum computers; Quantum cryptography; Quantum efficiency; Quantum theory; Post quantum; Acceleration; Field programmable gate arrays (FPGA); Hardware acceleration; Integrated circuit design; Architecture; Number theory; Memory architecture; Number-theoretic transforms; Computational efficiency; Crystals; Reconfigurable architectures; Number theoretic transform; CRYSTALS-kyber; CRYSTALS-Kyber; Lattice theory; Computation theory; Computer aided design; Parallel architectures; hardware acceleration; Inverse transforms; Pipelines; inverse NTT (INTT); Inverse number theoretic transform; Inverse numbers; Number theoretic transform (NTT); parallel and pipelined design; Parallel and pipelined design","","","","","","","","","","","","","","","","","","","","","","","","","","","","","","","","","","","","","","","","","","","","","","",""
"XFJL5B4R","journalArticle","2024","","IEEE Symposium on Low-Power and High-Speed Chips and Systems, COOL CHIPS 2024 - Proceedings","IEEE Symposium on Low-Power and High-Speed Chips and Systems, COOL CHIPS 2024 - Proceedings","","979-835038414-7 (ISBN)","","https://www.scopus.com/pages/publications/85194154850?origin=resultslist","The proceedings contain 16 papers. The topics discussed include: a low-power and real-time neural-rendering dense SLAM processor with 3-level hierarchical sparsity exploitation; reinforcement learning hardware accelerator using cache-based memoization for optimized Q-table selection; branch divergence-aware flexible approximating technique on GPUs; a 22 nm 10 TOPS mixed-precision neural network SoC for image processing with energy-efficient dilated convolution support; bit-separable radix-4 booth multiplier for power-efficient CNN accelerator; a microservice scheduler for heterogeneous resources on edge-cloud computing continuum; power-efficient acceleration of GCNs on coarse-grained linear arrays; and MRCA: multi-grained reconfigurable cryptographic accelerator for diverse security requirements.","2024","2026-05-02 11:42:36","2026-05-02 11:42:36","","","","","","","IEEE Symp. Low-Power High-Speed Chips Syst., COOL CHIPS - Proc.","","","","","","Institute of Electrical and Electronics Engineers Inc.","","English","","","Scopus","","","","","<p>Export Date: 02 May 2026; Cited By: 0</p>","","","","","","","","","","","","","","","","","","","","","","","","","","","","","","","","","","","","","","","","","","","","","","","","","",""
"87KK3SZY","journalArticle","2026","Kim, J.; Choi, H.; Woo, J.","SiOx-Based Probabilistic Bits Enabling Invertible Logic Gate for Cryptographic Applications","Advanced Intelligent Systems","","26404567 (ISSN)","10.1002/aisy.70365","https://www.scopus.com/pages/publications/105035497742?origin=resultslist","With the rapid proliferation of automotive and edge artificial intelligence applications, hardware-level security has become a critical concern, exposing intrinsic vulnerabilities of conventional deterministic logic systems. To address these limitations, we propose a cryptographic framework based on probabilistic bits (p-Bits) implemented with transistor-free Ti/SiOx/Ti threshold switching (TS) devices. In a 4 × 4 cross-point TS array, self-oscillation emerges as output voltage spikes whose probability follows a sigmoidal dependence on input amplitude, enabling experimentally tunable randomness. The intrinsic stochastic oscillation of the TS device under voltage pulses provides controllable entropy that forms the foundation for probabilistic logic operations. Based on this functionality, OR, AND, and XOR gates are constructed using experimentally extracted p-Bit models in MATLAB and Python. These gate configurations demonstrate invertible logic where fixed outputs constrain plausible input states, which is a drawback in conventional complementary metal–oxide semiconductor logic. Leveraging this invertibility, we design a p-Bit full-adder unit (pFA) capable of encryption and decryption of grayscale images within the same hardware module. A key-update mechanism is introduced to overcome limitations associated with static key-based encryption, improving security resilience. The pFA achieves reliable image recovery with high fidelity, establishing a versatile platform for secure and energy-efficient hardware cryptographic accelerators. © 2026 The Author(s). Advanced Intelligent Systems published by Wiley-VCH GmbH.","2026","2026-05-02 11:42:36","2026-05-02 11:42:36","","","","","","","Adv. Intell. Syst.","","","","","","John Wiley and Sons Inc","","English","","","Scopus","","","","","<p>Export Date: 02 May 2026; Cited By: 0; Correspondence Address: J. Woo; School of Electronic and Electrical Engineering, Kyungpook National University, Daegu, South Korea; email: jiyong.woo@knu.ac.kr</p>","","","Hardware security; Network security; Automotives; Cryptography; MATLAB; Probabilistics; Computer circuits; Logic gates; Intelligent systems; Computer system recovery; Cryptographic applications; cryptograph; Cryptograph; Full adders; logic gate; MOS devices; probabilistic bit; Probabilistic bit; probabilistic computing; Probabilistic computing; Probabilistic logics; SiO x; Switching devices; Threshold switching; Transistors","","","","","","","","","","","","","","","","","","","","","","","","","","","","","","","","","","","","","","","","","","","","","","",""
"ZCTRUQ35","conferencePaper","2025","Guha, S.; Guerrieri, A.","Precision Unwound: Fine-Tuning Loop Unrolling for Energy-Efficient FPGA-Based PQC Using HLS","Proc. - Int. Symp. Qual. Electron. Des., ISQED","19483287 (ISSN); 979-833150942-2 (ISBN)","","10.1109/ISQED65160.2025.11014311","https://www.scopus.com/pages/publications/105007537938?origin=resultslist","High-Level Synthesis (HLS) is a valuable tool for designing hardware accelerators for post-quantum cryptography (PQC). However, while mapping high-level code to hardware, the quality of the synthesized hardware in terms of latency, power, and area are sensitive to various design parameters and configurations, such as loop unrolling, pipelining, and dataflow optimizations. Previous efforts explored the effects of target frequency on the energy consumption of the generated hardware [1]. In this work, we explore the effects of loop unrolling on the execution time and energy efficiency of the final PQC accelerators. We demonstrate that, despite initial expectations, loop unrolling could worsen the performance and quality of designs in certain circumstances. © 2025 IEEE.","2025","2026-05-02 11:42:36","2026-05-02 11:42:36","","","","","","","","","","","","","IEEE Computer Society","","English","","","Scopus","","","","Journal Abbreviation: Proc. - Int. Symp. Qual. Electron. Des., ISQED","<p>Export Date: 02 May 2026; Cited By: 0</p>","","","Post quantum cryptography; Quantum cryptography; Hardware-software codesign; Power; Energy efficient; Hardware accelerators; High level synthesis; High-level synthesis; Design configurations; Fine tuning; Synthesised; Loop unrolling; Tuning loop","","","","","","","","","","","","","","","","","","","","","","","","","","","","","","","","Proceedings - International Symposium on Quality Electronic Design, ISQED","","","","","","","","","","","","","","",""
"DRRK5MPC","conferencePaper","2025","Jang, S.; Park, S.; Jeon, D.","Efficient Key Switching Accelerator for Fully Homomorphic Encryption","Proc Asia South Pac Des Autom Conf","21536961 (ISSN); 979-840070635-6 (ISBN)","","10.1145/3658617.3697770","https://www.scopus.com/pages/publications/105000446084?origin=resultslist","Fully Homomorphic Encryption (FHE) is a cryptosystem of the newest generation that allows limitless computation on encrypted data, enabling privacy-preserving computing in cloud services. While the Key Switching (KS) operation is the key bottleneck in FHE and has its unique, complex data access patterns, little attention has been given to maximizing efficiency for this particular key operation through dedicated hardware. This paper presents an efficient KS accelerator for FHE employing various design techniques on multiple levels. The proposed techniques lead to (i) an efficient modular multiplier showing 47.8% and 46.0% reduction each in area and power compared with naïve Barrett modular multiplier, lightweight NTT units with (ii) an efficient twiddle factor generator (TFG) reducing on-chip memory space for twiddle factors in NTT units from O(N) to O(logN) with minimal overhead and (iii) conflict-free addressing scheme to replace dual-port memories into single-port ones without performance degradation, and (iv) bandwidth-efficient core design leading to 38.7% lower external memory access compared with baseline. Implemented in a 28nm CMOS process, the design occupies 5.13×3.71mm2 and consumes 5.2 mJ per KS operation, achieving 11.0× acceleration of KS operation compared with the state-of-the-art CPU implementation and 12.7× higher energy efficiency in KS operation compared with state-of-the-art FHE processors or KS accelerators on various platforms. © 2025 Institute of Electrical and Electronics Engineers Inc.. All rights reserved.","2025","2026-05-02 11:42:36","2026-05-02 11:42:36","","1288-1294","","","","","","","","","","","Institute of Electrical and Electronics Engineers Inc.","","English","","","Scopus","","","","Journal Abbreviation: Proc Asia South Pac Des Autom Conf","<p>Export Date: 02 May 2026; Cited By: 0; Correspondence Address: S. Jang; Seoul National Univ., Seoul, South Korea; email: lamian2@snu.ac.kr</p>","","","Integrated circuit design; Lattice-based cryptography; State of the art; Energy efficiency; ASIC; Privacy by design; Privacy preserving; lattice-based cryptography; CMOS integrated circuits; Fully homomorphic encryption; Twiddle factor; Cryptographic accelerators; Modular multipliers; cryptographic accelerators; Encrypted data; fully homomorphic encryption; key switching; Key switching; privacy-preserving; Switching operations","","","","","","","","","","","","","","","","","","","","","","","","","","","","","","","","Proceedings of the Asia and South Pacific Design Automation Conference, ASP-DAC","","","","","","","","","","","","","","",""
"6PZMT7A4","journalArticle","2024","","Proceedings of the 13th International Workshop on Hardware and Architectural Support for Security and Privacy, HASP 2024","ACM International Conference Proceeding Series","","979-840071221-0 (ISBN)","","https://www.scopus.com/pages/publications/85212703258?origin=resultslist","The proceedings contain 7 papers. The topics discussed include: power side-channel malware detection; towards effective machine learning models for ransomware detection via low-level hardware information; from confidential computing to zero trust, come along for the (bumpy?) ride; security concerns in quantum machine learning as a service; TPU as cryptographic accelerator; analysis of Vivado implementation strategies regarding side-channel leakage for FPGA-based AES implementations; and cryptographic memory tagging: towards stateless integrity.","2024","2026-05-02 11:42:36","2026-05-02 11:42:36","","","","","","","ACM Int. Conf. Proc. Ser.","","","","","","Association for Computing Machinery","","English","","","Scopus","","","","","<p>Export Date: 02 May 2026; Cited By: 0</p>","","","","","","","","","","","","","","","","","","","","","","","","","","","","","","","","","","","","","","","","","","","","","","","","","",""
"EHH2FTLI","journalArticle","2025","Lee, K.; Ashok, M.; Maji, S.; Agrawal, R.; Joshi, A.; Yan, M.; Emer, J.S.; Chandrakasan, A.P.","Secure Machine Learning Hardware: Challenges and Progress [Feature]","IEEE Circuits and Systems Magazine","","1531636X (ISSN)","10.1109/MCAS.2024.3509376","https://www.scopus.com/pages/publications/85219125123?origin=resultslist","With the rising adoption of deep neural networks (DNNs) for commercial and high-stakes applications that process sensitive user data and make critical decisions, security concerns are paramount. An adversary can undermine the confidentiality of user input or a DNN model, mislead a DNN to make wrong predictions, or even render a machine learning application unavailable to valid requests. While security vulnerabilities that enable such exploits can exist across multiple levels of the technology stack that supports machine learning applications, the hardware-level vulnerabilities can be particularly problematic. In this article, we provide a comprehensive review of the hardware-level vulnerabilities affecting domain-specific DNN inference accelerators and recent progress in secure hardware design to address these. As domain-specific DNN accelerators have a number of differences compared to general-purpose processors and cryptographic accelerators where the hardware-level vulnerabilities have been thoroughly investigated, there are unique challenges and opportunities for secure machine learning hardware. We first categorize the hardware-level vulnerabilities into three scenarios based on an adversary's capability: 1) an adversary can only attack the off-chip components, such as the off-chip DRAM and the data bus; 2) an adversary can directly attack the on-chip structures in a DNN accelerator; and 3) an adversary can insert hardware trojans during the manufacturing and design process. For each category, we survey recent studies on attacks that pose practical security challenges to DNN accelerators. Then, we present recent advances in the defense solutions for DNN accelerators, addressing those security challenges with circuit-, architecture-, and algorithm-level techniques.  © 2001-2012 IEEE.","2025","2026-05-02 11:42:36","2026-05-02 11:42:36","","8-34","","1","25","","IEEE Circuits Syst. Mag.","","","","","","Institute of Electrical and Electronics Engineers Inc.","","English","","","Scopus","","","","","<p>Export Date: 02 May 2026; Cited By: 6; Correspondence Address: K. Lee; Massachusetts Institute of Technology, Department of Electrical Engineering and Computer Science, Cambridge, 02139, United States; email: kyungmi@mit.edu</p>","","","Hardware security; Side-channel attacks; Neural-networks; Particle accelerators; Computer viruses; Machine-learning; Digital storage; Fault injection attacks; Trojans; Machine learning applications; Deep neural network accelerator; DNN accelerators; Domain specific; fault injection attacks; hardware trojan; memory security; Memory security; Security challenges; sidechannel attacks","","","","","","","","","","","","","","","","","","","","","","","","","","","","","","","","","","","","","","","","","","","","","","",""
"PABQBR82","journalArticle","2022","Duran, C.; Roa, E.","A 10pJ/bit 256b AES-SoC Exploiting Memory Access Acceleration","IEEE Transactions on Circuits and Systems II: Express Briefs","","15497747 (ISSN)","10.1109/TCSII.2021.3126984","https://www.scopus.com/pages/publications/85127922547?origin=resultslist","Low-cost high-volume Internet of Things sensors require an end-to-end secure private-content exchange. Restricted energy and computing of system-on-a-chip for low-cost sensor applications drive lightweight hardware acceleration of security primitives. A trade-off between power and time needs to be achieved to develop such primitives. The main challenge is to handle memory transportation in the crypto-accelerator. Here we propose different approaches for AES-128/256 Sbox acceleration schemes. We designed a Sbox unit to be connected as a logic unit. The unit was tested as a RISC-V ISA instruction in the RISC-V processor to reduce software execution times. This unit was also included in an AES hardware core with direct memory access (DMA), which avoids using the main processor to access the data. We fabricated a RISC-V based 32-bit SoC in a standard 180nm CMOS technology that includes the Sbox calculation using pipeline and a pure-combinational approach. Measurement results indicate lower memory access and lower energy requirements than pure software approaches up to 100 times with a custom Sbox instruction. The AES core also provides a minimum energy consumption of 3.58 pJ/cycle. At its best, the combined SoC performs the encryption in active-mode with energy consumption of 9.7 pJ/bit. This solution offers up to three times energy savings compared to previously reported work. © 2004-2012 IEEE.","2022","2026-05-02 11:42:36","2026-05-02 11:42:36","","1612-1616","","3","69","","IEEE Trans. Circuits Syst. Express Briefs","","","","","","Institute of Electrical and Electronics Engineers Inc.","","English","","","Scopus","","","","","<p>Export Date: 02 May 2026; Cited By: 7; Correspondence Address: C. Duran; Integrated Systems Research Group - OnChip, Universidad Industrial de Santander, Bucaramanga, 680002, Colombia; email: ckristian.duran@correo.uis.edu.co</p>","","","Acceleration; Energy utilization; Cryptography; Energy; Memory architecture; System-on-chip; Software testing; End to end; Economic and social effects; Programmable logic controllers; Digital storage; RISC-V; Cost reduction; Computation theory; Custom instruction; Memory access; Cryptographic accelerators; AES; Low-costs; Energy conservation; cryptographic accelerators; Content exchange; custom instruction; High volumes","","","","","","","","","","","","","","","","","","","","","","","","","","","","","","","","","","","","","","","","","","","","","","",""
"SN2XBVCU","journalArticle","2026","Guan, Z.; Huang, H.; Yao, H.; Jia, Q.; Cheng, K.; Ge, M.; Yu, B.; Ma, C.","Privacy-Preserving Set Intersection Protocol Based on SM2 Oblivious Transfer","Computers","","2073431X (ISSN)","10.3390/computers15010044","https://www.scopus.com/pages/publications/105028696010?origin=resultslist","Private Set Intersection (PSI) is a fundamental cryptographic primitive in privacy-preserving computation and has been widely applied in federated learning, secure data sharing, and privacy-aware data analytics. However, most existing PSI protocols rely on RSA or standard elliptic curve cryptography, which limits their applicability in scenarios requiring domestic cryptographic standards and often leads to high computational and communication overhead when processing large-scale datasets. In this paper, we propose a novel PSI protocol based on the Chinese commercial cryptographic standard SM2, referred to as SM2-OT-PSI. The proposed scheme constructs an oblivious transfer-based Oblivious Pseudorandom Function (OPRF) using SM2 public-key cryptography and the SM3 hash function, enabling efficient multi-point OPRF evaluation under the semi-honest adversary model. A formal security analysis demonstrates that the protocol satisfies privacy and correctness guarantees assuming the hardness of the Elliptic Curve Discrete Logarithm Problem. To further improve practical performance, we design a software–hardware co-design architecture that offloads SM2 scalar multiplication and SM3 hashing operations to a domestic reconfigurable cryptographic accelerator (RSP S20G). Experimental results show that, for datasets with up to millions of elements, the presented protocol significantly outperforms several representative PSI schemes in terms of execution time and communication efficiency, especially in medium and high-bandwidth network environments. The proposed SM2-OT-PSI protocol provides a practical and efficient solution for large-scale privacy-preserving set intersection under national cryptographic standards, making it suitable for deployment in real-world secure computing systems. © 2026 by the authors.","2026","2026-05-02 11:42:36","2026-05-02 11:42:36","","","","1","15","","Comput.","","","","","","Multidisciplinary Digital Publishing Institute (MDPI)","","English","","","Scopus","","","","","<p>Export Date: 02 May 2026; Cited By: 0; Correspondence Address: Q. Jia; School of Computer Science and Technology, Harbin University of Science and Technology, Harbin, 150080, China; email: 2420410127@stu.hrbust.edu.cn</p>","","","Network security; Public key cryptography; Geometry; Computer software; CryptoGraphics; Privacy by design; Internet protocols; Software/hardware co designs; Privacy-preserving techniques; Large datasets; Data Sharing; Intersection protocols; Oblivious pseudorandom functions; Oblivious transfer; Privacy preserving set intersections; private set intersection; Private set intersection; Semi-honest adversaries; semi-honest adversary; Set intersection; SM2; software-hardware co-design","","","","","","","","","","","","","","","","","","","","","","","","","","","","","","","","","","","","","","","","","","","","","","",""
"PCK4ZSVH","conferencePaper","2021","Fan, G.; Zheng, F.; Dong, J.; Lin, J.; Gao, L.; Wei, R.; Wan, L.","SECCEG: A Secure and Efficient Cryptographic Co-processor Based on Embedded GPU System","Lect. Notes Comput. Sci.","03029743 (ISSN); 978-303086129-2 (ISBN)","","10.1007/978-3-030-86130-8_9","https://www.scopus.com/pages/publications/85115689712?origin=resultslist","With the rise of IoT, e-commerce, and 5G, the demands of secure communications and identity authentications dramatically increase, which largely rely on high-volume cryptographic computing. Meanwhile, driven by deep learning, the embedded GPU system is rapidly evolving. In this paper, we discuss the feasibility of turning the lightweight and energy efficient system into a cryptographic co-processor, where security and performance are two daunting challenges. From the aspect of security, we leverage the available resources in the embedded GPU system to achieve on-chip uninterrupted cryptographic computing, secure key storage, and trusted system bootstrapping. From the aspect of performance, targeting the prevailing digital signature algorithm Ed25519, we develop an entire framework to make full use of the system’s cryptographic computing power, including the Ed25519 implementation with embedded GPU acceleration and a high-performance network processing architecture. In Jetson Xavier and Jetson Xavier NX, we implement a prototype called SECCEG and conduct comprehensive experiments to evaluate its performance. SECCEG can serve as a network cryptographic accelerator via TCP/IP stack with 3.6 × 10 6 ops signature generation and 1.0 × 10 6 ops for signature verification. At the performance-power ratio, SECCEG achieves 122 kops/W and 35.6 kops/W for signature generation and verification, respectively, which is 1 to 2 multitude higher than ARM CPU, FPGA and discrete GPU implementations. © 2021, Springer Nature Switzerland AG.","2021","2026-05-02 11:42:37","2026-05-02 11:42:37","","107-122","","","12938 LNCS","","","","","","","","Springer Science and Business Media Deutschland GmbH","","English","","","Scopus","","","","Journal Abbreviation: Lect. Notes Comput. Sci.","<p>Export Date: 02 May 2026; Cited By: 2; Correspondence Address: F. Zheng; Data Assurance and Communication Security Research Center, Chinese Academy of Sciences, Beijing, China; email: zhengfangyu@iie.ac.cn</p>","","","Authentication; Hardware security; Network security; Performance; Cryptography; Energy efficiency; Computer architecture; CryptoGraphics; Security; Signature verification; Graphics processing unit; Deep learning; Signature generation; Co-processors; 5G mobile communication systems; ECC; Cryptographic co-processor; E- commerces; Embedded GPU system; Energy-efficiency","","Liu Z.; Wu F.; Das S.K.","","","","","","","","","","","","","","","","","","","","","","","","","","","","","","Lecture Notes in Computer Science (including subseries Lecture Notes in Artificial Intelligence and Lecture Notes in Bioinformatics)","","","","","","","","","","","","","","",""
"QR524WQW","conferencePaper","2024","Jati, A.; Gupta, N.; Chattopadhyay, A.; Sanadhya, S.K.","EFFLUX-F2: A High Performance Hardware Security Evaluation Board","Lect. Notes Comput. Sci.","03029743 (ISSN); 978-303157542-6 (ISBN)","","10.1007/978-3-031-57543-3_3","https://www.scopus.com/pages/publications/85190409219?origin=resultslist","Side-channel analysis has become a cornerstone of modern hardware security evaluation for cryptographic accelerators. Recently, these techniques are also being applied in fields such as AI and Machine Learning to investigate possible threats. Security evaluations are reliant on standard test setups including commercial and open-source evaluation boards such as, SASEBO/SAKURA and ChipWhisperer. However, with shrinking design footprints and overlapping tasks on the same platforms, the quality of the side channel information as well as the speed of data capture can significantly influence security assessment. In this work, we designed EFFLUX-F2, a hardware security evaluation board to improve the quality and speed of side-channel information capture. We also designed a measurement setup to benchmark the signal differences between target boards. Multiple experimental evaluations like noise analysis, CPA and TVLA performed on EFFLUX-F2 and competing evaluation boards showcase the significant superiority of our design in all aspects. © The Author(s), under exclusive license to Springer Nature Switzerland AG 2024.","2024","2026-05-02 11:42:37","2026-05-02 11:42:37","","38-56","","","14595 LNCS","","","","","","","","Springer Science and Business Media Deutschland GmbH","","English","","","Scopus","","","","Journal Abbreviation: Lect. Notes Comput. Sci.","<p>Export Date: 02 May 2026; Cited By: 2; Correspondence Address: N. Gupta; Nanyang Technological University, Singapore, Singapore; email: naina003@e.ntu.edu.sg</p>","","","Hardware security; Side channel attack; Side-channel analysis; High-performance hardware; Codes (symbols); Quality control; Side-channel information; side-channel analysis; Cryptographic accelerators; SCA; In-field; CPA; evaluation board; Evaluation board; Security evaluation; TVLA","","Wacquez R.; Homma N.","","","","","","","","","","","","","","","","","","","","","","","","","","","","","","Lecture Notes in Computer Science (including subseries Lecture Notes in Artificial Intelligence and Lecture Notes in Bioinformatics)","","","","","","","","","","","","","","",""
"XY8G4WVE","journalArticle","2021","Zhang, H.; Hu, X.; Li, J.; Guan, H.","A comprehensive test framework for cryptographic accelerators in the cloud","Journal of Systems Architecture","","13837621 (ISSN)","10.1016/j.sysarc.2020.101873","https://www.scopus.com/pages/publications/85091220948?origin=resultslist","To alleviate the performance degradation introduced by cryptographic operations in web-based services, dedicated hardware accelerators have emerged for calculation offloading. However, accelerators from different vendors can be endowed with variable run-time modes and optimized for different workload types. It is necessary but challenging to fully and fairly quantify the associated acceleration benefits and determine usages for cloud tasks. To this end, we establish a common test framework oriented for cryptographic accelerators. The micro benchmarks of our framework rely on the classic OpenSSL speed tool. The macro benchmarks of our framework present a server–client architecture. The server side modifies the Nginx web server and integrates it with Redis memory storage as well as a MySQL database to mimic practical cloud workloads in a customizable manner. The client side modifies the classic ApacheBench tool to support concurrent server access as well as automatic collection and analysis of test results. Our framework supports diverse running modes and workload types to comprehensively locate and present the capability characteristics of accelerators. Tests are conducted on three accelerators, i.e., Intel QAT, Cavium Nitrox and Exar DX2040a. These accelerators have similar performance as reported by their vendors. The result analyses and product-to-product comparisons show that our framework can benefit cloud providers, application programmers and accelerator vendors simultaneously by providing important conclusions such as whether to offload, how to offload, and potential optimizations for more efficient offloading. © 2020 Elsevier B.V.","2021","2026-05-02 11:42:37","2026-05-02 11:42:37","","","","","113","","J Syst Archit","","","","","","Elsevier B.V.","","English","","","Scopus","","","","","<p>Export Date: 02 May 2026; Cited By: 3; Correspondence Address: J. Li; Shanghai Jiaotong University, Shanghai, China; email: li-jian@sjtu.edu.cn; CODEN: JSARF</p>","","","Web services; Acceleration; Cryptography; Cryptographic operations; Dedicated hardware; Cryptographic accelerators; Accelerators; Application programmers; DX2040; Micro-benchmark; Nitrox; Performance degradation; QAT; Result analysis; Test framework; Web-based service","","","","","","","","","","","","","","","","","","","","","","","","","","","","","","","","","","","","","","","","","","","","","","",""
"9RPVICF7","conferencePaper","2024","Parisi, E.; Musa, A.; Ciani, M.; Barchi, F.; Rossi, D.; Bartolini, A.; Acquaviva, A.","Assessing the Performance of OpenTitan as Cryptographic Accelerator in Secure Open-Hardware System-on-Chips","Proc. ACM Int. Conf. Comput. Front., CF","979-840070597-7 (ISBN)","","10.1145/3649153.3649213","https://www.scopus.com/pages/publications/85198257612?origin=resultslist","RISC-V open-source systems are emerging in deployment scenarios where safety and security are critical. OpenTitan is an open-source silicon root-of-trust designed to be deployed in a wide range of systems, from high-end to deeply embedded secure environments. Despite the availability of various cryptographic hardware accelerators that make OpenTitan suitable for offloading cryptographic workloads from the main processor, there has been no accurate and quantitative establishment of the benefits derived from using OpenTitan as a secure accelerator. This paper addresses this gap by thoroughly analysing strengths and inefficiencies when offloading cryptographic workloads to OpenTitan. The focus is on three key IPs - - HMAC, AES, and OpenTitan Big Number accelerator (OTBN) - - which can accelerate four security workloads: Secure Hash Functions, Message Authentication Codes, Symmetric cryptography, and Asymmetric cryptography. For every workload, we develop a bare-metal driver for the OpenTitan accelerator and analyze its efficiency when computation is offloaded from a RISC-V application core within a System-on-Chip designed for secure Cyber-Physical Systems applications. Finally, we assess it against a software implementation on the application core. The characterization was conducted on a cycle-accurate RTL simulator of the System-on-Chip (SoC). Our study demonstrates that OpenTitan significantly outperforms software implementations, with speedups ranging from 4.3x to 12.5x. However, there is potential for even greater gains as the current OpenTitan utilizes a fraction of the accelerator bandwidths, which ranges from 16% to 61%, depending on the memory being accessed and the accelerator used. Our results open the way to the optimization of OpenTitan-based secure platforms, providing design guidelines to unlock the full potential of its accelerators in secure applications.  © 2024 Owner/Author.","2024","2026-05-02 11:42:37","2026-05-02 11:42:37","","172-179","","","","","","","","","","","Association for Computing Machinery, Inc","","English","","","Scopus","","","","Journal Abbreviation: Proc. ACM Int. Conf. Comput. Front., CF","<p>Export Date: 02 May 2026; Cited By: 5</p>","","","Hardware security; Performance; Benchmarking; Embedded systems; System-on-chip; Application programs; CryptoGraphics; Hash functions; Programmable logic controllers; Systems-on-Chip; Software implementation; RISC-V; Open systems; Open source software; Cryptographic accelerators; Open hardware; Secure system; Opentitan; OpenTitan; Secure system-on-chip; Secure System-on-Chips","","","","","","","","","","","","","","","","","","","","","","","","","","","","","","","","Proceedings of the 21st ACM International Conference on Computing Frontiers, CF 2024","","","","","","","","","","","","","","",""
"78LJV4AN","conferencePaper","2017","Azriel, L.; Ginosar, R.; Mendelson, A.","Revealing on-chip proprietary security functions with scan side channel based reverse engineering","Proc. ACM Great Lakes Symp. VLSI GLSVLSI","978-145034972-7 (ISBN)","","10.1145/3060403.3060464","https://www.scopus.com/pages/publications/85021185330?origin=resultslist","Proprietary cryptographic algorithms or protection schemes often constitute part of the security solution in electronic devices. Hence, these devices are prone to reverse engineering attacks that may reveal the details of these algorithms. We propose a novel non-invasive method of reverse engineering of digital integrated circuits that exploits the scan chains originally inserted into the device for production test automation. The scan chains unfold the sequential logic of the device to form a combinational function. The device's functionality is then exposed by examining this function. The resulting function is too large for direct learning, so we developed heuristic learning algorithms that exploit common properties of digital circuits, in particular limited transitive fan-in of combinational logic and sub-circuit sharing properties. With these algorithms we show fast reconstruction of an AES cryptographic accelerator. The algorithm used for the AES is scalable, making it applicable to much larger circuits. © 2017 ACM.","2017","2026-05-02 11:42:37","2026-05-02 11:42:37","","233-238","","","Part F127756","","","","","","","","Association for Computing Machinery","","English","","","Scopus","","","","Journal Abbreviation: Proc. ACM Great Lakes Symp. VLSI GLSVLSI","<p>Export Date: 02 May 2026; Cited By: 10</p>","","","Side channel attack; Side-channel analysis; Education; Cryptography; Heuristic algorithms; Embedded systems; Cryptographic algorithms; Learning algorithms; Digital integrated circuits; VLSI circuits; Computer circuits; Chains; Cryptographic accelerators; Reverse engineering; Combinational functions; Combinational logic; Electron devices; Embedded systems securities; Embedded Systems Security; Fast reconstruction; Hardware reverse engineering; Integrated circuit testing; Noninvasive medical procedures; Noninvasive methods; Side-channel analysis and countermeasures","","","","","","","","","","","","","","","","","","","","","","","","","","","","","","","","Proceedings of the ACM Great Lakes Symposium on VLSI, GLSVLSI","","","","","","","","","","","","","","",""
"R84HLZVR","journalArticle","2025","Nannipieri, P.; Crocetti, L.; Di Matteo, S.; Fanucci, L.; Saponara, S.","Hardware Design of an Advanced-Feature Cryptographic Tile Within the European Processor Initiative","IEEE Transactions on Computers","","00189340 (ISSN)","10.1109/TC.2023.3278536","https://www.scopus.com/pages/publications/85161045418?origin=resultslist","This work describes the hardware implementation of a cryptographic accelerators suite, named Crypto-Tile, in the framework of the European Processor Initiative (EPI) project. The EPI project traced the roadmap to develop the first family of low-power processors with the design fully made in Europe, for Big Data, supercomputers and automotive. Each of the coprocessors of Crypto-Tile is dedicated to a specific family of cryptographic algorithms, offering functions for symmetric and public-key cryptography, computation of digests, generation of random numbers, and Post-Quantum cryptography. The performances of each coprocessor outperform other available solutions, offering innovative hardware-native services, such as key management, clock randomisation and access privilege mechanisms. The system has been synthesised on a 7 nm standard-cell technology, being the first Cryptoprocessor to be characterised in such an advanced silicon technology. The post-synthesis netlist has been employed to assess the resistance of Crypto-Tile to power analysis side-channel attacks. Finally, a demoboard has been implemented, integrating a RISC-V softcore processor and the Crypto-Tile module, and drivers for hardware abstraction layer, bare-metal applications and drivers for Linux kernel in C language have been developed. Finally, we exploited them to compare in terms of execution speed the hardware-accelerated algorithms against software-only solutions.  © 1968-2012 IEEE.","2025","2026-05-02 11:42:37","2026-05-02 11:42:37","","762-775","","3","74","","IEEE Trans Comput","","","","","","IEEE Computer Society","","English","","","Scopus","","","","","<p>Export Date: 02 May 2026; Cited By: 20; Correspondence Address: P. Nannipieri; University of Pisa, Department of Information Engineering, Pisa, 56126, Italy; email: pietro.nannipieri@unipi.it; CODEN: ITCOB</p>","","","Hardware security; Side channel attack; Hardware acceleration; Integrated circuit design; Root of trusts; Public key cryptography; Hardware; Computer hardware; Random number generation; Software; C (programming language); Program processors; Data privacy; Security; RISC-V; security; Big data; Secure boots; Coprocessor; hardware; Crypto-processor; Computer operating systems; Chain of trust; AES; ECC; Abstracting; EPI; RNG; SHA; chain of trust; cryptoprocessor; European processor initiative; root of trust; secure boot; Supercomputers","","","","","","","","","","","","","","","","","","","","","","","","","","","","","","","","","","","","","","","","","","","","","","",""
"J9RMFU3W","journalArticle","2025","Mathew, S.K.; Kumar, R.; De, V.","Circuits for Secure Root-of-Trust: TRNG, PUF, Attack-Resistant Cryptographic Accelerators [Feature]","IEEE Circuits and Systems Magazine","","1531636X (ISSN)","10.1109/MCAS.2025.3595508","https://www.scopus.com/pages/publications/105026658113?origin=resultslist","Silicon-embedded root-of-trust circuits such as True Random Number Generators (TRNG) and Physically Unclonable Functions (PUF) are foundational primitives that generate dynamic and static entropy essential for data security and privacy applications. At the same time, secure platforms are vulnerable to physical side-channel and fault-injection attacks that attempt to steal embedded secret keys/IDs. This article describes all-digital area-efficient implementations of TRNGs and PUFs that generate cryptographic quality random bitstreams with tolerance to process/voltage/temperature variations. These include: (a) Ring-oscillator-based TRNG implementations that employ multiple injected-edges and beat frequency detectors to harvest and convert thermal noise-induced jitter into random bitstreams with throughput and energy-efficiency of 23Mbps and 15Mbps/mW respectively; (b) SRAM PUF with data-remanence bit-masking technique to identify 100% stable bitcells; (c) Unified PUF-TRNG with a common-entropy source and self-calibrating Von Neumann extractor circuits generating PUF/TRNG random bit throughput of 0.56/1.48Gbps with 0.9996/0.99997 static/dynamic entropy respectively. A reconfigurable AES accelerator with minimum-traces-to-disclosure (MTD)>1B traces in on-demand SCA-resistant mode, while also providing a 2.2× boost in encryption performance during a dual-core mode of operation is also described. Finally, a self-checking AES engine that uses arithmetic and parity checkers for real-time detection of laser and voltage-based attacks with up to 99.99% fault coverage is described. © 2001-2012 IEEE.","2025","2026-05-02 11:42:37","2026-05-02 11:42:37","","55-63","","4","25","","IEEE Circuits Syst. Mag.","","","","","","Institute of Electrical and Electronics Engineers Inc.","","English","","","Scopus","","","","","<p>Export Date: 02 May 2026; Cited By: 0; Correspondence Address: S.K. Mathew; Intel Labs, Hillsboro, 97124, United States; email: sanu.k.mathew@intel.com</p>","","","Hardware security; Network security; Side channel attack; Side-channel attacks; Random number generation; TRNG; Data privacy; Fault injection attacks; Random number generators; Physically unclonable functions; True randoms; True random number generator; PUF; Attack resistants; Binary sequences; Entropy; entropy source; Entropy sources; fault-injection attack resistance; Fault-injection attack resistance; Oscillators (electronic); Self checking; self-checking AES; Self-checking AES; side-channel-attack resistant AES; Side-channel-attack resistant AES","","","","","","","","","","","","","","","","","","","","","","","","","","","","","","","","","","","","","","","","","","","","","","",""
"MM82JH3Y","journalArticle","2025","Ramakrishna, D.; Shaik, M.A.","PSESV: A hybrid post-quantum encryption Framework with real-time thermal and EM side-channel attack detection","Ain Shams Engineering Journal","","20904479 (ISSN)","10.1016/j.asej.2025.103776","https://www.scopus.com/pages/publications/105022202192?origin=resultslist","The rapid progress of quantum computing threatens the long-term security of classical public-key cryptosystems, thereby necessitating an urgent transition toward post-quantum cryptography (PQC). While lattice-based schemes such as CRYSTALS-Kyber have emerged as strong candidates for quantum resistance, they remain highly vulnerable to runtime side-channel attacks (SCAs). To address this dual challenge, we propose Physically-Sensed Error Signature Verification (PSESV) , a dual-layer hybrid encryption framework that integrates AES-192/AES-128 segmentation with CRYSTALS-Kyber key encapsulation. Unlike conventional hybrid models, PSESV incorporates real-time monitoring through three novel modules: (i) Thermal-Electromagnetic Hash Matching (TEHM), (ii) Dynamic Differential Coefficient Validation (DDCV), and (iii) Randomized Ciphertext Replay and Response (RCRR). Simulation and hardware-in-the-loop validation on an FPGA-based cryptographic accelerator demonstrate that PSESV achieves up to 96.3 % leakage detection accuracy with only <6 mW additional power consumption and ≤1.6 ms latency, significantly outperforming baseline PQC and hybrid encryption schemes. The results highlight that PSESV not only enhances robustness against EM, thermal, and fault-injection attacks but also ensures practical deployability in resource-constrained environments. In conclusion, PSESV provides a scalable and security-hardened post-quantum solution for IoT, industrial control, and cloud systems, where resilience against both quantum and physical attacks is critically required. © 2025 The Authors.","2025","2026-05-02 11:42:37","2026-05-03 10:20:48","","","","12","16","","Ain Shams Eng. J.","","","","","","Ain Shams University","","English","","","Scopus","","","","","<p>Export Date: 02 May 2026; Cited By: 0; Correspondence Address: D. Ramakrishna; Department of Computer Science and Engineering, SR University, Warangal, Telangana, 506371, India; email: ramakrishnadonagani@gmail.com</p>; <p>Export Date: 02 May 2026; Cited By: 0; Correspondence Address: D. Ramakrishna; Department of Computer Science and Engineering, SR University, Warangal, Telangana, 506371, India; email: ramakrishnadonagani@gmail.com</p>","","","AES-192; Attack detection; Ciphertext; Data privacy; Electromagnetic analysis; Error signature; Fault detection; Fault injection; Hardware security; Network security; Post quantum cryptography; Post-quantum cryptography; Public key cryptography; Quantum computers; Quantum cryptography; Side channel attack; Side-channel attack detection; Side-channel attacks; Signature verification; Thermal monitoring","","","","","","","","","","","","","","","","","","","","","","","","","","","","","","","","","","","","","","","","","","","","","","",""
"ESKX5N6R","conferencePaper","2024","Parisi, E.; Musa, A.; Manoni, S.; Ciani, M.; Rossi, D.; Barchi, F.; Bartolini, A.; Acquaviva, A.","TitanCFI: Toward Enforcing Control-Flow Integrity in the Root -of- Trust","Proc. Des. Autom. Test Eur. DATE","15301591 (ISSN); 979-835034859-0 (ISBN)","","","https://www.scopus.com/pages/publications/85196486884?origin=resultslist","Modern RISC-V platforms control and monitor security-critical systems such as industrial controllers and autonomous vehicles. While these platforms feature a Root-of-Trust (RoT) to store authentication secrets and enable secure boot technologies, they often lack Control-Flow Integrity (CFI) enforcement and are vulnerable to cyber-attacks which divert the control flow of an application to trigger malicious behaviours. Recent techniques to enforce CFI in RISC-V systems include ISA modifications or custom hardware IPs, all requiring ad-hoc binary toolchains or design of CFI primitives in hardware. This paper proposes TitanCFI, a novel approach to enforce CFI in the RoT. TitanCFI modifies the commit stage of the protected core to stream control flow instructions to the RoT and it integrates the CFI enforcement policy in the RoT firmware. Our approach enables maximum reuse of the hardware resource present in the System-on-Chip (SoC), and it avoids the design of custom IPs and the modification of the compilation toolchain, while exploiting the RoT tamper-proof storage and cryptographic accelerators to secure CFI metadata. We implemented the proposed architecture on a modern RISC-V SoC along with a return address protection policy in the RoT, and benchmarked area and runtime overhead. Experimental results show that TitanCFI achieves overhead comparable to SoA hardware CFI solutions for most benchmarks, with lower area overhead, resulting in 1 % of additional area occupation. © 2024 EDAA.","2024","2026-05-02 11:42:37","2026-05-02 11:42:37","","","","","","","","","","","","","Institute of Electrical and Electronics Engineers Inc.","","English","","","Scopus","","","","Journal Abbreviation: Proc. Des. Autom. Test Eur. DATE","<p>Export Date: 02 May 2026; Cited By: 6</p>","","","Network security; Integrated circuit design; Root of trusts; Cryptography; System-on-chip; Cybersecurity; Programmable logic controllers; Systems-on-Chip; RISC-V; Firmware; Security-critical; Area overhead; Opentitan; OpenTitan; Control and monitor; Control-flow; Control-flow integrities; Control-Flow Integrity; Platform control","","","","","","","","","","","","","","","","","","","","","","","","","","","","","","","","Proceedings -Design, Automation and Test in Europe, DATE","","","","","","","","","","","","","","",""
"JQUIE5JH","journalArticle","2025","Kabin, I.; Langendoerfer, P.; Dyka, Z.","On the SCA Resistance of TMR-Protected Cryptographic Designs","Electronics (Switzerland)","","20799292 (ISSN)","10.3390/electronics14163318","https://www.scopus.com/pages/publications/105015376262?origin=resultslist","The influence of redundant implementations on success of physical attacks against cryptographic devices is currently under-researched. This is especially an issue in application fields such as wearable health, industrial control systems and the like in which devices are accessible to potential attackers. This paper presents results of an investigation of the TMR application impact on the vulnerability of FPGA-based asymmetric cryptographic accelerators to side-channel analysis attacks. We implemented our cryptographic cores using full- and partial-TMR application approaches and experimentally conducted evaluation of their side-channel resistance. Our results reveal that TMR can significantly impact side-channel leakage, either increasing resistance by introducing noise or amplifying leakage depending on the part of the design where redundancy was applied. © 2025 by the authors.","2025","2026-05-02 11:42:37","2026-05-03 10:16:45","","","","16","14","","Electronics (Switzerland)","","","","","","Multidisciplinary Digital Publishing Institute (MDPI)","","English","","","Scopus","","","","","<p>Export Date: 02 May 2026; Cited By: 0; Correspondence Address: I. Kabin; IHP—Leibniz-Institut für Innovative Mikroelektronik, Frankfurt (Oder), 15236, Germany; email: kabin@ihp-microelectronics.com</p>; <p>Export Date: 02 May 2026; Cited By: 0; Correspondence Address: I. Kabin; IHP—Leibniz-Institut für Innovative Mikroelektronik, Frankfurt (Oder), 15236, Germany; email: kabin@ihp-microelectronics.com</p>","","","Computer hardware; cryptographic hardware; Cryptographic hardware; Elliptic Curve Cryptosystem; elliptic curve cryptosystems; fault tolerance; Field programmable gate arrays (FPGA); FPGA security; hardware redundancy; Hardware redundancy; Hardware security; Integrated circuit design; Network security; physical attacks; Physical attacks; Public key cryptography; Redundancy; SCA; secure design; Secure designs; Side channel attack; Side-channel analysis; side-channel analysis attacks; Side-channel analyze attack; TMR; triple modular redundancy; Triple modular redundancy; Wearable computers","","","","","","","","","","","","","","","","","","","","","","","","","","","","","","","","","","","","","","","","","","","","","","",""
"G4UD7CDQ","journalArticle","2023","Schoos, K.; Meschkov, S.; Tahoori, M.B.; Gnad, D.R.E.","JitSCA: Jitter-based Side-Channel Analysis in Picoscale Resolution","IACR Transactions on Cryptographic Hardware and Embedded Systems","","25692925 (ISSN)","10.46586/tches.v2023.i3.294-320","https://www.scopus.com/pages/publications/85163184325?origin=resultslist","In safety and security conscious environments, isolated communication channels are often deemed necessary. Galvanically isolated communication channels are typically expected not to allow physical side-channel attacks through that channel. However, in this paper, we show that they can inadvertently leak side channel information in the form of minuscule jitter on the communication signal. We observe worst-case signal jitter within 54 ± 45 ps using an FPGA-based receiver employing a time-to-digital converter (TDC), which is a higher time resolution than a typical oscilloscope can measure, while in many other systems such measurements are also possible. A transmitter device runs a cryptographic accelerator, while we connect an FPGA on the receiver side and measure the signal jitter using a TDC. We can indeed show sufficient side-channel leakage in the jitter of the signal by performing a key recovery of an AES accelerator running on the transmitter. Furthermore, we compare this leakage to a power side channel also measured with a TDC and prove that the timing jitter alone contains sufficient side-channel information. While for an on-chip power analysis attack about 27k traces are needed for key recovery, our cross-device jitter-based attack only needs as few as 47k traces, depending on the setup. Galvanic isolation does not change that significantly. That is an increase by only 1.7×, showing that fine-grained jitter timing information can be a very potent attack vector even under galvanic isolation. In summary, we introduce a new side-channel attack vector that can leak information in many presumably secure systems. Communication channels can inadvertently leak information through tiny timing variations, known as signal jitter. This could affect millions of devices and needs to be considered. © 2023, Ruhr-University of Bochum. All rights reserved.","2023","2026-05-02 11:42:37","2026-05-02 11:42:37","","294-320","","3","2023","","IACR Trans. Cryptogr. Hardw. Embed. Syst.","","","","","","Ruhr-University of Bochum","","English","","","Scopus","","","","","<p>Export Date: 02 May 2026; Cited By: 9</p>","","","Side channel attack; Side-channel attacks; Field programmable gate arrays (FPGA); Power; Key recovery; Side-channel; Signal receivers; Timing circuits; Side-channel information; side-channel; Communications channels; Digital converters; Frequency converters; Galvanic isolation; galvanically isolated; Galvanically isolated; jitter; power; timing; Timing; Transmitters","","","","","","","","","","","","","","","","","","","","","","","","","","","","","","","","","","","","","","","","","","","","","","",""
"77LAGNRU","journalArticle","2024","Wang, P.; Guan, W.; Liang, L.","Design of a Low-Power Cryptographic Accelerator under Advanced Encryption Standard","Journal of Circuits, Systems and Computers","","02181266 (ISSN)","10.1142/S0218126624503055","https://www.scopus.com/pages/publications/85199923975?origin=resultslist","Advanced Encryption Standard (AES) has been a prevalent cryptographic structure in the world. Existing AES-related cryptographic accelerators generally face the problem of high power consumption. To deal with this challenge, this paper presents a cryptographic structure that employs iterative reuse to decrease resource utilization. Through the efficient use of delay-line RAM, the implementation of long-length key storage results in a reduction in the utilization of registers. The computational complexity of AES cryptographic algorithm is reduced by using homomorphic mapping to the inversion operation in S-box from the Galois Fields GF(28) to GF[(24)2]. Such proposed AES cryptographic accelerator is characterized by its low resource utilization and low power consumption. In addition, we have also conducted some simulation analysis to evaluate its performance. The synthesis result indicates that the AES cryptographic accelerator exhibits a 0.74% reduction in utilization of LUT and a 35% decrease in power consumption, as compared to the original version. The proposed AES cryptographic accelerator results in an area of 0.101 mm2, a throughput of 12.28 Gbps, and a power consumption of 2.56 mW in TSMC 90 nm. © 2024 World Scientific Publishing Company.","2024","2026-05-02 11:42:37","2026-05-02 11:42:37","","","","17","33","","J. Circuits Syst. Comput.","","","","","","World Scientific","","English","","","Scopus","","","","","<p>Export Date: 02 May 2026; Cited By: 0; Correspondence Address: P. Wang; The School of Integrated Circuits, Beijing University of Posts and Telecommunications, Beijing, 100876, China; email: wangpeipei@bupt.edu.cn; CODEN: JCSME</p>","","","Iterative methods; Cryptography; Random access storage; CryptoGraphics; Timing circuits; Data privacy; % reductions; Integrated circuits; Low Power; Cryptographic accelerators; Resources utilizations; Electric power utilization; Low power; Advanced encryption standard; advanced encryption standard (AES); High power consumption; information security; integrated circuits synthesis; Integrated circuits synthesis; Low power electronics; low storage; Low-storage","","","","","","","","","","","","","","","","","","","","","","","","","","","","","","","","","","","","","","","","","","","","","","",""
"HWSTJFWM","conferencePaper","2020","Glamocanin, O.; Coulon, L.; Regazzoni, F.; Stojilovic, M.","Are Cloud FPGAs Really Vulnerable to Power Analysis Attacks?","Proc. Des., Autom. Test Europe Conf. Exhib., DATE","978-398192634-7 (ISBN)","","10.23919/DATE48585.2020.9116481","https://www.scopus.com/pages/publications/85087400593?origin=resultslist","Recent works have demonstrated the possibility of extracting secrets from a cryptographic core running on an FPGA by means of remote power analysis attacks. To mount these attacks, an adversary implements a voltage fluctuation sensor in the FPGA logic, records the power consumption of the target cryptographic core, and recovers the secret key by running a power analysis attack on the recorded traces. Despite showing that the power analysis could also be performed without physical access to the cryptographic core, these works were mostly carried out on dedicated FPGA boards in a controlled environment, leaving open the question about the possibility to successfully mount these attacks on a real system deployed in the cloud. In this paper, we demonstrate, for the first time, a successful key recovery attack on an AES cryptographic accelerator running on an Amazon EC2 F1 instance. We collect the power traces using a delay-line based voltage drop sensor, adapted to the Xilinx Virtex Ultrascale+ architecture used on Amazon EC2 F1, where CARRY8 blocks do not have a monotonic delay increase at their outputs. Our results demonstrate that security concerns raised by multitenant FPGAs are indeed valid and that countermeasures should be put in place to mitigate them. © 2020 EDAA.","2020","2026-05-02 11:42:37","2026-05-02 11:42:37","","1007-1010","","","","","","","","","","","Institute of Electrical and Electronics Engineers Inc.","","English","","","Scopus","","","","Journal Abbreviation: Proc. Des., Autom. Test Europe Conf. Exhib., DATE","<p>Export Date: 02 May 2026; Cited By: 86</p>","","","Side channel attack; Field programmable gate arrays (FPGA); Key recovery attacks; Power analysis; Cryptographic accelerators; Controlled environment; FPGA Security; Multi tenants; Multitenancy; Power Analysis Attacks; Power traces; Voltage drop; Voltage fluctuations","","Di Natale G.; Bolchini C.; Vatajelu E.-I.","","","","","","","","","","","","","","","","","","","","","","","","","","","","","","Proceedings of the 2020 Design, Automation and Test in Europe Conference and Exhibition, DATE 2020","","","","","","","","","","","","","","",""
"A5V92FLM","conferencePaper","2020","Lasheras, A.; Canal, R.; Rodriguez, E.; Cassano, L.","Lightweight Protection of Cryptographic Hardware Accelerators against Differential Fault Analysis","Proc. - IEEE Int. Symp. On-Line Test. Robust Syst. Des., IOLTS","978-172818187-5 (ISBN)","","10.1109/IOLTS50870.2020.9159720","https://www.scopus.com/pages/publications/85091558118?origin=resultslist","Hardware acceleration circuits for cryptographic algorithms are largely deployed in a wide range of products. The HW implementations of such algorithms often suffer from a number of vulnerabilities that expose systems to several attacks, e.g., differential fault analysis (DFA). The challenge for designers is to protect cryptographic accelerators in a cost-effective and power-efficient way. In this paper, we propose a lightweight technique for protecting hardware accelerators implementing AES and SHA-2 (which are two widely used NIST standards) against DFA. The proposed technique exploits partial redundancy to first detect the occurrence of a fault and then to react to the attack by obfuscating the output values. An experimental campaign demonstrated that the overhead introduced is 8.32% for AES and 3.88% for SHA-2 in terms of area, 0.81% for AES and 12.31% for SHA-2 in terms of power with no working frequency reduction. Moreover, a comparative analysis showed that our proposal outperforms the most recent related countermeasures.  © 2020 IEEE.","2020","2026-05-02 11:42:37","2026-05-02 11:42:37","","","","","","","","","","","","","Institute of Electrical and Electronics Engineers Inc.","","English","","","Scopus","","","","Journal Abbreviation: Proc. - IEEE Int. Symp. On-Line Test. Robust Syst. Des., IOLTS","<p>Export Date: 02 May 2026; Cited By: 5</p>","","","Side channel attack; Hardware acceleration; Cost effectiveness; Cryptographic algorithms; Hardware accelerators; Cryptographic hardware; Cryptographic accelerators; Systems analysis; AES; Hardware Security; Differential fault analyses (DFA); Experimental campaign; Attack Resistance; Cryptographic Cores; Differential Fault Analysis; Lightweight protection; Metal drawing; SHA-2","","","","","","","","","","","","","","","","","","","","","","","","","","","","","","","","Proceedings - 2020 26th IEEE International Symposium on On-Line Testing and Robust System Design, IOLTS 2020","","","","","","","","","","","","","","",""
"KKPW36LC","journalArticle","2026","Amiot, N.; Meunier, Q.; Heydemann, K.; Encrenaz, E.","aLEAKator: HDL Mixed-Domain Simulation for Masked Hardware & Software Formal Verification","IACR Transactions on Cryptographic Hardware and Embedded Systems","","25692925 (ISSN)","10.46586/tches.v2026.i2.132-166","https://www.scopus.com/pages/publications/105036852611?origin=resultslist","Verifying the security of masked hardware and software implementations, under advanced leakage models, remains a significant challenge, especially when accounting for glitches, transitions and CPU micro-architectural specifics. Existing verification approaches are either restricted to small hardware gadgets, small programs on CPUs such as Sboxes, limited leakage models, or require hardware-specific prior knowledge. In this work, we present aLEAKator, an open-source framework for the automated formal verification of masked cryptographic accelerators and software running on CPUs from their HDL descriptions. Our method introduces mixed-domain simulation, enabling precise modeling and verification under various (including robust and relaxed) 1-probing leakage models, and supports variable signal granularity without being restricted to 1-bit wires. aLEAKator also supports verification in the presence of lookup tables, and does not require prior knowledge of the target CPU architecture. Our approach is validated against existing tools and real-world measurements while providing innovative results such as the verification of a full, first-order masked AES on various CPUs. © 2026, Ruhr-University of Bochum. All rights reserved.","2026","2026-05-02 11:42:37","2026-05-02 11:42:37","","132-166","","2","2026","","IACR Trans. Cryptogr. Hardw. Embed. Syst.","","","","","","Ruhr-University of Bochum","","English","","","Scopus","","","","","<p>Export Date: 02 May 2026; Cited By: 0</p>","","","Hardware security; Side channel attack; Side-channel attacks; Computer hardware; Table lookup; Computer architecture; Program processors; Open systems; Masking; Open source software; Formal verification; Hardware and software implementations; Formal Verification; Hardware/software; Leak detection; Leakage detection; Leakage modeling; Micro-architectural leakage detection; Micro-Architectural Leakage Detection; Mixed domains; Prior-knowledge; S-boxes; Side-Channel Attacks","","","","","","","","","","","","","","","","","","","","","","","","","","","","","","","","","","","","","","","","","","","","","","",""
"QVTQHI4R","conferencePaper","2025","Bhargavi, P.; Samhita, N.S.; Mahesh, G.; Narayana, H.; Kumar, K.A.","Learning-based Approach for Early Detection of Hardware Trojans in Open-Source Hardware","Int. Conf. Autom., Comput. Renew. Syst., ICACRS - Proc.","979-833154886-5 (ISBN)","","10.1109/ICACRS67045.2025.11324305","https://www.scopus.com/pages/publications/105032738552?origin=resultslist","The growing popularity of open-source hardware has unfortunately made it easier for untrustworthy actors to slip hardware Trojans into designs. While we have got some decent detection methods already, they often stumble when dealing with complex stuff like RISC-V processors and cryptographic accelerators. Introducing a new framework with mixed semantic code analysis and some intelligent embedding tricks. Instead of simply depending on text-frequency methods such as TF-IDF or Bag-of-Words, we analyze the structure in depth of Verilog code and using lightweight contextual embeddings to really get a feel for both the text and how the hardware's supposed to work. We even built a dataset of 3,900 examples, pulling from standard and injecting Trojans with the help of some refined LLM-guided mutation techniques. After pitting different classifiers and transformer models against each other, we found that our hybrid embedding approach, powered by Gradient Boosting, nailed a 98% accuracy rate. Plus, with some optimized LLM prompts, we reached recall at 99% which is too high, it reduces the number undetected Trojans attacks. This new method is all about being scalable, easy to understand, and rock-solid when it comes to keeping open-source hardware secure. © 2025 IEEE.","2025","2026-05-02 11:42:37","2026-05-02 11:42:37","","1315-1320","","","","","","","","","","","Institute of Electrical and Electronics Engineers Inc.","","English","","","Scopus","","","","Journal Abbreviation: Int. Conf. Autom., Comput. Renew. Syst., ICACRS - Proc.","<p>Export Date: 02 May 2026; Cited By: 0; Correspondence Address: P. Bhargavi; School of Computing Mohan Babu University, Department of CSE, Tirupati, A.P, India; email: bhargavipolepalli456@gmail.com</p>","","","Hardware security; Codes (symbols); Computer hardware; Cryptography; Application programs; Machine-learning; Reduced instruction set computing; RISC-V; Open systems; Embeddings; Open source software; Machine Learning; Malware; Hardware Security; Computer hardware description languages; Open-source hardwares; Trojans; Gradient boosting; Gradient Boosting; Hardware Trojan; Hybrid embedding; Hybrid Embedding; Information dissemination; LLM-guided trojan injection; LLM-Guided Trojan Injection; NLP embedding; NLP Embeddings; Open-Source Hardware; RTL Design; RTL designs; Static code analysis; Static Code Analysis; Verilog","","","","","","","","","","","","","","","","","","","","","","","","","","","","","","","","4th International Conference on Automation, Computing and Renewable Systems, ICACRS 2025 - Proceedings","","","","","","","","","","","","","","",""
"A3IJCJYG","journalArticle","2025","Ciani, M.; Parisi, E.; Musa, A.; Barchi, F.; Bartolini, A.; Kulmala, A.; Psiakis, R.; Garofalo, A.; Acquaviva, A.; Davide, R.","Unleashing OpenTitan's Potential: A Silicon-Ready Embedded Secure Element for Root of Trust and Cryptographic Offloading","ACM Transactions on Embedded Computing Systems","","15399087 (ISSN)","10.1145/3690823","https://www.scopus.com/pages/publications/105019078802?origin=resultslist","The rapid advancement and exploration of open-hardware RISC-V platforms are catalyzing substantial changes across critical sectors, including autonomous vehicles, smart-city infrastructure, and medical devices. Within this technological evolution, OpenTitan emerges as a groundbreaking open-source RISC-V design, renowned for its comprehensive security toolkit and role as a stand-alone system-on-chip (SoC). OpenTitan encompasses different SoC implementations such as Earl Grey,1 fully implemented and silicon proven, and Darjeeling,2 announced but not yet fully implemented. The former targets a stand-alone SoC implementation; the latter is oriented towards an integrable implementation. Therefore, the literature currently lacks a silicon-ready embedded implementation of an open-source Root of Trust despite the effort made by lowRISC on the Darjeeling implementation of OpenTitan. We address the limitations of existing implementations, focusing on optimizing data transfer latency between memory and cryptographic accelerators to prevent under-utilization and ensure efficient task acceleration. Our contributions include a comprehensive methodology for integrating custom extensions and intellectual properties (IPs) into the Earl Grey architecture, architectural enhancements for system-level integration, support for varied boot modes, and improved data movement across the platform. These advancements facilitate the deployment of OpenTitan in broader SoCs, even in scenarios lacking specific technology-dependent IPs, providing a deployment-ready research vehicle for the community. We integrated the extended Earl Grey architecture into a reference architecture in 22-nm FDX technology node. Then, we benchmarked the enhanced architecture's performance, analyzing the latency introduced by the external memory hierarchic levels, presenting significant improvements in cryptographic processing speed, achieving up to 2.7x speedup for SHA-256/HMAC and 1.6x for AES accelerators compared with baseline Earl Grey architecture. © 2025 Copyright held by the owner/author(s). Publication rights licensed to ACM.","2025","2026-05-02 11:42:37","2026-05-02 11:42:37","","","","5","24","","ACM Trans. Embedded Comput. Syst.","","","","","","Association for Computing Machinery","","English","","","Scopus","","","","","<p>Export Date: 02 May 2026; Cited By: 4; Correspondence Address: M. Ciani; Department of Energy and Information (DEI), University of Bologna, Bologna, Emilia-Romagna, Italy; email: maicol.ciani@unibo.it</p>","","","Hardware security; Network security; Acceleration; Integrated circuit design; Root of trusts; Cryptography; Embedded systems; Architecture; Application specific integrated circuits; Memory architecture; System-on-chip; CryptoGraphics; Programmable logic controllers; Systems-on-Chip; Reduced instruction set computing; RISC-V; Security systems; Open-source; Open systems; Data transfer; Open source software; Silicon; Secure system; Opentitan; OpenTitan; Secure system-on-chip; Embedded systems securities; Biomedical equipment; embedded system security; secure system-on-chips; Standalone systems","","","","","","","","","","","","","","","","","","","","","","","","","","","","","","","","","","","","","","","","","","","","","","",""
"CHWY4UNM","journalArticle","2017","Pan, W.; Zheng, F.; Zhao, Y.; Zhu, W.T.; Jing, J.","An Efficient Elliptic Curve Cryptography Signature Server with GPU Acceleration","IEEE Transactions on Information Forensics and Security","","15566013 (ISSN)","10.1109/TIFS.2016.2603974","https://www.scopus.com/pages/publications/85024130760?origin=resultslist","Over the Internet, digital signature has been an indispensable approach to securing e-commerce and other online transactions requiring authentication. Concerning the computing costs of signature generation and verification, it has become a more and more common practice for security practitioners to outsource such computations from heavily loaded application servers called tenants to dedicated proxies like signature servers in the enterprise private cloud. In this paper, we present our high-performance signature server called Guess. It implements the elliptic curve digital signature algorithm (ECDSA) with 256-b key size on a Linux-powered commodity computer, harnessing a desktop graphics processing unit as a featured cryptographic accelerator. We demonstrate our experience in maximizing the computing power of Guess and also its capability to deliver such power to the tenants, which includes down-to-earth customization and optimization considering various hardware and software factors. Our comprehensive implementation of ECDSA is tested against intensive network traffic. Field experiments show that Guess achieves Ts = 8.71 × 106 operations per second (OPS) for signature generation or Tv = 9.29 × 105 OPS for verification, which is significantly faster than existent prototypes and products. Guess is a universal server that readily supports various categories of elliptic curve cryptographic schemes, such as digital signature, key agreement, and encryption. © 2017 IEEE.","2017","2026-05-02 11:42:37","2026-05-02 11:42:37","","111-122","","1","12","","IEEE Trans. Inf. Forensics Secur.","","","","","","Institute of Electrical and Electronics Engineers Inc.","","English","","","Scopus","","","","","<p>Export Date: 02 May 2026; Cited By: 91; Correspondence Address: W.T. Zhu; Data Assurance and Communication Security Research Center, State Key Laboratory of Information Security, Institute of Information Engineering, Chinese Academy of Sciences, Beijing, 100093, China; email: wtzhu@ieee.org</p>","","","Authentication; Electronic document identification systems; Public key cryptography; Geometry; Computer hardware; Hardware and software; Cryptography; digital signature; Program processors; Computer graphics equipment; Graphics processing unit; Computer graphics; Elliptic curve cryptography; Computer operating systems; Cryptographic schemes; Elliptic Curve Cryptography(ECC); Cryptographic accelerators; elliptic curve cryptography (ECC); Elliptic curve digital signature algorithm; graphics processing unit (GPU); implementation of cryptography; Security as a service; Security as a services; Security practitioners; Servers","","","","","","","","","","","","","","","","","","","","","","","","","","","","","","","","","","","","","","","","","","","","","","",""
"92R7P6PW","conferencePaper","2020","Demeri, A.; Diehl, W.; Salman, A.","SADDLE: Secure Aerial Data Delivery with Lightweight Encryption","Adv. Intell. Sys. Comput.","21945357 (ISSN); 978-303052242-1 (ISBN)","","10.1007/978-3-030-52243-8_17","https://www.scopus.com/pages/publications/85088513696?origin=resultslist","Low-cost devices in the Internet of Things (IoT) can be integrated into Unmanned Aerial Systems (UAS) as a means of collecting remote data and forwarding to central collection points. However, sensitive data is subject to compromise, and should be protected using cryptography. In order to minimize threats to authenticity, data should be encrypted using session keys known only to participating nodes. In general, however, incorporation of capabilities required to both generate secure session keys and encrypt or decrypt sensitive data is difficult in low-cost IoT installations, due to resource and performance constraints. In this research, we implement a combined public and secret key secure data delivery system in a low-cost aerial platform, which incorporates cryptographic accelerators and required peripherals, in the Zybo Z7-10 System-on-Chip. Components are integrated using a flexible and extensible Applications Programming Interface (API) in a hardware-software design approach, and flown on a low-cost F450 ARF quad-copter drone. Resulting components consume 60% of the slice resources of the Zybo FPGA, and achieve a takeoff weight of 1.2 kg. A flight demonstration is performed, where sensitive data, collected at a remote sensor, is securely delivered to a host. © 2020, Springer Nature Switzerland AG.","2020","2026-05-02 11:42:37","2026-05-02 11:42:37","","204-223","","","1230 AISC","","","","","","","","Springer","","English","","","Scopus","","","","Journal Abbreviation: Adv. Intell. Sys. Comput.","<p>Export Date: 02 May 2026; Cited By: 8; Correspondence Address: W. Diehl; Virginia Tech, Blacksburg, 24061, United States; email: wdiehl@vt.edu</p>","","","Costs; Flight demonstration; Cryptography; Embedded systems; Internet of things; System-on-chip; Software design; Application programs; Antennas; Drone; Unmanned aerial systems; Application programming interfaces (API); Encryption; Internet of thing (IOT); Unmanned aerial vehicles (UAV); Cryptographic accelerators; AES; ECC; Applications programming interfaces; Codesign; Hardware-software design; Intelligent computing; Lightweight; Lightweight encryption; Performance constraints","","Arai K.; Kapoor S.; Bhatia R.","","","","","","","","","","","","","","","","","","","","","","","","","","","","","","Advances in Intelligent Systems and Computing","","","","","","","","","","","","","","",""
"EXQFINCQ","journalArticle","2020","Fritzmann, T.; Sigl, G.; Sepúlveda, J.","Risq-v: Tightly coupled risc-v accelerators for post-quantum cryptography","IACR Transactions on Cryptographic Hardware and Embedded Systems","","25692925 (ISSN)","10.13154/tches.v2020.i4.239-280","https://www.scopus.com/pages/publications/85111013664?origin=resultslist","Empowering electronic devices to support Post-Quantum Cryptography (PQC) is a challenging task. PQC introduces new mathematical elements and operations which are usually not easy to implement on standard processors. Especially for low cost and resource constraint devices, hardware acceleration is usually required. In addition, as the standardization process of PQC is still ongoing, a focus on maintaining flexibility is mandatory. To cope with such requirements, hardware/software co-design techniques have been recently used for developing complex and highly customized PQC solutions. However, while most of the previous works have developed loosely coupled PQC accelerators, the design of tightly coupled accelerators and Instruction Set Architecture (ISA) extensions for PQC have been barely explored. To this end, we present RISQ-V, an enhanced RISC-V architecture that integrates a set of powerful tightly coupled accelerators to speed up lattice-based PQC. RISQ-V efficiently reuses processor resources and reduces the amount of memory accesses. This significantly increases the performance while keeping the silicon area overhead low. We present three contributions. First, we propose a set of powerful hardware accelerators deeply integrated into the RISC-V pipeline. Second, we extended the RISC-V ISA with 29 new instructions to efficiently perform operations for lattice-based cryptography. Third, we implemented our RISQ-V in ASIC technology and on FPGA. We evaluated the performance of NewHope, Kyber, and Saber on RISQ-V. Compared to the pure software implementation on RISC-V, our co-design implementations show a speedup factor of up to 11.4 for NewHope, 9.6 for Kyber, and 2.7 for Saber. For the ASIC implementation, the energy consumption was reduced by factors of up to 9.5 for NewHope, 7.7 for Kyber, and 2.1 for Saber. The cell count of the CPU was increased by a factor of 1.6 compared to the original RISC-V design, which can be considered as a moderate increase for the achieved performance gain. © 2020, Ruhr-University of Bochum. All rights reserved.","2020","2026-05-02 11:42:37","2026-05-02 11:42:37","","239-280","","4","2020","","IACR Trans. Cryptogr. Hardw. Embed. Syst.","","","","","","Ruhr-University of Bochum","","English","","","Scopus","","","","","<p>Export Date: 02 May 2026; Cited By: 152</p>","","","Post quantum cryptography; Quantum cryptography; Post-quantum cryptography; Acceleration; Hardware acceleration; Integrated circuit design; Lattice-based cryptography; Energy utilization; Instruction set extension; Hardware-software codesign; Pipeline processing systems; Standardization process; Hardware accelerators; Software implementation; Reduced instruction set computing; RISC-V; Instruction set architecture; Resource-constraint devices","","","","","","","","","","","","","","","","","","","","","","","","","","","","","","","","","","","","","","","","","","","","","","",""
"7DQQ6GBM","journalArticle","2024","Tran, T.-H.; Dao, B.-A.; Le, D.-H.; Hoang, V.-P.; Hoang, T.-T.; Pham, C.-K.","Spread Spectrum-Based Countermeasures for Cryptographic RISC-V SoC","IEEE Transactions on Very Large Scale Integration (VLSI) Systems","","10638210 (ISSN)","10.1109/TVLSI.2024.3444851","https://www.scopus.com/pages/publications/85212331287?origin=resultslist","Side-channel analysis attacks have become the primary method for exploiting the vulnerabilities of cryptographic devices. Therefore, focusing on countermeasures to enhance the security level of these implementations evolves even more urgently. This article proposes a time-based hiding countermeasure by using spread-spectrum signals. In our RISC-V system on chip (SoC), cryptographic accelerators are given by random dynamic frequency-hopping signals. We found 223 available parameter sets for a Xilinx Mixed-Mode Clock Manage primitive in spread spectrum mode and achieved better effectiveness in the occupied bandwidth (OBW) metric. The mixed mode clock managers (MMCMs) output signal and the range of frequencies within the spread will be changed randomly, resulting in multiple clocks for individual encryption. The effectiveness of this proposal is demonstrated by conducting realistic side-channel attacks (SCAs) and state-of-the-art leakage assessment methodologies on the well-known data encryption standard, i.e., the Advanced Encryption Standard (AES) accelerator. Even though we used up to five million power traces, the test results show that our defense can stand up to a regular correlation power analysis (CPA) attack as well as alignment preprocessing methods, like CPA attacks that use a sliding window or an amplitude peak location algorithm. Furthermore, the t-test methodology cannot detect any first-order information leakage in five million traces; meanwhile, the deep learning leakage assessment (DLLA) requires nearly one million power traces in the training test to detect leakage points. © 1993-2012 IEEE.","2024","2026-05-02 11:42:37","2026-05-02 11:42:37","","2341-2354","","12","32","","IEEE Trans Very Large Scale Integr VLSI Syst","","","","","","Institute of Electrical and Electronics Engineers Inc.","","English","","","Scopus","","","","","<p>Export Date: 02 May 2026; Cited By: 5; Correspondence Address: V.-P. Hoang; Institute of System Integration, Le Quy Don Technical University, Hanoi, 11917, Viet Nam; email: phuchv@lqdtu.edu.vn; CODEN: IEVSE</p>","","","Side-channel analysis; Cryptography; Image compression; Image texture; Image thinning; System-on-chip; Systems-on-Chip; Image coding; Image quality; Information leakage; Medium access control; Countermeasure; Phase locked loops; countermeasure; Leakage assessment; Side-channel analyze attack; Leak detection; Chaotic clock; Chaotics; Electric clocks; Frequency hopping; Mixed mode; RISC-V system on chip; RISC-V system on chip (SoC); side-channel analysis attack; spread spectrum signal; Spread-spectrum signals","","","","","","","","","","","","","","","","","","","","","","","","","","","","","","","","","","","","","","","","","","","","","","",""