"Key","Item Type","Publication Year","Author","Title","Publication Title","ISBN","ISSN","DOI","Url","Abstract Note","Date","Date Added","Date Modified","Access Date","Pages","Num Pages","Issue","Volume","Number Of Volumes","Journal Abbreviation","Short Title","Series","Series Number","Series Text","Series Title","Publisher","Place","Language","Rights","Type","Archive","Archive Location","Library Catalog","Call Number","Extra","Notes","File Attachments","Link Attachments","Manual Tags","Automatic Tags","Editor","Series Editor","Translator","Contributor","Attorney Agent","Book Author","Cast Member","Commenter","Composer","Cosponsor","Counsel","Interviewer","Producer","Recipient","Reviewed Author","Scriptwriter","Words By","Guest","Number","Edition","Running Time","Scale","Medium","Artwork Size","Filing Date","Application Number","Assignee","Issuing Authority","Country","Meeting Name","Conference Name","Court","References","Reporter","Legal Status","Priority Numbers","Programming Language","Version","System","Code","Code Number","Section","Session","Committee","History","Legislative Body"
"2G6S79P3","journalArticle","2022","Kim, Youngbeom; Song, Jingyo; Seo, Seog Chung","Accelerating Falcon on ARMv8","IEEE Access","","2169-3536","10.1109/ACCESS.2022.3169784","https://ieeexplore.ieee.org/document/9762260/","Falcon is one of the promising digital-signature algorithms in NIST’s ongoing Post-Quantum Cryptography (PQC) standardization finalist. Computational efficiency regarding software and hardware is also the main criteria for PQC standardization. In this paper, we present an efficient Falcon software implementation on ARMv8 environment. Until now, most of the software optimization on PQC algorithms have been conducted on 32-bit ARM (Cortex-M4) and typical CPUs (Intel and AMD CPUs). However, ARMv8 including Cortex-A30, 50, and 70 series have been widely used for various IoT (Internet of Things) applications, Edge computing devices, and OBUs (On Board Units) in autonomous driving cars. For optimizing the performance of Falcon, we take full advantage of NEON engine which is a kind of parallel processing unit in ARMv8 MCU. The main computation in Falcon belongs to polynomial multiplications in Complex number domain and Integer domain. Typically, FFT (Fast Fourier Transformation)-based multiplication method and NTT (Number Theoriteic Transform)-based multiplication method have been widely used for efficient polynomial multiplications in Complex number domain and Integer domain, respectively. Thus, in order to enhance the overall performance of Falcon, we improve the FFT-based multiplication method and NTT-based multiplication method by utilizing NEON engine in ARMv8. Specifically, we parallelize the overall process (FFT/NTT transformation, pointwise multiplication, and inverse FFT/NTT transformation) of FFT-based polynomial multiplication method and NTT-based polynomial multiplication method with strategically utilizing the NEON engine and vector instructions. Furthermore, we minimize the number of redundant memory accesses during FFT/NTT-based polynomial multiplication by making the most of available registers in NEON engine. Through the proposed parallel FFT/NTT-based polynomial multiplications, the proposed Falcon software provides 15.1% (resp. 18.1%), 16.5% (resp. 17.1%), and 65.4% (resp. 69.4%) of performance improvement in keypair generation, signing, and verification at security level 1 (resp. 5) compared with the reference Falcon implementation submitted to the final round of NIST PQC competition. Furthermore, as far as we know, this is the first optimized implementation of Falcon on ARMv8 environment.","2022","2026-04-09 14:40:27","2026-05-03 09:35:43","2026-04-09 14:39:33","44446-44460","","","10","","","","","","","","","","","","","","","IEEE Xplore","","","<p>Export Date: 02 May 2026; Cited By: 48</p>; <p>Export Date: 02 May 2026; Cited By: 48; Correspondence Address: S.C. Seo; Kookmin University, Department of Financial Information Security, Seoul, 02707, South Korea; email: scseo@kookmin.ac.kr</p>; <p>Export Date: 02 May 2026; Cited By: 48; Correspondence Address: S.C. Seo; Kookmin University, Department of Financial Information Security, Seoul, 02707, South Korea; email: scseo@kookmin.ac.kr</p>","/Users/mac/Zotero/storage/2ZCMDRI5/Kim et al. - 2022 - Accelerating Falcon on ARMv8.pdf","","Falcon; Post quantum cryptography; Standardization; Performance; Cryptography; Internet of Things; Internet of things; Fast Fourier transforms; Polynomials; Computational efficiency; ARM/NEON processor; ARMv8; Engines; Fast Fourier transformations; Inverse problems; memory optimization; Memory optimization; NIST post-quantum cryptography signature; NIST PQC signature; parallel implementation; Parallel implementations; Polynomial multiplication; Program processors; Transformation based","","","","","","","","","","","","","","","","","","","","","","","","","","","","","","","","","","","","","","","","","","","","","","",""
"SXQCTJPY","journalArticle","2022","Sarker, Ausmita; Mozaffari Kermani, Mehran; Azarderakhsh, Reza","Efficient Error Detection Architectures for Postquantum Signature Falcon’s Sampler and KEM SABER","IEEE Transactions on Very Large Scale Integration (VLSI) Systems","","1557-9999","10.1109/TVLSI.2022.3156479","https://ieeexplore.ieee.org/document/9736448/","Among the National Institute for Standards and Technology (NIST) postquantum cryptography (PQC) standardization Round 3 finalists (announced in 2020 and anticipated to conclude in 2022–2024), SABER and Falcon are efficient key encapsulation mechanism (KEM) and compact signature scheme, respectively. SABER is a simple and flexible cryptographic scheme, highly suitable for thwarting potential attacks in the postquantum era. Implementing SABER can be performed solely in hardware (HW) or on HW/software coprocessors. On the other hand, the compact key size, efficient design, and strong reliability proof in the quantum random oracle model (QROM) make Falcon a highly suitable signature algorithm for PQC. Although Falcon is crucial as a PQC signature scheme, the utilization of the Gaussian sampler makes it vulnerable to malicious attacks, e.g., fault attacks. This is the first work to present error detection schemes embedded efficiently in SABER as well as Falcon’s sampler architectures, which can detect both transient and permanent faults. Moreover, we implement HW design for the ModFalcon signature algorithm as well as the Gaussian sampler. These schemes are implemented on a formerly Xilinx field-programmable gate array (FPGA) family, for both SABER and Falcon variants, where we assess the error coverage and the performance. The proposed schemes incur low overhead (the area, delay, and power overheads being 22.59%, 19.77%, and 10.67%, respectively, in the worst case) while providing a high fault detection rate (99.9975% in the worst case scenario), making them suitable for high efficiency and compact HW implementations of constrained applications.","2022-06","2026-04-09 14:40:27","2026-05-03 10:23:45","2026-04-09 14:39:48","794-802","","6","30","","","","","","","","","","","","","","","IEEE Xplore","","","<p>Export Date: 02 May 2026; Cited By: 39</p>; <p>Export Date: 02 May 2026; Cited By: 39; Correspondence Address: M. Mozaffari Kermani; University of South Florida, Department of Computer Science and Engineering, Tampa, 33620, United States; email: mehran2@usf.edu; CODEN: IEVSE</p>; <p>Export Date: 02 May 2026; Cited By: 39; Correspondence Address: M. Mozaffari Kermani; University of South Florida, Department of Computer Science and Engineering, Tampa, 33620, United States; email: mehran2@usf.edu; CODEN: IEVSE</p>; <p>Export Date: 02 May 2026; Cited By: 39; Correspondence Address: M. Mozaffari Kermani; University of South Florida, Department of Computer Science and Engineering, Tampa, 33620, United States; email: mehran2@usf.edu; CODEN: IEVSE</p>","/Users/mac/Zotero/storage/GYHK7XM7/Sarker et al. - 2022 - Efficient Error Detection Architectures for Postquantum Signature Falcon’s Sampler and KEM SABER.pdf","","Authentication; Network security; Post quantum cryptography; Quantum cryptography; Lattice; Side channel attack; Field programmable gate arrays (FPGA); Integrated circuit design; Key encapsulation mechanisms; Public key cryptography; Field-programmable gate array; Learning with Errors; Computer architecture; Timing circuits; Fault detection; Circuit faults; Error detection; Field-programmable gate array (FPGA); Key encapsulation mechanism; key encapsulation mechanisms (KEM); Learning with error; learning with errors (LWEs); Learning with rounding; learning with rounding (LWR); Logic gates; National institute for standards and technologies; Postquantum cryptography; postquantum cryptography (PQC); Quantum random oracle model .; quantum random oracle model (QROM); Random Oracle model","","","","","","","","","","","","","","","","","","","","","","","","","","","","","","","","","","","","","","","","","","","","","","",""
"ID65M56D","conferencePaper","2026","Ramapragada, Krishna Sai Tarun; Banerjee, Utsav","A 0.05mm2 1.19-to-7.34mW SQIsign-1D Isogeny-Based Post-Quantum Signature Verification Accelerator for IoT","2026 IEEE International Solid-State Circuits Conference (ISSCC)","","2376-8606","10.1109/ISSCC49663.2026.11408981","https://ieeexplore.ieee.org/document/11408981/","This work presents a 0.05 \textmm^2 and 1.19 -to- 7.34 mW hardware accelerator for the isogeny-based NIST post-quantum digital signature candidate SQIsign. Our Montgomery multiplier design enables 2 \times speedup and energy savings, and efficient memory organization provides 31% area savings. We demonstrate SQIsign-1D uncompressed signature verification in a small form factor for IoT applications with order of magnitude improvement in performance and energy-efficiency compared to assembly-optimized software.","2026-02","2026-04-09 16:30:08","2026-05-03 09:33:40","2026-04-09 16:29:43","432-434","","","69","","","","","","","","","","","","","","","IEEE Xplore","","ISSN: 2376-8606","<p>Export Date: 02 May 2026; Cited By: 0; CODEN: DTPCD</p>","/Users/mac/Zotero/storage/DVW9D3LJ/Ramapragada and Banerjee - 2026 - A 0.05mm2 1.19-to-7.34mW SQIsign-1D Isogeny-Based Post-Quantum Signature Verification Accelerator fo.pdf","","Post quantum; Quantum signature; Energy efficiency; Multiplier design; Quantum digital signatures; Energy efficient; Application programs; Hardware accelerators; Signature verification; Verification; Energy  savings; Energy-savings; Montgomery multipliers","","","","","","","","","","","","","","","","","","","","","","","","","","","","","","","","2026 IEEE International Solid-State Circuits Conference (ISSCC)","","","","","","","","","","","","","","",""
"XAYSTZZU","conferencePaper","2018","Güneysu, Tim; Krausz, Markus; Oder, Tobias; Speith, Julian","Evaluation of Lattice-Based Signature Schemes in Embedded Systems","2018 25th IEEE International Conference on Electronics, Circuits and Systems (ICECS)","","","10.1109/ICECS.2018.8617969","https://ieeexplore.ieee.org/document/8617969/","Lattice-based cryptography is a promising candidate and remedy in public-key cryptography in case quantum computers become feasible or a major breakthrough in solving the factorization problem or the discrete logarithm problem is achieved. Due to ongoing research in this field, many schemes still lack implementations that examine their practicability, especially for embedded systems. In this work we discuss the potential of lattice-based signature schemes for practical applications on constrained devices in a post-quantum era. We focus on the schemes GLP, BLISS, and Dilithium and discuss their unique properties as well as challenges regarding their implementation on embedded devices. In this regard we present and review optimized implementations of these schemes for ARM Cortex-M4 microcontrollers to evaluate the practical performance of the schemes.","2018-12","2026-04-09 16:30:08","2026-05-03 10:07:05","2026-04-09 16:29:45","385-388","","","","","","","","","","","","","","","","","","IEEE Xplore","","","<p>Export Date: 02 May 2026; Cited By: 23</p>","/Users/mac/Zotero/storage/JUQVN566/Güneysu et al. - 2018 - Evaluation of Lattice-Based Signature Schemes in Embedded Systems.pdf","","Authentication; Quantum computers; Quantum cryptography; Lattice-based; Microcontrollers; Signature Scheme; Lattice; Post quantum; Lattice-based cryptography; Public key cryptography; Constrained devices; Embedded systems; Embedded-system; Quanta computers; Signature; microcontroller; dilithium; Discrete logarithms problems; lattices; signatures","","","","","","","","","","","","","","","","","","","","","","","","","","","","","","","","2018 25th IEEE International Conference on Electronics, Circuits and Systems (ICECS)","","","","","","","","","","","","","","",""
"FD9YRTN4","conferencePaper","2021","Berthet, Quentin; Upegui, Andres; Gantel, Laurent; Duc, Alexandre; Traverso, Giulia","An Area-Efficient SPHINCS+ Post-Quantum Signature Coprocessor","2021 IEEE International Parallel and Distributed Processing Symposium Workshops (IPDPSW)","","","10.1109/IPDPSW52791.2021.00034","https://ieeexplore.ieee.org/document/9460703/","The significant advances in the area of quantum computing of the past decade leave no doubt about the fact that quantum computers are an actual threat to cryptography. For this reason, a lot of efforts have been made lately in designing so-called post-quantum cryptographic primitives. The adoption of these schemes depends on the future capability of post-quantum cryptographic schemes to offer performances and functionalities similar to their classical counterparts. In particular, a milestone towards standardization is the implementation on FPGA of cryptographic primitives which leads to an efficient execution. We contribute in this respect by providing an area-efficient FPGA implementation of SPHINCS+, a post-quantum signature scheme which guarantees very high security, allowing its deployment into embedded systems such as hardware security modules, IoT devices or nanosatellites.","2021-06","2026-04-09 16:30:08","2026-05-03 09:38:04","2026-04-09 16:29:48","180-187","","","","","","","","","","","","","","","","","","IEEE Xplore","","","<p>Export Date: 02 May 2026; Cited By: 37</p>","/Users/mac/Zotero/storage/5PCGQ7ES/Berthet et al. - 2021 - An Area-Efficient SPHINCS+ Post-Quantum Signature Coprocessor.pdf","","Hardware security; post-quantum cryptography; Quantum computers; Quantum Computing; SPHINCS+; Post quantum; Field programmable gate arrays (FPGA); FPGA; Cryptography; Embedded systems; FPGA implementations; Coprocessor; Nanosatellites; Cryptographic primitives; Area-Efficient; Classical counterpart; Cryptographic schemes; hash-based signature schemes; High securities","","","","","","","","","","","","","","","","","","","","","","","","","","","","","","","","2021 IEEE International Parallel and Distributed Processing Symposium Workshops (IPDPSW)","","","","","","","","","","","","","","",""
"UUQE6R66","journalArticle","2025","Kwon, Jihoon; Lee, Sangyub; Lee, Byeonghak; Seo, Hwajeong; Cho, Jihoon","Efficient Implementations of AIMer Post-Quantum Signature Scheme for Low-End to High-End IoT Devices","IEEE Internet of Things Journal","","2327-4662","10.1109/JIOT.2025.3597415","https://ieeexplore.ieee.org/document/11121920/","Post-quantum cryptography (PQC) is becoming increasingly critical for securing Internet of Things (IoT) applications against potential threats posed by quantum computers. However, cryptographic schemes based on mathematically hard problems, such as lattice-based constructions, may face reduced security margins due to ongoing cryptanalytic advancements. In IoT use cases requiring long-term deployment without guaranteed secure updates, symmetric-based signature schemes, such as \mathsf SPHINCS+ , whose security relies solely on symmetric primitives, are considered robust alternatives. Among these, \textsf AIMer , selected as a finalist in the KpqC competition, is emerging as a promising candidate. This article presents optimized software implementations of \textsf AIMer for various IoT platforms, ranging from low-end to high-end devices. We propose memory-optimized and time–memory tradeoff implementations for resource-constrained ARM Cortex-M4 devices, and single instruction multiple data (SIMD)-accelerated implementations for AArch64 and AVX2 architectures. Furthermore, we conduct a comprehensive performance evaluation comparing our optimized implementations with other PQC signature schemes. Our results show that \textsf AIMer achieves significantly smaller signature sizes and faster key generation and signing compared to \mathsf SPHINCS+ across all security levels, making it a viable option for long-term IoT deployment.","2025-11","2026-04-09 16:30:08","2026-05-03 10:17:56","2026-04-09 16:29:50","46817-46837","","22","12","","","","","","","","","","","","","","","IEEE Xplore","","","<p>Export Date: 02 May 2026; Cited By: 0; Correspondence Address: H. Seo; Hansung University, Department of IT Convergence Engineering, Seoul, 02876, South Korea; email: hwajeong84@gmail.com</p>","/Users/mac/Zotero/storage/MDC9TYFK/Kwon et al. - 2025 - Efficient Implementations of AIMer Post-Quantum Signature Scheme for Low-End to High-End IoT Devices.pdf","","Authentication; Network security; Post quantum cryptography; Quantum computers; Quantum cryptography; Signature Scheme; Electronic document identification systems; Cost effectiveness; digital signature; Memory architecture; Internet of Things (IoT) security; Economic and social effects; post-quantum cryptography (PQC); Cortex-m4; Cortex-M4; Cortexes; Implementation; implementation; AVX2; Internet of thing security; Aarch64; AArch64; Constrained optimization; Korean PQC (KpqC); Kpqc; Symmetrics","","","","","","","","","","","","","","","","","","","","","","","","","","","","","","","","","","","","","","","","","","","","","","",""
"8QLKJWL2","conferencePaper","2021","Pokorný, David; Socha, Petr; Novotný, Martin","Side-channel attack on Rainbow post-quantum signature","2021 Design, Automation & Test in Europe Conference & Exhibition (DATE)","","1558-1101","10.23919/DATE51398.2021.9474157","https://ieeexplore.ieee.org/document/9474157/","Rainbow, a layered multivariate quadratic digital signature, is a candidate for standardization in a competition-like process organized by NIST. In this paper, we present a CPA side-channel attack on the submitted 32-bit reference implementation. We evaluate the attack on an STM32F3 ARM microcontroller, successfully revealing the full private key. Furthermore, we propose a simple masking scheme with minimum overhead.","2021-02","2026-04-09 16:30:08","2026-05-03 10:20:40","2026-04-09 16:29:51","565-568","","","","","","","","","","","","","","","","","","IEEE Xplore","","ISSN: 1558-1101","<p>Export Date: 02 May 2026; Cited By: 10</p>","/Users/mac/Zotero/storage/3EBB5C96/Pokorný et al. - 2021 - Side-channel attack on Rainbow post-quantum signature.pdf","","post-quantum cryptography; Post quantum; Side channel attack; digital signature; Reference implementation; Masking schemes; ARM microcontrollers; embedded systems; multivariate quadratic; Multivariate quadratics; Private key; side-channel analysis","","","","","","","","","","","","","","","","","","","","","","","","","","","","","","","","2021 Design, Automation & Test in Europe Conference & Exhibition (DATE)","","","","","","","","","","","","","","",""
"A8VYPVDP","conferencePaper","2025","Zhu, Shuhang; Wu, Liji; Li, Lei; Yang, Yifan; Zhang, Xiangmin","Design and FPGA Implementation of a NTT Hardware Accelerator for PQC ML-DSA","2025 10th International Conference on Integrated Circuits and Microsystems (ICICM)","","","10.1109/ICICM66614.2025.11315992","https://ieeexplore.ieee.org/document/11315992/","In this paper, we present a high - performance, resource - efficient hardware architecture for the 256-point Number Theoretic Transform (NTT) core tailored to the CRYSTALS-Dilithium post-quantum signature scheme. Our design introduces three key innovations: (1) a Barrett modular reduction unit that replaces conventional subtraction-based reduction with precomputed constants, achieving a 42% reduction in critical-path delay; (2) a dynamic, algorithmic address resolver that eliminates lookup tables and reduces LUT usage by \mathbf1 5. 2 %; and (3) a quad-butterfly pipeline comprising four parallel configurable butterfly units that support both Cooley-Tukey and Gentleman-Sande modes, enabling a fourfold increase in per-cycle throughput. Implemented on FPGA with modulus q=8,380,417, the proposed NTT core consumes only \mathbf1, 0 3 3 slices (\mathbf3 9. 3 % fewer) and 3,189 LUTs (44.1% fewer) compared to state-of-the-art designs, at a modest cost of 28 DSPs and 8 BRAMs. Functional simulation over 512 test points confirms 100% correctness (\mathbfR^\mathbf2=\mathbf1. 0) across the full coefficient range. The architecture thus offers an attractive balance between throughput, resource utilization, and implementation simplicity, providing a practical foundation for lattice-based cryptosystems on resource constrained platforms.","2025-10","2026-04-09 16:30:08","2026-05-03 10:38:55","2026-04-09 16:29:53","86-91","","","","","","","","","","","","","","","","","","IEEE Xplore","","","<p>Export Date: 02 May 2026; Cited By: 0; Correspondence Address: L. Li; Heilongjiang University, Electronic Engineering College, Harbin, China; email: lileidtk@hlju.edu.cn; L. Wu; Tsinghua University, School of Integrated Circuit, Beijing, China; email: lijiwu@mail.tsinghua.edu.cn</p>","/Users/mac/Zotero/storage/KJTNGDB2/Zhu et al. - 2025 - Design and FPGA Implementation of a NTT Hardware Accelerator for PQC ML-DSA.pdf","","% reductions; Computer hardware; Design implementation; Field programmable gate arrays (FPGA); FPGA implementations; FPGAs implementation; Hardware accelerators; Hardware design; Integrated circuit design; NTT; Number theory; Number-theoretic transforms; Performance; Post quantum cryptography; Post Quantum Cryptography(PQC); Quantum cryptography; Quantum theory; Resource-efficient; Simulation platform; Table lookup","","","","","","","","","","","","","","","","","","","","","","","","","","","","","","","","2025 10th International Conference on Integrated Circuits and Microsystems (ICICM)","","","","","","","","","","","","","","",""
"CBWK9I4Z","journalArticle","2022","Taheri, Farhad; Bayat-Sarmadi, Siavash; Ebrahimi, Shahriar","Efficient Hardware Implementations of Legendre Symbol Suitable for MPC Applications","IEEE Transactions on Circuits and Systems I: Regular Papers","","1558-0806","10.1109/TCSI.2021.3132770","https://ieeexplore.ieee.org/document/9653145/","Multi-party computation (MPC) allows each peer to take part in the execution of a common function with their private share of data without the need to expose it to other participants. The Legendre symbol is a pseudo-random function (PRF) that is suitable for MPC protocols due to their efficient evaluation process compared to other symmetric primitives. Recently, Legendre-based PRFs have also been employed in the construction of a post-quantum signature scheme, namely LegRoast. In this paper, we propose, to the best of our knowledge, the first hardware implementations for the Legendre symbol by three approaches: 1) low-area, 2) high-speed, and 3) high-frequency. The high-speed architecture outperforms state-of-the-art software implementations, which run on Intel’s Core-i5. Our evaluation results on FPGA show that this architecture reduces the Legendre calculation time by 2.56\times compared to software implementations on Core-i5. On the other hand, the low-area architecture consumes only 5489 slices on the Artix-7 FPGA and is suitable for resource-constrained devices. Moreover, our ASIC implementation results indicate that the low-area architecture consumes 97.56K gates to implement and requires 4.01 mW to operate on 50 MHz. The high-frequency architecture increases the frequency by 1.72\times over the high-speed architecture and achieves 200 MHz frequency on FPGA.","2022-03","2026-04-09 16:30:08","2026-05-03 10:19:59","2026-04-09 16:29:55","1231-1239","","3","69","","","","","","","","","","","","","","","IEEE Xplore","","","<p>Export Date: 02 May 2026; Cited By: 2; Correspondence Address: S. Bayat-Sarmadi; Department of Computer Engineering, Sharif University of Technology, Tehran, 14588-89694, Iran; email: sbayat@sharif.edu</p>","/Users/mac/Zotero/storage/8I9JY2HE/Taheri et al. - 2022 - Efficient Hardware Implementations of Legendre Symbol Suitable for MPC Applications.pdf","","Authentication; Post quantum cryptography; Electronic document identification systems; Post-quantum cryptography; Field programmable gate arrays (FPGA); Digital signatures; Integrated circuit design; Hardware; Computer hardware; Cryptography; Application specific integrated circuits; Computer architecture; Multiparty computation; Low area; Function evaluation; ASIC design; FPGA and ASIC design; FPGA and ASIC design.; FPGA design; FPGAs and ASICs; Legendre; Legendre symbol; MPC","","","","","","","","","","","","","","","","","","","","","","","","","","","","","","","","","","","","","","","","","","","","","","",""
"DLTBUMMW","conferencePaper","2024","Aulbach, Thomas; Marzougui, Soundes; Seifert, Jean-Pierre; Ulitzsch, Vincent Quentin","MAYo or MAY-not: Exploring Implementation Security of the Post-Quantum Signature Scheme MAYO Against Physical Attacks","2024 Workshop on Fault Detection and Tolerance in Cryptography (FDTC)","","2995-0252","10.1109/FDTC64268.2024.00012","https://ieeexplore.ieee.org/document/10737868/","MAYO is a multivariate signature scheme notable for its efficiency and compact key size. Targeting NIST security level I, MAYO features a public key size of 1168 bytes and a signature size of 321 bytes, making it more compact than leading lattice-based signature schemes like Falcon and Dilithium, thereby easing integration into embedded systems. With the deployment of MAYO in embedded systems, studying the resilience of MAYO implementations against fault injection attacks is of increasing importance. In this paper, we investigate the security of MAYO against fault injection attacks, and present the first end-to-end fault injection attack on the multivariate scheme. The attack introduces a loop-abort fault in the sampling of the vinegar vector. We present two variants: A zero-ing attack, in which the skipped sampling results in an all-zero vinegar vector, and a differential fault attack. In both variants, the faulted signature reveals an oil vector, allowing for full key recovery through techniques borrowed from the reconciliation attack in a few seconds.","2024-09","2026-04-09 16:30:08","2026-05-03 10:06:48","2026-04-09 16:29:57","28-33","","","","","","MAYo or MAY-not","","","","","","","","","","","","IEEE Xplore","","ISSN: 2995-0252","<p>Export Date: 02 May 2026; Cited By: 5</p>; <p>Export Date: 02 May 2026; Cited By: 5; Correspondence Address: T. Aulbach; University of Regensburg, Germany; email: thomas.aulbach@ur.de</p>","/Users/mac/Zotero/storage/XMJCKY83/Aulbach et al. - 2024 - MAYo or MAY-not Exploring Implementation Security of the Post-Quantum Signature Scheme MAYO Against.pdf","","Authentication; Network security; Post quantum cryptography; post-quantum cryptography; Quantum cryptography; Signature Scheme; Post quantum; Quantum signature; Public key cryptography; Embedded-system; Vectors; Fault injection; Fault injection attacks; fault-injection; Key sizes; MAYO; multivariate schemes; Multivariate schemes","","","","","","","","","","","","","","","","","","","","","","","","","","","","","","","","2024 Workshop on Fault Detection and Tolerance in Cryptography (FDTC)","","","","","","","","","","","","","","",""
"P7EMXEDQ","journalArticle","2025","Wu, Jiafei; Yu, Yifei; Chen, Zhao; Yang, Hao; Li, Chao; Liu, Zhe","CBPSPX: A CUDA-Based Batch Parallel Optimization of Post-Quantum Signature SPHINCS+","IEEE Internet of Things Journal","","2327-4662","10.1109/JIOT.2025.3585558","https://ieeexplore.ieee.org/document/11068129/","Security and privacy are critical in cloud-based Internet of Things (IoT) and Artificial Intelligence of Things (AIoT) applications. As quantum computing advances, post-quantum cryptography (PQC) has emerged as a key technology for ensuring security in future IoT and AIoT architectures. SPHINCS+, a leading post-quantum signature algorithm, has been selected by the National Institute of Standards and Technology (NIST) as one of the next-generation signature standards. However, due to its complex structure and extensive hash operations, SPHINCS+ suffers from slower signature generation and verification compared to other post-quantum algorithms. Consequently, accelerating SPHINCS+ is essential for adapting it to IoT environments. This article presents a compute unified device architecture (CUDA)-based Batch Parallel optimization of SPHINCS+ (CBPSPX), which fully utilizes the computing resources of NVIDIA graphics processing units (GPUs) to enhance the performance of SPHINCS+. Specifically, we propose the thread utilization efficiency index (TUEI), which can be used to theoretically evaluate the effectiveness of various parallel methods. Then, we propose an intrablock batch processing model that dynamically adjusts parallel task scales within a block to optimize throughput, making it particularly suitable for IoT scenarios requiring high-throughput large-scale device authentication. Meanwhile, we divide the signature generation process into three subprocesses and adopt different parallel strategies based on the thread requirements of each subprocess to maximize the value of TUEI. For the signature verification process, we propose a columnar storage strategy to replace the traditional row storage structure, which significantly improves the performance of batch signature verification. Experimental results indicate that our SPHINCS+ implementations across all three parameter sets are better than previous optimized GPU-based implementations and achieve speedups of 1.4\times to 2.5\times for signature generation and 4.6\times to 11.3\times for signature verification on GPU RTX 3090.","2025-09","2026-04-09 16:30:08","2026-05-03 09:53:50","2026-04-09 16:29:59","37898-37911","","18","12","","","CBPSPX","","","","","","","","","","","","IEEE Xplore","","","<p>Export Date: 02 May 2026; Cited By: 2; Correspondence Address: Z. Liu; Zhejiang University, School of Software Technology, Ningbo, 315100, China; email: zhe.liu@nuaa.edu.cn</p>","/Users/mac/Zotero/storage/Q45R8DSH/Wu et al. - 2025 - CBPSPX A CUDA-Based Batch Parallel Optimization of Post-Quantum Signature SPHINCS+.pdf","","Authentication; Network security; Post quantum cryptography; Quantum computers; Quantum cryptography; SPHINCS+; Electronic document identification systems; Internet of things; Program processors; Signature verification; Computer graphics equipment; Graphics processing unit; Efficiency; post-quantum cryptography (PQC); Computer graphics; Graphics processing; Processing units; Batch data processing; Internet of thing; Internet of Things (IoT); Efficiency index; Graphic processing unit; graphics processing units (GPUs); Thread utilization efficiency index; thread utilization efficiency index (TUEI); Utilization efficiency","","","","","","","","","","","","","","","","","","","","","","","","","","","","","","","","","","","","","","","","","","","","","","",""
"H75WCYKY","conferencePaper","2021","Ortega L., K. Denisse; Dominguez Perez, Luis J.","Implementing CRYSTAL-Dilithium on FRDM-K64","2021 IEEE 12th Annual Ubiquitous Computing, Electronics & Mobile Communication Conference (UEMCON)","","","10.1109/UEMCON53757.2021.9666622","https://ieeexplore.ieee.org/document/9666622/","This document presents the performance of the lattice-based signature scheme Dilithium for FRDM-K64 ARM Cortex-M4. Dilithium is a recent post-quantum cryptographic scheme, such as a candidate in the third round of the NIST. The Cortex-M4 is considered a suitable microcontroller for post-quantum cryptography so that FRDM-K64 is used to execute the Dilithium scheme. The PQM4 library and Greconici, Kannwischer, and Sprenkels implementation are compared and improved to achieve a low speed of 17% in NIST Security Level 2.","2021-12","2026-04-09 16:30:08","2026-05-03 10:22:49","2026-04-09 16:30:04","0178-0183","","","","","","","","","","","","","","","","","","IEEE Xplore","","","<p>Export Date: 02 May 2026; Cited By: 4</p>","/Users/mac/Zotero/storage/R8PE46UD/Ortega L. and Dominguez Perez - 2021 - Implementing CRYSTAL-Dilithium on FRDM-K64.pdf; /Users/mac/Zotero/storage/8B6UTPZ8/Ortega L. and Dominguez Perez - 2021 - Implementing CRYSTAL-Dilithium on FRDM-K64.pdf; /Users/mac/Zotero/storage/UI39D34G/Ortega L. and Dominguez Perez - 2021 - Implementing CRYSTAL-Dilithium on FRDM-K64.pdf; /Users/mac/Zotero/storage/UKMGFJ98/Ortega L. and Dominguez Perez - 2021 - Implementing CRYSTAL-Dilithium on FRDM-K64.pdf","","Authentication; Dilithium; Quantum cryptography; Lattice-based; Signature Scheme; Post quantum; Signature scheme; Performance; Cortex-m4; Cortex-M4; Cortexes; Chromium compounds; Cryptographic schemes; FRDM-k64; FRDM-K64; Quantumsafe","","","","","","","","","","","","","","","","","","","","","","","","","","","","","","","","2021 IEEE 12th Annual Ubiquitous Computing, Electronics & Mobile Communication Conference (UEMCON)","","","","","","","","","","","","","","",""
"UDMIJ94S","journalArticle","2025","Fraile, Lidia Pocero; Koulamas, Christos; Fournaris, Apostolos P.","Reinventing EDHOC for the Post-Quantum Era","IEEE Access","","2169-3536","10.1109/ACCESS.2025.3633843","https://ieeexplore.ieee.org/document/11250931/","Several lightweight protocols are being developed to secure communication in resource-constrained environments. Ephemeral Diffie-Hellman over COSE (EDHOC) plays a key role in this lightweight protocol family by managing the key establishment process. However, due to the vulnerability of the discrete logarithm problem to Shor’s algorithm, a quantum-resistant replacement for Diffie-Hellman is required. This work examines the quantum-resistant transition of EDHOC, focusing on its multiple authentication methods as a step toward enabling robust post-quantum security for IoT devices. A novel authentication method for EDHOC is introduced, utilizing Key Encapsulation Mechanisms (KEMs) as a replacement for the static Diffie-Hellman (DH) authentication method, providing a post-quantum signature-free alternative. Among existing post-quantum algorithms for both KEMs and signatures, the NIST-standardized ML-KEM offers the fastest implementation at the lowest memory cost, both of which are crucial for resource-constrained devices. While compatible with various post-quantum KEMs, the method can exploit the computational efficiency of ML-KEM to bring a PQ Signature-free EDHOC to highly constrained devices, providing the same security guarantees as classical EDHOC once the handshake is complete. Additionally, an efficient three-message handshake KEM-based EDHOC Initiator Known Responder (IKR) variant is proposed for environments with pre-established peer awareness.","2025","2026-04-09 16:30:08","2026-05-03 10:15:43","2026-04-09 16:30:04","196622-196640","","","13","","","","","","","","","","","","","","","IEEE Xplore","","","<p>Export Date: 02 May 2026; Cited By: 1; Correspondence Address: L.P. Fraile; Industrial Systems Institute, R.C. Athena, Patras, 26504, Greece; email: pocero@isi.gr</p>","/Users/mac/Zotero/storage/7M32LQWJ/Fraile et al. - 2025 - Reinventing EDHOC for the Post-Quantum Era.pdf","","Authentication; Network security; Post quantum cryptography; Quantum cryptography; Quantum efficiency; Electronic document identification systems; Key encapsulation mechanisms; Constrained embedded system; Constrained embedded systems; Diffie Hellman; EDHOC; Embedded-system; Ephemeral diffie-hellman over COSE; Post-quantum cryptography transition; Computational efficiency; Distributed computer systems; KEM-based authentication; Key encapsulation mechanism-based authentication; lightweight protocols; Lightweight protocols; Mechanism-based; post-quantum cryptography transition","","","","","","","","","","","","","","","","","","","","","","","","","","","","","","","","","","","","","","","","","","","","","","",""
"XK9Y79C6","journalArticle","2022","Shim, Kyung-Ah","A Survey on Post-Quantum Public-Key Signature Schemes for Secure Vehicular Communications","IEEE Transactions on Intelligent Transportation Systems","","1558-0016","10.1109/TITS.2021.3131668","https://ieeexplore.ieee.org/document/9646494/","Basic security requirements such as confidentiality, user authentication and data integrity, are assured by using public-key cryptography (PKC). In particular, public-key signature schemes provide non-repudiation, integrity of transmitted messages and authentication. The presence of a large scale quantum computer would be a real threat to break the most widely used public-key cryptographic algorithms in practice, RSA, DSA, ECDSA signature schemes and Diffie-Hellman key exchange. Thus, all security protocols and applications where these public-key cryptographic algorithms are used are vulnerable to quantum-computer attacks. There are five directions of cryptographic primitives secure against a quantum computer: multivariate quadratic equation-based, hash-based, lattice-based, code-based and supersingular isogeny-based cryptography. These primitives could serve as replacements for current public-key cryptographic algorithms to prepare for post-quantum era. It is important to prioritize the fields to be replaced by post-quantum cryptography (PQC) since it is hard to replace the currently deployed PKC with PQC at the same time. The fields directly connected to human life such as vehicular communications should be the primary targets of PQC applications. This survey is dedicated to providing guidelines for adapting the most suitable post-quantum candidates to the requirements of various devices and suggesting efficient and physically secure implementations that can be built into existing embedded applications as easily as traditional PKC. It focuses on the five types of post-quantum signature schemes and investigates their theoretical backgrounds, structures, state-of-the-art constructions and implementation aspects on various platforms raging from resource constrained IoT devices to powerful servers connected to the devices for secure communications in post-quantum era. It offers appropriate solutions to find tradeoffs between key sizes, signature lengths, performance, and security for practical applications.","2022-09","2026-04-09 16:30:08","2026-05-03 09:35:18","2026-04-09 16:30:06","14025-14042","","9","23","","","","","","","","","","","","","","","IEEE Xplore","","","<p>Export Date: 02 May 2026; Cited By: 58</p>","/Users/mac/Zotero/storage/2NGQK4D5/Shim - 2022 - A Survey on Post-Quantum Public-Key Signature Schemes for Secure Vehicular Communications.pdf","","Authentication; Network security; Post quantum cryptography; post-quantum cryptography; Quantum cryptography; Quantum theory; Signature Scheme; Side channel attack; Side-channel attacks; Public key cryptography; Quantum algorithms; Shor's algorithms; Surveys; Public-key signatures; Implementation attacks; Implementation attack; public-key signature scheme; Public-key signature scheme; quantum algorithm; Shor algorithm; side-channel attack; Side-channel attack.","","","","","","","","","","","","","","","","","","","","","","","","","","","","","","","","","","","","","","","","","","","","","","",""
"M3ASMMIS","journalArticle","2020","Hu, Jingwei; Liu, Yao; Cheung, Ray C. C.; Bhasin, Shivam; Ling, San; Wang, Huaxiong","Compact Code-Based Signature for Reconfigurable Devices With Side Channel Resilience","IEEE Transactions on Circuits and Systems I: Regular Papers","","1558-0806","10.1109/TCSI.2020.2984026","https://ieeexplore.ieee.org/document/9089230/","In this paper, we present a compact design for the code based signature called LEDAsig with side channel resistance. Existing implementations concentrate on the high-speed feature while few of them have considerations on area or power efficiency which are particularly decisive for low-cost or power constrained IoT applications. We propose an area-efficient FPGA architecture for systematically rotating the QC-LDGM codes amongst the block RAMs with read-first mode. Additionally, the side channel vulnerability of LEDAsig is carefully examined, and protective masking schemes are introduced accordingly to safeguard our design from power analysis attacks. Effectiveness of these schemes is verified on SAKURA-G FPGA board. Up till now, the design presented in this work is the most compact one and also the first side-channel secure one addressing first-order and (univariate) second-order differential power analysis for the code based signature schemes in the open literature. We show for instance that our first-order (second-order) protected implementation can sign a signature in 117 (203) ms on a Xilinx Spartan-6 FPGA, occupying only 622 (1142) slices, and therefore is a prospective candidate for post-quantum signature schemes in low-resource settings.","2020-07","2026-04-09 16:30:08","2026-05-03 09:54:19","2026-04-09 16:30:08","2305-2316","","7","67","","","","","","","","","","","","","","","IEEE Xplore","","","<p>Export Date: 02 May 2026; Cited By: 2; Correspondence Address: J. Hu; School of Physical and Mathematical Sciences, Nanyang Technological University, 639798, Singapore; email: davidhu@ntu.edu.sg</p>","/Users/mac/Zotero/storage/WRXMEFK2/Hu et al. - 2020 - Compact Code-Based Signature for Reconfigurable Devices With Side Channel Resilience.pdf","","Authentication; Signature Scheme; Side channel attack; Code-based cryptography; Field programmable gate arrays (FPGA); Integrated circuit design; CFS signature scheme; compact implementation; Differential power Analysis; FPGA architectures; hardware security; IOT applications; Low-resource settings; Masking schemes; Power efficiency; QC-LDGM code; Reconfigurable devices","","","","","","","","","","","","","","","","","","","","","","","","","","","","","","","","","","","","","","","","","","","","","","",""
"6XNZJDKC","conferencePaper","2014","Oder, Tobias; Pöppelmann, Thomas; Güneysu, Tim","Beyond ECDSA and RSA: Lattice-based digital signatures on constrained devices","2014 51st ACM/EDAC/IEEE Design Automation Conference (DAC)","","0738-100X","","https://ieeexplore.ieee.org/document/6881437/","All currently deployed asymmetric cryptography is broken with the advent of powerful quantum computers. We thus have to consider alternative solutions for systems with long-term security requirements (e.g., for long-lasting vehicular and avionic communication infrastructures). In this work we present an efficient implementation of BLISS, a recently proposed, post-quantum secure, and formally analyzed novel lattice-based signature scheme. We show that we can achieve a significant performance of 35.3 and 6 ms for signing and verification, respectively, at a 128-bit security level on an ARM Cortex-M4F microcontroller. This shows that lattice-based cryptography can be efficiently deployed on today's hardware and provides security solutions for many use cases that can even withstand future threats.","2014-06","2026-04-09 20:28:49","2026-05-03 09:52:01","2026-04-09 20:28:49","1-6","","","","","","Beyond ECDSA and RSA","","","","","","","","","","","","IEEE Xplore","","ISSN: 0738-100X","<p>Export Date: 02 May 2026; Cited By: 55; CODEN: PDAWD</p>","/Users/mac/Zotero/storage/ZER4WQJ4/Oder et al. - 2014 - Beyond ECDSA and RSA Lattice-based digital signatures on constrained devices.pdf","","Authentication; Quantum computers; Quantum cryptography; Lattice-based cryptography; Constrained devices; Efficient implementation; Avionic communications; Computer aided design; Asymmetric cryptography; Security requirements; Alternative solutions; Security solutions","","","","","","","","","","","","","","","","","","","","","","","","","","","","","","","","2014 51st ACM/EDAC/IEEE Design Automation Conference (DAC)","","","","","","","","","","","","","","",""
"V53FDGL9","journalArticle","2024","Nouma, Saif E.; Yavuz, Attila A.","Trustworthy and Efficient Digital Twins in Post-Quantum Era with Hybrid Hardware-Assisted Signatures","ACM Trans. Multimedia Comput. Commun. Appl.","","1551-6857","10.1145/3638250","https://dl.acm.org/doi/10.1145/3638250","Digital Twins (DT) virtually model cyber-physical objects via sensory inputs by simulating or monitoring their behavior. Therefore, DTs usually harbor vast quantities of Internet of Things (IoT) components (e.g., sensors) that gather, process, and offload sensitive information (e.g., healthcare) to the cloud. It is imperative to ensure the trustworthiness of such sensitive information with long-term and compromise-resilient security guarantees. Digital signatures provide scalable authentication and integrity with non-repudiation and are vital tools for DTs. Post-quantum cryptography (PQC) and forward-secure signatures are two fundamental tools to offer long-term security and breach resiliency. However, NIST-PQC signature standards are exorbitantly costly for embedded DT components and are infeasible when forward-security is also considered. Moreover, NIST-PQC signatures do not admit aggregation, which is a highly desirable feature to mitigate the heavy storage and transmission burden in DTs. Finally, NIST recommends hybrid PQ solutions to enable cryptographic agility and transitional security. Yet, there is a significant gap in the state of the art in the achievement of all these advanced features simultaneously. Therefore, there is a significant need for lightweight digital signatures that offer compromise resiliency and compactness while permitting transitional security into the PQ era for DTs.We create a series of highly lightweight digital signatures called Hardware-ASisted Efficient Signature (HASES) that meets the above requirements. The core of HASES&nbsp;is a hardware-assisted cryptographic commitment construct oracle (CCO) that permits verifiers to obtain expensive commitments without signer interaction. We created three HASES&nbsp;schemes: PQ-HASES&nbsp;is a forward-secure PQ signature, LA-HASES&nbsp;is an efficient aggregate Elliptic-Curve signature, and HY-HASES&nbsp;is a novel hybrid scheme that combines PQ-HASES&nbsp;and LA-HASES&nbsp;with novel strong nesting and sequential aggregation. HASES&nbsp;does not require a secure-hardware on the signer. We prove that HASES&nbsp;schemes are secure and implemented them on commodity hardware and and 8-bit AVR ATmega2560. Our experiments confirm that PQ-HASES&nbsp;and LA-HASES&nbsp;are two magnitudes of times more signer efficient than their PQ and conventional-secure counterparts, respectively. HY-HASES&nbsp;outperforms NIST PQC and conventional signature combinations, offering a standard-compliant transitional solution for emerging DTs. We open-source HASES&nbsp;schemes for public-testing and adaptation.","2024-03-08","2026-04-14 14:57:28","2026-05-03 10:23:18","2026-04-14 14:56:10","156:1–156:30","","6","20","","","","","","","","","","","","","","","ACM Digital Library","","","<p>Export Date: 02 May 2026; Cited By: 14</p>","/Users/mac/Zotero/storage/PRFD3NWX/Nouma and Yavuz - 2024 - Trustworthy and Efficient Digital Twins in Post-Quantum Era with Hybrid Hardware-Assisted Signatures.pdf","","Authentication; Network security; Post quantum cryptography; Quantum cryptography; Quantum efficiency; Signature Scheme; Post quantum; Internet of things; Cyber security; Cybersecurity; CryptoGraphics; Post-quantum securities; post-quantum security; Additional key word and phrasesmultimedium authentication; Additional Key Words and PhrasesMultimedia authentication; cyber-security; digital twins; Hardware-assisted; Key words; Sensitive informations","","","","","","","","","","","","","","","","","","","","","","","","","","","","","","","","","","","","","","","","","","","","","","",""
"TZTX4EGV","conferencePaper","2025","Dong, Ben; Wang, Qian","EPQUIC: Efficient Post-Quantum Cryptography for QUIC-Enabled Secure Communication","Proceedings of the Great Lakes Symposium on VLSI 2025","979-8-4007-1496-2","","10.1145/3716368.3735199","https://dl.acm.org/doi/10.1145/3716368.3735199","Advances in quantum computing threaten classical cryptographic algorithms like RSA and ECC by enabling efficient problem-solving in polynomial time. In response, the National Institute of Standards and Technology (NIST) has standardized post-quantum cryptographic (PQC) algorithms. While there have been some studies of integrating PQC into the TLS protocol for key establishment and signature generation, limited research exists on profiling these newly standardized algorithms in computational resource-constrained embedded systems for IoT usage. This work integrates NIST’s PQC algorithms into TLS servers and clients on embedded systems like Raspberry Pi with an Arm Cortex-A72 SoC. We benchmark PQC algorithms against classical ones, showing that the Kyber Key Encapsulation Mechanism (KEM) outperforms ECDH by up to 2.55×. PQC signature algorithms (Dilithium, Falcon, and SPHINCS+) achieve 6.82×, 40.6%, and 9.3% of RSA’s signing performance and 27.5%, 1.46×, and 0.04% for verification, respectively. We also evaluate PQC-TLS on embedded SoCs, revealing handshake latency increases of ∼ 10–91% at Level 5 security. Furthermore, we are the first to evaluate the PQC-enabled QUIC protocol on an embedded system. We aim to optimize the performance overhead by leveraging QUIC’s quick connection establishment trait as a UDP-only protocol.keywords: Post-quantum Cryptography, Embedded System, QUIC, TLS protocol","2025-06-29","2026-04-15 15:47:36","2026-05-03 10:10:20","2026-04-15","141–146","","","","","","EPQUIC","GLSVLSI '25","","","","Association for Computing Machinery","New York, NY, USA","","","","","","ACM Digital Library","","","<p>Export Date: 02 May 2026; Cited By: 2</p>; <p>Export Date: 02 May 2026; Cited By: 2; Correspondence Address: Q. Wang; University of California, Merced, Merced, United States; email: qianwang@ucmerced.edu</p>","/Users/mac/Zotero/storage/DQWYANCC/Dong and Wang - 2025 - EPQUIC Efficient Post-Quantum Cryptography for QUIC-Enabled Secure Communication.pdf","","Authentication; Hardware security; Network security; Post quantum cryptography; Quantum computers; Quantum Computing; Quantum cryptography; Post quantum; Public key cryptography; Performance; Embedded systems; Cryptographic algorithms; Authentication Protocol; Embedded-system; System-on-chip; CryptoGraphics; Internet protocols; Post-quantum Cryptography; Seebeck effect; QUIC; Embedded System; Polynomial approximation; Problem-solving; Secure communication; TLS protocol; TLS protocols","","","","","","","","","","","","","","","","","","","","","","","","","","","","","","","","","","","","","","","","","","","","","","",""
"T9R3FETV","conferencePaper","2019","Oder, T.; Speith, J.; Höltgen, K.; Güneysu, T.","Towards practical microcontroller implementation of the signature scheme falcon","","","","10.1007/978-3-030-25510-7_4","https://www.scopus.com/pages/publications/85069827910?origin=resultslist","The majority of submissions to NIST’s recent call for Post-Quantum Cryptography are encryption schemes or key encapsulation mechanisms. Signature schemes constitute a much smaller group of submissions with only 21 proposals. In this work, we analyze the practicability of one of the latter category – the signature scheme Falcon with respect to its suitability for embedded microcontroller platforms. Falcon has a security proof in the QROM in combination with smallest public key and signature sizes among all lattice-based signature scheme submissions with decent performance on common x86 computing architectures. One of the specific downsides of the scheme is, however, that according to its specification it is “non-trivial to understand and delicate to implement”. This work aims to provide some new insights on the realization of Falcon by presenting an optimized implementation for the ARM Cortex-M4F platform. This includes a revision of its memory layout as this is the limiting factor on such constrained platforms. We managed to reduce the dynamic memory consumption of Falcon by 43% in comparison to the reference implementation. Summarizing, our implementation requires 682 ms for key generation, 479 ms for signing, and only 3.2 ms for verification for the n= 512 parameter set. © Springer Nature Switzerland AG 2019.","2019","2026-05-02 10:46:28","2026-05-03 10:23:10","","65-80","","","11505 LNCS","","","","","","","","","","","","","Scopus","","","","","<p>Export Date: 02 May 2026; Cited By: 18</p>; <p>Export Date: 02 May 2026; Cited By: 18; Correspondence Address: T. Oder; Ruhr -University Bochum, Bochum, Germany; email: tobias.oder@rub.de</p>","","","Authentication; Computer architecture; Controllers; Cortex-M; Embedded microcontroller; Falcon; Ideal lattices; Key encapsulation mechanisms; Microcontroller; Microcontrollers; NIST PQC; Optimized implementation; Post quantum cryptography; Public key cryptography; Quantum cryptography; Reference implementation","","","","","","","","","","","","","","","","","","","","","","","","","","","","","","","","Lecture Notes in Computer Science (including subseries Lecture Notes in Artificial Intelligence and Lecture Notes in Bioinformatics)","","","","","","","","","","","","","","",""
"Z5GN8EZW","conferencePaper","2023","Zhang, S.; Lin, X.; Yu, Y.; Wang, W.","Improved Power Analysis Attacks on Falcon","","","","10.1007/978-3-031-30634-1_19","https://www.scopus.com/pages/publications/85161661442?origin=resultslist","Falcon is one of the three post-quantum signature schemes selected for standardization by NIST. Due to its low bandwidth and high efficiency, Falcon is seen as an attractive option for quantum-safe embedded systems. In this work, we study Falcon’s side-channel resistance by analysing its Gaussian samplers. Our results are mainly twofold. The first result is an improved key recovery exploiting the leakage within the base sampler investigated by Guerreau et al. (CHES 2022). Instead of resorting to the fourth moment as in former parallelepiped-learning attacks, we work with the second order statistics covariance and use its spectral decomposition to recover the secret information. Our approach substantially reduces the requirement for measurements and computation resources: 220000 traces is sufficient to recover the secret key of Falcon-512 within half an hour with a probability of ≈ 25 %. As a comparison, even with 10 6 traces, the former attack still needs about 1000 h hours CPU time of lattice reduction for a full key recovery. In addition, our approach is robust to inaccurate leakage classification, which is another advantage over parallelepiped-learning attacks. Our second result is a practical power analysis targeting the integer Gaussian sampler of Falcon. The analysis relies on the leakage of random sign flip within the integer Gaussian sampling. This leakage was exposed in 2018 by Kim and Hong, but it is not considered in Falcon’s implementation and unexploited for side-channel analysis until now. We identify the leakage within the reference implementation of Falcon on an ARM Cortex-M4 STM32F407IGT6 microprocessor. We also show that this single bit of leakage is in effect enough for practical key recovery: with 170000 traces one can fully recover the key of Falcon-512 within half an hour. Furthermore, combining the sign leakage and the aforementioned leakage, one can recover the key with only 45000 signature measurements in a short time. As a by-product, we also extend our power analysis to Mitaka which is a recent variant of Falcon. The same leakages exist within the integer Gaussian samplers of Mitaka, and they can also be used to mount key recovery attacks. Nevertheless, the key recovery in Mitaka requires much more traces than it does in Falcon, due to their different lattice Gaussian samplers. © 2023, International Association for Cryptologic Research.","2023","2026-05-02 10:46:28","2026-05-03 09:58:45","","565-595","","","14007 LNCS","","","","","","","","","","","","","Scopus","","","","","<p>Export Date: 02 May 2026; Cited By: 18</p>; <p>Export Date: 02 May 2026; Cited By: 18; Correspondence Address: Y. Yu; BNRist, Tsinghua University, Beijing, China; email: yu-yang@mail.tsinghua.edu.cn</p>; <p>Export Date: 02 May 2026; Cited By: 18; Correspondence Address: Y. Yu; BNRist, Tsinghua University, Beijing, China; email: yu-yang@mail.tsinghua.edu.cn</p>","","","Bandwidth efficiency; Embedded systems; Gaussian distribution; Gaussian sampler; Geometry; Higher efficiency; Key recovery; Low-bandwidth; Low-high; Post quantum; Power analysis; Quantum signature; Recovery; Side channel attack; Signature Scheme","","","","","","","","","","","","","","","","","","","","","","","","","","","","","","","","Lecture Notes in Computer Science (including subseries Lecture Notes in Artificial Intelligence and Lecture Notes in Bioinformatics)","","","","","","","","","","","","","","",""
"5L6CY6LB","conferencePaper","2022","Gonzalez, R.; Wiggers, T.","KEMTLS vs. Post-quantum TLS: Performance on Embedded Systems","","","","10.1007/978-3-031-22829-2_6","https://www.scopus.com/pages/publications/85145256777?origin=resultslist","TLS is ubiquitous in modern computer networks. It secures transport for high-end desktops and low-end embedded devices alike. However, the public key cryptosystems currently used within TLS may soon be obsolete as large-scale quantum computers, once realized, would be able to break them. This threat has led to the development of post-quantum cryptography (PQC). The U.S. standardization body NIST is currently in the process of concluding a multi-year search for promising post-quantum signature schemes and key encapsulation mechanisms (KEMs). With the first PQC standards around the corner, TLS will have to be updated soon. However, especially for small microcontrollers, it appears the current NIST post-quantum signature finalists pose a challenge. Dilithium suffers from very large public keys and signatures; while Falcon has significant hardware requirements for efficient implementations. KEMTLS is a proposal for an alternative TLS handshake protocol that avoids authentication through signatures in the TLS handshake. Instead, it authenticates the peers through long-term KEM keys held in the certificates. The KEMs considered for standardization are more efficient in terms of computation and/or bandwidth than the post-quantum signature schemes. In this work, we compare KEMTLS to TLS 1.3 in an embedded setting. To gain meaningful results, we present implementations of KEMTLS and TLS 1.3 on a Cortex-M4-based platform. These implementations are based on the popular WolfSSL embedded TLS library and hence share a majority of their code. In our experiments, we consider both protocols with the remaining NIST finalist signature schemes and KEMs, except for Classic McEliece which has too large public keys. Both protocols are benchmarked and compared in terms of run-time, memory usage, traffic volume and code size. The benchmarks are performed in network settings relevant to the Internet of Things, namely low-latency broadband, LTE-M and Narrowband IoT. Our results show that KEMTLS can reduce handshake time by up to 38%, can lower peak memory consumption and can save traffic volume compared to TLS 1.3. © 2022, The Author(s), under exclusive license to Springer Nature Switzerland AG.","2022","2026-05-02 10:46:28","2026-05-03 10:08:35","","99-117","","","13783 LNCS","","","","","","","","","","","","","Scopus","","","","","<p>Export Date: 02 May 2026; Cited By: 24</p>; <p>Export Date: 02 May 2026; Cited By: 24; Correspondence Address: R. Gonzalez; Neodyme AG, Garching, Germany; email: mail+kemtls@ruben-gonzalez.de</p>","","","Authentication; Codes (symbols); Cortex-m4; Cortex-M4; Cortexes; Embedded systems; Embedded-system; Internet of things; KEMTLS; Key encapsulation mechanisms; Network security; NIST post-quantum cryptography; NIST PQC; Post quantum; Post quantum cryptography; Public key cryptography; Quantum chemistry; Quantum cryptography; Seebeck effect; Standardization; Transport layer security","","","","","","","","","","","","","","","","","","","","","","","","","","","","","","","","Lecture Notes in Computer Science (including subseries Lecture Notes in Artificial Intelligence and Lecture Notes in Bioinformatics)","","","","","","","","","","","","","","",""
"N6PJWPZL","conferencePaper","2021","Gonzalez, R.; Hülsing, A.; Kannwischer, M.J.; Krämer, J.; Lange, T.; Stöttinger, M.; Waitz, E.; Wiggers, T.; Yang, B.-Y.","Verifying Post-Quantum Signatures in 8 kB of RAM","","","","10.1007/978-3-030-81293-5_12","https://www.scopus.com/pages/publications/85112717821?origin=resultslist","In this paper, we study implementations of post-quantum signature schemes on resource-constrained devices. We focus on verification of signatures and cover NIST PQC round-3 candidates Dilithium, Falcon, Rainbow, GeMSS, and SPHINCS+. We assume an ARM Cortex-M3 with 8 kB of memory and 8 kB of flash for code; a practical and widely deployed setup in, for example, the automotive sector. This amount of memory is insufficient for most schemes. Rainbow and GeMSS public keys are too big; SPHINCS+ signatures do not fit in this memory. To make signature verification work for these schemes, we stream in public keys and signatures. Due to the memory requirements for efficient Dilithium implementations, we stream in the public key to cache more intermediate results. We discuss the suitability of the signature schemes for streaming, adapt existing implementations, and compare performance. © 2021, Springer Nature Switzerland AG.","2021","2026-05-02 10:46:33","2026-05-03 10:08:36","","215-233","","","12841 LNCS","","","","","","","","","","","","","Scopus","","","","","<p>Export Date: 02 May 2026; Cited By: 16</p>; <p>Export Date: 02 May 2026; Cited By: 16; Correspondence Address: R. Gonzalez; Hochschule Bonn-Rhein-Sieg, Bonn, Germany; email: streaming-pq-sigs@kannwischer.eu</p>","","","ARM Cortex-M3; Authentication; Automotive sector; Cache memory; Cortex-M3; Flash memory; Intermediate results; Memory requirements; Memory-Constrained Devices; NISTPQC; Post-Quantum Signatures; Quantum cryptography; Random access storage; Resourceconstrained devices; Signature Scheme; Signature verification; Signature Verification; Streaming; Verification of signature","","","","","","","","","","","","","","","","","","","","","","","","","","","","","","","","Lecture Notes in Computer Science (including subseries Lecture Notes in Artificial Intelligence and Lecture Notes in Bioinformatics)","","","","","","","","","","","","","","",""
"56VEJ72F","conferencePaper","2022","Marzougui, S.; Seifert, J.-P.","XMSS-based Chain of Trust","EPIC Sre. Comp.","23987340 (ISSN)","","10.29007/2fv1","https://www.scopus.com/pages/publications/85141853590?origin=resultslist","Given that large-scale quantum computers can eventually compute discrete logarithm and integer factorization in polynomial time [44], all asymmetric cryptographic schemes will break down. Hence, replacing them becomes mandatory. For this purpose, the National Institute of Standards and Technology (NIST) initiated a standardization process for post-quantum schemes. These schemes are supposed to substitute classical cryptography in different use-cases, such as client-server authentication during the TLS handshake. However, their signatures, public key sizes, and signature verification time impose difficulty, especially for resource-constrained devices. In this paper, we improve the TLS handshake performance relying on post-quantum signatures by combining the XMSS and the Dilithium signature schemes along the chain of certificates. We provide proof-of-concept implementation of our solution by integrating the two signature schemes in the WolfSSL library. Moreover, we evaluate the performance of our solution and establish that it reduces the signature verification time considerably and minimizes the size of the chain of trust. We provide a security proof of the proposed chain of trust which is relies on the security of the XMSS scheme. © 2022, EasyChair. All rights reserved.","2022","2026-05-02 11:04:59","2026-05-02 11:04:59","","66-82","","","87","","","","","","","","EasyChair","","English","","","Scopus","","","","Journal Abbreviation: EPIC Sre. Comp.","<p>Export Date: 02 May 2026; Cited By: 2</p>","","","Authentication; Dilithium; Network security; Post quantum cryptography; Quantum computers; Quantum cryptography; Signature Scheme; Post quantum; Performance; Signature verification; Post-quantum Cryptography; Polynomial approximation; Chain of trust; Chain of Trust; Handshake protocol; Handshake Protocol; Large scale quantum computers; XMSS","","Kühne U.; Zhang F.","","","","","","","","","","","","","","","","","","","","","","","","","","","","","","EPiC Series in Computing","","","","","","","","","","","","","","",""
"SM65BBKI","journalArticle","2022","Tandel, P.H.; Nasriwala, J.V.","Evaluating Hash-Based Post-Quantum Signature in Smart IoT Devices for Authentication","Lecture Notes on Data Engineering and Communications Technologies","","23674512 (ISSN)","10.1007/978-981-16-9605-3_44","https://www.scopus.com/pages/publications/85127148618?origin=resultslist","The Quantum computing era has changed the idea of solving hard problems efficiently through its working mechanisms and algorithms. After the invention of Shor’s and Grover’s algorithms, existing public key cryptography will not be considered a quantum-safe cryptographic mechanism. Post-quantum cryptography is a promising way to replace vulnerable public key cryptographic primitives. This paper exhibits the implementation of hash-based post-quantum digital signatures on raspberry pi 0, comparing the performance achieved in raspberry pi 3, used in many popular IoT devices. © 2022, The Author(s), under exclusive license to Springer Nature Singapore Pte Ltd.","2022","2026-05-02 11:05:00","2026-05-02 11:05:00","","673-682","","","116","","Lecture. Notes. Data Eng. Commun. Tech.","","","","","","Springer Science and Business Media Deutschland GmbH","","English","","","Scopus","","","","","<p>Export Date: 02 May 2026; Cited By: 1; Correspondence Address: P.H. Tandel; Department of Information Technology, C G Patel Institute of Technology, Uka Tarsadia University, Bardoli, India; email: purvitandel27@gmail.com</p>","","","Authentication; Post quantum cryptography; Quantum computers; Quantum cryptography; Signature Scheme; Post quantum; Post-quantum cryptography; Quantum signature; Signature scheme; Public key cryptography; Internet of things; Hash functions; Digital devices; Cryptographic primitives; Authentication mechanism; Authentication mechanisms; Cryptographic hash function; Cryptographic hash functions; IoT application; IoT applications; IoT device; IoT devices; Raspberry pi; Raspberry Pi","","","","","","","","","","","","","","","","","","","","","","","","","","","","","","","","","","","","","","","","","","","","","","",""
"V3VPV858","conferencePaper","2017","Espitau, T.; Fouque, P.-A.; Gérard, B.; Tibouchi, M.","Side-channel attacks on bliss lattice-based signatures: Exploiting branch tracing against strongswan and electromagnetic emanations in microcontrollers","Proc ACM Conf Computer Commun Secur","15437221 (ISSN); 978-145034946-8 (ISBN)","","10.1145/3133956.3134028","https://www.scopus.com/pages/publications/85041441510?origin=resultslist","In this paper, we investigate the security of the BLISS lattice-based signature scheme, one of the most promising candidates for postquantum-secure signatures, against side-channel attacks. Several works have been devoted to its efficient implementation on various platforms, from desktop CPUs to microcontrollers and FPGAs, and more recent papers have also considered its security against certain types of physical attacks, notably fault injection and cache attacks. We turn to more traditional side-channel analysis, and describe several attacks that can yield a full key recovery. We first identify a serious source of leakage in the rejection sampling algorithm used during signature generation. Existing implementations of that rejection sampling step, which is essential for security, actually leak the ""relative norm"" of the secret key. We show how an extension of an algorithm due to Howgrave-Graham and Szydlo can be used to recover the key from that relative norm, at least when the absolute norm is easy to factor (which happens for a significant fraction of secret keys). We describe how this leakage can be exploited in practice both on an embedded device (an 8-bit AVR microcontroller) using electromagnetic analysis (EMA), and a desktop computer (recent Intel CPU running Linux) using branch tracing. The latter attack has been mounted against the open source VPN software strongSwan. We also show that other parts of the BLISS signing algorithm can leak secrets not just for a subset of secret keys, but for 100% of them. The BLISS Gaussian sampling algorithm in strongSwan is intrinsically variable time. This would be hard to exploit using a noisy source of leakage like EMA, but branch tracing allows to recover the entire randomness and hence the key: We show that a single execution of the strongSwan signature algorithm is actually sufficient for full key recovery. We also describe a more traditional side-channel attack on the sparse polynomial multiplications carried out in BLISS: Classically, multiplications can be attacked using DPA; however, our target 8-bit AVR target implementation uses repeated shifted additions instead. Surprisingly, we manage to obtain a full key recovery in that setting using integer linear programming from a single EMA trace. © 2017 author(s).","2017","2026-05-02 11:05:00","2026-05-02 11:05:00","","1857-1874","","","","","","","","","","","Association for Computing Machinery","","English","","","Scopus","","","","Journal Abbreviation: Proc ACM Conf Computer Commun Secur","<p>Export Date: 02 May 2026; Cited By: 118</p>","","","Authentication; Network security; Post quantum cryptography; Microcontrollers; Electronic document identification systems; Side channel attack; Side-channel analysis; Digital signatures; Cryptography; Controllers; Embedded systems; Number theory; Sampling; Program processors; Learning algorithms; Postquantum cryptography; Efficient implementation; Crystal lattices; Lattice theory; Access control; Integer programming; Open systems; Open source software; Lattices; Computer operating systems; Electromagnetic analysis; BLISS; Branch tracing; Electromagnetic emanation; EMA; Integer Linear Programming","","","","","","","","","","","","","","","","","","","","","","","","","","","","","","","","Proceedings of the ACM Conference on Computer and Communications Security","","","","","","","","","","","","","","",""
"37HUQX5H","journalArticle","2024","Beullens, W.; Campos, F.; Celi, S.; Hess, B.; Kannwischer, M.J.","Nibbling MAYO: Optimized Implementations for AVX2 and Cortex-M4","IACR Transactions on Cryptographic Hardware and Embedded Systems","","25692925 (ISSN)","10.46586/tches.v2024.i2.252-275","https://www.scopus.com/pages/publications/85187802593?origin=resultslist","MAYO is a popular high-calorie condiment as well as an auspicious candidate in the ongoing NIST competition for additional post-quantum signature schemes achieving competitive signature and public key sizes. In this work, we present high-speed implementations of MAYO using the AVX2 and Armv7E-M instruction sets targeting recent x86 platforms and the Arm Cortex-M4. Moreover, the main contribution of our work is showing that MAYO can be even faster when switching from a bitsliced representation of keys to a nibble-sliced representation. While the bitsliced representation was primarily motivated by faster arithmetic on microcontrollers, we show that it is not necessary for achieving high performance on Cortex-M4. On Cortex-M4, we instead propose to implement the large matrix multiplications of MAYO using the Method of the Four Russians (M4R), which allows us to achieve better performance than when using the bitsliced approach. This results in up to 21% faster signing. For AVX2, the change in representation allows us to implement the arithmetic much faster using shuffle instructions. Signing takes up to 3.2× fewer cycles and key generation and verification enjoy similar speedups. This shows that MAYO is competitive with lattice-based signature schemes on x86 CPUs, and a factor of 2-6 slower than lattice-based signature schemes on Cortex-M4 (which can still be considered competitive). © 2024, Ruhr-University of Bochum. All rights reserved.","2024","2026-05-02 11:05:00","2026-05-02 11:05:00","","252-275","","2","2024","","IACR Trans. Cryptogr. Hardw. Embed. Syst.","","","","","","Ruhr-University of Bochum","","English","","","Scopus","","","","","<p>Export Date: 02 May 2026; Cited By: 6</p>","","","Authentication; Lattice-based; Signature Scheme; Performance; Program processors; NIST PQC; Cortexes; MAYO; ARM processors; Oil and Vinegar; AVX2; Arm cortex-m4; Arm Cortex-M4; Arm cortices","","","","","","","","","","","","","","","","","","","","","","","","","","","","","","","","","","","","","","","","","","","","","","",""
"9SG82TX6","conferencePaper","2026","Huang, R.; Liu, Y.; Huang, X.","A High Throughput and Efficiency Pipelined SHAKE256 Design for SPHINCS+","Proc. Int. Conf. Artif. Intell., Syst. Netw. Security, AISNS","979-840071934-9 (ISBN)","","10.1145/3797161.3797229","https://www.scopus.com/pages/publications/105035825968?origin=resultslist","The imminent threat of quantum computing to traditional public-key cryptography has accelerated the development of post-quantum cryptosystems, with SPHINCS+ emerging as a standardized stateless hash-based signature scheme. However, its practical deployment faces challenges due to computational overhead, particularly in SHAKE256 operations. This paper presents a pipelined hardware architecture for SHAKE256, specifically optimized for SPHINCS+ requirements, including variable-length input/output support and dynamic parameter configurability. By applying a two-stage pipeline architecture, our design achieves a balanced trade-off between throughput and resource utilization on FPGA platforms. Experimental results demonstrate a 65.7% throughput improvement and 26.6% efficiency gain over state-of-the-art implementations, while maintaining full compatibility with SPHINCS+ operations. The proposed accelerator effectively addresses the gap between generic SHA-3 optimizations and SPHINCS+-specific demands, enabling efficient post-quantum signature generation in resource-constrained environments. © 2025 Copyright held by the owner/author(s).","2026","2026-05-02 11:05:00","2026-05-02 11:05:00","","440-444","","","","","","","","","","","Association for Computing Machinery, Inc","","English","","","Scopus","","","","Journal Abbreviation: Proc. Int. Conf. Artif. Intell., Syst. Netw. Security, AISNS","<p>Export Date: 02 May 2026; Cited By: 0; Correspondence Address: Y. Liu; Sun Yat-sen University, Zhuhai, Guangdong, China; email: liuyao25@mail.sysu.edu.cn</p>","","","Network security; Quantum computers; Quantum cryptography; Quantum efficiency; Quantum theory; SPHINCS+; Post quantum; Integrated circuit design; Public key cryptography; High-throughput; Throughput; Memory architecture; Pipeline processing systems; Economic and social effects; Hash functions; Higher efficiency; Computer aided design; Keccak; Efficiency optimization; Efficiency Optimization; Hash Function; Imminent threats; Pipe linings; Pipelines; Pipelining; SHAKE256; Throughput optimization; Throughput Optimization","","","","","","","","","","","","","","","","","","","","","","","","","","","","","","","","Proceedings of 2025 3rd International Conference on Artificial Intelligence, Systems and Network Security, AISNS 2025","","","","","","","","","","","","","","",""
"RHYGCCVI","conferencePaper","2022","Banegas, G.; Zandberg, K.; Baccelli, E.; Herrmann, A.; Smith, B.","Quantum-Resistant Software Update Security on Low-Power Networked Embedded Devices","Lect. Notes Comput. Sci.","03029743 (ISSN); 978-303109233-6 (ISBN)","","10.1007/978-3-031-09234-3_43","https://www.scopus.com/pages/publications/85134308415?origin=resultslist","As the Internet of Things (IoT) rolls out today to devices whose lifetime may well exceed a decade, conservative threat models should consider adversaries with access to quantum computing power. The IETF-specified SUIT standard defines a security architecture for IoT software updates, standardizing metadata and cryptographic tools—digital signatures and hash functions—to guarantee the update legitimacy. SUIT performance has been evaluated in the pre-quantum context, but not yet in a post-quantum context. Taking the open-source implementation of SUIT available in RIOT as a case study, we survey post-quantum considerations, and quantum-resistant digital signatures in particular, focusing on low-power, microcontroller-based IoT devices with stringent memory, CPU, and energy consumption constraints. We benchmark a range of pre- and post-quantum signature schemes on a range of IoT hardware including ARM Cortex-M, RISC-V, and Espressif (ESP32), which form the bulk of modern 32-bit microcontroller architectures. Interpreting our benchmarks in the context of SUIT, we estimate the real-world impact of transition from pre- to post-quantum signatures. © 2022, Springer Nature Switzerland AG.","2022","2026-05-02 11:05:00","2026-05-02 11:05:00","","872-891","","","13269 LNCS","","","","","","","","Springer Science and Business Media Deutschland GmbH","","English","","","Scopus","","","","Journal Abbreviation: Lect. Notes Comput. Sci.","<p>Export Date: 02 May 2026; Cited By: 12; Correspondence Address: G. Banegas; Inria and Laboratoire d’Informatique de l’École Polytechnique, Institut Polytechnique de Paris, Palaiseau, France; email: gustavo@cryptme.in</p>","","","Authentication; Network security; Quantum computers; Quantum Computing; Microcontrollers; Post quantum; Quantum signature; Energy utilization; Controllers; Embedded systems; Internet of things; Embedded-system; Computing power; Security; Hash functions; Microcontroller; Digital devices; Post-quantum; IoT; Open systems; Open source software; Embedded Systems; Low Power; Networked embedded devices; Software updates; Threat modeling","","Ateniese G.; Venturi D.","","","","","","","","","","","","","","","","","","","","","","","","","","","","","","Lecture Notes in Computer Science (including subseries Lecture Notes in Artificial Intelligence and Lecture Notes in Bioinformatics)","","","","","","","","","","","","","","",""
"I4EMYPSV","journalArticle","2024","Cheon, J.H.; Choe, H.; Devevey, J.; Güneysu, T.; Hong, D.; Krausz, M.; Land, G.; Möller, M.; Stehlé, D.; Yi, M.","HAETAE: Shorter Lattice-Based Fiat-Shamir Signatures","IACR Transactions on Cryptographic Hardware and Embedded Systems","","25692925 (ISSN)","10.46586/tches.v2024.i3.25-75","https://www.scopus.com/pages/publications/85201018587?origin=resultslist","We present HAETAE (Hyperball bimodAl modulE rejecTion signAture schemE), a new lattice-based signature scheme. Like the NIST-selected Dilithium signature scheme, HAETAE is based on the Fiat-Shamir with Aborts paradigm, but our design choices target an improved complexity/compactness compromise that is highly relevant for many space-limited application scenarios. We primarily focus on reducing signature and verification key sizes so that signatures fit into one TCP or UDP datagram while preserving a high level of security against a variety of attacks. As a result, our scheme has signature and verification key sizes up to 39% and 25% smaller, respectively, compared than Dilithium. We provide a portable, constant-time reference implementation together with an optimized implementation using AVX2 instructions and an implementation with reduced stack size for the Cortex-M4. Moreover, we describe how to efficiently protect HAETAE against implementation attacks such as side-channel analysis, making it an attractive candidate for use in IoT and other embedded systems. © 2024, Ruhr-University of Bochum. All rights reserved.","2024","2026-05-02 11:05:00","2026-05-02 11:05:00","","25-75","","3","2024","","IACR Trans. Cryptogr. Hardw. Embed. Syst.","","","","","","Ruhr-University of Bochum","","English","","","Scopus","","","","","<p>Export Date: 02 May 2026; Cited By: 9</p>","","","Authentication; Dilithium; Network security; Lattice-based; Signature Scheme; Side channel attack; Lattice-based cryptography; Embedded systems; Signature; Key sizes; Lattice-based Cryptography; Application scenario; Bimodal distribution; Bimodal Distribution; Fiat-Shamir; Fiat-Shamir signatures","","","","","","","","","","","","","","","","","","","","","","","","","","","","","","","","","","","","","","","","","","","","","","",""
"7AT4NIVV","conferencePaper","2020","Gong, G.; He, M.; Rohit, R.; Yi, Y.","U-EPS: An Ultra-small and Efficient Post-quantum Signature Scheme","Lect. Notes Comput. Sci.","03029743 (ISSN); 978-303045370-1 (ISBN)","","10.1007/978-3-030-45371-8_16","https://www.scopus.com/pages/publications/85084000212?origin=resultslist","Lamport and Winternitz signature schemes are well known one-time quantum resistant digital signature schemes. Along this line, several new one-time signature schemes are proposed. However, their private key and signature sizes are of (Formula Presented)-bit security. Considering the applications in Internet of Things (IoT) and blockchains, (Formula Presented) size is notably high. In this paper, we introduce a new one-time post-quantum signature scheme called U-EPS which achieve k=112-bit security with private key size 2n and signature sizes 3n bits (for n = 256), respectively. Our scheme only requires two calls of hash function and a single call of encryption/decryption algorithm for signature generation and verification procedures. We provide a concrete instantiation and implementation of U-EPS using SPIX-256 which is a NIST Lightweight Cryptographic Project Round 2 candidate. Finally, we give the comparison results with existing schemes. © 2020, Springer Nature Switzerland AG.","2020","2026-05-02 11:05:00","2026-05-02 11:05:00","","261-272","","","12056 LNCS","","","","","","","","Springer","","English","","","Scopus","","","","Journal Abbreviation: Lect. Notes Comput. Sci.","<p>Export Date: 02 May 2026; Cited By: 0; Correspondence Address: Y. Yi; Department of Electrical and Computer Engineering, University of Waterloo, Waterloo, N2L 3G1, Canada; email: yunjie.yi@uwaterloo.ca</p>","","","Authentication; Digital signature schemes; Signature Scheme; Post quantum; Internet of things; Hash functions; Lightweight cryptography; Signature generation; Internet of Things (IOT); Digital signature; Encryption/decryption; Comparison result; Internet-of-Things (IoT); One-time signature","","Benzekri A.; Laborde R.; Barbeau M.; Gong G.; Garcia-Alfaro J.","","","","","","","","","","","","","","","","","","","","","","","","","","","","","","Lecture Notes in Computer Science (including subseries Lecture Notes in Artificial Intelligence and Lecture Notes in Bioinformatics)","","","","","","","","","","","","","","",""
"UD7KQD2B","journalArticle","2025","Tandel, P.; Nasriwala, J.","Secure authentication framework for IoT applications using a hash-based post-quantum signature scheme","Service Oriented Computing and Applications","","18632386 (ISSN)","10.1007/s11761-024-00414-x","https://www.scopus.com/pages/publications/85195885127?origin=resultslist","In today’s era, numerous applications are evolving into smart applications by leveraging technologies like the Internet of Things (IoT), Artificial Intelligence (AI), and Big Data. The incorporation of advanced sensors, AI-driven embedded devices, and cloud-based remote control has significantly enhanced the efficiency and profitability of IoT applications in numerous eras. Ensuring the security of IoT applications is crucial, with authentication emerging as a top priority. Lack of proper authentication may lead to unauthorized and risky activities, potentially causing hazardous situations within IoT applications. The current cryptographic methods employed in IoT devices rely on public-key cryptographic primitives, which, unfortunately, are susceptible to future quantum attacks. Therefore, there is a need to develop an effective signature scheme that can authenticate IoT devices resiliently against potential quantum threats. Hash-based post-quantum signature scheme stood as the best candidate to design quantum-safe authentication mechanisms. This paper presents a practical client–server implementation scenario tailored for IoT applications, showcasing the utilization of hash-based post-quantum digital signatures. Highlighting the complexity and computational demands of these signatures, the model architecture is illustrated using Raspberry Pi 3 and Pi 0 as servers, complemented by the widely used ESP32 as client devices in IoT applications achieving 32.83% optimized memory usage. © The Author(s), under exclusive licence to Springer-Verlag London Ltd., part of Springer Nature 2024.","2025","2026-05-02 11:05:00","2026-05-02 11:05:00","","251-262","","3","19","","Serv. Oriented Comput. Appl.","","","","","","Springer Science and Business Media Deutschland GmbH","","English","","","Scopus","","","","","<p>Export Date: 02 May 2026; Cited By: 5; Correspondence Address: P. Tandel; Department of Information Technology and Cyber Security, C G Patel Institute of Technology, Uka Tarsadia University, Surat, Gujarat, 394350, India; email: purvitandel27@gmail.com</p>","","","Authentication; Network security; Post quantum cryptography; Quantum cryptography; Signature Scheme; Post quantum; Post-quantum cryptography; Quantum signature; Internet of things; Remote control; Authentication mechanism; Authentication mechanisms; IoT applications; Extended merkle signature scheme; Extended Merkle signature scheme; Hash-based cryptography; Internet of thing application; Merkle signatures; Secure authentications","","","","","","","","","","","","","","","","","","","","","","","","","","","","","","","","","","","","","","","","","","","","","","",""
"4ZIJIGY9","journalArticle","2015","Güneysu, T.; Lyubashevsky, V.; Pöppelmann, T.","Lattice-Based Signatures: Optimization and Implementation on Reconfigurable Hardware","IEEE Transactions on Computers","","00189340 (ISSN)","10.1109/TC.2014.2346177","https://www.scopus.com/pages/publications/84933567369?origin=resultslist","Nearly all of the currently used signature schemes, such as RSA or DSA, are based either on the factoring assumption or the presumed intractability of the discrete logarithm problem. As a consequence, the appearance of quantum computers or algorithmic advances on these problems may lead to the unpleasant situation that a large number of today's schemes will most likely need to be replaced with more secure alternatives. In this work we present such an alternative - an efficient signature scheme whose security is derived from the hardness of lattice problems. It is based on recent theoretical advances in lattice-based cryptography and is highly optimized for practicability and use in embedded systems. The public and secret keys are roughly 1.5 kB and 0.3 kB long, while the signature size is approximately 1.1 kB for a security level of around 80 bits. We provide implementation results on reconfigurable hardware (Spartan/Virtex-6) and demonstrate that the scheme is scalable, has low area consumption, and even outperforms classical schemes. © 1968-2012 IEEE.","2015","2026-05-02 11:05:00","2026-05-02 11:05:00","","1954-1967","","7","64","","IEEE Trans Comput","","","","","","IEEE Computer Society","","English","","","Scopus","","","","","<p>Export Date: 02 May 2026; Cited By: 19; CODEN: ITCOB</p>","","","Authentication; Mobile security; Network security; Quantum computers; Quantum cryptography; Lattice-based; Signature Scheme; Field programmable gate arrays (FPGA); FPGA; Lattice-based cryptography; Public key cryptography; Hardware; Computer hardware; Cryptography; Embedded systems; Reconfigurable hardware; Security level; Public key cryptosystems; Discrete logarithm problems; Lattice problems; signature scheme; Classical schemes; ideal lattices; reconfigurable hardware","","","","","","","","","","","","","","","","","","","","","","","","","","","","","","","","","","","","","","","","","","","","","","",""
"NJT4GBJU","journalArticle","2014","","16th International Workshop on Cryptographic Hardware and Embedded Systems, CHES 2014","Lecture Notes in Computer Science","","03029743 (ISSN); 978-366244708-6 (ISBN)","","https://www.scopus.com/pages/publications/85030315614?origin=resultslist","The proceedings contain 33 papers. The special focus in this conference is on Cryptographic Hardware and Embedded Systems. The topics include: A new framework for constraint-based probabilistic template side channel attacks; how to estimate the success rate of higher-order side-channel attacks; reversing stealthy dopant-level circuits; constructing S-boxes for lightweight cryptography with feistel structure; a statistical model for higher order DPA on masked devices; fast evaluation of polynomials over binary finite fields and application to side-channel countermeasures; secure conversion between boolean and arithmetic masking of any order; making RSA–PSS provably secure against non-random faults; side-channel attack against RSA key generation algorithms; RSA meets DPA; simple power analysis on AES key expansion revisited; efficient pairings and ECC for embedded systems; cofactorization on graphics processing units; enhanced lattice-based signatures on reconfigurable hardware; compact ring-LWE cryptoprocessor; searching for hardware-optimal SPN structures and components with a fair comparison; efficient power and timing side channels for physical unclonable functions; physical characterization of arbiter PUFs; embedded evaluation of randomness in oscillator based elementary TRNG; entropy evaluation for oscillator-based true random number generators; gate-level masking under a path-based leakage metric; early propagation and imbalanced routing, how to diminish in FPGAs.","2014","2026-05-02 11:05:00","2026-05-02 11:05:00","","1-615","","","8731 LNCS","","Lect. Notes Comput. Sci.","","","","","","Springer Verlag","","English","","","Scopus","","","","","<p>Export Date: 02 May 2026; Cited By: 0</p>","","","","","Batina L.; Radboud University Nijmegen, FNWI-iCIS/DS, P.O. Box 9010, GL Nijmegen, 6500; Robshaw M.; Impinj, Inc., 701 N. 34th Street, Suite 300, Seattle, 98103, WA","","","","","","","","","","","","","","","","","","","","","","","","","","","","","","","","","","","","","","","","","","","","",""
"DVHPYWNW","journalArticle","2017","","Proceedings of the 12th IEEE/ACM/IFIP International Conference on Hardware/Software Codesign and System Synthesis Companion, CODES 2017","Proceedings of the 12th IEEE/ACM/IFIP International Conference on Hardware/Software Codesign and System Synthesis Companion, CODES 2017","","978-145035185-0 (ISBN)","","https://www.scopus.com/pages/publications/85034843723?origin=resultslist","The proceedings contain 24 papers. The topics discussed include: efficient control-flow subgraph matching for detecting hardware Trojans in RTL models; a high-speed accelerator for homomorphic encryption using the Karatsuba algorithm; P-BMS: a bad block management scheme in parallelized flash memory storage devices; trends, challenges and needs for lattice-based cryptography implementations; efficient arithmetic for lattice-based cryptography; hampering fault attacks against lattice-based signature schemes - countermeasures and their efficiency; remote detection of unauthorized activity via spectral analysis; communication optimization for thermal reliable many-core systems; and an automated security-aware approach for design of embedded systems on MPSoC.","2017","2026-05-02 11:05:00","2026-05-02 11:05:00","","","","","","","Proc. IEEE/ACM/IFIP Int. Conf. Hardw./Softw. Codesign Syst. Synth. Companion, CODES","","","","","","Association for Computing Machinery, Inc","","English","","","Scopus","","","","","<p>Export Date: 02 May 2026; Cited By: 0</p>","","","","","","","","","","","","","","","","","","","","","","","","","","","","","","","","","","","","","","","","","","","","","","","","","",""
"UX6MM4H3","journalArticle","2016","","Proceedings - 2016 Workshop on Fault Diagnosis and Tolerance in Cryptography, FDTC 2016","Proceedings - 2016 Workshop on Fault Diagnosis and Tolerance in Cryptography, FDTC 2016","","978-150901108-7 (ISBN)","","https://www.scopus.com/pages/publications/85010906080?origin=resultslist","The proceedings contain 12 papers. The topics discussed include: attacks on encrypted memory and constructions for memory protection; differential fault analysis of SHA3-224 and SHA3-256; improved fault analysis on SIMON block cipher family; controlling PC on ARM using fault injection; attack on a DFA protected AES by simultaneous laser fault injections; software fault resistance is futile: effective single-glitch attacks; continuous-time computational aspects of cyber-physical security; lattice-based signature schemes and their sensitivity to fault attacks; an embedded digital sensor against EM and BB fault injection; fault tolerant implementations of delay-based physically unclonable functions on FPGA; ring oscillator under laser: potential of PLL-based countermeasure against laser fault injection; and more efficient private circuits ii through threshold implementations.","2016","2026-05-02 11:05:00","2026-05-02 11:05:00","","","","","","","Proc. - Workshop Fault Diagn. Toler. Cryptogr., FDTC","","","","","","Institute of Electrical and Electronics Engineers Inc.","","English","","","Scopus","","","","","<p>Export Date: 02 May 2026; Cited By: 0</p>","","","","","Maurine P.; Tunstall M.","","","","","","","","","","","","","","","","","","","","","","","","","","","","","","","","","","","","","","","","","","","","",""
"7CEKXXUT","journalArticle","2014","Pöppelmann, T.; Ducas, L.; Güneysu, T.","Enhanced lattice-based signatures on reconfigurable hardware","Lecture Notes in Computer Science (including subseries Lecture Notes in Artificial Intelligence and Lecture Notes in Bioinformatics)","","03029743 (ISSN)","10.1007/978-3-662-44709-3_20","https://www.scopus.com/pages/publications/84921351048?origin=resultslist","The recent Bimodal Lattice Signature Scheme (Bliss) showed that lattice-based constructions have evolved to practical alternatives to RSA or ECC. Besides reasonably small signatures with 5600 bits for a 128-bit level of security, Bliss enables extremely fast signing and signature verification in software. However, due to the complex sampling of Gaussian noise with high precision, it is not clear whether this scheme can be mapped efficiently to embedded devices. Even though the authors of Bliss also proposed a new sampling algorithm using Bernoulli variables this approach is more complex than previous methods using large precomputed tables. The clear disadvantage of using large tables for high performance is that they cannot be used on constrained computing environments, such as FPGAs, with limited memory. In this work we thus present techniques for an efficient Cumulative Distribution Table (CDT) based Gaussian sampler on reconfigurable hardware involving Peikert’s convolution lemma and the Kullback-Leibler divergence. Based on our enhanced sampler design, we provide a first Bliss architecture for Xilinx Spartan-6 FPGAs that integrates fast FFT/NTT-based polynomial multiplication, sparse multiplication, and a Keccak hash function. Additionally, we compare the CDT with the Bernoulli approach and show that for the particular Bliss-I parameter set the improved CDT approach is faster with lower area consumption. Our core uses 2,431 slices, 7.5 BRAMs, and 6 DSPs and performs a signing operation in 126 µs on average. Verification takes even less with 70 µs. © International Association for Cryptologic Research 2014.","2014","2026-05-02 11:05:00","2026-05-02 11:05:00","","353-370","","","8731","","Lect. Notes Comput. Sci.","","","","","","Springer Verlag","","English","","","Scopus","","","","","<p>Export Date: 02 May 2026; Cited By: 98; Correspondence Address: T. Pöppelmann; Horst Görtz Institute for IT-Security, Ruhr-University Bochum, Germany; email: thomas.poeppelmann@rub.de</p>","","","Authentication; Hardware security; Network security; Lattice-based; Signature Scheme; Electronic document identification systems; Digital Signatures; Field programmable gate arrays (FPGA); FPGA; Integrated circuit design; Printed circuit design; Public key cryptography; Computer hardware; Cumulative distribution; Gaussian sampling; Gaussians; Polynomials; Reconfigurable; Reconfigurable architectures; Reconfigurable hardware; Sampling algorithm; Gaussian distribution; Sampling; Polynomial multiplication; Hash functions; Signature verification; Verification; Image coding; Gaussian Sampling; Bernoulli; Bit level; Constrained computing environment; Gaussian noise (electronic); Ideal lattice; Ideal Lattices; Kullback Leibler divergence","","","","","","","","","","","","","","","","","","","","","","","","","","","","","","","","","","","","","","","","","","","","","","",""
"IKDV3T6Z","journalArticle","2021","Hu, X.; Song, Y.; Wang, W.; Tian, J.","High-Speed and Configurable FPGA implementation of the Key Generation for Leighton-Micali Signature Protocol","Journal of Cyber Security","","20961146 (ISSN)","10.19363/J.cnki.cn10-1380/tn.2021.11.02","https://www.scopus.com/pages/publications/85121869490?origin=resultslist","Due to the rapid progress made in quantum computers, modern cryptography is facing great challenges. Many digital signature schemes that have resistance to quantum computing are proposed, and the Post-Quantum Cryptography (PQC) standardization is launched. The Leighton-Micali signature (LMS) is a kind of hash-based signature scheme. It has relatively small private and public keys and its security is well-studied. LMS is selected as a standard scheme for the PQC signature protocols by the Internet Engineering Task Force (IETF), and in the meanwhile, it is recommended as one of the transition schemes by the National Institute of Standards and Technology (NIST) before the PQC standardization finishes. However, the low-efficiency in the key generation process forms the bottleneck in practical applications of LMS. In this article, for the first time, the FPGA-based hardware accelerator is introduced for the LMS scheme. Firstly, we replace the main hash function SHA2 with SHA3 without loss of security. Then, we propose a hardware/software co-design, in which the hash function is offloaded to hardware platform. The co-design can achieve all the procedures of LMS: key generation, signature, and verification. It provides a reference for resource-constrained LMS applications under the Internet of Things (IoT) scenario. Moreover, we propose a high-speed key generation architecture to accelerate LMS. The architecture is delicately devised to be scalable, supporting all the parameter sets for the LMS. The internal hash modules are specifically developed and deployed based on the application scenarios, and the degree of parallelism is carefully designed to achieve low latency and high hardware utilization efficiency. Moreover, the control flow is well managed to accommodate different parameter sets with constant power for the consideration of anti-power analysis attacks. We code our design with Verilog language and implement it on the Xilinx Zynq UltraScale+ MPSoC ZCU104 FPGA. The experimental results show that, compared with the superior software implementation running on an Intel(R) Core(TM) i7-6850K 3.60GHz CPU with threading enabled, the new design achieves 55x to 2091x speedups in different parameter configurations; compared with the state-of-the-art works of LMS, the design achieves more than 17x speedup on various platforms; compared with the work of similar scheme on FPGA, about 70x speedup is realized. © 2021, China Science Publishing & Media LTD. All right reserved.","2021","2026-05-02 11:05:00","2026-05-02 11:05:00","","17-31","","6","6","","J. Cyber Secur.","基于FPGA的Leighton-Micali签名方案密钥生成的高速可配置实现","","","","","Chinese Academy of Sciences","","Chinese","","","Scopus","","","","","<p>Export Date: 02 May 2026; Cited By: 0; Correspondence Address: J. Tian; Department of Electronic Science and Engineering, Nanjing University, Nanjing, 210023, China; email: tianjing@nju.edu.cn</p>","","","Field-programmable gate array (FPGA); Hardware implementation; Hash-based signatures (HBS); Leighton-micali signature (LMS); Post-quantum cryptography(PQC)","","","","","","","","","","","","","","","","","","","","","","","","","","","","","","","","","","","","","","","","","","","","","","",""
"FX7KR6YL","journalArticle","2020","Wang, W.; Tian, S.; Jungk, B.; Bindel, N.; Longa, P.; Szefer, J.","Parameterized hardware accelerators for lattice-based cryptography and their application to the hw/sw co-design of qtesla","IACR Transactions on Cryptographic Hardware and Embedded Systems","","25692925 (ISSN)","10.13154/tches.v2020.i3.269-306","https://www.scopus.com/pages/publications/85111923887?origin=resultslist","This paper presents a set of efficient and parameterized hardware accelerators that target post-quantum lattice-based cryptographic schemes, including a versatile cSHAKE core, a binary-search CDT-based Gaussian sampler, and a pipelined NTT-based polynomial multiplier, among others. Unlike much of prior work, the accelerators are fully open-sourced, are designed to be constant-time, and can be parameterized at compile-time to support different parameters without the need for re-writing the hardware implementation. These flexible, publicly-available accelerators are leveraged to demonstrate the first hardware-software co-design using RISC-V of the post-quantum lattice-based signature scheme qTESLA with provably secure parameters. In particular, this work demonstrates that the NIST’s Round 2 level 1 and level 3 qTESLA variants achieve over a 40-100x speedup for key generation, about a 10x speedup for signing, and about a 16x speedup for verification, compared to the baseline RISC-V software-only implementation. For instance, this corresponds to execution in 7.7, 34.4, and 7.8 milliseconds for key generation, signing, and verification, respectively, for qTESLA’s level 1 parameter set on an Artix-7 FPGA, demonstrating the feasibility of the scheme for embedded applications. © 2020, Ruhr-University of Bochum. All rights reserved.","2020","2026-05-02 11:05:00","2026-05-02 11:05:00","","269-306","","3","2020","","IACR Trans. Cryptogr. Hardw. Embed. Syst.","","","","","","Ruhr-University of Bochum","","English","","","Scopus","","","","","<p>Export Date: 02 May 2026; Cited By: 33</p>","","","Quantum cryptography; Signature Scheme; Post-quantum cryptography; FPGA; Hardware implementations; Lattice-based cryptography; Gaussian sampler; Hardware-software codesign; Multiplying circuits; Pipeline processing systems; Hardware accelerators; Verification; RISC-V; Cryptographic schemes; Embedded application; Hardware-software co-design; Level-1 parameters; Parameterization; QTESLA","","","","","","","","","","","","","","","","","","","","","","","","","","","","","","","","","","","","","","","","","","","","","","",""
"5QDUW982","journalArticle","2026","Liu, C.-H.","Lightweight Hash-Based Post-Quantum Signature Scheme for Industrial Internet of Things","Computers, Materials and Continua","","15462218 (ISSN)","10.32604/cmc.2025.072887","https://www.scopus.com/pages/publications/105024531162?origin=resultslist","The Industrial Internet of Things (IIoT) has emerged as a cornerstone of Industry 4.0, enabling large-scale automation and data-driven decision-making across factories, supply chains, and critical infrastructures. However, the massive interconnection of resource-constrained devices also amplifies the risks of eavesdropping, data tampering, and device impersonation. While digital signatures are indispensable for ensuring authenticity and non-repudiation, conventional schemes such as RSA and ECC are vulnerable to quantum algorithms, jeopardizing long-term trust in IIoT deployments. This study proposes a lightweight, stateless, hash-based signature scheme that achieves post-quantum security while addressing the stringent efficiency demands of IIoT. The design introduces two key optimizations: (1) Forest of Random Subsets (FORS) on Demand, where subset secret keys are generated dynamically via a PseudoRandom Function (PRF), thereby minimizing storage overhead and eliminating key-reuse risks; and (2) Winternitz One-Time Signature Plus (WOTS+) partial hash-chain caching, which precomputes intermediate hash values at edge gateways, reducing device-side computations, latency, and energy consumption. The architecture integrates a multi-layer Merkle authentication tree (Merkle tree) and role-based delegation across sensors, gateways, and a Signature Authority Center (SAC), supporting scalable cross-site deployment and key rotation. From a theoretical perspective, we establish a formal (Existential Unforgeability under Chosen Message Attack) EUF-CMA security proof using a game-based reduction framework. The proof demonstrates that any successful forgery must reduce to breaking the underlying assumptions of PRF indistinguishability, (second) preimage resistance, or collision resistance, thus quantifying adversarial advantage and ensuring unforgeability. On the implementation side, our design achieves a balanced trade-off between post-quantum security and lightweight performance, offering concrete deployment guidelines for real-time industrial systems. In summary, the proposed method contributes both practical system design and formal security guarantees, providing IIoT with a deployable signature substrate that enhances resilience against quantum-era threats and supports future extensions such as device attestation, group signatures, and anomaly detection. Copyright © 2025 The Author.","2026","2026-05-02 11:05:00","2026-05-02 11:05:00","","","","2","86","","Comput. Mater. Continua","","","","","","Tech Science Press","","English","","","Scopus","","","","","<p>Export Date: 02 May 2026; Cited By: 0; Correspondence Address: C.-H. Liu; Department of Electronic Engineering, National Formosa University, Yunlin, 632, Taiwan; email: liuch@nfu.edu.tw</p>","","","Authentication; Network security; Post quantum cryptography; post-quantum cryptography; Quantum cryptography; SPHINCS+; Signature Scheme; Electronic document identification systems; Post quantum; Quantum signature; Cost effectiveness; Internet of things; Economic and social effects; Digital storage; Post-quantum securities; Security systems; Cost reduction; Green computing; Public works; Forestry; Copyrights; Large-scales; Hash-based signature; hash-based signatures; Industrial internet of thing; Industrial Internet of Things (IIoT); Industry 4.0; Pseudo-random functions","","","","","","","","","","","","","","","","","","","","","","","","","","","","","","","","","","","","","","","","","","","","","","",""
"N8QMH33A","conferencePaper","2020","Wang, W.; Jungk, B.; Wälde, J.; Deng, S.; Gupta, N.; Szefer, J.; Niederhagen, R.","XMSS and Embedded Systems: XMSS Hardware Accelerators for RISC-V","Lect. Notes Comput. Sci.","03029743 (ISSN); 978-303038470-8 (ISBN)","","10.1007/978-3-030-38471-5_21","https://www.scopus.com/pages/publications/85079534702?origin=resultslist","We describe a software-hardware co-design for the hash-based post-quantum signature scheme XMSS on a RISC-V embedded processor. We provide software optimizations for the XMSS reference implementation for SHA-256 parameter sets and several hardware accelerators that allow to balance area usage and performance based on individual needs. By integrating our hardware accelerators into the RISC-V processor, the version with the best time-area product generates a key pair (that can be used to generate signatures) in 3.44 s, achieving an over speedup in wall-clock time compared to the pure software version. For such a key pair, signature generation takes less than 10 ms and verification takes less than 6 ms, bringing speedups of over respectively. We tested and measured the cycle count of our implementation on an Intel Cyclone V SoC FPGA. The integration of our XMSS accelerators into an embedded RISC-V processor shows that it is possible to use hash-based post-quantum signatures for a large variety of embedded applications. © 2020, Springer Nature Switzerland AG.","2020","2026-05-02 11:05:00","2026-05-02 11:05:00","","523-550","","","11959 LNCS","","","","","","","","Springer","","English","","","Scopus","","","","Journal Abbreviation: Lect. Notes Comput. Sci.","<p>Export Date: 02 May 2026; Cited By: 27; Correspondence Address: W. Wang; Yale University, New Haven, United States; email: wen.wang.ww349@yale.edu</p>","","","Post quantum cryptography; Quantum cryptography; Post-quantum cryptography; Acceleration; Field programmable gate arrays (FPGA); FPGA; Embedded systems; Hardware-software codesign; System-on-chip; Hardware accelerators; Reference implementation; Reduced instruction set computing; RISC-V; Signature generation; Software optimization; Storms; XMSS; Embedded application; Hardware accelerator; Hash-based signatures","","Paterson K.G.; Stebila D.","","","","","","","","","","","","","","","","","","","","","","","","","","","","","","Lecture Notes in Computer Science (including subseries Lecture Notes in Artificial Intelligence and Lecture Notes in Bioinformatics)","","","","","","","","","","","","","","",""
"RDHRIQLZ","journalArticle","2018","Park, A.; Shim, K.-A.; Koo, N.; Han, D.-G.","Side-channel attacks on post-quantum signature schemes based on multivariate quadratic equations-rainbow and UOV","IACR Transactions on Cryptographic Hardware and Embedded Systems","","25692925 (ISSN)","10.13154/tches.v2018.i3.500-523","https://www.scopus.com/pages/publications/85118419393?origin=resultslist","In this paper, we investigate the security of Rainbow and Unbalanced Oil-and-Vinegar (UOV) signature schemes based on multivariate quadratic equations, which is one of the most promising alternatives for post-quantum signature schemes, against side-channel attacks. We describe correlation power analysis (CPA) on the schemes that yield full secret key recoveries. First, we identify a secret leakage of secret affine maps S and T during matrix-vector products in signing when Rainbow is implemented with equivalent keys rather than random affine maps for optimal implementations. In this case, the simple structure of the equivalent keys leads to the retrieval of the entire secret affine map T. Next, we extend the full secret key recovery to the general case using random affine maps via a hybrid attack: after recovering S by performing CPA, we recover T by mounting algebraic key recovery attacks. We demonstrate how this leakage on Rainbow can be practically exploited on an 8-bit AVR microcontroller using CPA. Consequently, our CPA can be applied to Rainbow-like multi-layered schemes regardless of the use of the simple-structured equivalent keys and UOV-like single layer schemes with the implementations using the equivalent keys of the simple structure. This is the first result on the security of multivariate quadratic equations-based signature schemes using only CPA. Our result can be applied to Rainbow-like multi-layered schemes and UOV-like single layer schemes submitted to NIST for Post-Quantum Cryptography Standardization. © 2018, Ruhr-University of Bochum. All rights reserved.","2018","2026-05-02 11:05:00","2026-05-02 11:05:00","","500-523","","3","2018","","IACR Trans. Cryptogr. Hardw. Embed. Syst.","","","","","","Ruhr-University of Bochum","","English","","","Scopus","","","","","<p>Export Date: 02 May 2026; Cited By: 42; Correspondence Address: K.-A. Shim; Division of Mathematical Modeling, National Institute for Mathematical Sciences, Daejeon, South Korea; email: kashim@nims.re.kr</p>","","","Authentication; Post quantum cryptography; Quantum cryptography; Side channel attack; Key recovery attacks; Recovery; Side-channel attack; Multivariate quadratic equations; Affine transforms; AVR microcontrollers; Correlation power analysis; Correlation power analysis (CPA); Key recovery attack; Matrix-vector products; Multivariate-Quadratic problem; Random affine maps; Simple structures","","","","","","","","","","","","","","","","","","","","","","","","","","","","","","","","","","","","","","","","","","","","","","",""
"ZAP36T5B","conferencePaper","2021","Paul, S.; Schick, F.; Seedorf, J.","TPM-Based Post-Quantum Cryptography: A Case Study on Quantum-Resistant and Mutually Authenticated TLS for IoT Environments","ACM Int. Conf. Proc. Ser.","978-145039051-4 (ISBN)","","10.1145/3465481.3465747","https://www.scopus.com/pages/publications/85113258407?origin=resultslist","The prospect of large-scale quantum computers necessitates the design, development, and standardization of post-quantum cryptography (PQC). Industrial control systems (ICS) and critical infrastructures are expected to be among the first industrial environments to adopt PQC. As their components have a long life span (≥ 10 years) and are increasingly interconnected to form an Industrial Internet of Things (IIoT), they require strong and long-lasting security guarantees. Because of these high-security requirements, IIoT products are also increasingly equipped with additional hardware security elements - often Trusted Platform Modules (TPMs). In this work, we study how the current TPM 2.0 specification can supplement the migration towards PQC. Therefore, we integrate the post-quantum (PQ) key exchange CRYSTALS-Kyber, the post-quantum signature scheme SPHINCS, and TPM functionality into the open-source TLS library Mbed TLS. For our performance evaluations we propose three post-quantum TLS cipher suites alongside two different TPM utilization strategies. We report the standalone performance of the aforementioned post-quantum schemes under our proposed TPM utilizations and compare it to current elliptic curve cryptography (ECC). Finally, we report the handshake duration of post-quantum and mutually authenticated TLS (mTLS) connections for our proposed cipher suites with regards to the different TPM utilization scenarios. Our results show that the integration of PQC into mTLS is generally feasible, thus ensuring additional post-quantum client authentication. Regarding our TPM utilizations, we observe a significant decrease in performance when offloading computations of hash functions. However, offloading the generation of random numbers to TPMs in our integrated post-quantum schemes proves to be efficient, ultimately enhancing overall system security. © 2021 ACM.","2021","2026-05-02 11:05:00","2026-05-02 11:05:00","","","","","","","","","","","","","Association for Computing Machinery","","English","","","Scopus","","","","Journal Abbreviation: ACM Int. Conf. Proc. Ser.","<p>Export Date: 02 May 2026; Cited By: 17</p>","","","Authentication; Hardware security; Post quantum cryptography; Quantum computers; Quantum cryptography; Post-Quantum Cryptography; Public key cryptography; Random number generation; Hash functions; Large scale quantum computers; Client authentication; Elliptic Curve Cryptography(ECC); Industrial control systems; Industrial environments; Industrial internet of things (IIoT); Mbed TLS; Mutual Authentication; Offloading computations; Transport Layer Security; Trusted Platform Module; Utilization strategy","","","","","","","","","","","","","","","","","","","","","","","","","","","","","","","","ACM International Conference Proceeding Series","","","","","","","","","","","","","","",""
"3J7RYNSJ","conferencePaper","2019","Carneiro, J.; Oliveira, L.B.","Evaluating Post-quantum Signatures for IoT Devices","Lect. Notes Comput. Sci.","03029743 (ISSN); 978-303019222-8 (ISBN)","","10.1007/978-3-030-19223-5_8","https://www.scopus.com/pages/publications/85066115095?origin=resultslist","With the advent of quantum computing, traditional digital signatures schemes such as RSA, DSA, and ECDSA will become insecure thanks to Shor’s algorithm which will break them in polynomial time. Thus, cryptosystems resilient to quantum computing must be considered, especially for devices in the Internet of Things which limitations may hinder the use of secure cryptosystems. An alternative is the use of hash-based signatures which are post-quantum and provide a flexible trade-off between performance (both storage and processing time) and security level adaptable to a device’s restrictions. This paper presents a straightforward background on basic hash-based signatures, an implementation of hash-based signatures schemes, specifically Winternitz and Merkle Signature Scheme, on an Arduino Due platform, and a performance evaluation. Our results show that hash-based signatures are feasible for IoT-like devices. © 2019, Springer Nature Switzerland AG.","2019","2026-05-02 11:05:00","2026-05-02 11:05:00","","104-114","","","11484 LNCS","","","","","","","","Springer Verlag","","English","","","Scopus","","","","Journal Abbreviation: Lect. Notes Comput. Sci.","<p>Export Date: 02 May 2026; Cited By: 3; Correspondence Address: J. Carneiro; Federal University of Minas Gerais, Belo Horizonte, 31270-901, Brazil; email: jessicacarneiro@dcc.ufmg.br</p>","","","Authentication; Network security; Quantum computers; Quantum Computing; Quantum cryptography; Post quantum; Internet of things; Economic and social effects; Security level; Cloud computing; Green computing; IoT security; Polynomial approximation; Merkle signatures; Hash-based signatures; Polynomial-time; Processing time","","Miani R.; Camargos L.; Pasquini R.; Rosas E.; Zarpelão B.","","","","","","","","","","","","","","","","","","","","","","","","","","","","","","Lecture Notes in Computer Science (including subseries Lecture Notes in Artificial Intelligence and Lecture Notes in Bioinformatics)","","","","","","","","","","","","","","",""
"Z9MZU644","conferencePaper","2023","Kok Seng, V.L.; Thien Wan, A.; Shah Newaz, S.H.","State Management Against Two-message Attacks in Hash-Based Post Quantum Signatures for Large IoT Sensor Networks Using Blockchain","Int. Conf. Appl. Comput. Intell. Inf. Syst.: Intell. Resilient Digit. Innov. Sustain. Living, ACIIS - Proc.","979-835031742-8 (ISBN)","","10.1109/ACIIS59385.2023.10367395","https://www.scopus.com/pages/publications/85182944844?origin=resultslist","With the rise of quantum computers, quantum-safe digital signatures have been invented to ensure the security and verifiability of communication. Hash-based one-time signatures are one of the candidates to ensure unforgeability against the improved processing power. This signature algorithm requires tracking of secret keys to ensure one-time usage, called key state. In an Internet of Things(IoT) environment, failure to maintain key state due to network failures, hardware/software failures, implementation flaws, and improper access is possible. Consequences of failure to manage key state results in the degradation of the system's security, opening up opportunities for attackers to forge signatures. Solutions to this however are limited due to the scale and resource constraints of IoT devices. Hence, this paper proposes a solution named, Blockchain-based Key State Management to ensure the key state is maintained without affecting resources and scalability heavily. The solution utilizes blockchain and smart contracts to maintain key states by leveraging blockchain protocols to ensure key states remain updated and un-tampered. The paper also contains a qualitative survey comparing other alternative solutions for preventing key reuse to highlight the importance of the proposed solution.  © 2023 IEEE.","2023","2026-05-02 11:05:00","2026-05-02 11:05:00","","","","","","","","","","","","","Institute of Electrical and Electronics Engineers Inc.","","English","","","Scopus","","","","Journal Abbreviation: Int. Conf. Appl. Comput. Intell. Inf. Syst.: Intell. Resilient Digit. Innov. Sustain. Living, ACIIS - Proc.","<p>Export Date: 02 May 2026; Cited By: 2; Correspondence Address: V.L. Kok Seng; Universiti Teknologi Brunei, School of Computing and Informatics, Bandar Seri Begawan, Brunei Darussalam; email: vincentlew0@gmail.com</p>","","","Authentication; Network security; Post quantum cryptography; Quantum computers; Quantum cryptography; Quantum theory; Electronic document identification systems; Post quantum; Quantum signature; Digital Signatures; Internet of things; Sensor networks; Quanta computers; Block-chain; Blockchain; IoT; Sensors network; Hash-based cryptography; Hash-based Cryptography; Message attack; Post Quantum Cryptography; State management; Verifiability","","Newaz S.H.S.; Ali S.M.; Tajuddin S.; Patchmuthu R.K.","","","","","","","","","","","","","","","","","","","","","","","","","","","","","","2023 6th International Conference on Applied Computational Intelligence in Information Systems: Intelligent and Resilient Digital Innovations for Sustainable Living, ACIIS 2023 - Proceedings","","","","","","","","","","","","","","",""
"V7ZNFQA6","journalArticle","2026","Belaïd, S.; Benadjila, R.; Devevey, J.; Guerreau, M.; Legavre, T.; Martinelli, A.; Ricosset, T.; Rivain, M.; Rossi, M.","ML-DSA masking sweetened with SUCRE: Shuffle-and-Unmask Countermeasure for REjection sampling","IACR Transactions on Cryptographic Hardware and Embedded Systems","","25692925 (ISSN)","10.46586/tches.v2026.i1.618-659","https://www.scopus.com/pages/publications/105028860758?origin=resultslist","We present SUCRE, a novel countermeasure designed to physically protect the rejection sampling step of ML-DSA, one of the post-quantum signature schemes standardized by NIST. At the core of SUCRE is a masking gadget that securely unmasks a vector while simultaneously applying a random permutation of its coefficients. This lightweight mechanism preserves the vector’s infinity norm, enabling rejection sampling to proceed as usual without requiring any complex mask conversions. We formally prove that a d-probing adversary can learn at most some permuted rejected values—information which, we show, should remain insufficient to endanger the security of the signature scheme. This security argument relies on a new variant of the Module Learning with Rounding (MLWR) assumption, for which we provide a dedicated concrete security analysis to assess its hardness relative to the standard MLWR assumption. Our implementation of SUCRE achieves a significant performance improvement over previous masked non-bitsliced implementations of rejection sampling—delivering four to six times faster execution than Coron et al. (TCHES 2024)—albeit at the cost of increased memory usage. Since the rejection step accounts for approximately 25% of the total runtime in masked ML-DSA implementations, and given the expected adoption of ML-DSA on embedded platforms, this speedup could significantly enhance efficiency in real-world applications. © 2026, Ruhr-University of Bochum. All rights reserved.","2026","2026-05-02 11:05:00","2026-05-02 11:05:00","","618-659","","1","2026","","IACR Trans. Cryptogr. Hardw. Embed. Syst.","","","","","","Ruhr-University of Bochum","","English","","","Scopus","","","","","<p>Export Date: 02 May 2026; Cited By: 0</p>","","","Authentication; Dilithium; Signature Scheme; Lattice; Cryptography; Rejection samplings; Sampling; ML-DSA; Computational methods; Crystal lattices; Masking; Lattices; Radar countermeasures; Sampling steps; Masks; Module learning with rounding; Module Learning With Rounding; Permutation; SCA countermeasure","","","","","","","","","","","","","","","","","","","","","","","","","","","","","","","","","","","","","","","","","","","","","","",""
"BZQ2LRV8","conferencePaper","2019","Ravi, P.; Jhanwar, M.P.; Howe, J.; Chattopadhyay, A.; Bhasin, S.","Exploiting determinism in lattice-based signatures practical fault attacks on pqm4 implementations of NIST candidates","AsiaCCS - Proc. ACM Asia Conf. Comput. Commun. Secur.","978-145036752-3 (ISBN)","","10.1145/3321705.3329821","https://www.scopus.com/pages/publications/85069975435?origin=resultslist","In this paper, we analyze the implementation level fault vulnerabilities of deterministic lattice-based signature schemes. In particular, we extend the practicality of skip-addition fault attacks through exploitation of determinism in Dilithium and qTESLA signature schemes, which are two leading candidates for the NIST standardization of post-quantum cryptography. We show that single targeted faults injected in the signing procedure allow to recover an important portion of the secret key. Though faults injected in the signing procedure do not recover all the secret key elements, we propose a novel forgery algorithm that allows the attacker to sign any given message with only the extracted portion of the secret key. We perform experimental validation of our attack using Electromagnetic fault injection on reference implementations taken from the pqm4 library, a benchmarking and testing framework for post quantum cryptographic implementations for the ARM Cortex-M4 microcontroller. We also show that our attacks break two well known countermeasures known to protect against skip-addition fault attacks. We further propose an efficient mitigation strategy against our attack that exponentially increases the attacker's complexity at almost zero increase in computational complexity. © 2019 Association for Computing Machinery.","2019","2026-05-02 11:05:00","2026-05-02 11:05:00","","427-440","","","","","","","","","","","Association for Computing Machinery, Inc","","English","","","Scopus","","","","Journal Abbreviation: AsiaCCS - Proc. ACM Asia Conf. Comput. Commun. Secur.","<p>Export Date: 02 May 2026; Cited By: 43</p>","","","Authentication; Network security; Post quantum cryptography; Quantum cryptography; Side channel attack; Lattice-based cryptography; Lattice-based Cryptography; Cryptographic implementation; Deterministic Lattice Signatures; Efficient mitigation strategies; Electromagnetic Fault injections; Experimental validations; Fault Attack; Pqm4","","","","","","","","","","","","","","","","","","","","","","","","","","","","","","","","AsiaCCS 2019 - Proceedings of the 2019 ACM Asia Conference on Computer and Communications Security","","","","","","","","","","","","","","",""
"873ZPY4J","journalArticle","2015","Aysu, A.; Yuce, B.; Schaumont, P.","The future of real-time security: Latency-optimized lattice-based digital signatures","ACM Transactions on Embedded Computing Systems","","15399087 (ISSN)","10.1145/2724714","https://www.scopus.com/pages/publications/84929154385?origin=resultslist","Advances in quantum computing have spurred a significant amount of research into public-key cryptographic algorithms that are resistant against postquantum cryptanalysis. Lattice-based cryptography is one of the important candidates because of its reasonable complexity combined with reasonable signature sizes. However, in a postquantum world, not only the cryptography will change but also the computing platforms. Large amounts of resource-constrained embedded systems will connect to a cloud of powerful server computers. We present an optimization technique for lattice-based signature generation on such embedded systems; our goal is to optimize latency rather than throughput. Indeed, on an embedded system, the latency of a single signature for user identification or message authentication is more important than the aggregate signature generation rate. We builda high-performance implementation using hardware/software codesign techniques. The key idea is to partition the signature generation scheme into offline and online phases. The signature scheme allows this separation because a large portion of the computation does not depend on the message to be signed and can be handled before the message is given. Then, we can map complex precomputation operations in software on a low-cost processor and utilize hardware resources to accelerate simpler online operations. To find the optimum hardware architecture for the target platform, we define and explore the design space and implement two design configurations. We realize our solutions on the Altera Cyclone-IV CGX150 FPGA. The implementation consists of a NIOS soft-core processor and a low-latency hash and polynomial multiplication engine. On average, the proposed low-latency architecture can generate a signature with a latency of 96 clock cycles at 40MHz, resulting in a response time of 2.4μs for a signing request. On equivalent platforms, this corresponds to a performance improvement of 33 and 105 times compared to previous hardware and software implementations, respectively. © 2015 ACM.","2015","2026-05-02 11:05:00","2026-05-02 11:05:00","","","","3","14","","ACM Trans. Embedded Comput. Syst.","","","","","","Association for Computing Machinery","","English","","","Scopus","","","","","<p>Export Date: 02 May 2026; Cited By: 9</p>","","","Authentication; Mobile security; Network security; Quantum computers; Electronic document identification systems; Field programmable gate arrays (FPGA); FPGA; Digital signatures; Hardware/software codesign; Integrated circuit design; Lattice-based cryptography; Hardware; Computer hardware; Cryptography; Embedded systems; Hardware-software codesign; Cryptographic algorithms; Algorithms; Polynomial multiplication; Optimization techniques; High performance implementations; Hardware and software implementations; Message authentication; Resource-constrained embedded systems; Social networking (online)","","","","","","","","","","","","","","","","","","","","","","","","","","","","","","","","","","","","","","","","","","","","","","",""
"MPPI9S3C","conferencePaper","2023","Ghinea, D.; Kaczmarczyck, F.; Pullman, J.; Cretin, J.; Kölbl, S.; Misoczki, R.; Picod, J.-M.; Invernizzi, L.; Bursztein, E.","Hybrid Post-quantum Signatures in Hardware Security Keys","Lect. Notes Comput. Sci.","03029743 (ISSN); 978-303141180-9 (ISBN)","","10.1007/978-3-031-41181-6_26","https://www.scopus.com/pages/publications/85174450467?origin=resultslist","Recent advances in quantum computing are increasingly jeopardizing the security of cryptosystems currently in widespread use, such as RSA or elliptic-curve signatures. To address this threat, researchers and standardization institutes have accelerated the transition to quantum-resistant cryptosystems, collectively known as Post-Quantum Cryptography (PQC). These PQC schemes present new challenges due to their larger memory and computational footprints and their higher chance of latent vulnerabilities. In this work, we address these challenges by introducing a scheme to upgrade the digital signatures used by security keys to PQC. We introduce a hybrid digital signature scheme based on two building blocks: a classically-secure scheme, ECDSA, and a post-quantum secure one, Dilithium. Our hybrid scheme maintains the guarantees of each underlying building block even if the other one is broken, thus being resistant to classical and quantum attacks. We experimentally show that our hybrid signature scheme can successfully execute on current security keys, even though secure PQC schemes are known to require substantial resources. We publish an open-source implementation of our scheme at https://github.com/google/OpenSK/releases/tag/hybrid-pqc so that other researchers can reproduce our results on a nRF52840 development kit. © 2023, The Author(s), under exclusive license to Springer Nature Switzerland AG.","2023","2026-05-02 11:05:00","2026-05-02 11:05:00","","480-499","","","13907 LNCS","","","","","","","","Springer Science and Business Media Deutschland GmbH","","English","","","Scopus","","","","Journal Abbreviation: Lect. Notes Comput. Sci.","<p>Export Date: 02 May 2026; Cited By: 11; Correspondence Address: F. Kaczmarczyck; Google, Zürich, Switzerland; email: kaczmarczyck@google.com</p>","","","Authentication; Dilithium; Network security; Post quantum cryptography; Quantum computers; Quantum Computing; Quantum cryptography; Post quantum; Quantum signature; PQC; Building blockes; Curve signatures; Elliptic curve; Embedded; FIDO; Security key","","Zhou J.; Batina L.; Picek S.; Li Z.; Lin J.; Losiouk E.; Majumdar S.; Mashima D.; Meng W.; Rahman M.A.; Shao J.; Shimaoka M.; Soremekun E.; Su C.; Teh J.S.; Udovenko A.; Wang C.; Zhang L.; Zhauniarovich Y.","","","","","","","","","","","","","","","","","","","","","","","","","","","","","","Lecture Notes in Computer Science (including subseries Lecture Notes in Artificial Intelligence and Lecture Notes in Bioinformatics)","","","","","","","","","","","","","","",""
"YBQZXC9F","journalArticle","2022","Yi, H.; Chi, R.; Huang, X.; Cai, X.; Nie, Z.","Improving Security of Internet of Vehicles Based on Post-quantum Signatures with Systolic Divisions","ACM Transactions on Internet Technology","","15335399 (ISSN)","10.1145/3410445","https://www.scopus.com/pages/publications/85151793297?origin=resultslist","Internet of Things (IoT) techniques have been employed in many areas, e.g., vehicles, smart home, and medicine. Among the applications of IoTs, the Internet of Vehicles (IoV) is one of the most popular techniques. IoVs are protected by public key cryptographic systems, such as RSA and ECC. However, such systems are vulnerable to quantum computer attacks. Thus, we improve the security of IoV-based post-quantum signatures, which can resist quantum computer attacks. The key operations are divisions in a finite field. Hence, we improve the security of IoV-based post-quantum signatures with division by employing systolic architectures. We propose a systolic architecture for computing division in composite fields. After that, we improve the IoT security-based post-quantum signatures with systolic divisions. We test and verify our design on a Field-Programmable Gate Array (FPGA); the experimental results confirm our estimates. Furthermore, the optimized method proposed can be further applied to various applications like solving system of linear equations and cryptographic applications for IoT security.  © 2022 Association for Computing Machinery.","2022","2026-05-02 11:05:01","2026-05-02 11:05:01","","","","4","22","","ACM Trans. Internet Technol.","","","","","","Association for Computing Machinery","","English","","","Scopus","","","","","<p>Export Date: 02 May 2026; Cited By: 8; Correspondence Address: H. Yi; School of Artificial Intelligence, Shenzhen Polytechnic, Shenzhen, 518055, China; email: haiboyi@szpt.edu.cn; R. Chi; Quality Assurance Center, Shenzhen Polytechnic, Shenzhen, 518055, China; email: chiruinan@szpt.edu.cn</p>","","","Authentication; Network security; Post quantum; Quantum signature; Field programmable gate arrays (FPGA); Vehicles; Cryptography; Internet of things; Computer architecture; Quanta computers; Automation; Smart homes; Computer attacks; Internet of thing; Internet of Things (IoT); Internet of vehicle; Internet of Vehicles (IoV); post-quantum signature; Post-quantum signature; Systolic architecture; systolic division; Systolic division","","","","","","","","","","","","","","","","","","","","","","","","","","","","","","","","","","","","","","","","","","","","","","",""
"5KIK7Q8A","conferencePaper","2016","Pessl, P.","Analyzing the shuffling side-channel countermeasure for lattice-based signatures","Lect. Notes Comput. Sci.","03029743 (ISSN); 978-331949889-8 (ISBN)","","10.1007/978-3-319-49890-4_9","https://www.scopus.com/pages/publications/84996868034?origin=resultslist","Implementation security for lattice-based cryptography is still a vastly unexplored field. At CHES 2016, the very first side-channel attack on a lattice-based signature scheme was presented. Later, shuffling was proposed as an inexpensive means to protect the Gaussian sampling component against such attacks. However, the concrete effectiveness of this countermeasure has never been evaluated. We change that by presenting an in-depth analysis of the shuffling countermeasure. Our analysis consists of two main parts. First, we perform a side-channel attack on a Gaussian sampler implementation. We combine templates with a recovery of data-dependent branches, which are inherent to samplers. We show that an adversary can realistically recover some samples with very high confidence. Second, we present a new attack against the shuffling countermeasure in context of Gaussian sampling and lattice-based signatures. We do not attack the shuffling algorithm as such, but exploit differing distributions of certain variables. We give a broad analysis of our attack by considering multiple modeled SCA adversaries. We show that a simple version of shuffling is not an effective countermeasure. With our attack, a profiled SCA adversary can recover the key by observing only 7 000 signatures. A second version of this countermeasure, which uses Gaussian convolution in conjunction with shuffling twice, can increase side-channel security and the number of required signatures significantly. Here, roughly 285 000 observations are needed for a successful attack. Yet, this number is still practical. © Springer International Publishing AG 2016.","2016","2026-05-02 11:05:01","2026-05-02 11:05:01","","153-170","","","10095 LNCS","","","","","","","","Springer Verlag","","English","","","Scopus","","","","Journal Abbreviation: Lect. Notes Comput. Sci.","<p>Export Date: 02 May 2026; Cited By: 49; Correspondence Address: P. Pessl; IAIK, Graz University of Technology, Graz, Austria; email: peter.pessl@iaik.tugraz.at</p>","","","Network security; Signature Scheme; Side channel attack; Side-channel analysis; Lattice-based cryptography; Cryptography; Recovery; Embedded systems; Gaussian distribution; Gaussian convolution; Countermeasures; Radar countermeasures; BLISS; In-depth analysis; Inexpensive means; Shuffling algorithm","","Dunkelman O.; Sanadhya S.K.","","","","","","","","","","","","","","","","","","","","","","","","","","","","","","Lecture Notes in Computer Science (including subseries Lecture Notes in Artificial Intelligence and Lecture Notes in Bioinformatics)","","","","","","","","","","","","","","",""
"77VTA4PB","conferencePaper","2022","Zheng, J.; He, F.; Shen, S.; Xue, C.; Zhao, Y.","Parallel Small Polynomial Multiplication for Dilithium: A Faster Design and Implementation","ACM Int. Conf. Proc. Ser.","978-145039759-9 (ISBN)","","10.1145/3564625.3564629","https://www.scopus.com/pages/publications/85144039734?origin=resultslist","The lattice-based signature scheme CRYSTALS-Dilithium is one of the two signature finalists in the third round NIST post-quantum cryptography (PQC) standardization project. For applications of low-power Internet-of-Things (IoT) devices, recent research efforts have been focusing on the performance optimization of PQC algorithms on embedded systems. In particular, performance optimization is more demanding for PQC signature algorithms that are usually significantly more time-consuming than PQC public-key encryption counterparts. For most cryptographic algorithms based on algebraic lattices including Dilithium, the fundamental and most time-consuming operation is polynomial multiplication over rings. For this computational task, number theoretic transform (NTT) is the most efficient multiplication method for NTT-friendly rings, and is now the typical technique for performing fast polynomial multiplications when implementing lattice-based PQC algorithms. The key observation of this work is that, besides multiplications of polynomials of standard forms, Dilithium involves a list of multiplications for polynomials of very small coefficients. Can we have more efficient methods for multiplying such polynomials of small coefficients? Under this motivation, we present in this work a parallel small polynomial multiplication algorithm to speed up the implementations of Dilithium. We complete both C reference implementation and ARM Neon implementation. Moreover, we conducted some speed tests in combination with Becker's Neon NTT [4]. The results show that, in comparison with the C reference implementation of Dilithium submitted to the third round of the NIST PQC competition, our reference implementation with the proposed parallel small polynomial multiplication is faster: specifically, our Sign and Verify speed up 18% and 19% respectively for Dilithium-2 (30% and 7% for Dilithium-3, 27% and 3% for Dilithium-5, respectively). As for the Arm Neon implementation, we achieved a performance improvement of about 64% in Sign and 50% in Verify for Dilithium-2 (60% and 32% for Dilithium-3) compared with the C reference implementation of Dilithium submitted to the third round of the NIST PQC competition. We aslo compared our work with the state-of-the-art Arm Neon implementation of Dilithium [4], the results show our speed of Sign is 13.4% faster for Dilithium-2 and 8.0% faster for Dilithium-3, achieving a new record of fast Dilithium implementation.  © 2022 ACM.","2022","2026-05-02 11:05:01","2026-05-02 11:05:01","","304-317","","","","","","","","","","","Association for Computing Machinery","","English","","","Scopus","","","","Journal Abbreviation: ACM Int. Conf. Proc. Ser.","<p>Export Date: 02 May 2026; Cited By: 14; Correspondence Address: Y. Zhao; Fudan University, China; email: ylzhao@fudan.edu.cn</p>","","","Authentication; Dilithium; Post quantum cryptography; Lattice-based; Post-quantum cryptography; Public key cryptography; Embedded systems; Internet of things; Number-theoretic transforms; Polynomials; Computational efficiency; Polynomial multiplication; Reference implementation; Digital signature; Neon; Arm cortices; Arm cortex a72; Arm Cortex A72; CRYSTAL-dilithium; CRYSTAL-Dilithium; Performance optimizations","","","","","","","","","","","","","","","","","","","","","","","","","","","","","","","","ACM International Conference Proceeding Series","","","","","","","","","","","","","","",""
"ZEW495VY","conferencePaper","2022","Niederhagen, R.; Roth, J.; Wälde, J.","Streaming SPHINCS+ for Embedded Devices Using the Example of TPMs","Lect. Notes Comput. Sci.","03029743 (ISSN); 978-303117432-2 (ISBN)","","10.1007/978-3-031-17433-9_12","https://www.scopus.com/pages/publications/85141734227?origin=resultslist","We present an implementation of the hash-based post-quantum signature scheme SPHINCS + that enables heavily memory-restricted devices to sign messages by streaming-out a signature during its computation and to verify messages by streaming-in a signature. We demonstrate our implementation in the context of Trusted Platform Modules (TPMs) by proposing a SPHINCS + integration and a streaming extension for the TPM specification. We evaluate the overhead of our signature-streaming approach for a stand-alone SPHINCS + implementation and for its integration in a proof-of-concept TPM with the proposed streaming extension running on an ARM Cortex-M4 platform. Our streaming interface greatly reduces the memory requirements without introducing a performance penalty. This is achieved not only by removing the need to store an entire signature but also by reducing the stack requirements of the key generation, sign, and verify operations. Therefore, our streaming interface enables small embedded devices that do not have sufficient memory to store an entire SPHINCS + signature or that previously were only able to use a parameter set that results in smaller signatures to sign and verify messages using all SPHINCS + variants. © 2022, The Author(s), under exclusive license to Springer Nature Switzerland AG.","2022","2026-05-02 11:05:01","2026-05-02 11:05:01","","269-291","","","13503 LNCS","","","","","","","","Springer Science and Business Media Deutschland GmbH","","English","","","Scopus","","","","Journal Abbreviation: Lect. Notes Comput. Sci.","<p>Export Date: 02 May 2026; Cited By: 4; Correspondence Address: R. Niederhagen; Academia Sinica, Taipei, Taiwan; email: ruben@polycephaly.org</p>","","","Hardware security; SPHINCS+; Signature Scheme; Post quantum; Quantum signature; PQC; Cortexes; Embedded device; ARM processors; ARM cortex-m4; ARM Cortex-M4; Sign messages; Signature streaming; TPM; Trusted computing","","Batina L.; Daemen J.","","","","","","","","","","","","","","","","","","","","","","","","","","","","","","Lecture Notes in Computer Science (including subseries Lecture Notes in Artificial Intelligence and Lecture Notes in Bioinformatics)","","","","","","","","","","","","","","",""
"FFU6DXHI","journalArticle","2024","Liu, G.; Jia, K.; Wei, P.; Ju, L.","High-Performance Hardware Implementation of MPCitH and Picnic3","IACR Transactions on Cryptographic Hardware and Embedded Systems","","25692925 (ISSN)","10.46586/tches.v2024.i2.190-214","https://www.scopus.com/pages/publications/85187792184?origin=resultslist","Picnic is a post-quantum digital signature, the security of which relies solely on symmetric-key primitives such as block ciphers and hash functions instead of number theoretic assumptions. One of the main concerns of Picnic is the large signature size. Although Katz et al.’s protocol (MPCitH-PP) significantly reduces the size of Picnic, the involvement of more parties in MPCitH-PP leads to longer signing/verification times and more hardware resources. This poses new challenges for implementing high-performance Picnic on resource-constrained FPGAs. So far as we know, current works on the hardware implementation of MPCitH-based signatures are compatible with 3 parties only. In this work, we investigate the optimization of the implementation of MPCitH-PP and successfully deploying MPCitH-PP with more than three parties on resource-constrained FPGAs, e.g., Xilinx Artix-7 and Kintex-7, for the first time. In particular, we propose a series of optimizations, which include pipelining and parallel optimization for MPCitH-PP and the optimization of the underlying symmetric primitives. Besides, we make a slight modification to the computation of the offline commitment, which can further reduce the number of computations of Keccak. These optimizations significantly improve the hardware performance of Picnic3. Signing messages on our FPGA takes 0.047 ms for the L1 security level, outperforming Picnic1 with hardware by a factor of about 5.3, which is the fastest implementation of post-quantum signatures as far as we know. Our FPGA implementation for the L5 security level takes 0.146 ms beating Picnic1 by a factor of 8.5, and outperforming Sphincs by a factor of 17.3. © 2024, Ruhr-University of Bochum. All rights reserved.","2024","2026-05-02 11:05:01","2026-05-02 11:05:01","","190-214","","2","2024","","IACR Trans. Cryptogr. Hardw. Embed. Syst.","","","","","","Ruhr-University of Bochum","","English","","","Scopus","","","","","<p>Export Date: 02 May 2026; Cited By: 2</p>","","","Authentication; Network security; Post quantum; Iterative methods; Field programmable gate arrays (FPGA); FPGA; Hardware implementations; High-performance hardware; Quantum digital signatures; Security level; Optimisations; Hash functions; Constrained optimization; LowMC; MPCitH; Picnic; Symmetric keys","","","","","","","","","","","","","","","","","","","","","","","","","","","","","","","","","","","","","","","","","","","","","","",""